nbd_unexpected_write_count,nbd_mean_response_time_ms,nbd_std_response_time_ms,nbd_distinct_sources_count,nbd_fc3_read_count,nbd_fc6_write_count,nbd_fc16_write_count,nbd_error_count,nbd_traffic_volume,pcd_max_lnr,pcd_is_target_rtu_max_lnr,pcd_chi2_statistic,pcd_chi2_ratio,pcd_chi2_failed,pcd_target_rtu_v_residual,pcd_target_rtu_p_residual,pcd_target_rtu_is_flagged,pcd_global_bad_data_flag,pcd_voltage_pu_reported,pcd_voltage_dev_nominal,pcd_p_mw_reported,pcd_status_code,tick,rtu_id,top_level_label,subtype_label
0.0,374.975,250.635,1.0,2.0,0.0,0.0,0.0,2.0,0.0,0.0,4.0137,0.3626,0.0,0.0,0.0,0.0,0.0,0.9779,0.0221,-0.844,1.0,1,1,Natural Fault,line_trip
0.0,374.355,250.405,1.0,2.0,0.0,0.0,0.0,2.0,0.0,0.0,4.0137,0.3626,0.0,0.0,0.0,0.0,0.0,0.9778,0.0222,0.418,1.0,1,2,Natural Fault,line_trip
0.0,373.46,250.33,1.0,2.0,0.0,0.0,0.0,2.0,0.0,0.0,4.0137,0.3626,0.0,0.0,0.0,0.0,0.0,0.9813,0.0187,0.42,1.0,1,3,Natural Fault,line_trip
0.0,372.935,250.425,1.0,2.0,0.0,0.0,0.0,2.0,0.0,0.0,4.0137,0.3626,0.0,0.0,0.0,0.0,0.0,0.0,1.0,-0.006,3.0,1,4,Natural Fault,line_trip
0.0,372.465,250.435,1.0,2.0,0.0,0.0,0.0,2.0,0.0,0.0,4.0137,0.3626,0.0,0.0,0.0,0.0,0.0,0.9759,0.0241,0.18,1.0,1,5,Natural Fault,line_trip
0.0,268.847,209.181,1.0,4.0,0.0,0.0,0.0,4.0,0.0,0.0,1.0251,0.0926,0.0,0.0,0.0,0.0,0.0,0.9809,0.0191,-0.852,1.0,2,1,Natural Fault,line_trip
0.0,268.115,209.095,1.0,4.0,0.0,0.0,0.0,4.0,0.0,0.0,1.0251,0.0926,0.0,0.0,0.0,0.0,0.0,0.9755,0.0245,0.424,1.0,2,2,Natural Fault,line_trip
0.0,267.347,208.945,1.0,4.0,0.0,0.0,0.0,4.0,0.0,0.0,1.0251,0.0926,0.0,0.0,0.0,0.0,0.0,0.9788,0.0212,0.418,1.0,2,3,Natural Fault,line_trip
0.0,266.85,208.965,1.0,4.0,0.0,0.0,0.0,4.0,0.0,0.0,1.0251,0.0926,0.0,0.0,0.0,0.0,0.0,0.0,1.0,-0.002,3.0,2,4,Natural Fault,line_trip
0.0,266.353,209.005,1.0,4.0,0.0,0.0,0.0,4.0,0.0,0.0,1.0251,0.0926,0.0,0.0,0.0,0.0,0.0,0.9766,0.0234,0.191,1.0,2,5,Natural Fault,line_trip
0.0,245.054,193.054,1.0,5.0,0.0,0.0,0.0,5.0,0.0,0.0,3.1579,0.2853,0.0,0.0,0.0,0.0,0.0,0.9817,0.0183,-0.852,1.0,3,1,Natural Fault,line_trip
0.0,244.172,193.053,1.0,5.0,0.0,0.0,0.0,5.0,0.0,0.0,3.1579,0.2853,0.0,0.0,0.0,0.0,0.0,0.9798,0.0202,0.419,1.0,3,2,Natural Fault,line_trip
0.0,243.378,192.937,1.0,5.0,0.0,0.0,0.0,5.0,0.0,0.0,3.1579,0.2853,0.0,0.0,0.0,0.0,0.0,0.9781,0.0219,0.428,1.0,3,3,Natural Fault,line_trip
0.0,242.9,192.944,1.0,5.0,0.0,0.0,0.0,5.0,0.0,0.0,3.1579,0.2853,0.0,0.0,0.0,0.0,0.0,0.0,1.0,-0.008,3.0,3,4,Natural Fault,line_trip
0.0,242.426,192.967,1.0,5.0,0.0,0.0,0.0,5.0,0.0,0.0,3.1579,0.2853,0.0,0.0,0.0,0.0,0.0,0.9759,0.0241,0.194,1.0,3,5,Natural Fault,line_trip
0.0,312.102,175.335,1.0,6.0,0.0,0.0,0.0,6.0,0.0,0.0,1.3995,0.1264,0.0,0.0,0.0,0.0,0.0,0.9793,0.0207,-0.864,1.0,4,1,Natural Fault,line_trip
0.0,310.967,175.349,1.0,6.0,0.0,0.0,0.0,6.0,0.0,0.0,1.3995,0.1264,0.0,0.0,0.0,0.0,0.0,0.9773,0.0227,0.429,1.0,4,2,Natural Fault,line_trip
0.0,309.97,175.153,1.0,6.0,0.0,0.0,0.0,6.0,0.0,0.0,1.3995,0.1264,0.0,0.0,0.0,0.0,0.0,0.978,0.022,0.434,1.0,4,3,Natural Fault,line_trip
0.0,309.348,175.065,1.0,6.0,0.0,0.0,0.0,6.0,0.0,0.0,1.3995,0.1264,0.0,0.0,0.0,0.0,0.0,0.0,1.0,-0.001,3.0,4,4,Natural Fault,line_trip
0.0,308.798,175.053,1.0,6.0,0.0,0.0,0.0,6.0,0.0,0.0,1.3995,0.1264,0.0,0.0,0.0,0.0,0.0,0.9722,0.0278,0.19,1.0,4,5,Natural Fault,line_trip
0.0,224.287,117.097,1.0,6.0,0.0,0.0,0.0,6.0,0.0,0.0,3.6738,0.3319,0.0,0.0,0.0,0.0,0.0,0.9809,0.0191,-0.857,1.0,5,1,Natural Fault,line_trip
0.0,223.155,116.895,1.0,6.0,0.0,0.0,0.0,6.0,0.0,0.0,3.6738,0.3319,0.0,0.0,0.0,0.0,0.0,0.9771,0.0229,0.434,1.0,5,2,Natural Fault,line_trip
0.0,222.278,116.499,1.0,6.0,0.0,0.0,0.0,6.0,0.0,0.0,3.6738,0.3319,0.0,0.0,0.0,0.0,0.0,0.98,0.02,0.436,1.0,5,3,Natural Fault,line_trip
0.0,221.687,116.218,1.0,6.0,0.0,0.0,0.0,6.0,0.0,0.0,3.6738,0.3319,0.0,0.0,0.0,0.0,0.0,0.0,1.0,-0.004,3.0,5,4,Natural Fault,line_trip
0.0,220.978,116.243,1.0,6.0,0.0,0.0,0.0,6.0,0.0,0.0,3.6738,0.3319,0.0,0.0,0.0,0.0,0.0,0.9721,0.0279,0.193,1.0,5,5,Natural Fault,line_trip
0.0,225.663,115.86,1.0,6.0,0.0,0.0,0.0,6.0,0.0,0.0,0.9561,0.0864,0.0,0.0,0.0,0.0,0.0,0.9812,0.0188,-0.866,1.0,6,1,Natural Fault,line_trip
0.0,224.418,115.758,1.0,6.0,0.0,0.0,0.0,6.0,0.0,0.0,0.9561,0.0864,0.0,0.0,0.0,0.0,0.0,0.9767,0.0233,0.437,1.0,6,2,Natural Fault,line_trip
0.0,223.448,115.447,1.0,6.0,0.0,0.0,0.0,6.0,0.0,0.0,0.9561,0.0864,0.0,0.0,0.0,0.0,0.0,0.9751,0.0249,0.43,1.0,6,3,Natural Fault,line_trip
0.0,222.813,115.204,1.0,6.0,0.0,0.0,0.0,6.0,0.0,0.0,0.9561,0.0864,0.0,0.0,0.0,0.0,0.0,0.0,1.0,0.001,3.0,6,4,Natural Fault,line_trip
0.0,222.105,115.23,1.0,6.0,0.0,0.0,0.0,6.0,0.0,0.0,0.9561,0.0864,0.0,0.0,0.0,0.0,0.0,0.9755,0.0245,0.189,1.0,6,5,Natural Fault,line_trip
0.0,264.598,123.597,1.0,6.0,0.0,0.0,0.0,6.0,0.0,0.0,1.6666,0.1505,0.0,0.0,0.0,0.0,0.0,0.9813,0.0187,-0.876,1.0,7,1,Natural Fault,line_trip
0.0,263.417,123.488,1.0,6.0,0.0,0.0,0.0,6.0,0.0,0.0,1.6666,0.1505,0.0,0.0,0.0,0.0,0.0,0.9772,0.0228,0.432,1.0,7,2,Natural Fault,line_trip
0.0,262.687,123.451,1.0,6.0,0.0,0.0,0.0,6.0,0.0,0.0,1.6666,0.1505,0.0,0.0,0.0,0.0,0.0,0.9756,0.0244,0.44,1.0,7,3,Natural Fault,line_trip
0.0,262.113,123.358,1.0,6.0,0.0,0.0,0.0,6.0,0.0,0.0,1.6666,0.1505,0.0,0.0,0.0,0.0,0.0,0.0,1.0,-0.003,3.0,7,4,Natural Fault,line_trip
0.0,261.358,123.437,1.0,6.0,0.0,0.0,0.0,6.0,0.0,0.0,1.6666,0.1505,0.0,0.0,0.0,0.0,0.0,0.9756,0.0244,0.195,1.0,7,5,Natural Fault,line_trip
0.0,216.795,120.64,1.0,6.0,0.0,0.0,0.0,6.0,0.0,0.0,1.8961,0.1713,0.0,0.0,0.0,0.0,0.0,0.9784,0.0216,-0.876,1.0,8,1,Natural Fault,line_trip
0.0,215.762,120.57,1.0,6.0,0.0,0.0,0.0,6.0,0.0,0.0,1.8961,0.1713,0.0,0.0,0.0,0.0,0.0,0.9776,0.0224,0.441,1.0,8,2,Natural Fault,line_trip
0.0,215.145,120.519,1.0,6.0,0.0,0.0,0.0,6.0,0.0,0.0,1.8961,0.1713,0.0,0.0,0.0,0.0,0.0,0.9757,0.0243,0.433,1.0,8,3,Natural Fault,line_trip
0.0,214.682,120.438,1.0,6.0,0.0,0.0,0.0,6.0,0.0,0.0,1.8961,0.1713,0.0,0.0,0.0,0.0,0.0,0.0,1.0,0.003,3.0,8,4,Natural Fault,line_trip
0.0,214.073,120.495,1.0,6.0,0.0,0.0,0.0,6.0,0.0,0.0,1.8961,0.1713,0.0,0.0,0.0,0.0,0.0,0.9721,0.0279,0.193,1.0,8,5,Natural Fault,line_trip
0.0,217.927,119.714,1.0,6.0,0.0,0.0,0.0,6.0,0.0,0.0,2.4961,0.2255,0.0,0.0,0.0,0.0,0.0,0.9787,0.0213,-0.88,1.0,9,1,Natural Fault,line_trip
0.0,216.812,119.711,1.0,6.0,0.0,0.0,0.0,6.0,0.0,0.0,2.4961,0.2255,0.0,0.0,0.0,0.0,0.0,0.9738,0.0262,0.442,1.0,9,2,Natural Fault,line_trip
0.0,216.183,119.67,1.0,6.0,0.0,0.0,0.0,6.0,0.0,0.0,2.4961,0.2255,0.0,0.0,0.0,0.0,0.0,0.9795,0.0205,0.444,1.0,9,3,Natural Fault,line_trip
0.0,215.688,119.614,1.0,6.0,0.0,0.0,0.0,6.0,0.0,0.0,2.4961,0.2255,0.0,0.0,0.0,0.0,0.0,0.0,1.0,-0.004,3.0,9,4,Natural Fault,line_trip
0.0,215.117,119.637,1.0,6.0,0.0,0.0,0.0,6.0,0.0,0.0,2.4961,0.2255,0.0,0.0,0.0,0.0,0.0,0.9756,0.0244,0.195,1.0,9,5,Natural Fault,line_trip
0.0,182.653,84.962,1.0,6.0,0.0,0.0,0.0,6.0,0.0,0.0,2.1056,0.1902,0.0,0.0,0.0,0.0,0.0,0.979,0.021,-1.046,1.0,10,1,Normal,normal
0.0,181.678,84.922,1.0,6.0,0.0,0.0,0.0,6.0,0.0,0.0,2.1056,0.1902,0.0,0.0,0.0,0.0,0.0,0.9709,0.0291,0.446,1.0,10,2,Normal,normal
0.0,181.103,84.874,1.0,6.0,0.0,0.0,0.0,6.0,0.0,0.0,2.1056,0.1902,0.0,0.0,0.0,0.0,0.0,0.974,0.026,0.443,1.0,10,3,Normal,normal
0.0,180.558,84.855,1.0,6.0,0.0,0.0,0.0,6.0,0.0,0.0,2.1056,0.1902,0.0,0.0,0.0,0.0,0.0,0.9791,0.0209,0.162,1.0,10,4,Normal,normal
0.0,180.022,84.909,1.0,6.0,0.0,0.0,0.0,6.0,0.0,0.0,2.1056,0.1902,0.0,0.0,0.0,0.0,0.0,0.9711,0.0289,0.192,1.0,10,5,Normal,normal
0.0,142.285,31.285,1.0,6.0,0.0,0.0,0.0,6.0,0.0,0.0,2.3502,0.2123,0.0,0.0,0.0,0.0,0.0,0.9751,0.0249,-1.051,1.0,11,1,Normal,normal
0.0,141.263,31.397,1.0,6.0,0.0,0.0,0.0,6.0,0.0,0.0,2.3502,0.2123,0.0,0.0,0.0,0.0,0.0,0.9739,0.0261,0.441,1.0,11,2,Normal,normal
0.0,140.653,31.469,1.0,6.0,0.0,0.0,0.0,6.0,0.0,0.0,2.3502,0.2123,0.0,0.0,0.0,0.0,0.0,0.9725,0.0275,0.442,1.0,11,3,Normal,normal
0.0,140.115,31.458,1.0,6.0,0.0,0.0,0.0,6.0,0.0,0.0,2.3502,0.2123,0.0,0.0,0.0,0.0,0.0,0.9755,0.0245,0.155,1.0,11,4,Normal,normal
0.0,139.55,31.553,1.0,6.0,0.0,0.0,0.0,6.0,0.0,0.0,2.3502,0.2123,0.0,0.0,0.0,0.0,0.0,0.9749,0.0251,0.2,1.0,11,5,Normal,normal
0.0,146.383,35.742,1.0,6.0,0.0,0.0,0.0,6.0,0.0,0.0,1.3856,0.1252,0.0,0.0,0.0,0.0,0.0,0.9793,0.0207,-1.069,1.0,12,1,Normal,normal
0.0,145.302,35.852,1.0,6.0,0.0,0.0,0.0,6.0,0.0,0.0,1.3856,0.1252,0.0,0.0,0.0,0.0,0.0,0.9719,0.0281,0.447,1.0,12,2,Normal,normal
0.0,144.705,35.998,1.0,6.0,0.0,0.0,0.0,6.0,0.0,0.0,1.3856,0.1252,0.0,0.0,0.0,0.0,0.0,0.9735,0.0265,0.448,1.0,12,3,Normal,normal
0.0,144.155,36.086,1.0,6.0,0.0,0.0,0.0,6.0,0.0,0.0,1.3856,0.1252,0.0,0.0,0.0,0.0,0.0,0.9736,0.0264,0.162,1.0,12,4,Normal,normal
0.0,143.52,36.32,1.0,6.0,0.0,0.0,0.0,6.0,0.0,0.0,1.3856,0.1252,0.0,0.0,0.0,0.0,0.0,0.9734,0.0266,0.193,1.0,12,5,Normal,normal
0.0,145.012,36.78,1.0,6.0,0.0,0.0,0.0,6.0,0.0,0.0,1.9611,0.1771,0.0,0.0,0.0,0.0,0.0,0.9723,0.0277,-1.072,1.0,13,1,Normal,normal
0.0,143.967,36.863,1.0,6.0,0.0,0.0,0.0,6.0,0.0,0.0,1.9611,0.1771,0.0,0.0,0.0,0.0,0.0,0.9722,0.0278,0.452,1.0,13,2,Normal,normal
0.0,143.337,37.033,1.0,6.0,0.0,0.0,0.0,6.0,0.0,0.0,1.9611,0.1771,0.0,0.0,0.0,0.0,0.0,0.9719,0.0281,0.451,1.0,13,3,Normal,normal
0.0,142.715,37.18,1.0,6.0,0.0,0.0,0.0,6.0,0.0,0.0,1.9611,0.1771,0.0,0.0,0.0,0.0,0.0,0.9749,0.0251,0.16,1.0,13,4,Normal,normal
0.0,142.138,37.368,1.0,6.0,0.0,0.0,0.0,6.0,0.0,0.0,1.9611,0.1771,0.0,0.0,0.0,0.0,0.0,0.9706,0.0294,0.203,1.0,13,5,Normal,normal
0.0,144.312,37.777,1.0,6.0,0.0,0.0,0.0,6.0,0.0,0.0,0.9697,0.0876,0.0,0.0,0.0,0.0,0.0,0.9758,0.0242,-1.088,1.0,14,1,Normal,normal
0.0,143.123,37.707,1.0,6.0,0.0,0.0,0.0,6.0,0.0,0.0,0.9697,0.0876,0.0,0.0,0.0,0.0,0.0,0.9718,0.0282,0.462,1.0,14,2,Normal,normal
0.0,142.397,37.749,1.0,6.0,0.0,0.0,0.0,6.0,0.0,0.0,0.9697,0.0876,0.0,0.0,0.0,0.0,0.0,0.9736,0.0264,0.459,1.0,14,3,Normal,normal
0.0,141.717,37.757,1.0,6.0,0.0,0.0,0.0,6.0,0.0,0.0,0.9697,0.0876,0.0,0.0,0.0,0.0,0.0,0.9716,0.0284,0.161,1.0,14,4,Normal,normal
0.0,141.075,37.715,1.0,6.0,0.0,0.0,0.0,6.0,0.0,0.0,0.9697,0.0876,0.0,0.0,0.0,0.0,0.0,0.9711,0.0289,0.205,1.0,14,5,Normal,normal
0.0,153.508,37.121,1.0,6.0,0.0,0.0,0.0,6.0,0.0,0.0,1.2455,0.1125,0.0,0.0,0.0,0.0,0.0,0.9756,0.0244,-1.121,1.0,15,1,Normal,normal
0.0,152.297,36.985,1.0,6.0,0.0,0.0,0.0,6.0,0.0,0.0,1.2455,0.1125,0.0,0.0,0.0,0.0,0.0,0.969,0.031,0.472,1.0,15,2,Normal,normal
0.0,151.542,36.965,1.0,6.0,0.0,0.0,0.0,6.0,0.0,0.0,1.2455,0.1125,0.0,0.0,0.0,0.0,0.0,0.9747,0.0253,0.476,1.0,15,3,Normal,normal
0.0,150.698,36.921,1.0,6.0,0.0,0.0,0.0,6.0,0.0,0.0,1.2455,0.1125,0.0,0.0,0.0,0.0,0.0,0.973,0.027,0.166,1.0,15,4,Normal,normal
0.0,149.937,36.816,1.0,6.0,0.0,0.0,0.0,6.0,0.0,0.0,1.2455,0.1125,0.0,0.0,0.0,0.0,0.0,0.9682,0.0318,0.209,1.0,15,5,Normal,normal
0.0,213.57,98.84,1.0,6.0,0.0,0.0,0.0,6.0,0.0,0.0,1.1433,0.1033,0.0,0.0,0.0,0.0,0.0,0.9759,0.0241,-1.124,1.0,16,1,Normal,normal
0.0,212.315,98.901,1.0,6.0,0.0,0.0,0.0,6.0,0.0,0.0,1.1433,0.1033,0.0,0.0,0.0,0.0,0.0,0.9708,0.0292,0.482,1.0,16,2,Normal,normal
0.0,211.427,98.971,1.0,6.0,0.0,0.0,0.0,6.0,0.0,0.0,1.1433,0.1033,0.0,0.0,0.0,0.0,0.0,0.9718,0.0282,0.479,1.0,16,3,Normal,normal
0.0,210.445,99.04,1.0,6.0,0.0,0.0,0.0,6.0,0.0,0.0,1.1433,0.1033,0.0,0.0,0.0,0.0,0.0,0.9711,0.0289,0.172,1.0,16,4,Normal,normal
0.0,209.642,99.027,1.0,6.0,0.0,0.0,0.0,6.0,0.0,0.0,1.1433,0.1033,0.0,0.0,0.0,0.0,0.0,0.9712,0.0288,0.214,1.0,16,5,Normal,normal
0.0,211.975,99.448,1.0,6.0,0.0,0.0,0.0,6.0,0.0,0.0,3.7538,0.3391,0.0,0.0,0.0,0.0,0.0,0.9723,0.0277,-1.161,1.0,17,1,Normal,normal
0.0,210.772,99.465,1.0,6.0,0.0,0.0,0.0,6.0,0.0,0.0,3.7538,0.3391,0.0,0.0,0.0,0.0,0.0,0.9727,0.0273,0.498,1.0,17,2,Normal,normal
0.0,209.907,99.51,1.0,6.0,0.0,0.0,0.0,6.0,0.0,0.0,3.7538,0.3391,0.0,0.0,0.0,0.0,0.0,0.9671,0.0329,0.498,1.0,17,3,Normal,normal
0.0,209.087,99.494,1.0,6.0,0.0,0.0,0.0,6.0,0.0,0.0,3.7538,0.3391,0.0,0.0,0.0,0.0,0.0,0.9743,0.0257,0.171,1.0,17,4,Normal,normal
0.0,208.457,99.423,1.0,6.0,0.0,0.0,0.0,6.0,0.0,0.0,3.7538,0.3391,0.0,0.0,0.0,0.0,0.0,0.9673,0.0327,0.217,1.0,17,5,Normal,normal
0.0,211.283,100.102,1.0,6.0,0.0,0.0,0.0,6.0,0.0,0.0,0.9038,0.0816,0.0,0.0,0.0,0.0,0.0,0.9749,0.0251,-1.186,1.0,18,1,Normal,normal
0.0,210.063,100.134,1.0,6.0,0.0,0.0,0.0,6.0,0.0,0.0,0.9038,0.0816,0.0,0.0,0.0,0.0,0.0,0.9688,0.0312,0.503,1.0,18,2,Normal,normal
0.0,209.203,100.173,1.0,6.0,0.0,0.0,0.0,6.0,0.0,0.0,0.9038,0.0816,0.0,0.0,0.0,0.0,0.0,0.9677,0.0323,0.494,1.0,18,3,Normal,normal
0.0,208.387,100.152,1.0,6.0,0.0,0.0,0.0,6.0,0.0,0.0,0.9038,0.0816,0.0,0.0,0.0,0.0,0.0,0.972,0.028,0.177,1.0,18,4,Normal,normal
0.0,207.733,100.101,1.0,6.0,0.0,0.0,0.0,6.0,0.0,0.0,0.9038,0.0816,0.0,0.0,0.0,0.0,0.0,0.967,0.033,0.225,1.0,18,5,Normal,normal
0.0,169.813,61.715,1.0,6.0,0.0,0.0,0.0,6.0,0.0,0.0,1.6004,0.1446,0.0,0.0,0.0,0.0,0.0,0.9728,0.0272,-1.216,1.0,19,1,Normal,normal
0.0,168.718,61.514,1.0,6.0,0.0,0.0,0.0,6.0,0.0,0.0,1.6004,0.1446,0.0,0.0,0.0,0.0,0.0,0.964,0.036,0.519,1.0,19,2,Normal,normal
0.0,167.987,61.296,1.0,6.0,0.0,0.0,0.0,6.0,0.0,0.0,1.6004,0.1446,0.0,0.0,0.0,0.0,0.0,0.9688,0.0312,0.51,1.0,19,3,Normal,normal
0.0,167.078,61.404,1.0,6.0,0.0,0.0,0.0,6.0,0.0,0.0,1.6004,0.1446,0.0,0.0,0.0,0.0,0.0,0.9677,0.0323,0.189,1.0,19,4,Normal,normal
0.0,166.555,61.279,1.0,6.0,0.0,0.0,0.0,6.0,0.0,0.0,1.6004,0.1446,0.0,0.0,0.0,0.0,0.0,0.9637,0.0363,0.225,1.0,19,5,Normal,normal
0.0,142.49,37.226,1.0,6.0,0.0,0.0,0.0,6.0,0.0,0.0,0.9209,0.0832,0.0,0.0,0.0,0.0,0.0,0.972,0.028,-1.241,1.0,20,1,Normal,normal
0.0,141.527,37.069,1.0,6.0,0.0,0.0,0.0,6.0,0.0,0.0,0.9209,0.0832,0.0,0.0,0.0,0.0,0.0,0.9678,0.0322,0.526,1.0,20,2,Normal,normal
0.0,140.885,37.0,1.0,6.0,0.0,0.0,0.0,6.0,0.0,0.0,0.9209,0.0832,0.0,0.0,0.0,0.0,0.0,0.9681,0.0319,0.523,1.0,20,3,Normal,normal
0.0,140.035,37.093,1.0,6.0,0.0,0.0,0.0,6.0,0.0,0.0,0.9209,0.0832,0.0,0.0,0.0,0.0,0.0,0.9673,0.0327,0.197,1.0,20,4,Normal,normal
0.0,139.477,37.096,1.0,6.0,0.0,0.0,0.0,6.0,0.0,0.0,0.9209,0.0832,0.0,0.0,0.0,0.0,0.0,0.9637,0.0363,0.225,1.0,20,5,Cyber Intrusion,replay
0.0,143.567,37.427,1.0,6.0,0.0,0.0,0.0,6.0,0.0,0.0,0.6107,0.0552,0.0,0.0,0.0,0.0,0.0,0.9708,0.0292,-1.295,1.0,21,1,Normal,normal
0.0,142.605,37.326,1.0,6.0,0.0,0.0,0.0,6.0,0.0,0.0,0.6107,0.0552,0.0,0.0,0.0,0.0,0.0,0.9659,0.0341,0.545,1.0,21,2,Normal,normal
0.0,141.957,37.3,1.0,6.0,0.0,0.0,0.0,6.0,0.0,0.0,0.6107,0.0552,0.0,0.0,0.0,0.0,0.0,0.9658,0.0342,0.542,1.0,21,3,Normal,normal
0.0,141.07,37.343,1.0,6.0,0.0,0.0,0.0,6.0,0.0,0.0,0.6107,0.0552,0.0,0.0,0.0,0.0,0.0,0.9703,0.0297,0.196,1.0,21,4,Normal,normal
0.0,140.357,37.334,1.0,6.0,0.0,0.0,0.0,6.0,0.0,0.0,0.6107,0.0552,0.0,0.0,0.0,0.0,0.0,0.9637,0.0363,0.225,1.0,21,5,Cyber Intrusion,replay
0.0,144.012,37.103,1.0,6.0,0.0,0.0,0.0,6.0,0.0,0.0,2.1864,0.1975,0.0,0.0,0.0,0.0,0.0,0.9716,0.0284,-1.319,1.0,22,1,Normal,normal
0.0,142.933,37.082,1.0,6.0,0.0,0.0,0.0,6.0,0.0,0.0,2.1864,0.1975,0.0,0.0,0.0,0.0,0.0,0.9631,0.0369,0.552,1.0,22,2,Normal,normal
0.0,142.197,37.12,1.0,6.0,0.0,0.0,0.0,6.0,0.0,0.0,2.1864,0.1975,0.0,0.0,0.0,0.0,0.0,0.9702,0.0298,0.551,1.0,22,3,Normal,normal
0.0,141.317,37.16,1.0,6.0,0.0,0.0,0.0,6.0,0.0,0.0,2.1864,0.1975,0.0,0.0,0.0,0.0,0.0,0.9666,0.0334,0.198,1.0,22,4,Normal,normal
0.0,140.597,37.157,1.0,6.0,0.0,0.0,0.0,6.0,0.0,0.0,2.1864,0.1975,0.0,0.0,0.0,0.0,0.0,0.9637,0.0363,0.225,1.0,22,5,Cyber Intrusion,replay
0.0,140.638,32.828,1.0,6.0,0.0,0.0,0.0,6.0,0.0,0.0,2.0046,0.1811,0.0,0.0,0.0,0.0,0.0,0.9657,0.0343,-1.369,1.0,23,1,Normal,normal
0.0,139.477,32.894,1.0,6.0,0.0,0.0,0.0,6.0,0.0,0.0,2.0046,0.1811,0.0,0.0,0.0,0.0,0.0,0.964,0.036,0.575,1.0,23,2,Normal,normal
0.0,138.715,32.96,1.0,6.0,0.0,0.0,0.0,6.0,0.0,0.0,2.0046,0.1811,0.0,0.0,0.0,0.0,0.0,0.9618,0.0382,0.577,1.0,23,3,Normal,normal
0.0,138.158,32.966,1.0,6.0,0.0,0.0,0.0,6.0,0.0,0.0,2.0046,0.1811,0.0,0.0,0.0,0.0,0.0,0.9654,0.0346,0.208,1.0,23,4,Normal,normal
0.0,137.508,33.08,1.0,6.0,0.0,0.0,0.0,6.0,0.0,0.0,2.0046,0.1811,0.0,0.0,0.0,0.0,0.0,0.9606,0.0394,0.257,1.0,23,5,Cyber Intrusion,replay
0.0,154.317,37.525,1.0,6.0,0.0,0.0,0.0,6.0,0.0,0.0,2.7083,0.2446,0.0,0.0,0.0,0.0,0.0,0.9674,0.0326,-1.412,1.0,24,1,Normal,normal
0.0,153.053,37.639,1.0,6.0,0.0,0.0,0.0,6.0,0.0,0.0,2.7083,0.2446,0.0,0.0,0.0,0.0,0.0,0.9629,0.0371,0.596,1.0,24,2,Normal,normal
0.0,152.227,37.649,1.0,6.0,0.0,0.0,0.0,6.0,0.0,0.0,2.7083,0.2446,0.0,0.0,0.0,0.0,0.0,0.968,0.032,0.6,1.0,24,3,Normal,normal
0.0,151.673,37.683,1.0,6.0,0.0,0.0,0.0,6.0,0.0,0.0,2.7083,0.2446,0.0,0.0,0.0,0.0,0.0,0.9679,0.0321,0.213,1.0,24,4,Normal,normal
0.0,151.093,37.747,1.0,6.0,0.0,0.0,0.0,6.0,0.0,0.0,2.7083,0.2446,0.0,0.0,0.0,0.0,0.0,0.958,0.042,0.255,1.0,24,5,Cyber Intrusion,replay
0.0,217.417,102.024,1.0,6.0,0.0,0.0,0.0,6.0,0.0,0.0,2.9682,0.2681,0.0,0.0,0.0,0.0,0.0,0.9819,0.0181,-0.818,1.0,25,1,Natural Fault,line_trip
0.0,216.178,102.276,1.0,6.0,0.0,0.0,0.0,6.0,0.0,0.0,2.9682,0.2681,0.0,0.0,0.0,0.0,0.0,0.0,1.0,-0.001,3.0,25,2,Natural Fault,line_trip
0.0,215.312,102.247,1.0,6.0,0.0,0.0,0.0,6.0,0.0,0.0,2.9682,0.2681,0.0,0.0,0.0,0.0,0.0,0.9731,0.0269,0.607,1.0,25,3,Natural Fault,line_trip
0.0,214.707,102.116,1.0,6.0,0.0,0.0,0.0,6.0,0.0,0.0,2.9682,0.2681,0.0,0.0,0.0,0.0,0.0,0.9762,0.0238,0.222,1.0,25,4,Natural Fault,line_trip
0.0,214.177,102.053,1.0,6.0,0.0,0.0,0.0,6.0,0.0,0.0,2.9682,0.2681,0.0,0.0,0.0,0.0,0.0,0.0,1.0,-0.002,3.0,25,5,Natural Fault,line_trip
0.0,214.145,104.046,1.0,6.0,0.0,0.0,0.0,6.0,0.0,0.0,4.042,0.3651,0.0,0.0,0.0,0.0,0.0,0.9808,0.0192,-0.852,1.0,26,1,Natural Fault,line_trip
0.0,213.052,104.149,1.0,6.0,0.0,0.0,0.0,6.0,0.0,0.0,4.042,0.3651,0.0,0.0,0.0,0.0,0.0,0.0,1.0,0.002,3.0,26,2,Natural Fault,line_trip
0.0,212.302,103.988,1.0,6.0,0.0,0.0,0.0,6.0,0.0,0.0,4.042,0.3651,0.0,0.0,0.0,0.0,0.0,0.975,0.025,0.627,1.0,26,3,Natural Fault,line_trip
0.0,211.66,103.855,1.0,6.0,0.0,0.0,0.0,6.0,0.0,0.0,4.042,0.3651,0.0,0.0,0.0,0.0,0.0,0.9793,0.0207,0.232,1.0,26,4,Natural Fault,line_trip
0.0,211.12,103.79,1.0,6.0,0.0,0.0,0.0,6.0,0.0,0.0,4.042,0.3651,0.0,0.0,0.0,0.0,0.0,0.0,1.0,-0.005,3.0,26,5,Natural Fault,line_trip
0.0,214.875,103.383,1.0,6.0,0.0,0.0,0.0,6.0,0.0,0.0,2.5963,0.2345,0.0,0.0,0.0,0.0,0.0,0.9841,0.0159,-0.856,1.0,27,1,Natural Fault,line_trip
0.0,213.855,103.419,1.0,6.0,0.0,0.0,0.0,6.0,0.0,0.0,2.5963,0.2345,0.0,0.0,0.0,0.0,0.0,0.0,1.0,0.001,3.0,27,2,Natural Fault,line_trip
0.0,213.072,103.289,1.0,6.0,0.0,0.0,0.0,6.0,0.0,0.0,2.5963,0.2345,0.0,0.0,0.0,0.0,0.0,0.9814,0.0186,0.632,1.0,27,3,Natural Fault,line_trip
0.0,212.365,103.213,1.0,6.0,0.0,0.0,0.0,6.0,0.0,0.0,2.5963,0.2345,0.0,0.0,0.0,0.0,0.0,0.9797,0.0203,0.229,1.0,27,4,Natural Fault,line_trip
0.0,211.765,103.201,1.0,6.0,0.0,0.0,0.0,6.0,0.0,0.0,2.5963,0.2345,0.0,0.0,0.0,0.0,0.0,0.0,1.0,-0.003,3.0,27,5,Natural Fault,line_trip
0.0,165.775,57.331,1.0,6.0,0.0,0.0,0.0,6.0,0.0,0.0,8.2138,0.742,0.0,0.0,0.0,0.0,0.0,0.9774,0.0226,-0.873,1.0,28,1,Natural Fault,line_trip
0.0,164.425,57.393,1.0,6.0,0.0,0.0,0.0,6.0,0.0,0.0,8.2138,0.742,0.0,0.0,0.0,0.0,0.0,0.0,1.0,-0.005,3.0,28,2,Natural Fault,line_trip
0.0,163.707,57.219,1.0,6.0,0.0,0.0,0.0,6.0,0.0,0.0,8.2138,0.742,0.0,0.0,0.0,0.0,0.0,0.9754,0.0246,0.651,1.0,28,3,Natural Fault,line_trip
0.0,163.033,57.158,1.0,6.0,0.0,0.0,0.0,6.0,0.0,0.0,8.2138,0.742,0.0,0.0,0.0,0.0,0.0,0.9747,0.0253,0.231,1.0,28,4,Natural Fault,line_trip
0.0,162.435,57.189,1.0,6.0,0.0,0.0,0.0,6.0,0.0,0.0,8.2138,0.742,0.0,0.0,0.0,0.0,0.0,0.0,1.0,-0.011,3.0,28,5,Natural Fault,line_trip
0.0,158.127,44.102,1.0,6.0,0.0,0.0,0.0,6.0,0.0,0.0,1.1124,0.1005,0.0,0.0,0.0,0.0,0.0,0.9638,0.0362,-1.548,1.0,29,1,Normal,normal
0.0,156.69,44.041,1.0,6.0,0.0,0.0,0.0,6.0,0.0,0.0,1.1124,0.1005,0.0,0.0,0.0,0.0,0.0,0.9577,0.0423,0.662,1.0,29,2,Normal,normal
0.0,155.982,43.905,1.0,6.0,0.0,0.0,0.0,6.0,0.0,0.0,1.1124,0.1005,0.0,0.0,0.0,0.0,0.0,0.9623,0.0377,0.659,1.0,29,3,Normal,normal
0.0,155.225,43.736,1.0,6.0,0.0,0.0,0.0,6.0,0.0,0.0,1.1124,0.1005,0.0,0.0,0.0,0.0,0.0,0.9612,0.0388,0.234,1.0,29,4,Normal,normal
0.0,154.582,43.724,1.0,6.0,0.0,0.0,0.0,6.0,0.0,0.0,1.1124,0.1005,0.0,0.0,0.0,0.0,0.0,0.9543,0.0457,0.283,1.0,29,5,Normal,normal
0.0,227.753,94.663,1.0,6.0,0.0,0.0,0.0,6.0,0.0,0.0,1.5908,0.1437,0.0,0.0,0.0,0.0,0.0,0.9666,0.0334,-1.548,1.0,30,1,Normal,normal
0.0,226.39,95.078,1.0,6.0,0.0,0.0,0.0,6.0,0.0,0.0,1.5908,0.1437,0.0,0.0,0.0,0.0,0.0,0.9558,0.0442,0.657,1.0,30,2,Normal,normal
0.0,225.723,95.271,1.0,6.0,0.0,0.0,0.0,6.0,0.0,0.0,1.5908,0.1437,0.0,0.0,0.0,0.0,0.0,0.9575,0.0425,0.66,1.0,30,3,Normal,normal
0.0,225.043,95.486,1.0,6.0,0.0,0.0,0.0,6.0,0.0,0.0,1.5908,0.1437,0.0,0.0,0.0,0.0,0.0,0.961,0.039,0.239,1.0,30,4,Normal,normal
0.0,224.437,95.7,1.0,6.0,0.0,0.0,0.0,6.0,0.0,0.0,1.5908,0.1437,0.0,0.0,0.0,0.0,0.0,0.9549,0.0451,0.293,1.0,30,5,Normal,normal
0.0,227.475,94.623,1.0,6.0,0.0,0.0,0.0,6.0,0.0,0.0,1.9615,0.1772,0.0,0.0,0.0,0.0,0.0,0.9604,0.0396,-1.553,1.0,31,1,Normal,normal
0.0,226.143,95.073,1.0,6.0,0.0,0.0,0.0,6.0,0.0,0.0,1.9615,0.1772,0.0,0.0,0.0,0.0,0.0,0.9576,0.0424,0.66,1.0,31,2,Normal,normal
0.0,225.553,95.215,1.0,6.0,0.0,0.0,0.0,6.0,0.0,0.0,1.9615,0.1772,0.0,0.0,0.0,0.0,0.0,0.9597,0.0403,0.665,1.0,31,3,Normal,normal
0.0,224.815,95.452,1.0,6.0,0.0,0.0,0.0,6.0,0.0,0.0,1.9615,0.1772,0.0,0.0,0.0,0.0,0.0,0.9618,0.0382,0.236,1.0,31,4,Normal,normal
0.0,224.188,95.619,1.0,6.0,0.0,0.0,0.0,6.0,0.0,0.0,1.9615,0.1772,0.0,0.0,0.0,0.0,0.0,0.9561,0.0439,0.283,1.0,31,5,Normal,normal
0.0,237.672,85.222,1.0,6.0,0.0,0.0,0.0,6.0,0.0,0.0,2.8586,0.2582,0.0,0.0,0.0,0.0,0.0,0.968,0.032,-1.552,1.0,32,1,Normal,normal
0.0,236.645,85.376,1.0,6.0,0.0,0.0,0.0,6.0,0.0,0.0,2.8586,0.2582,0.0,0.0,0.0,0.0,0.0,0.9554,0.0446,0.658,1.0,32,2,Normal,normal
0.0,236.128,85.467,1.0,6.0,0.0,0.0,0.0,6.0,0.0,0.0,2.8586,0.2582,0.0,0.0,0.0,0.0,0.0,0.9609,0.0391,0.656,1.0,32,3,Normal,normal
0.0,235.445,85.711,1.0,6.0,0.0,0.0,0.0,6.0,0.0,0.0,2.8586,0.2582,0.0,0.0,0.0,0.0,0.0,0.9601,0.0399,0.234,1.0,32,4,Normal,normal
0.0,234.902,85.83,1.0,6.0,0.0,0.0,0.0,6.0,0.0,0.0,2.8586,0.2582,0.0,0.0,0.0,0.0,0.0,0.9537,0.0463,0.284,1.0,32,5,Normal,normal
0.0,267.522,103.828,1.0,6.0,0.0,0.0,0.0,6.0,0.0,0.0,2.4981,0.2257,0.0,0.0,0.0,0.0,0.0,0.9669,0.0331,-1.553,1.0,33,1,Normal,normal
0.0,266.542,103.855,1.0,6.0,0.0,0.0,0.0,6.0,0.0,0.0,2.4981,0.2257,0.0,0.0,0.0,0.0,0.0,0.9591,0.0409,0.658,1.0,33,2,Normal,normal
0.0,266.025,103.822,1.0,6.0,0.0,0.0,0.0,6.0,0.0,0.0,2.4981,0.2257,0.0,0.0,0.0,0.0,0.0,0.9614,0.0386,0.654,1.0,33,3,Normal,normal
0.0,265.45,104.002,1.0,6.0,0.0,0.0,0.0,6.0,0.0,0.0,2.4981,0.2257,0.0,0.0,0.0,0.0,0.0,0.9669,0.0331,0.235,1.0,33,4,Normal,normal
0.0,264.983,104.104,1.0,6.0,0.0,0.0,0.0,6.0,0.0,0.0,2.4981,0.2257,0.0,0.0,0.0,0.0,0.0,0.9544,0.0456,0.288,1.0,33,5,Normal,normal
0.0,225.537,106.282,1.0,6.0,0.0,0.0,0.0,6.0,0.0,0.0,2.1194,0.1914,0.0,0.0,0.0,0.0,0.0,0.9666,0.0334,-1.527,1.0,34,1,Normal,normal
0.0,224.523,106.241,1.0,6.0,0.0,0.0,0.0,6.0,0.0,0.0,2.1194,0.1914,0.0,0.0,0.0,0.0,0.0,0.9604,0.0396,0.651,1.0,34,2,Normal,normal
0.0,223.922,106.186,1.0,6.0,0.0,0.0,0.0,6.0,0.0,0.0,2.1194,0.1914,0.0,0.0,0.0,0.0,0.0,0.9573,0.0427,0.649,1.0,34,3,Normal,normal
0.0,223.305,106.328,1.0,6.0,0.0,0.0,0.0,6.0,0.0,0.0,2.1194,0.1914,0.0,0.0,0.0,0.0,0.0,0.9629,0.0371,0.228,1.0,34,4,Normal,normal
0.0,222.837,106.432,1.0,6.0,0.0,0.0,0.0,6.0,0.0,0.0,2.1194,0.1914,0.0,0.0,0.0,0.0,0.0,0.9585,0.0415,0.284,1.0,34,5,Normal,normal
0.0,223.082,108.753,1.0,6.0,0.0,0.0,0.0,6.0,0.0,0.0,0.3128,0.0283,0.0,0.0,0.0,0.0,0.0,0.9657,0.0343,-1.514,1.0,35,1,Normal,normal
0.0,222.112,108.673,1.0,6.0,0.0,0.0,0.0,6.0,0.0,0.0,0.3128,0.0283,0.0,0.0,0.0,0.0,0.0,0.9581,0.0419,0.643,1.0,35,2,Normal,normal
0.0,221.52,108.608,1.0,6.0,0.0,0.0,0.0,6.0,0.0,0.0,0.3128,0.0283,0.0,0.0,0.0,0.0,0.0,0.9601,0.0399,0.64,1.0,35,3,Normal,normal
0.0,220.988,108.667,1.0,6.0,0.0,0.0,0.0,6.0,0.0,0.0,0.3128,0.0283,0.0,0.0,0.0,0.0,0.0,0.9618,0.0382,0.235,1.0,35,4,Normal,normal
0.0,220.413,108.882,1.0,6.0,0.0,0.0,0.0,6.0,0.0,0.0,0.3128,0.0283,0.0,0.0,0.0,0.0,0.0,0.9565,0.0435,0.28,1.0,35,5,Normal,normal
0.0,182.892,84.986,1.0,6.0,0.0,0.0,0.0,6.0,0.0,0.0,0.718,0.0649,0.0,0.0,0.0,0.0,0.0,0.9657,0.0343,-1.48,1.0,36,1,Normal,normal
0.0,181.868,84.812,1.0,6.0,0.0,0.0,0.0,6.0,0.0,0.0,0.718,0.0649,0.0,0.0,0.0,0.0,0.0,0.9583,0.0417,0.623,1.0,36,2,Normal,normal
0.0,181.213,84.676,1.0,6.0,0.0,0.0,0.0,6.0,0.0,0.0,0.718,0.0649,0.0,0.0,0.0,0.0,0.0,0.9619,0.0381,0.627,1.0,36,3,Normal,normal
0.0,180.562,84.633,1.0,6.0,0.0,0.0,0.0,6.0,0.0,0.0,0.718,0.0649,0.0,0.0,0.0,0.0,0.0,0.9617,0.0383,0.229,1.0,36,4,Normal,normal
0.0,179.892,84.771,1.0,6.0,0.0,0.0,0.0,6.0,0.0,0.0,0.718,0.0649,0.0,0.0,0.0,0.0,0.0,0.9578,0.0422,0.278,1.0,36,5,Normal,normal
0.0,145.658,43.513,1.0,6.0,0.0,0.0,0.0,6.0,0.0,0.0,0.6071,0.0548,0.0,0.0,0.0,0.0,0.0,0.9678,0.0322,-1.457,1.0,37,1,Normal,normal
0.0,144.657,43.476,1.0,6.0,0.0,0.0,0.0,6.0,0.0,0.0,0.6071,0.0548,0.0,0.0,0.0,0.0,0.0,0.9614,0.0386,0.628,1.0,37,2,Normal,normal
0.0,144.012,43.391,1.0,6.0,0.0,0.0,0.0,6.0,0.0,0.0,0.6071,0.0548,0.0,0.0,0.0,0.0,0.0,0.9615,0.0385,0.615,1.0,37,3,Normal,normal
0.0,143.35,43.396,1.0,6.0,0.0,0.0,0.0,6.0,0.0,0.0,0.6071,0.0548,0.0,0.0,0.0,0.0,0.0,0.9629,0.0371,0.227,1.0,37,4,Normal,normal
0.0,142.662,43.562,1.0,6.0,0.0,0.0,0.0,6.0,0.0,0.0,0.6071,0.0548,0.0,0.0,0.0,0.0,0.0,0.9574,0.0426,0.268,1.0,37,5,Normal,normal
0.0,146.048,45.04,1.0,6.0,0.0,0.0,0.0,6.0,0.0,0.0,2.4336,0.2198,0.0,0.0,0.0,0.0,0.0,0.9668,0.0332,-1.409,1.0,38,1,Normal,normal
0.0,145.077,45.063,1.0,6.0,0.0,0.0,0.0,6.0,0.0,0.0,2.4336,0.2198,0.0,0.0,0.0,0.0,0.0,0.9611,0.0389,0.599,1.0,38,2,Normal,normal
0.0,144.498,45.068,1.0,6.0,0.0,0.0,0.0,6.0,0.0,0.0,2.4336,0.2198,0.0,0.0,0.0,0.0,0.0,0.9662,0.0338,0.607,1.0,38,3,Normal,normal
0.0,143.905,44.998,1.0,6.0,0.0,0.0,0.0,6.0,0.0,0.0,2.4336,0.2198,0.0,0.0,0.0,0.0,0.0,0.9645,0.0355,0.219,1.0,38,4,Normal,normal
0.0,143.513,45.362,1.0,6.0,0.0,0.0,0.0,6.0,0.0,0.0,2.4336,0.2198,0.0,0.0,0.0,0.0,0.0,0.9637,0.0363,0.264,1.0,38,5,Normal,normal
0.0,211.952,137.193,1.0,6.0,0.0,0.0,0.0,6.0,0.0,0.0,2.9875,0.2699,0.0,0.0,0.0,0.0,0.0,0.9721,0.0279,-1.355,1.0,39,1,Normal,normal
0.0,210.98,137.197,1.0,6.0,0.0,0.0,0.0,6.0,0.0,0.0,2.9875,0.2699,0.0,0.0,0.0,0.0,0.0,0.961,0.039,0.578,1.0,39,2,Normal,normal
0.0,210.427,137.285,1.0,6.0,0.0,0.0,0.0,6.0,0.0,0.0,2.9875,0.2699,0.0,0.0,0.0,0.0,0.0,0.9696,0.0304,0.573,1.0,39,3,Normal,normal
0.0,209.885,137.398,1.0,6.0,0.0,0.0,0.0,6.0,0.0,0.0,2.9875,0.2699,0.0,0.0,0.0,0.0,0.0,0.9674,0.0326,0.213,1.0,39,4,Normal,normal
0.0,209.645,137.471,1.0,6.0,0.0,0.0,0.0,6.0,0.0,0.0,2.9875,0.2699,0.0,0.0,0.0,0.0,0.0,0.9622,0.0378,0.255,1.0,39,5,Normal,normal
0.0,287.988,149.876,1.0,6.0,0.0,0.0,0.0,6.0,0.0,0.0,1.4794,0.1336,0.0,0.0,0.0,0.0,0.0,0.9693,0.0307,-1.327,1.0,40,1,Normal,normal
0.0,286.897,149.816,1.0,6.0,0.0,0.0,0.0,6.0,0.0,0.0,1.4794,0.1336,0.0,0.0,0.0,0.0,0.0,0.9624,0.0376,0.564,1.0,40,2,Normal,normal
0.0,286.283,149.846,1.0,6.0,0.0,0.0,0.0,6.0,0.0,0.0,1.4794,0.1336,0.0,0.0,0.0,0.0,0.0,0.9685,0.0315,0.556,1.0,40,3,Normal,normal
0.0,285.762,149.931,1.0,6.0,0.0,0.0,0.0,6.0,0.0,0.0,1.4794,0.1336,0.0,0.0,0.0,0.0,0.0,0.9683,0.0317,0.208,1.0,40,4,Normal,normal
0.0,285.553,149.873,1.0,6.0,0.0,0.0,0.0,6.0,0.0,0.0,1.4794,0.1336,0.0,0.0,0.0,0.0,0.0,0.9614,0.0386,0.254,1.0,40,5,Normal,normal
0.0,286.238,151.747,1.0,6.0,0.0,0.0,0.0,6.0,0.0,0.0,0.192,0.0173,0.0,0.0,0.0,0.0,0.0,0.9715,0.0285,-1.268,1.0,41,1,Normal,normal
0.0,285.162,151.631,1.0,6.0,0.0,0.0,0.0,6.0,0.0,0.0,0.192,0.0173,0.0,0.0,0.0,0.0,0.0,0.9668,0.0332,0.533,1.0,41,2,Normal,normal
0.0,284.487,151.66,1.0,6.0,0.0,0.0,0.0,6.0,0.0,0.0,0.192,0.0173,0.0,0.0,0.0,0.0,0.0,0.9675,0.0325,0.542,1.0,41,3,Normal,normal
0.0,283.94,151.723,1.0,6.0,0.0,0.0,0.0,6.0,0.0,0.0,0.192,0.0173,0.0,0.0,0.0,0.0,0.0,0.97,0.03,0.195,1.0,41,4,Normal,normal
0.0,283.463,151.798,1.0,6.0,0.0,0.0,0.0,6.0,0.0,0.0,0.192,0.0173,0.0,0.0,0.0,0.0,0.0,0.9655,0.0345,0.241,1.0,41,5,Normal,normal
0.0,295.228,142.499,1.0,6.0,0.0,0.0,0.0,6.0,0.0,0.0,1.5906,0.1437,0.0,0.0,0.0,0.0,0.0,0.9698,0.0302,-1.208,1.0,42,1,Normal,normal
0.0,294.128,142.407,1.0,6.0,0.0,0.0,0.0,6.0,0.0,0.0,1.5906,0.1437,0.0,0.0,0.0,0.0,0.0,0.9686,0.0314,0.51,1.0,42,2,Normal,normal
0.0,293.467,142.43,1.0,6.0,0.0,0.0,0.0,6.0,0.0,0.0,1.5906,0.1437,0.0,0.0,0.0,0.0,0.0,0.9692,0.0308,0.508,1.0,42,3,Normal,normal
0.0,292.932,142.495,1.0,6.0,0.0,0.0,0.0,6.0,0.0,0.0,1.5906,0.1437,0.0,0.0,0.0,0.0,0.0,0.9723,0.0277,0.183,1.0,42,4,Normal,normal
0.0,292.41,142.623,1.0,6.0,0.0,0.0,0.0,6.0,0.0,0.0,1.5906,0.1437,0.0,0.0,0.0,0.0,0.0,0.9663,0.0337,0.217,1.0,42,5,Normal,normal
0.0,264.073,106.879,1.0,6.0,0.0,0.0,0.0,6.0,0.0,0.0,1.5117,0.1366,0.0,0.0,0.0,0.0,0.0,0.9722,0.0278,-1.186,1.0,43,1,Normal,normal
0.0,263.005,106.803,1.0,6.0,0.0,0.0,0.0,6.0,0.0,0.0,1.5117,0.1366,0.0,0.0,0.0,0.0,0.0,0.9722,0.0278,0.504,1.0,43,2,Normal,normal
0.0,262.327,106.767,1.0,6.0,0.0,0.0,0.0,6.0,0.0,0.0,1.5117,0.1366,0.0,0.0,0.0,0.0,0.0,0.9711,0.0289,0.506,1.0,43,3,Normal,normal
0.0,261.772,106.772,1.0,6.0,0.0,0.0,0.0,6.0,0.0,0.0,1.5117,0.1366,0.0,0.0,0.0,0.0,0.0,0.9714,0.0286,0.177,1.0,43,4,Normal,normal
0.0,261.133,106.785,1.0,6.0,0.0,0.0,0.0,6.0,0.0,0.0,1.5117,0.1366,0.0,0.0,0.0,0.0,0.0,0.9676,0.0324,0.223,1.0,43,5,Normal,normal
0.0,234.7,95.781,1.0,6.0,0.0,0.0,0.0,6.0,0.0,0.0,2.8089,0.2537,0.0,0.0,0.0,0.0,0.0,0.9792,0.0208,-1.121,1.0,44,1,Normal,normal
0.0,233.44,95.719,1.0,6.0,0.0,0.0,0.0,6.0,0.0,0.0,2.8089,0.2537,0.0,0.0,0.0,0.0,0.0,0.9702,0.0298,0.479,1.0,44,2,Normal,normal
0.0,232.685,95.73,1.0,6.0,0.0,0.0,0.0,6.0,0.0,0.0,2.8089,0.2537,0.0,0.0,0.0,0.0,0.0,0.9694,0.0306,0.477,1.0,44,3,Normal,normal
0.0,232.107,95.771,1.0,6.0,0.0,0.0,0.0,6.0,0.0,0.0,2.8089,0.2537,0.0,0.0,0.0,0.0,0.0,0.9735,0.0265,0.174,1.0,44,4,Normal,normal
0.0,231.367,95.72,1.0,6.0,0.0,0.0,0.0,6.0,0.0,0.0,2.8089,0.2537,0.0,0.0,0.0,0.0,0.0,0.9715,0.0285,0.205,1.0,44,5,Normal,normal
0.0,355.118,138.022,1.0,6.0,0.0,0.0,0.0,6.0,0.0,0.0,4.5137,0.4077,0.0,0.0,0.0,0.0,0.0,0.9817,0.0183,-0.875,1.0,45,1,Natural Fault,line_trip
0.0,353.865,138.234,1.0,6.0,0.0,0.0,0.0,6.0,0.0,0.0,4.5137,0.4077,0.0,0.0,0.0,0.0,0.0,0.9768,0.0232,0.255,1.0,45,2,Natural Fault,line_trip
0.0,353.21,138.387,1.0,6.0,0.0,0.0,0.0,6.0,0.0,0.0,4.5137,0.4077,0.0,0.0,0.0,0.0,0.0,0.9785,0.0215,0.455,1.0,45,3,Natural Fault,line_trip
0.0,352.678,138.354,1.0,6.0,0.0,0.0,0.0,6.0,0.0,0.0,4.5137,0.4077,0.0,0.0,0.0,0.0,0.0,0.9729,0.0271,0.169,1.0,45,4,Natural Fault,line_trip
0.0,352.057,138.515,1.0,6.0,0.0,0.0,0.0,6.0,0.0,0.0,4.5137,0.4077,0.0,0.0,0.0,0.0,0.0,0.0,1.0,-0.001,3.0,45,5,Natural Fault,line_trip
0.0,400.478,116.859,1.0,6.0,0.0,0.0,0.0,6.0,0.0,0.0,2.7605,0.2494,0.0,0.0,0.0,0.0,0.0,0.9785,0.0215,-0.853,1.0,46,1,Natural Fault,line_trip
0.0,399.225,117.111,1.0,6.0,0.0,0.0,0.0,6.0,0.0,0.0,2.7605,0.2494,0.0,0.0,0.0,0.0,0.0,0.9793,0.0207,0.25,1.0,46,2,Natural Fault,line_trip
0.0,398.508,117.205,1.0,6.0,0.0,0.0,0.0,6.0,0.0,0.0,2.7605,0.2494,0.0,0.0,0.0,0.0,0.0,0.9781,0.0219,0.442,1.0,46,3,Natural Fault,line_trip
0.0,397.833,117.106,1.0,6.0,0.0,0.0,0.0,6.0,0.0,0.0,2.7605,0.2494,0.0,0.0,0.0,0.0,0.0,0.9781,0.0219,0.154,1.0,46,4,Natural Fault,line_trip
0.0,397.305,117.189,1.0,6.0,0.0,0.0,0.0,6.0,0.0,0.0,2.7605,0.2494,0.0,0.0,0.0,0.0,0.0,0.0,1.0,0.006,3.0,46,5,Natural Fault,line_trip
0.0,363.46,152.134,1.0,6.0,0.0,0.0,0.0,6.0,0.0,0.0,3.3031,0.2984,0.0,0.0,0.0,0.0,0.0,0.9833,0.0167,-0.826,1.0,47,1,Natural Fault,line_trip
0.0,362.367,152.096,1.0,6.0,0.0,0.0,0.0,6.0,0.0,0.0,3.3031,0.2984,0.0,0.0,0.0,0.0,0.0,0.9755,0.0245,0.244,1.0,47,2,Natural Fault,line_trip
0.0,361.705,152.056,1.0,6.0,0.0,0.0,0.0,6.0,0.0,0.0,3.3031,0.2984,0.0,0.0,0.0,0.0,0.0,0.9808,0.0192,0.419,1.0,47,3,Natural Fault,line_trip
0.0,361.057,151.877,1.0,6.0,0.0,0.0,0.0,6.0,0.0,0.0,3.3031,0.2984,0.0,0.0,0.0,0.0,0.0,0.9796,0.0204,0.159,1.0,47,4,Natural Fault,line_trip
0.0,360.502,151.907,1.0,6.0,0.0,0.0,0.0,6.0,0.0,0.0,3.3031,0.2984,0.0,0.0,0.0,0.0,0.0,0.0,1.0,0.002,3.0,47,5,Natural Fault,line_trip
0.0,300.327,144.258,1.0,6.0,0.0,0.0,0.0,6.0,0.0,0.0,1.6429,0.1484,0.0,0.0,0.0,0.0,0.0,0.9837,0.0163,-0.804,1.0,48,1,Natural Fault,line_trip
0.0,299.057,144.401,1.0,6.0,0.0,0.0,0.0,6.0,0.0,0.0,1.6429,0.1484,0.0,0.0,0.0,0.0,0.0,0.9778,0.0222,0.234,1.0,48,2,Natural Fault,line_trip
0.0,298.303,144.395,1.0,6.0,0.0,0.0,0.0,6.0,0.0,0.0,1.6429,0.1484,0.0,0.0,0.0,0.0,0.0,0.9793,0.0207,0.418,1.0,48,3,Natural Fault,line_trip
0.0,297.673,144.308,1.0,6.0,0.0,0.0,0.0,6.0,0.0,0.0,1.6429,0.1484,0.0,0.0,0.0,0.0,0.0,0.9814,0.0186,0.156,1.0,48,4,Natural Fault,line_trip
0.0,297.11,144.302,1.0,6.0,0.0,0.0,0.0,6.0,0.0,0.0,1.6429,0.1484,0.0,0.0,0.0,0.0,0.0,0.0,1.0,-0.001,3.0,48,5,Natural Fault,line_trip
0.0,264.373,102.146,1.0,6.0,0.0,0.0,0.0,6.0,0.0,0.0,2.3462,0.2119,0.0,0.0,0.0,0.0,0.0,0.9851,0.0149,-0.794,1.0,49,1,Natural Fault,line_trip
0.0,263.048,102.198,1.0,6.0,0.0,0.0,0.0,6.0,0.0,0.0,2.3462,0.2119,0.0,0.0,0.0,0.0,0.0,0.9818,0.0182,0.229,1.0,49,2,Natural Fault,line_trip
0.0,262.435,102.363,1.0,6.0,0.0,0.0,0.0,6.0,0.0,0.0,2.3462,0.2119,0.0,0.0,0.0,0.0,0.0,0.9794,0.0206,0.412,1.0,49,3,Natural Fault,line_trip
0.0,261.788,102.203,1.0,6.0,0.0,0.0,0.0,6.0,0.0,0.0,2.3462,0.2119,0.0,0.0,0.0,0.0,0.0,0.9809,0.0191,0.143,1.0,49,4,Natural Fault,line_trip
0.0,261.277,102.253,1.0,6.0,0.0,0.0,0.0,6.0,0.0,0.0,2.3462,0.2119,0.0,0.0,0.0,0.0,0.0,0.0,1.0,0.006,3.0,49,5,Natural Fault,line_trip
0.0,224.137,113.351,1.0,6.0,0.0,0.0,0.0,6.0,0.0,0.0,2.2596,0.2041,0.0,0.0,0.0,0.0,0.0,0.9851,0.0149,-0.763,1.0,50,1,Natural Fault,line_trip
0.0,222.825,113.279,1.0,6.0,0.0,0.0,0.0,6.0,0.0,0.0,2.2596,0.2041,0.0,0.0,0.0,0.0,0.0,0.9819,0.0181,0.228,1.0,50,2,Natural Fault,line_trip
0.0,222.245,113.328,1.0,6.0,0.0,0.0,0.0,6.0,0.0,0.0,2.2596,0.2041,0.0,0.0,0.0,0.0,0.0,0.9817,0.0183,0.404,1.0,50,3,Natural Fault,line_trip
0.0,221.61,113.067,1.0,6.0,0.0,0.0,0.0,6.0,0.0,0.0,2.2596,0.2041,0.0,0.0,0.0,0.0,0.0,0.9811,0.0189,0.142,1.0,50,4,Natural Fault,line_trip
0.0,221.175,113.056,1.0,6.0,0.0,0.0,0.0,6.0,0.0,0.0,2.2596,0.2041,0.0,0.0,0.0,0.0,0.0,0.0,1.0,-0.007,3.0,50,5,Natural Fault,line_trip
0.0,230.935,108.786,1.0,6.0,0.0,0.0,0.0,6.0,0.0,0.0,0.4396,0.0397,0.0,0.0,0.0,0.0,0.0,0.9821,0.0179,-0.762,1.0,51,1,Natural Fault,line_trip
0.0,229.648,108.713,1.0,6.0,0.0,0.0,0.0,6.0,0.0,0.0,0.4396,0.0397,0.0,0.0,0.0,0.0,0.0,0.9819,0.0181,0.222,1.0,51,2,Natural Fault,line_trip
0.0,229.077,108.749,1.0,6.0,0.0,0.0,0.0,6.0,0.0,0.0,0.4396,0.0397,0.0,0.0,0.0,0.0,0.0,0.9809,0.0191,0.403,1.0,51,3,Natural Fault,line_trip
0.0,228.385,108.51,1.0,6.0,0.0,0.0,0.0,6.0,0.0,0.0,0.4396,0.0397,0.0,0.0,0.0,0.0,0.0,0.9806,0.0194,0.143,1.0,51,4,Natural Fault,line_trip
0.0,227.872,108.54,1.0,6.0,0.0,0.0,0.0,6.0,0.0,0.0,0.4396,0.0397,0.0,0.0,0.0,0.0,0.0,0.0,1.0,0.0,3.0,51,5,Natural Fault,line_trip
0.0,251.178,100.771,1.0,6.0,0.0,0.0,0.0,6.0,0.0,0.0,5.7547,0.5198,0.0,0.0,0.0,0.0,0.0,0.9819,0.0181,-0.763,1.0,52,1,Natural Fault,line_trip
0.0,250.032,100.56,1.0,6.0,0.0,0.0,0.0,6.0,0.0,0.0,5.7547,0.5198,0.0,0.0,0.0,0.0,0.0,0.9846,0.0154,0.217,1.0,52,2,Natural Fault,line_trip
0.0,249.4,100.384,1.0,6.0,0.0,0.0,0.0,6.0,0.0,0.0,5.7547,0.5198,0.0,0.0,0.0,0.0,0.0,0.9791,0.0209,0.4,1.0,52,3,Natural Fault,line_trip
0.0,248.91,100.392,1.0,6.0,0.0,0.0,0.0,6.0,0.0,0.0,5.7547,0.5198,0.0,0.0,0.0,0.0,0.0,0.984,0.016,0.14,1.0,52,4,Natural Fault,line_trip
0.0,248.397,100.414,1.0,6.0,0.0,0.0,0.0,6.0,0.0,0.0,5.7547,0.5198,0.0,0.0,0.0,0.0,0.0,0.0,1.0,-0.003,3.0,52,5,Natural Fault,line_trip
0.0,218.743,100.134,1.0,6.0,0.0,0.0,0.0,6.0,0.0,0.0,0.9427,0.0852,0.0,0.0,0.0,0.0,0.0,0.9818,0.0182,-0.752,1.0,53,1,Natural Fault,line_trip
0.0,217.483,99.901,1.0,6.0,0.0,0.0,0.0,6.0,0.0,0.0,0.9427,0.0852,0.0,0.0,0.0,0.0,0.0,0.9801,0.0199,0.224,1.0,53,2,Natural Fault,line_trip
0.0,216.663,99.713,1.0,6.0,0.0,0.0,0.0,6.0,0.0,0.0,0.9427,0.0852,0.0,0.0,0.0,0.0,0.0,0.9798,0.0202,0.395,1.0,53,3,Natural Fault,line_trip
0.0,216.003,99.693,1.0,6.0,0.0,0.0,0.0,6.0,0.0,0.0,0.9427,0.0852,0.0,0.0,0.0,0.0,0.0,0.9795,0.0205,0.14,1.0,53,4,Natural Fault,line_trip
0.0,215.385,99.726,1.0,6.0,0.0,0.0,0.0,6.0,0.0,0.0,0.9427,0.0852,0.0,0.0,0.0,0.0,0.0,0.0,1.0,0.0,3.0,53,5,Natural Fault,line_trip
0.0,226.2,93.309,1.0,6.0,0.0,0.0,0.0,6.0,0.0,0.0,1.6824,0.152,0.0,0.0,0.0,0.0,0.0,0.9775,0.0225,-0.937,1.0,54,1,Normal,normal
0.0,224.875,93.131,1.0,6.0,0.0,0.0,0.0,6.0,0.0,0.0,1.6824,0.152,0.0,0.0,0.0,0.0,0.0,0.9751,0.0249,0.394,1.0,54,2,Normal,normal
0.0,223.942,93.053,1.0,6.0,0.0,0.0,0.0,6.0,0.0,0.0,1.6824,0.152,0.0,0.0,0.0,0.0,0.0,0.9789,0.0211,0.402,1.0,54,3,Normal,normal
0.0,223.202,93.118,1.0,6.0,0.0,0.0,0.0,6.0,0.0,0.0,1.6824,0.152,0.0,0.0,0.0,0.0,0.0,0.9753,0.0247,0.142,1.0,54,4,Normal,normal
0.0,222.477,93.245,1.0,6.0,0.0,0.0,0.0,6.0,0.0,0.0,1.6824,0.152,0.0,0.0,0.0,0.0,0.0,0.9742,0.0258,0.184,1.0,54,5,Normal,normal
0.0,256.398,100.109,1.0,6.0,0.0,0.0,0.0,6.0,0.0,0.0,0.5398,0.0488,0.0,0.0,0.0,0.0,0.0,0.9796,0.0204,-0.942,1.0,55,1,Normal,normal
0.0,255.127,100.161,1.0,6.0,0.0,0.0,0.0,6.0,0.0,0.0,0.5398,0.0488,0.0,0.0,0.0,0.0,0.0,0.9749,0.0251,0.402,1.0,55,2,Normal,normal
0.0,254.302,100.295,1.0,6.0,0.0,0.0,0.0,6.0,0.0,0.0,0.5398,0.0488,0.0,0.0,0.0,0.0,0.0,0.9748,0.0252,0.393,1.0,55,3,Normal,normal
0.0,253.643,100.383,1.0,6.0,0.0,0.0,0.0,6.0,0.0,0.0,0.5398,0.0488,0.0,0.0,0.0,0.0,0.0,0.9784,0.0216,0.139,1.0,55,4,Normal,normal
0.0,252.973,100.505,1.0,6.0,0.0,0.0,0.0,6.0,0.0,0.0,0.5398,0.0488,0.0,0.0,0.0,0.0,0.0,0.9746,0.0254,0.185,1.0,55,5,Normal,normal
0.0,237.075,99.594,1.0,6.0,0.0,0.0,0.0,6.0,0.0,0.0,0.6737,0.0609,0.0,0.0,0.0,0.0,0.0,0.9812,0.0188,-0.949,1.0,56,1,Normal,normal
0.0,235.86,99.622,1.0,6.0,0.0,0.0,0.0,6.0,0.0,0.0,0.6737,0.0609,0.0,0.0,0.0,0.0,0.0,0.9766,0.0234,0.409,1.0,56,2,Normal,normal
0.0,235.153,99.744,1.0,6.0,0.0,0.0,0.0,6.0,0.0,0.0,0.6737,0.0609,0.0,0.0,0.0,0.0,0.0,0.9761,0.0239,0.398,1.0,56,3,Normal,normal
0.0,234.562,99.805,1.0,6.0,0.0,0.0,0.0,6.0,0.0,0.0,0.6737,0.0609,0.0,0.0,0.0,0.0,0.0,0.9765,0.0235,0.142,1.0,56,4,Normal,normal
0.0,233.903,99.873,1.0,6.0,0.0,0.0,0.0,6.0,0.0,0.0,0.6737,0.0609,0.0,0.0,0.0,0.0,0.0,0.9736,0.0264,0.179,1.0,56,5,Normal,normal
0.0,358.363,146.09,1.0,6.0,0.0,0.0,0.0,6.0,0.0,0.0,1.4785,0.1336,0.0,0.0,0.0,0.0,0.0,0.9779,0.0221,-0.962,1.0,57,1,Normal,normal
0.0,357.283,146.196,1.0,6.0,0.0,0.0,0.0,6.0,0.0,0.0,1.4785,0.1336,0.0,0.0,0.0,0.0,0.0,0.9746,0.0254,0.41,1.0,57,2,Normal,normal
0.0,356.642,146.199,1.0,6.0,0.0,0.0,0.0,6.0,0.0,0.0,1.4785,0.1336,0.0,0.0,0.0,0.0,0.0,0.9777,0.0223,0.402,1.0,57,3,Normal,normal
0.0,356.108,146.196,1.0,6.0,0.0,0.0,0.0,6.0,0.0,0.0,1.4785,0.1336,0.0,0.0,0.0,0.0,0.0,0.9787,0.0213,0.141,1.0,57,4,Normal,normal
0.0,355.492,146.289,1.0,6.0,0.0,0.0,0.0,6.0,0.0,0.0,1.4785,0.1336,0.0,0.0,0.0,0.0,0.0,0.9708,0.0292,0.172,1.0,57,5,Normal,normal
0.0,394.797,116.962,1.0,6.0,0.0,0.0,0.0,6.0,0.0,0.0,0.472,0.0426,0.0,0.0,0.0,0.0,0.0,0.9801,0.0199,-0.971,1.0,58,1,Normal,normal
0.0,393.633,117.019,1.0,6.0,0.0,0.0,0.0,6.0,0.0,0.0,0.472,0.0426,0.0,0.0,0.0,0.0,0.0,0.9734,0.0266,0.412,1.0,58,2,Normal,normal
0.0,392.902,116.936,1.0,6.0,0.0,0.0,0.0,6.0,0.0,0.0,0.472,0.0426,0.0,0.0,0.0,0.0,0.0,0.976,0.024,0.41,1.0,58,3,Normal,normal
0.0,392.31,116.849,1.0,6.0,0.0,0.0,0.0,6.0,0.0,0.0,0.472,0.0426,0.0,0.0,0.0,0.0,0.0,0.9769,0.0231,0.144,1.0,58,4,Normal,normal
0.0,391.745,116.802,1.0,6.0,0.0,0.0,0.0,6.0,0.0,0.0,0.472,0.0426,0.0,0.0,0.0,0.0,0.0,0.9727,0.0273,0.18,1.0,58,5,Normal,normal
0.0,357.455,154.233,1.0,6.0,0.0,0.0,0.0,6.0,0.0,0.0,2.55,0.2303,0.0,0.0,0.0,0.0,0.0,0.9771,0.0229,-0.979,1.0,59,1,Normal,normal
0.0,356.323,154.24,1.0,6.0,0.0,0.0,0.0,6.0,0.0,0.0,2.55,0.2303,0.0,0.0,0.0,0.0,0.0,0.9767,0.0233,0.423,1.0,59,2,Normal,normal
0.0,355.403,154.334,1.0,6.0,0.0,0.0,0.0,6.0,0.0,0.0,2.55,0.2303,0.0,0.0,0.0,0.0,0.0,0.9738,0.0262,0.418,1.0,59,3,Normal,normal
0.0,354.668,154.371,1.0,6.0,0.0,0.0,0.0,6.0,0.0,0.0,2.55,0.2303,0.0,0.0,0.0,0.0,0.0,0.9804,0.0196,0.15,1.0,59,4,Normal,normal
0.0,354.13,154.331,1.0,6.0,0.0,0.0,0.0,6.0,0.0,0.0,2.55,0.2303,0.0,0.0,0.0,0.0,0.0,0.973,0.027,0.177,1.0,59,5,Normal,normal
0.0,349.455,145.254,1.0,6.0,0.0,0.0,0.0,6.0,0.0,0.0,3.903,0.3526,0.0,0.0,0.0,0.0,0.0,0.9823,0.0177,-0.996,1.0,60,1,Normal,normal
0.0,348.322,145.242,1.0,6.0,0.0,0.0,0.0,6.0,0.0,0.0,3.903,0.3526,0.0,0.0,0.0,0.0,0.0,0.9739,0.0261,0.422,1.0,60,2,Normal,normal
0.0,347.447,145.375,1.0,6.0,0.0,0.0,0.0,6.0,0.0,0.0,3.903,0.3526,0.0,0.0,0.0,0.0,0.0,0.976,0.024,0.423,1.0,60,3,Normal,normal
0.0,346.722,145.411,1.0,6.0,0.0,0.0,0.0,6.0,0.0,0.0,3.903,0.3526,0.0,0.0,0.0,0.0,0.0,0.9754,0.0246,0.148,1.0,60,4,Normal,normal
0.0,346.195,145.381,1.0,6.0,0.0,0.0,0.0,6.0,0.0,0.0,3.903,0.3526,0.0,0.0,0.0,0.0,0.0,0.9684,0.0316,0.193,1.0,60,5,Normal,normal
0.0,467.165,275.384,1.0,6.0,0.0,0.0,0.0,6.0,0.0,0.0,1.0841,0.0979,0.0,0.0,0.0,0.0,0.0,0.9774,0.0226,-1.0,1.0,61,1,Normal,normal
0.0,465.928,275.175,1.0,6.0,0.0,0.0,0.0,6.0,0.0,0.0,1.0841,0.0979,0.0,0.0,0.0,0.0,0.0,0.9753,0.0247,0.427,1.0,61,2,Normal,normal
0.0,464.798,274.991,1.0,6.0,0.0,0.0,0.0,6.0,0.0,0.0,1.0841,0.0979,0.0,0.0,0.0,0.0,0.0,0.9745,0.0255,0.424,1.0,61,3,Normal,normal
0.0,464.043,274.952,1.0,6.0,0.0,0.0,0.0,6.0,0.0,0.0,1.0841,0.0979,0.0,0.0,0.0,0.0,0.0,0.9792,0.0208,0.154,1.0,61,4,Normal,normal
0.0,463.462,274.849,1.0,6.0,0.0,0.0,0.0,6.0,0.0,0.0,1.0841,0.0979,0.0,0.0,0.0,0.0,0.0,0.9735,0.0265,0.191,1.0,61,5,Normal,normal
0.0,449.073,292.001,1.0,6.0,0.0,0.0,0.0,6.0,0.0,0.0,2.1462,0.1939,0.0,0.0,0.0,0.0,0.0,0.9802,0.0198,-1.006,1.0,62,1,Normal,normal
0.0,447.828,291.8,1.0,6.0,0.0,0.0,0.0,6.0,0.0,0.0,2.1462,0.1939,0.0,0.0,0.0,0.0,0.0,0.9709,0.0291,0.427,1.0,62,2,Normal,normal
0.0,446.76,291.574,1.0,6.0,0.0,0.0,0.0,6.0,0.0,0.0,2.1462,0.1939,0.0,0.0,0.0,0.0,0.0,0.9734,0.0266,0.43,1.0,62,3,Normal,normal
0.0,446.027,291.513,1.0,6.0,0.0,0.0,0.0,6.0,0.0,0.0,2.1462,0.1939,0.0,0.0,0.0,0.0,0.0,0.9765,0.0235,0.149,1.0,62,4,Normal,normal
0.0,445.39,291.446,1.0,6.0,0.0,0.0,0.0,6.0,0.0,0.0,2.1462,0.1939,0.0,0.0,0.0,0.0,0.0,0.9742,0.0258,0.185,1.0,62,5,Normal,normal
0.0,476.643,265.817,1.0,6.0,0.0,0.0,0.0,6.0,0.0,0.0,4.1874,0.3782,0.0,0.0,0.0,0.0,0.0,0.9744,0.0256,-1.012,1.0,63,1,Normal,normal
0.0,475.232,265.776,1.0,6.0,0.0,0.0,0.0,6.0,0.0,0.0,4.1874,0.3782,0.0,0.0,0.0,0.0,0.0,0.9783,0.0217,0.429,1.0,63,2,Normal,normal
0.0,474.057,265.654,1.0,6.0,0.0,0.0,0.0,6.0,0.0,0.0,4.1874,0.3782,0.0,0.0,0.0,0.0,0.0,0.9774,0.0226,0.439,1.0,63,3,Normal,normal
0.0,473.135,265.76,1.0,6.0,0.0,0.0,0.0,6.0,0.0,0.0,4.1874,0.3782,0.0,0.0,0.0,0.0,0.0,0.9779,0.0221,0.159,1.0,63,4,Normal,normal
0.0,472.347,265.824,1.0,6.0,0.0,0.0,0.0,6.0,0.0,0.0,4.1874,0.3782,0.0,0.0,0.0,0.0,0.0,0.9732,0.0268,0.187,1.0,63,5,Normal,normal
0.0,428.285,236.172,1.0,6.0,0.0,0.0,0.0,6.0,0.0,0.0,1.2637,0.1142,0.0,0.0,0.0,0.0,0.0,0.9774,0.0226,-1.02,1.0,64,1,Normal,normal
0.0,426.618,235.922,1.0,6.0,0.0,0.0,0.0,6.0,0.0,0.0,1.2637,0.1142,0.0,0.0,0.0,0.0,0.0,0.9745,0.0255,0.436,1.0,64,2,Normal,normal
0.0,425.418,235.943,1.0,6.0,0.0,0.0,0.0,6.0,0.0,0.0,1.2637,0.1142,0.0,0.0,0.0,0.0,0.0,0.9772,0.0228,0.427,1.0,64,3,Normal,normal
0.0,424.383,236.033,1.0,6.0,0.0,0.0,0.0,6.0,0.0,0.0,1.2637,0.1142,0.0,0.0,0.0,0.0,0.0,0.974,0.026,0.148,1.0,64,4,Normal,normal
0.0,423.443,236.036,1.0,6.0,0.0,0.0,0.0,6.0,0.0,0.0,1.2637,0.1142,0.0,0.0,0.0,0.0,0.0,0.9713,0.0287,0.196,1.0,64,5,Normal,normal
0.0,318.162,140.77,1.0,6.0,0.0,0.0,0.0,6.0,0.0,0.0,5.0901,0.4598,0.0,0.0,0.0,0.0,0.0,0.977,0.023,-1.027,1.0,65,1,Normal,normal
0.0,316.618,140.615,1.0,6.0,0.0,0.0,0.0,6.0,0.0,0.0,5.0901,0.4598,0.0,0.0,0.0,0.0,0.0,0.9739,0.0261,0.433,1.0,65,2,Normal,normal
0.0,315.428,140.517,1.0,6.0,0.0,0.0,0.0,6.0,0.0,0.0,5.0901,0.4598,0.0,0.0,0.0,0.0,0.0,0.9684,0.0316,0.434,1.0,65,3,Normal,normal
0.0,314.367,140.497,1.0,6.0,0.0,0.0,0.0,6.0,0.0,0.0,5.0901,0.4598,0.0,0.0,0.0,0.0,0.0,0.9786,0.0214,0.154,1.0,65,4,Normal,normal
0.0,313.433,140.308,1.0,6.0,0.0,0.0,0.0,6.0,0.0,0.0,5.0901,0.4598,0.0,0.0,0.0,0.0,0.0,0.9723,0.0277,0.187,1.0,65,5,Normal,normal
0.0,424.838,137.968,1.0,6.0,0.0,0.0,0.0,6.0,0.0,0.0,0.5244,0.0474,0.0,0.0,0.0,0.0,0.0,0.9789,0.0211,-1.027,1.0,66,1,Normal,normal
0.0,423.372,137.984,1.0,6.0,0.0,0.0,0.0,6.0,0.0,0.0,0.5244,0.0474,0.0,0.0,0.0,0.0,0.0,0.9729,0.0271,0.439,1.0,66,2,Normal,normal
0.0,422.317,138.042,1.0,6.0,0.0,0.0,0.0,6.0,0.0,0.0,0.5244,0.0474,0.0,0.0,0.0,0.0,0.0,0.9729,0.0271,0.44,1.0,66,3,Normal,normal
0.0,421.313,138.199,1.0,6.0,0.0,0.0,0.0,6.0,0.0,0.0,0.5244,0.0474,0.0,0.0,0.0,0.0,0.0,0.9757,0.0243,0.151,1.0,66,4,Normal,normal
0.0,420.398,138.197,1.0,6.0,0.0,0.0,0.0,6.0,0.0,0.0,0.5244,0.0474,0.0,0.0,0.0,0.0,0.0,0.9711,0.0289,0.185,1.0,66,5,Normal,normal
0.0,480.093,140.236,1.0,6.0,0.0,0.0,0.0,6.0,0.0,0.0,1.6079,0.1452,0.0,0.0,0.0,0.0,0.0,0.9756,0.0244,-1.036,1.0,67,1,Normal,normal
0.0,478.615,140.182,1.0,6.0,0.0,0.0,0.0,6.0,0.0,0.0,1.6079,0.1452,0.0,0.0,0.0,0.0,0.0,0.975,0.025,0.434,1.0,67,2,Normal,normal
0.0,477.288,140.083,1.0,6.0,0.0,0.0,0.0,6.0,0.0,0.0,1.6079,0.1452,0.0,0.0,0.0,0.0,0.0,0.9748,0.0252,0.44,1.0,67,3,Normal,normal
0.0,476.308,140.074,1.0,6.0,0.0,0.0,0.0,6.0,0.0,0.0,1.6079,0.1452,0.0,0.0,0.0,0.0,0.0,0.9744,0.0256,0.154,1.0,67,4,Normal,normal
0.0,475.332,139.939,1.0,6.0,0.0,0.0,0.0,6.0,0.0,0.0,1.6079,0.1452,0.0,0.0,0.0,0.0,0.0,0.969,0.031,0.18,1.0,67,5,Normal,normal
0.0,431.173,194.595,1.0,6.0,0.0,0.0,0.0,6.0,0.0,0.0,1.3075,0.1181,0.0,0.0,0.0,0.0,0.0,0.9776,0.0224,-1.039,1.0,68,1,Normal,normal
0.0,429.758,194.404,1.0,6.0,0.0,0.0,0.0,6.0,0.0,0.0,1.3075,0.1181,0.0,0.0,0.0,0.0,0.0,0.9694,0.0306,0.444,1.0,68,2,Normal,normal
0.0,428.565,194.096,1.0,6.0,0.0,0.0,0.0,6.0,0.0,0.0,1.3075,0.1181,0.0,0.0,0.0,0.0,0.0,0.9734,0.0266,0.453,1.0,68,3,Normal,normal
0.0,427.72,193.892,1.0,6.0,0.0,0.0,0.0,6.0,0.0,0.0,1.3075,0.1181,0.0,0.0,0.0,0.0,0.0,0.9735,0.0265,0.156,1.0,68,4,Normal,normal
0.0,426.75,193.71,1.0,6.0,0.0,0.0,0.0,6.0,0.0,0.0,1.3075,0.1181,0.0,0.0,0.0,0.0,0.0,0.9712,0.0288,0.187,1.0,68,5,Normal,normal
0.0,371.585,205.863,1.0,6.0,0.0,0.0,0.0,6.0,0.0,0.0,2.4801,0.224,0.0,0.0,0.0,0.0,0.0,0.9809,0.0191,-1.05,1.0,69,1,Normal,normal
0.0,370.202,205.644,1.0,6.0,0.0,0.0,0.0,6.0,0.0,0.0,2.4801,0.224,0.0,0.0,0.0,0.0,0.0,0.9752,0.0248,0.443,1.0,69,2,Normal,normal
0.0,369.015,205.299,1.0,6.0,0.0,0.0,0.0,6.0,0.0,0.0,2.4801,0.224,0.0,0.0,0.0,0.0,0.0,0.9715,0.0285,0.445,1.0,69,3,Normal,normal
0.0,368.158,205.18,1.0,6.0,0.0,0.0,0.0,6.0,0.0,0.0,2.4801,0.224,0.0,0.0,0.0,0.0,0.0,0.9767,0.0233,0.164,1.0,69,4,Normal,normal
0.0,367.145,205.001,1.0,6.0,0.0,0.0,0.0,6.0,0.0,0.0,2.4801,0.224,0.0,0.0,0.0,0.0,0.0,0.9719,0.0281,0.196,1.0,69,5,Normal,normal
0.0,386.883,241.889,1.0,6.0,0.0,0.0,0.0,6.0,0.0,0.0,2.6633,0.2406,0.0,0.0,0.0,0.0,0.0,0.976,0.024,-1.049,1.0,70,1,Normal,normal
0.0,385.397,241.662,1.0,6.0,0.0,0.0,0.0,6.0,0.0,0.0,2.6633,0.2406,0.0,0.0,0.0,0.0,0.0,0.9725,0.0275,0.451,1.0,70,2,Normal,normal
0.0,384.012,241.304,1.0,6.0,0.0,0.0,0.0,6.0,0.0,0.0,2.6633,0.2406,0.0,0.0,0.0,0.0,0.0,0.9757,0.0243,0.45,1.0,70,3,Normal,normal
0.0,382.97,241.133,1.0,6.0,0.0,0.0,0.0,6.0,0.0,0.0,2.6633,0.2406,0.0,0.0,0.0,0.0,0.0,0.9704,0.0296,0.158,1.0,70,4,Normal,normal
0.0,381.895,241.006,1.0,6.0,0.0,0.0,0.0,6.0,0.0,0.0,2.6633,0.2406,0.0,0.0,0.0,0.0,0.0,0.9706,0.0294,0.192,1.0,70,5,Normal,normal
0.0,315.292,254.137,1.0,6.0,0.0,0.0,0.0,6.0,0.0,0.0,1.639,0.1481,0.0,0.0,0.0,0.0,0.0,0.977,0.023,-1.068,1.0,71,1,Normal,normal
0.0,314.04,253.912,1.0,6.0,0.0,0.0,0.0,6.0,0.0,0.0,1.639,0.1481,0.0,0.0,0.0,0.0,0.0,0.9709,0.0291,0.452,1.0,71,2,Normal,normal
0.0,313.083,253.639,1.0,6.0,0.0,0.0,0.0,6.0,0.0,0.0,1.639,0.1481,0.0,0.0,0.0,0.0,0.0,0.9726,0.0274,0.453,1.0,71,3,Normal,normal
0.0,312.202,253.432,1.0,6.0,0.0,0.0,0.0,6.0,0.0,0.0,1.639,0.1481,0.0,0.0,0.0,0.0,0.0,0.9761,0.0239,0.157,1.0,71,4,Normal,normal
0.0,311.407,253.337,1.0,6.0,0.0,0.0,0.0,6.0,0.0,0.0,1.639,0.1481,0.0,0.0,0.0,0.0,0.0,0.9741,0.0259,0.194,1.0,71,5,Normal,normal
0.0,320.547,250.299,1.0,6.0,0.0,0.0,0.0,6.0,0.0,0.0,0.6327,0.0572,0.0,0.0,0.0,0.0,0.0,0.9777,0.0223,-1.082,1.0,72,1,Normal,normal
0.0,319.297,250.078,1.0,6.0,0.0,0.0,0.0,6.0,0.0,0.0,0.6327,0.0572,0.0,0.0,0.0,0.0,0.0,0.9721,0.0279,0.459,1.0,72,2,Normal,normal
0.0,318.287,249.851,1.0,6.0,0.0,0.0,0.0,6.0,0.0,0.0,0.6327,0.0572,0.0,0.0,0.0,0.0,0.0,0.9718,0.0282,0.46,1.0,72,3,Normal,normal
0.0,317.303,249.723,1.0,6.0,0.0,0.0,0.0,6.0,0.0,0.0,0.6327,0.0572,0.0,0.0,0.0,0.0,0.0,0.9754,0.0246,0.167,1.0,72,4,Normal,normal
0.0,316.5,249.641,1.0,6.0,0.0,0.0,0.0,6.0,0.0,0.0,0.6327,0.0572,0.0,0.0,0.0,0.0,0.0,0.9719,0.0281,0.199,1.0,72,5,Normal,normal
0.0,309.562,160.918,1.0,6.0,0.0,0.0,0.0,6.0,0.0,0.0,0.9354,0.0845,0.0,0.0,0.0,0.0,0.0,0.9765,0.0235,-1.083,1.0,73,1,Normal,normal
0.0,308.288,160.643,1.0,6.0,0.0,0.0,0.0,6.0,0.0,0.0,0.9354,0.0845,0.0,0.0,0.0,0.0,0.0,0.9704,0.0296,0.462,1.0,73,2,Normal,normal
0.0,307.342,160.382,1.0,6.0,0.0,0.0,0.0,6.0,0.0,0.0,0.9354,0.0845,0.0,0.0,0.0,0.0,0.0,0.974,0.026,0.455,1.0,73,3,Normal,normal
0.0,306.497,160.251,1.0,6.0,0.0,0.0,0.0,6.0,0.0,0.0,0.9354,0.0845,0.0,0.0,0.0,0.0,0.0,0.9715,0.0285,0.17,1.0,73,4,Normal,normal
0.0,305.852,160.19,1.0,6.0,0.0,0.0,0.0,6.0,0.0,0.0,0.9354,0.0845,0.0,0.0,0.0,0.0,0.0,0.9693,0.0307,0.202,1.0,73,5,Normal,normal
0.0,257.495,152.492,1.0,6.0,0.0,0.0,0.0,6.0,0.0,0.0,1.0662,0.0963,0.0,0.0,0.0,0.0,0.0,0.9784,0.0216,-1.11,1.0,74,1,Normal,normal
0.0,256.287,152.323,1.0,6.0,0.0,0.0,0.0,6.0,0.0,0.0,1.0662,0.0963,0.0,0.0,0.0,0.0,0.0,0.9719,0.0281,0.473,1.0,74,2,Normal,normal
0.0,255.603,152.215,1.0,6.0,0.0,0.0,0.0,6.0,0.0,0.0,1.0662,0.0963,0.0,0.0,0.0,0.0,0.0,0.9713,0.0287,0.469,1.0,74,3,Normal,normal
0.0,254.925,152.241,1.0,6.0,0.0,0.0,0.0,6.0,0.0,0.0,1.0662,0.0963,0.0,0.0,0.0,0.0,0.0,0.9727,0.0273,0.17,1.0,74,4,Normal,normal
0.0,254.328,152.327,1.0,6.0,0.0,0.0,0.0,6.0,0.0,0.0,1.0662,0.0963,0.0,0.0,0.0,0.0,0.0,0.9688,0.0312,0.214,1.0,74,5,Normal,normal
0.0,261.315,149.291,1.0,6.0,0.0,0.0,0.0,6.0,0.0,0.0,1.6592,0.1499,0.0,0.0,0.0,0.0,0.0,0.9751,0.0249,-1.14,1.0,75,1,Normal,normal
0.0,260.152,149.084,1.0,6.0,0.0,0.0,0.0,6.0,0.0,0.0,1.6592,0.1499,0.0,0.0,0.0,0.0,0.0,0.9698,0.0302,0.485,1.0,75,2,Normal,normal
0.0,259.56,148.894,1.0,6.0,0.0,0.0,0.0,6.0,0.0,0.0,1.6592,0.1499,0.0,0.0,0.0,0.0,0.0,0.9714,0.0286,0.482,1.0,75,3,Normal,normal
0.0,258.985,148.835,1.0,6.0,0.0,0.0,0.0,6.0,0.0,0.0,1.6592,0.1499,0.0,0.0,0.0,0.0,0.0,0.9706,0.0294,0.179,1.0,75,4,Normal,normal
0.0,258.532,148.801,1.0,6.0,0.0,0.0,0.0,6.0,0.0,0.0,1.6592,0.1499,0.0,0.0,0.0,0.0,0.0,0.9716,0.0284,0.213,1.0,75,5,Normal,normal
0.0,394.908,248.316,1.0,6.0,0.0,0.0,0.0,6.0,0.0,0.0,3.0447,0.275,0.0,0.0,0.0,0.0,0.0,0.971,0.029,-1.17,1.0,76,1,Normal,normal
0.0,393.517,247.968,1.0,6.0,0.0,0.0,0.0,6.0,0.0,0.0,3.0447,0.275,0.0,0.0,0.0,0.0,0.0,0.9696,0.0304,0.495,1.0,76,2,Normal,normal
0.0,392.755,247.571,1.0,6.0,0.0,0.0,0.0,6.0,0.0,0.0,3.0447,0.275,0.0,0.0,0.0,0.0,0.0,0.9723,0.0277,0.491,1.0,76,3,Normal,normal
0.0,392.237,247.468,1.0,6.0,0.0,0.0,0.0,6.0,0.0,0.0,3.0447,0.275,0.0,0.0,0.0,0.0,0.0,0.975,0.025,0.181,1.0,76,4,Normal,normal
0.0,391.613,247.218,1.0,6.0,0.0,0.0,0.0,6.0,0.0,0.0,3.0447,0.275,0.0,0.0,0.0,0.0,0.0,0.9655,0.0345,0.208,1.0,76,5,Normal,normal
0.0,335.037,263.721,1.0,6.0,0.0,0.0,0.0,6.0,0.0,0.0,0.9678,0.0874,0.0,0.0,0.0,0.0,0.0,0.9737,0.0263,-1.204,1.0,77,1,Normal,normal
0.0,333.512,263.484,1.0,6.0,0.0,0.0,0.0,6.0,0.0,0.0,0.9678,0.0874,0.0,0.0,0.0,0.0,0.0,0.9657,0.0343,0.51,1.0,77,2,Normal,normal
0.0,332.605,263.236,1.0,6.0,0.0,0.0,0.0,6.0,0.0,0.0,0.9678,0.0874,0.0,0.0,0.0,0.0,0.0,0.969,0.031,0.509,1.0,77,3,Normal,normal
0.0,332.142,263.111,1.0,6.0,0.0,0.0,0.0,6.0,0.0,0.0,0.9678,0.0874,0.0,0.0,0.0,0.0,0.0,0.9697,0.0303,0.183,1.0,77,4,Normal,normal
0.0,331.588,262.799,1.0,6.0,0.0,0.0,0.0,6.0,0.0,0.0,0.9678,0.0874,0.0,0.0,0.0,0.0,0.0,0.9641,0.0359,0.229,1.0,77,5,Normal,normal
0.0,353.752,251.156,1.0,6.0,0.0,0.0,0.0,6.0,0.0,0.0,2.9072,0.2626,0.0,0.0,0.0,0.0,0.0,0.9686,0.0314,-1.24,1.0,78,1,Normal,normal
0.0,352.082,251.025,1.0,6.0,0.0,0.0,0.0,6.0,0.0,0.0,2.9072,0.2626,0.0,0.0,0.0,0.0,0.0,0.9689,0.0311,0.533,1.0,78,2,Normal,normal
0.0,350.95,250.919,1.0,6.0,0.0,0.0,0.0,6.0,0.0,0.0,2.9072,0.2626,0.0,0.0,0.0,0.0,0.0,0.9675,0.0325,0.523,1.0,78,3,Normal,normal
0.0,350.393,250.849,1.0,6.0,0.0,0.0,0.0,6.0,0.0,0.0,2.9072,0.2626,0.0,0.0,0.0,0.0,0.0,0.9691,0.0309,0.193,1.0,78,4,Normal,normal
0.0,349.697,250.606,1.0,6.0,0.0,0.0,0.0,6.0,0.0,0.0,2.9072,0.2626,0.0,0.0,0.0,0.0,0.0,0.9677,0.0323,0.229,1.0,78,5,Normal,normal
0.0,416.497,234.563,1.0,6.0,0.0,0.0,0.0,6.0,52.0061,0.0,3247.1909,293.3193,1.0,9.0965,0.0,1.0,1.0,0.9682,0.0318,-1.271,1.0,79,1,Normal,normal
0.0,414.712,234.518,1.0,6.0,0.0,0.0,0.0,6.0,52.0061,0.0,3247.1909,293.3193,1.0,11.3463,0.0,1.0,1.0,0.9694,0.0306,0.533,1.0,79,2,Normal,normal
0.0,413.453,234.484,1.0,6.0,0.0,0.0,0.0,6.0,52.0061,0.0,3247.1909,293.3193,1.0,10.2351,0.0,1.0,1.0,0.9676,0.0324,0.538,1.0,79,3,Normal,normal
0.0,412.772,234.396,1.0,6.0,0.0,0.0,0.0,6.0,52.0061,1.0,3247.1909,293.3193,1.0,52.0061,0.0,1.0,1.0,0.7823,0.2177,0.191,1.0,79,4,Cyber Intrusion,data_injection
0.0,411.902,234.157,1.0,6.0,0.0,0.0,0.0,6.0,52.0061,0.0,3247.1909,293.3193,1.0,10.6357,0.0,1.0,1.0,0.9653,0.0347,0.236,1.0,79,5,Normal,normal
0.0,310.678,202.565,1.0,6.0,0.0,0.0,0.0,6.0,51.3296,0.0,3166.3358,286.0156,1.0,9.7084,0.0,1.0,1.0,0.9681,0.0319,-1.314,1.0,80,1,Normal,normal
0.0,309.192,202.701,1.0,6.0,0.0,0.0,0.0,6.0,51.3296,0.0,3166.3358,286.0156,1.0,12.0563,0.0,1.0,1.0,0.9693,0.0307,0.56,1.0,80,2,Normal,normal
0.0,308.252,202.784,1.0,6.0,0.0,0.0,0.0,6.0,51.3296,0.0,3166.3358,286.0156,1.0,9.3297,0.0,1.0,1.0,0.9628,0.0372,0.555,1.0,80,3,Normal,normal
0.0,307.648,202.726,1.0,6.0,0.0,0.0,0.0,6.0,51.3296,1.0,3166.3358,286.0156,1.0,51.3296,0.0,1.0,1.0,0.7823,0.2177,0.199,1.0,80,4,Cyber Intrusion,data_injection
0.0,306.918,202.656,1.0,6.0,0.0,0.0,0.0,6.0,51.3296,0.0,3166.3358,286.0156,1.0,9.2712,0.0,1.0,1.0,0.9589,0.0411,0.247,1.0,80,5,Normal,normal
0.0,315.74,197.979,1.0,6.0,0.0,0.0,0.0,6.0,51.225,0.0,3150.0034,284.5403,1.0,10.8945,0.0,1.0,1.0,0.9715,0.0285,-1.362,1.0,81,1,Normal,normal
0.0,314.417,197.972,1.0,6.0,0.0,0.0,0.0,6.0,51.225,0.0,3150.0034,284.5403,1.0,9.9718,0.0,1.0,1.0,0.9627,0.0373,0.579,1.0,81,2,Normal,normal
0.0,313.475,198.061,1.0,6.0,0.0,0.0,0.0,6.0,51.225,0.0,3150.0034,284.5403,1.0,10.6417,0.0,1.0,1.0,0.9664,0.0336,0.576,1.0,81,3,Normal,normal
0.0,312.787,198.084,1.0,6.0,0.0,0.0,0.0,6.0,51.225,1.0,3150.0034,284.5403,1.0,51.225,0.0,1.0,1.0,0.7823,0.2177,0.212,1.0,81,4,Cyber Intrusion,data_injection
0.0,312.043,198.034,1.0,6.0,0.0,0.0,0.0,6.0,51.225,0.0,3150.0034,284.5403,1.0,9.0829,0.0,1.0,1.0,0.9579,0.0421,0.258,1.0,81,5,Normal,normal
0.0,358.548,214.904,1.0,6.0,0.0,0.0,0.0,6.0,50.8376,0.0,3102.1937,280.2216,1.0,9.9275,0.0,1.0,1.0,0.9675,0.0325,-1.389,1.0,82,1,Normal,normal
0.0,357.458,215.026,1.0,6.0,0.0,0.0,0.0,6.0,50.8376,0.0,3102.1937,280.2216,1.0,9.0131,0.0,1.0,1.0,0.9585,0.0415,0.601,1.0,82,2,Normal,normal
0.0,356.817,215.205,1.0,6.0,0.0,0.0,0.0,6.0,50.8376,0.0,3102.1937,280.2216,1.0,10.5359,0.0,1.0,1.0,0.9649,0.0351,0.587,1.0,82,3,Normal,normal
0.0,356.29,215.358,1.0,6.0,0.0,0.0,0.0,6.0,50.8376,1.0,3102.1937,280.2216,1.0,50.8376,0.0,1.0,1.0,0.7823,0.2177,0.214,1.0,82,4,Cyber Intrusion,data_injection
0.0,355.778,215.379,1.0,6.0,0.0,0.0,0.0,6.0,50.8376,0.0,3102.1937,280.2216,1.0,10.5344,0.0,1.0,1.0,0.9609,0.0391,0.257,1.0,82,5,Normal,normal
0.0,298.75,196.747,1.0,6.0,0.0,0.0,0.0,6.0,51.1226,0.0,3135.1926,283.2024,1.0,10.2496,0.0,1.0,1.0,0.9694,0.0306,-1.428,1.0,83,1,Normal,normal
0.0,297.608,196.806,1.0,6.0,0.0,0.0,0.0,6.0,51.1226,0.0,3135.1926,283.2024,1.0,10.2294,0.0,1.0,1.0,0.963,0.037,0.61,1.0,83,2,Normal,normal
0.0,297.353,196.772,1.0,6.0,0.0,0.0,0.0,6.0,51.1226,0.0,3135.1926,283.2024,1.0,10.0138,0.0,1.0,1.0,0.9641,0.0359,0.61,1.0,83,3,Normal,normal
0.0,296.72,196.926,1.0,6.0,0.0,0.0,0.0,6.0,51.1226,1.0,3135.1926,283.2024,1.0,51.1226,0.0,1.0,1.0,0.7823,0.2177,0.221,1.0,83,4,Cyber Intrusion,data_injection
0.0,296.195,196.963,1.0,6.0,0.0,0.0,0.0,6.0,51.1226,0.0,3135.1926,283.2024,1.0,10.4686,0.0,1.0,1.0,0.9615,0.0385,0.266,1.0,83,5,Normal,normal
0.0,511.712,279.739,1.0,6.0,0.0,0.0,0.0,6.0,0.0,0.0,1.9505,0.1762,0.0,0.0,0.0,0.0,0.0,0.9648,0.0352,-1.47,1.0,84,1,Normal,normal
0.0,510.742,279.84,1.0,6.0,0.0,0.0,0.0,6.0,0.0,0.0,1.9505,0.1762,0.0,0.0,0.0,0.0,0.0,0.9598,0.0402,0.617,1.0,84,2,Normal,normal
0.0,510.458,279.473,1.0,6.0,0.0,0.0,0.0,6.0,0.0,0.0,1.9505,0.1762,0.0,0.0,0.0,0.0,0.0,0.9596,0.0404,0.624,1.0,84,3,Normal,normal
0.0,509.765,279.53,1.0,6.0,0.0,0.0,0.0,6.0,0.0,0.0,1.9505,0.1762,0.0,0.0,0.0,0.0,0.0,0.9665,0.0335,0.219,1.0,84,4,Cyber Intrusion,data_injection
0.0,509.193,279.443,1.0,6.0,0.0,0.0,0.0,6.0,0.0,0.0,1.9505,0.1762,0.0,0.0,0.0,0.0,0.0,0.9585,0.0415,0.281,1.0,84,5,Normal,normal
0.0,594.202,218.704,1.0,6.0,0.0,0.0,0.0,6.0,0.0,0.0,1.3665,0.1234,0.0,0.0,0.0,0.0,0.0,0.9667,0.0333,-1.494,1.0,85,1,Normal,normal
0.0,593.157,218.888,1.0,6.0,0.0,0.0,0.0,6.0,0.0,0.0,1.3665,0.1234,0.0,0.0,0.0,0.0,0.0,0.9579,0.0421,0.635,1.0,85,2,Normal,normal
0.0,592.857,218.236,1.0,6.0,0.0,0.0,0.0,6.0,0.0,0.0,1.3665,0.1234,0.0,0.0,0.0,0.0,0.0,0.9637,0.0363,0.643,1.0,85,3,Normal,normal
0.0,592.118,218.335,1.0,6.0,0.0,0.0,0.0,6.0,0.0,0.0,1.3665,0.1234,0.0,0.0,0.0,0.0,0.0,0.9623,0.0377,0.227,1.0,85,4,Cyber Intrusion,data_injection
0.0,591.35,218.339,1.0,6.0,0.0,0.0,0.0,6.0,0.0,0.0,1.3665,0.1234,0.0,0.0,0.0,0.0,0.0,0.9561,0.0439,0.276,1.0,85,5,Normal,normal
0.0,513.73,254.881,1.0,6.0,0.0,0.0,0.0,6.0,0.0,0.0,0.374,0.0338,0.0,0.0,0.0,0.0,0.0,0.966,0.034,-1.522,1.0,86,1,Normal,normal
0.0,512.677,255.034,1.0,6.0,0.0,0.0,0.0,6.0,0.0,0.0,0.374,0.0338,0.0,0.0,0.0,0.0,0.0,0.9586,0.0414,0.648,1.0,86,2,Normal,normal
0.0,512.327,254.555,1.0,6.0,0.0,0.0,0.0,6.0,0.0,0.0,0.374,0.0338,0.0,0.0,0.0,0.0,0.0,0.9613,0.0387,0.643,1.0,86,3,Normal,normal
0.0,511.468,254.646,1.0,6.0,0.0,0.0,0.0,6.0,0.0,0.0,0.374,0.0338,0.0,0.0,0.0,0.0,0.0,0.9622,0.0378,0.237,1.0,86,4,Cyber Intrusion,data_injection
0.0,510.64,254.63,1.0,6.0,0.0,0.0,0.0,6.0,0.0,0.0,0.374,0.0338,0.0,0.0,0.0,0.0,0.0,0.9585,0.0415,0.288,1.0,86,5,Normal,normal
0.0,574.588,195.864,1.0,6.0,0.0,0.0,0.0,6.0,0.0,0.0,1.2443,0.1124,0.0,0.0,0.0,0.0,0.0,0.964,0.036,-1.54,1.0,87,1,Normal,normal
0.0,573.285,195.653,1.0,6.0,0.0,0.0,0.0,6.0,0.0,0.0,1.2443,0.1124,0.0,0.0,0.0,0.0,0.0,0.9589,0.0411,0.658,1.0,87,2,Normal,normal
0.0,573.587,196.127,1.0,6.0,0.0,0.0,0.0,6.0,0.0,0.0,1.2443,0.1124,0.0,0.0,0.0,0.0,0.0,0.9622,0.0378,0.654,1.0,87,3,Normal,normal
0.0,572.632,196.066,1.0,6.0,0.0,0.0,0.0,6.0,0.0,0.0,1.2443,0.1124,0.0,0.0,0.0,0.0,0.0,0.9598,0.0402,0.229,1.0,87,4,Cyber Intrusion,data_injection
0.0,571.765,196.102,1.0,6.0,0.0,0.0,0.0,6.0,0.0,0.0,1.2443,0.1124,0.0,0.0,0.0,0.0,0.0,0.9567,0.0433,0.284,1.0,87,5,Normal,normal
0.0,508.788,197.833,1.0,6.0,0.0,0.0,0.0,6.0,0.0,0.0,1.2646,0.1142,0.0,0.0,0.0,0.0,0.0,0.967,0.033,-1.558,1.0,88,1,Normal,normal
0.0,507.475,197.658,1.0,6.0,0.0,0.0,0.0,6.0,0.0,0.0,1.2646,0.1142,0.0,0.0,0.0,0.0,0.0,0.9562,0.0438,0.662,1.0,88,2,Normal,normal
0.0,507.798,198.657,1.0,6.0,0.0,0.0,0.0,6.0,0.0,0.0,1.2646,0.1142,0.0,0.0,0.0,0.0,0.0,0.9611,0.0389,0.655,1.0,88,3,Normal,normal
0.0,506.788,198.625,1.0,6.0,0.0,0.0,0.0,6.0,0.0,0.0,1.2646,0.1142,0.0,0.0,0.0,0.0,0.0,0.9618,0.0382,0.232,1.0,88,4,Normal,normal
0.0,506.085,198.634,1.0,6.0,0.0,0.0,0.0,6.0,0.0,0.0,1.2646,0.1142,0.0,0.0,0.0,0.0,0.0,0.9546,0.0454,0.288,1.0,88,5,Normal,normal
0.0,455.992,237.887,1.0,6.0,0.0,0.0,0.0,6.0,0.0,0.0,2.0353,0.1838,0.0,0.0,0.0,0.0,0.0,0.9658,0.0342,-1.561,1.0,89,1,Normal,normal
0.0,454.405,238.011,1.0,6.0,0.0,0.0,0.0,6.0,0.0,0.0,2.0353,0.1838,0.0,0.0,0.0,0.0,0.0,0.958,0.042,0.668,1.0,89,2,Normal,normal
0.0,454.64,239.195,1.0,6.0,0.0,0.0,0.0,6.0,0.0,0.0,2.0353,0.1838,0.0,0.0,0.0,0.0,0.0,0.9568,0.0432,0.661,1.0,89,3,Normal,normal
0.0,453.505,239.214,1.0,6.0,0.0,0.0,0.0,6.0,0.0,0.0,2.0353,0.1838,0.0,0.0,0.0,0.0,0.0,0.9619,0.0381,0.238,1.0,89,4,Normal,normal
0.0,452.772,239.252,1.0,6.0,0.0,0.0,0.0,6.0,0.0,0.0,2.0353,0.1838,0.0,0.0,0.0,0.0,0.0,0.9584,0.0416,0.284,1.0,89,5,Normal,normal
0.0,371.407,234.154,1.0,6.0,0.0,0.0,0.0,6.0,0.0,0.0,2.4081,0.2175,0.0,0.0,0.0,0.0,0.0,0.967,0.033,-1.55,1.0,90,1,Normal,normal
0.0,369.643,234.209,1.0,6.0,0.0,0.0,0.0,6.0,0.0,0.0,2.4081,0.2175,0.0,0.0,0.0,0.0,0.0,0.9563,0.0437,0.655,1.0,90,2,Normal,normal
0.0,368.59,234.102,1.0,6.0,0.0,0.0,0.0,6.0,0.0,0.0,2.4081,0.2175,0.0,0.0,0.0,0.0,0.0,0.9608,0.0392,0.663,1.0,90,3,Normal,normal
0.0,367.525,234.031,1.0,6.0,0.0,0.0,0.0,6.0,0.0,0.0,2.4081,0.2175,0.0,0.0,0.0,0.0,0.0,0.961,0.039,0.237,1.0,90,4,Normal,normal
0.0,366.832,234.104,1.0,6.0,0.0,0.0,0.0,6.0,0.0,0.0,2.4081,0.2175,0.0,0.0,0.0,0.0,0.0,0.9598,0.0402,0.283,1.0,90,5,Normal,normal
0.0,383.77,220.247,1.0,6.0,0.0,0.0,0.0,6.0,0.0,0.0,4.9782,0.4497,0.0,0.0,0.0,0.0,0.0,0.9689,0.0311,-1.55,1.0,91,1,Normal,normal
0.0,381.757,220.194,1.0,6.0,0.0,0.0,0.0,6.0,0.0,0.0,4.9782,0.4497,0.0,0.0,0.0,0.0,0.0,0.9574,0.0426,0.657,1.0,91,2,Normal,normal
0.0,380.612,220.047,1.0,6.0,0.0,0.0,0.0,6.0,0.0,0.0,4.9782,0.4497,0.0,0.0,0.0,0.0,0.0,0.9556,0.0444,0.662,1.0,91,3,Normal,normal
0.0,379.465,220.006,1.0,6.0,0.0,0.0,0.0,6.0,0.0,0.0,4.9782,0.4497,0.0,0.0,0.0,0.0,0.0,0.9613,0.0387,0.234,1.0,91,4,Normal,normal
0.0,378.763,220.107,1.0,6.0,0.0,0.0,0.0,6.0,0.0,0.0,4.9782,0.4497,0.0,0.0,0.0,0.0,0.0,0.9526,0.0474,0.29,1.0,91,5,Normal,normal
0.0,328.647,237.659,1.0,6.0,0.0,0.0,0.0,6.0,0.0,0.0,0.4507,0.0407,0.0,0.0,0.0,0.0,0.0,0.9647,0.0353,-1.529,1.0,92,1,Normal,normal
0.0,326.638,237.609,1.0,6.0,0.0,0.0,0.0,6.0,0.0,0.0,0.4507,0.0407,0.0,0.0,0.0,0.0,0.0,0.9599,0.0401,0.652,1.0,92,2,Normal,normal
0.0,325.573,237.482,1.0,6.0,0.0,0.0,0.0,6.0,0.0,0.0,0.4507,0.0407,0.0,0.0,0.0,0.0,0.0,0.9596,0.0404,0.649,1.0,92,3,Normal,normal
0.0,324.348,237.669,1.0,6.0,0.0,0.0,0.0,6.0,0.0,0.0,0.4507,0.0407,0.0,0.0,0.0,0.0,0.0,0.9622,0.0378,0.241,1.0,92,4,Normal,normal
0.0,323.65,237.774,1.0,6.0,0.0,0.0,0.0,6.0,0.0,0.0,0.4507,0.0407,0.0,0.0,0.0,0.0,0.0,0.9557,0.0443,0.282,1.0,92,5,Normal,normal
0.0,339.417,229.248,1.0,6.0,0.0,0.0,0.0,6.0,0.0,0.0,2.2051,0.1992,0.0,0.0,0.0,0.0,0.0,0.9653,0.0347,-1.495,1.0,93,1,Normal,normal
0.0,337.448,229.17,1.0,6.0,0.0,0.0,0.0,6.0,0.0,0.0,2.2051,0.1992,0.0,0.0,0.0,0.0,0.0,0.9608,0.0392,0.643,1.0,93,2,Normal,normal
0.0,336.223,229.146,1.0,6.0,0.0,0.0,0.0,6.0,0.0,0.0,2.2051,0.1992,0.0,0.0,0.0,0.0,0.0,0.9647,0.0353,0.635,1.0,93,3,Normal,normal
0.0,334.942,229.386,1.0,6.0,0.0,0.0,0.0,6.0,0.0,0.0,2.2051,0.1992,0.0,0.0,0.0,0.0,0.0,0.9605,0.0395,0.227,1.0,93,4,Normal,normal
0.0,334.137,229.567,1.0,6.0,0.0,0.0,0.0,6.0,0.0,0.0,2.2051,0.1992,0.0,0.0,0.0,0.0,0.0,0.9571,0.0429,0.284,1.0,93,5,Normal,normal
0.0,391.095,208.646,1.0,6.0,0.0,0.0,0.0,6.0,0.0,0.0,0.559,0.0505,0.0,0.0,0.0,0.0,0.0,0.9665,0.0335,-1.484,1.0,94,1,Normal,normal
0.0,388.77,208.153,1.0,6.0,0.0,0.0,0.0,6.0,0.0,0.0,0.559,0.0505,0.0,0.0,0.0,0.0,0.0,0.9619,0.0381,0.626,1.0,94,2,Normal,normal
0.0,387.335,208.038,1.0,6.0,0.0,0.0,0.0,6.0,0.0,0.0,0.559,0.0505,0.0,0.0,0.0,0.0,0.0,0.9624,0.0376,0.628,1.0,94,3,Normal,normal
0.0,385.898,208.304,1.0,6.0,0.0,0.0,0.0,6.0,0.0,0.0,0.559,0.0505,0.0,0.0,0.0,0.0,0.0,0.9661,0.0339,0.221,1.0,94,4,Normal,normal
0.0,384.953,208.37,1.0,6.0,0.0,0.0,0.0,6.0,0.0,0.0,0.559,0.0505,0.0,0.0,0.0,0.0,0.0,0.9603,0.0397,0.268,1.0,94,5,Normal,normal
0.0,333.13,194.247,1.0,6.0,0.0,0.0,0.0,6.0,0.0,0.0,1.4131,0.1276,0.0,0.0,0.0,0.0,0.0,0.9657,0.0343,-1.436,1.0,95,1,Normal,normal
0.0,330.977,193.679,1.0,6.0,0.0,0.0,0.0,6.0,0.0,0.0,1.4131,0.1276,0.0,0.0,0.0,0.0,0.0,0.963,0.037,0.608,1.0,95,2,Normal,normal
0.0,329.7,193.454,1.0,6.0,0.0,0.0,0.0,6.0,0.0,0.0,1.4131,0.1276,0.0,0.0,0.0,0.0,0.0,0.966,0.034,0.614,1.0,95,3,Normal,normal
0.0,328.428,193.713,1.0,6.0,0.0,0.0,0.0,6.0,0.0,0.0,1.4131,0.1276,0.0,0.0,0.0,0.0,0.0,0.965,0.035,0.215,1.0,95,4,Normal,normal
0.0,327.502,193.725,1.0,6.0,0.0,0.0,0.0,6.0,0.0,0.0,1.4131,0.1276,0.0,0.0,0.0,0.0,0.0,0.9603,0.0397,0.268,1.0,95,5,Normal,normal
0.0,505.147,214.477,1.0,6.0,0.0,0.0,0.0,6.0,0.0,0.0,1.0592,0.0957,0.0,0.0,0.0,0.0,0.0,0.9698,0.0302,-1.38,1.0,96,1,Normal,normal
0.0,503.038,214.201,1.0,6.0,0.0,0.0,0.0,6.0,0.0,0.0,1.0592,0.0957,0.0,0.0,0.0,0.0,0.0,0.9646,0.0354,0.584,1.0,96,2,Normal,normal
0.0,501.695,214.156,1.0,6.0,0.0,0.0,0.0,6.0,0.0,0.0,1.0592,0.0957,0.0,0.0,0.0,0.0,0.0,0.9624,0.0376,0.587,1.0,96,3,Normal,normal
0.0,500.607,214.076,1.0,6.0,0.0,0.0,0.0,6.0,0.0,0.0,1.0592,0.0957,0.0,0.0,0.0,0.0,0.0,0.9671,0.0329,0.217,1.0,96,4,Normal,normal
0.0,499.572,214.04,1.0,6.0,0.0,0.0,0.0,6.0,0.0,0.0,1.0592,0.0957,0.0,0.0,0.0,0.0,0.0,0.9621,0.0379,0.253,1.0,96,5,Normal,normal
0.0,546.288,160.263,1.0,6.0,0.0,0.0,0.0,6.0,0.0,0.0,0.3489,0.0315,0.0,0.0,0.0,0.0,0.0,0.9709,0.0291,-1.352,1.0,97,1,Normal,normal
0.0,544.578,160.085,1.0,6.0,0.0,0.0,0.0,6.0,0.0,0.0,0.3489,0.0315,0.0,0.0,0.0,0.0,0.0,0.9635,0.0365,0.569,1.0,97,2,Normal,normal
0.0,543.602,159.702,1.0,6.0,0.0,0.0,0.0,6.0,0.0,0.0,0.3489,0.0315,0.0,0.0,0.0,0.0,0.0,0.9671,0.0329,0.576,1.0,97,3,Normal,normal
0.0,542.71,159.443,1.0,6.0,0.0,0.0,0.0,6.0,0.0,0.0,0.3489,0.0315,0.0,0.0,0.0,0.0,0.0,0.967,0.033,0.206,1.0,97,4,Normal,normal
0.0,541.833,159.209,1.0,6.0,0.0,0.0,0.0,6.0,0.0,0.0,0.3489,0.0315,0.0,0.0,0.0,0.0,0.0,0.963,0.037,0.254,1.0,97,5,Normal,normal
0.0,478.122,212.335,1.0,6.0,0.0,0.0,0.0,6.0,0.0,0.0,1.8315,0.1654,0.0,0.0,0.0,0.0,0.0,0.9673,0.0327,-1.297,1.0,98,1,Normal,normal
0.0,476.665,212.036,1.0,6.0,0.0,0.0,0.0,6.0,0.0,0.0,1.8315,0.1654,0.0,0.0,0.0,0.0,0.0,0.9626,0.0374,0.545,1.0,98,2,Normal,normal
0.0,475.727,211.874,1.0,6.0,0.0,0.0,0.0,6.0,0.0,0.0,1.8315,0.1654,0.0,0.0,0.0,0.0,0.0,0.9656,0.0344,0.556,1.0,98,3,Normal,normal
0.0,474.778,211.783,1.0,6.0,0.0,0.0,0.0,6.0,0.0,0.0,1.8315,0.1654,0.0,0.0,0.0,0.0,0.0,0.9649,0.0351,0.193,1.0,98,4,Normal,normal
0.0,473.95,211.615,1.0,6.0,0.0,0.0,0.0,6.0,0.0,0.0,1.8315,0.1654,0.0,0.0,0.0,0.0,0.0,0.963,0.037,0.239,1.0,98,5,Normal,normal
0.0,380.435,198.338,1.0,6.0,0.0,0.0,0.0,6.0,0.0,0.0,1.371,0.1238,0.0,0.0,0.0,0.0,0.0,0.974,0.026,-1.236,1.0,99,1,Normal,normal
0.0,379.078,198.162,1.0,6.0,0.0,0.0,0.0,6.0,0.0,0.0,1.371,0.1238,0.0,0.0,0.0,0.0,0.0,0.9651,0.0349,0.52,1.0,99,2,Normal,normal
0.0,378.322,198.167,1.0,6.0,0.0,0.0,0.0,6.0,0.0,0.0,1.371,0.1238,0.0,0.0,0.0,0.0,0.0,0.9683,0.0317,0.519,1.0,99,3,Normal,normal
0.0,377.565,198.158,1.0,6.0,0.0,0.0,0.0,6.0,0.0,0.0,1.371,0.1238,0.0,0.0,0.0,0.0,0.0,0.9678,0.0322,0.19,1.0,99,4,Normal,normal
0.0,376.863,198.181,1.0,6.0,0.0,0.0,0.0,6.0,0.0,0.0,1.371,0.1238,0.0,0.0,0.0,0.0,0.0,0.9636,0.0364,0.231,1.0,99,5,Normal,normal
0.0,340.863,159.783,1.0,6.0,0.0,0.0,0.0,6.0,0.0,0.0,1.3591,0.1228,0.0,0.0,0.0,0.0,0.0,0.9724,0.0276,-1.204,1.0,100,1,Normal,normal
0.0,339.608,159.671,1.0,6.0,0.0,0.0,0.0,6.0,0.0,0.0,1.3591,0.1228,0.0,0.0,0.0,0.0,0.0,0.9652,0.0348,0.517,1.0,100,2,Normal,normal
0.0,338.703,159.467,1.0,6.0,0.0,0.0,0.0,6.0,0.0,0.0,1.3591,0.1228,0.0,0.0,0.0,0.0,0.0,0.9669,0.0331,0.516,1.0,100,3,Normal,normal
0.0,337.87,159.443,1.0,6.0,0.0,0.0,0.0,6.0,0.0,0.0,1.3591,0.1228,0.0,0.0,0.0,0.0,0.0,0.9683,0.0317,0.181,1.0,100,4,Normal,normal
0.0,337.168,159.497,1.0,6.0,0.0,0.0,0.0,6.0,0.0,0.0,1.3591,0.1228,0.0,0.0,0.0,0.0,0.0,0.9665,0.0335,0.227,1.0,100,5,Normal,normal
0.0,271.895,162.558,1.0,6.0,0.0,0.0,0.0,6.0,0.0,0.0,1.5833,0.143,0.0,0.0,0.0,0.0,0.0,0.9739,0.0261,-1.154,1.0,101,1,Normal,normal
0.0,270.363,162.523,1.0,6.0,0.0,0.0,0.0,6.0,0.0,0.0,1.5833,0.143,0.0,0.0,0.0,0.0,0.0,0.9691,0.0309,0.493,1.0,101,2,Normal,normal
0.0,269.24,162.142,1.0,6.0,0.0,0.0,0.0,6.0,0.0,0.0,1.5833,0.143,0.0,0.0,0.0,0.0,0.0,0.9675,0.0325,0.496,1.0,101,3,Normal,normal
0.0,268.357,162.031,1.0,6.0,0.0,0.0,0.0,6.0,0.0,0.0,1.5833,0.143,0.0,0.0,0.0,0.0,0.0,0.9694,0.0306,0.179,1.0,101,4,Normal,normal
0.0,267.61,161.995,1.0,6.0,0.0,0.0,0.0,6.0,0.0,0.0,1.5833,0.143,0.0,0.0,0.0,0.0,0.0,0.9681,0.0319,0.216,1.0,101,5,Normal,normal
0.0,277.923,157.641,1.0,6.0,0.0,0.0,0.0,6.0,0.0,0.0,1.3699,0.1237,0.0,0.0,0.0,0.0,0.0,0.973,0.027,-1.099,1.0,102,1,Normal,normal
0.0,276.303,157.684,1.0,6.0,0.0,0.0,0.0,6.0,0.0,0.0,1.3699,0.1237,0.0,0.0,0.0,0.0,0.0,0.9693,0.0307,0.468,1.0,102,2,Normal,normal
0.0,275.132,157.332,1.0,6.0,0.0,0.0,0.0,6.0,0.0,0.0,1.3699,0.1237,0.0,0.0,0.0,0.0,0.0,0.9717,0.0283,0.471,1.0,102,3,Normal,normal
0.0,274.318,157.164,1.0,6.0,0.0,0.0,0.0,6.0,0.0,0.0,1.3699,0.1237,0.0,0.0,0.0,0.0,0.0,0.9718,0.0282,0.162,1.0,102,4,Normal,normal
0.0,273.625,157.089,1.0,6.0,0.0,0.0,0.0,6.0,0.0,0.0,1.3699,0.1237,0.0,0.0,0.0,0.0,0.0,0.9706,0.0294,0.204,1.0,102,5,Normal,normal
0.0,319.15,149.616,1.0,6.0,0.0,0.0,0.0,6.0,0.0,0.0,2.3567,0.2129,0.0,0.0,0.0,0.0,0.0,0.9734,0.0266,-1.075,1.0,103,1,Normal,normal
0.0,317.648,149.898,1.0,6.0,0.0,0.0,0.0,6.0,0.0,0.0,2.3567,0.2129,0.0,0.0,0.0,0.0,0.0,0.9749,0.0251,0.465,1.0,103,2,Normal,normal
0.0,316.68,150.039,1.0,6.0,0.0,0.0,0.0,6.0,0.0,0.0,2.3567,0.2129,0.0,0.0,0.0,0.0,0.0,0.9716,0.0284,0.46,1.0,103,3,Normal,normal
0.0,315.685,149.837,1.0,6.0,0.0,0.0,0.0,6.0,0.0,0.0,2.3567,0.2129,0.0,0.0,0.0,0.0,0.0,0.9739,0.0261,0.164,1.0,103,4,Normal,normal
0.0,314.985,149.742,1.0,6.0,0.0,0.0,0.0,6.0,0.0,0.0,2.3567,0.2129,0.0,0.0,0.0,0.0,0.0,0.9698,0.0302,0.198,1.0,103,5,Normal,normal
0.0,290.16,144.499,1.0,6.0,0.0,0.0,0.0,6.0,0.0,0.0,2.7891,0.2519,0.0,0.0,0.0,0.0,0.0,0.9744,0.0256,-1.04,1.0,104,1,Normal,normal
0.0,288.592,144.726,1.0,6.0,0.0,0.0,0.0,6.0,0.0,0.0,2.7891,0.2519,0.0,0.0,0.0,0.0,0.0,0.9737,0.0263,0.441,1.0,104,2,Normal,normal
0.0,287.698,144.821,1.0,6.0,0.0,0.0,0.0,6.0,0.0,0.0,2.7891,0.2519,0.0,0.0,0.0,0.0,0.0,0.9736,0.0264,0.44,1.0,104,3,Normal,normal
0.0,286.873,144.628,1.0,6.0,0.0,0.0,0.0,6.0,0.0,0.0,2.7891,0.2519,0.0,0.0,0.0,0.0,0.0,0.9706,0.0294,0.157,1.0,104,4,Normal,normal
0.0,286.258,144.535,1.0,6.0,0.0,0.0,0.0,6.0,0.0,0.0,2.7891,0.2519,0.0,0.0,0.0,0.0,0.0,0.9714,0.0286,0.204,1.0,104,5,Normal,normal
0.0,395.162,147.188,1.0,6.0,0.0,0.0,0.0,6.0,0.0,0.0,0.9389,0.0848,0.0,0.0,0.0,0.0,0.0,0.9769,0.0231,-1.012,1.0,105,1,Normal,normal
0.0,393.748,147.341,1.0,6.0,0.0,0.0,0.0,6.0,0.0,0.0,0.9389,0.0848,0.0,0.0,0.0,0.0,0.0,0.974,0.026,0.433,1.0,105,2,Normal,normal
0.0,392.942,147.403,1.0,6.0,0.0,0.0,0.0,6.0,0.0,0.0,0.9389,0.0848,0.0,0.0,0.0,0.0,0.0,0.9721,0.0279,0.432,1.0,105,3,Normal,normal
0.0,392.118,147.177,1.0,6.0,0.0,0.0,0.0,6.0,0.0,0.0,0.9389,0.0848,0.0,0.0,0.0,0.0,0.0,0.9766,0.0234,0.151,1.0,105,4,Normal,normal
0.0,391.462,147.006,1.0,6.0,0.0,0.0,0.0,6.0,0.0,0.0,0.9389,0.0848,0.0,0.0,0.0,0.0,0.0,0.9711,0.0289,0.193,1.0,105,5,Normal,normal
0.0,337.018,164.343,1.0,6.0,0.0,0.0,0.0,6.0,0.0,0.0,3.6916,0.3335,0.0,0.0,0.0,0.0,0.0,0.979,0.021,-0.987,1.0,106,1,Normal,normal
0.0,335.687,164.424,1.0,6.0,0.0,0.0,0.0,6.0,0.0,0.0,3.6916,0.3335,0.0,0.0,0.0,0.0,0.0,0.9688,0.0312,0.417,1.0,106,2,Normal,normal
0.0,334.845,164.525,1.0,6.0,0.0,0.0,0.0,6.0,0.0,0.0,3.6916,0.3335,0.0,0.0,0.0,0.0,0.0,0.9771,0.0229,0.413,1.0,106,3,Normal,normal
0.0,334.03,164.215,1.0,6.0,0.0,0.0,0.0,6.0,0.0,0.0,3.6916,0.3335,0.0,0.0,0.0,0.0,0.0,0.9745,0.0255,0.151,1.0,106,4,Normal,normal
0.0,333.387,163.992,1.0,6.0,0.0,0.0,0.0,6.0,0.0,0.0,3.6916,0.3335,0.0,0.0,0.0,0.0,0.0,0.9718,0.0282,0.179,1.0,106,5,Normal,normal
0.0,287.758,160.638,1.0,6.0,0.0,0.0,0.0,6.0,0.0,0.0,3.4768,0.3141,0.0,0.0,0.0,0.0,0.0,0.9812,0.0188,-0.955,1.0,107,1,Normal,normal
0.0,286.333,160.72,1.0,6.0,0.0,0.0,0.0,6.0,0.0,0.0,3.4768,0.3141,0.0,0.0,0.0,0.0,0.0,0.9721,0.0279,0.406,1.0,107,2,Normal,normal
0.0,285.542,160.81,1.0,6.0,0.0,0.0,0.0,6.0,0.0,0.0,3.4768,0.3141,0.0,0.0,0.0,0.0,0.0,0.9757,0.0243,0.411,1.0,107,3,Normal,normal
0.0,284.962,160.669,1.0,6.0,0.0,0.0,0.0,6.0,0.0,0.0,3.4768,0.3141,0.0,0.0,0.0,0.0,0.0,0.9769,0.0231,0.146,1.0,107,4,Normal,normal
0.0,284.373,160.54,1.0,6.0,0.0,0.0,0.0,6.0,0.0,0.0,3.4768,0.3141,0.0,0.0,0.0,0.0,0.0,0.9688,0.0312,0.176,1.0,107,5,Normal,normal
0.0,320.218,168.416,1.0,6.0,0.0,0.0,0.0,6.0,0.0,0.0,3.3804,0.3054,0.0,0.0,0.0,0.0,0.0,0.9814,0.0186,-0.953,1.0,108,1,Normal,normal
0.0,318.732,168.323,1.0,6.0,0.0,0.0,0.0,6.0,0.0,0.0,3.3804,0.3054,0.0,0.0,0.0,0.0,0.0,0.9762,0.0238,0.401,1.0,108,2,Normal,normal
0.0,317.877,168.401,1.0,6.0,0.0,0.0,0.0,6.0,0.0,0.0,3.3804,0.3054,0.0,0.0,0.0,0.0,0.0,0.9748,0.0252,0.402,1.0,108,3,Normal,normal
0.0,317.355,168.392,1.0,6.0,0.0,0.0,0.0,6.0,0.0,0.0,3.3804,0.3054,0.0,0.0,0.0,0.0,0.0,0.9727,0.0273,0.148,1.0,108,4,Normal,normal
0.0,316.625,168.084,1.0,6.0,0.0,0.0,0.0,6.0,0.0,0.0,3.3804,0.3054,0.0,0.0,0.0,0.0,0.0,0.9748,0.0252,0.172,1.0,108,5,Normal,normal
0.0,280.29,173.868,1.0,6.0,0.0,0.0,0.0,6.0,0.0,0.0,1.5986,0.1444,0.0,0.0,0.0,0.0,0.0,0.9784,0.0216,-0.941,1.0,109,1,Normal,normal
0.0,278.71,173.83,1.0,6.0,0.0,0.0,0.0,6.0,0.0,0.0,1.5986,0.1444,0.0,0.0,0.0,0.0,0.0,0.9762,0.0238,0.399,1.0,109,2,Normal,normal
0.0,277.757,173.907,1.0,6.0,0.0,0.0,0.0,6.0,0.0,0.0,1.5986,0.1444,0.0,0.0,0.0,0.0,0.0,0.9798,0.0202,0.402,1.0,109,3,Normal,normal
0.0,277.108,173.974,1.0,6.0,0.0,0.0,0.0,6.0,0.0,0.0,1.5986,0.1444,0.0,0.0,0.0,0.0,0.0,0.9793,0.0207,0.139,1.0,109,4,Normal,normal
0.0,276.34,173.697,1.0,6.0,0.0,0.0,0.0,6.0,0.0,0.0,1.5986,0.1444,0.0,0.0,0.0,0.0,0.0,0.9775,0.0225,0.174,1.0,109,5,Normal,normal
0.0,290.662,165.396,1.0,6.0,0.0,0.0,0.0,6.0,0.0,0.0,1.2341,0.1115,0.0,0.0,0.0,0.0,0.0,0.9797,0.0203,-0.931,1.0,110,1,Normal,normal
0.0,289.045,165.374,1.0,6.0,0.0,0.0,0.0,6.0,0.0,0.0,1.2341,0.1115,0.0,0.0,0.0,0.0,0.0,0.9736,0.0264,0.398,1.0,110,2,Normal,normal
0.0,288.187,165.344,1.0,6.0,0.0,0.0,0.0,6.0,0.0,0.0,1.2341,0.1115,0.0,0.0,0.0,0.0,0.0,0.9775,0.0225,0.39,1.0,110,3,Normal,normal
0.0,287.442,165.474,1.0,6.0,0.0,0.0,0.0,6.0,0.0,0.0,1.2341,0.1115,0.0,0.0,0.0,0.0,0.0,0.9751,0.0249,0.144,1.0,110,4,Normal,normal
0.0,286.648,165.215,1.0,6.0,0.0,0.0,0.0,6.0,0.0,0.0,1.2341,0.1115,0.0,0.0,0.0,0.0,0.0,0.9726,0.0274,0.176,1.0,110,5,Normal,normal
0.0,345.71,171.574,1.0,6.0,0.0,0.0,0.0,6.0,0.0,0.0,0.3932,0.0355,0.0,0.0,0.0,0.0,0.0,0.9783,0.0217,-0.938,1.0,111,1,Normal,normal
0.0,344.3,171.786,1.0,6.0,0.0,0.0,0.0,6.0,0.0,0.0,0.3932,0.0355,0.0,0.0,0.0,0.0,0.0,0.9761,0.0239,0.39,1.0,111,2,Normal,normal
0.0,343.253,171.633,1.0,6.0,0.0,0.0,0.0,6.0,0.0,0.0,0.3932,0.0355,0.0,0.0,0.0,0.0,0.0,0.976,0.024,0.398,1.0,111,3,Normal,normal
0.0,342.392,171.703,1.0,6.0,0.0,0.0,0.0,6.0,0.0,0.0,0.3932,0.0355,0.0,0.0,0.0,0.0,0.0,0.9769,0.0231,0.145,1.0,111,4,Normal,normal
0.0,341.645,171.551,1.0,6.0,0.0,0.0,0.0,6.0,0.0,0.0,0.3932,0.0355,0.0,0.0,0.0,0.0,0.0,0.9747,0.0253,0.176,1.0,111,5,Normal,normal
0.0,286.965,186.426,1.0,6.0,0.0,0.0,0.0,6.0,0.0,0.0,3.537,0.3195,0.0,0.0,0.0,0.0,0.0,0.9813,0.0187,-0.937,1.0,112,1,Normal,normal
0.0,285.608,186.512,1.0,6.0,0.0,0.0,0.0,6.0,0.0,0.0,3.537,0.3195,0.0,0.0,0.0,0.0,0.0,0.9756,0.0244,0.398,1.0,112,2,Normal,normal
0.0,284.68,186.181,1.0,6.0,0.0,0.0,0.0,6.0,0.0,0.0,3.537,0.3195,0.0,0.0,0.0,0.0,0.0,0.9796,0.0204,0.394,1.0,112,3,Normal,normal
0.0,283.528,186.415,1.0,6.0,0.0,0.0,0.0,6.0,0.0,0.0,3.537,0.3195,0.0,0.0,0.0,0.0,0.0,0.9785,0.0215,0.137,1.0,112,4,Normal,normal
0.0,282.705,186.226,1.0,6.0,0.0,0.0,0.0,6.0,0.0,0.0,3.537,0.3195,0.0,0.0,0.0,0.0,0.0,0.9697,0.0303,0.177,1.0,112,5,Normal,normal
0.0,295.935,179.71,1.0,6.0,0.0,0.0,0.0,6.0,0.0,0.0,0.8173,0.0738,0.0,0.0,0.0,0.0,0.0,0.9774,0.0226,-0.938,1.0,113,1,Normal,normal
0.0,294.602,179.785,1.0,6.0,0.0,0.0,0.0,6.0,0.0,0.0,0.8173,0.0738,0.0,0.0,0.0,0.0,0.0,0.9744,0.0256,0.402,1.0,113,2,Normal,normal
0.0,293.542,179.546,1.0,6.0,0.0,0.0,0.0,6.0,0.0,0.0,0.8173,0.0738,0.0,0.0,0.0,0.0,0.0,0.9779,0.0221,0.402,1.0,113,3,Normal,normal
0.0,292.267,179.903,1.0,6.0,0.0,0.0,0.0,6.0,0.0,0.0,0.8173,0.0738,0.0,0.0,0.0,0.0,0.0,0.9774,0.0226,0.146,1.0,113,4,Normal,normal
0.0,291.37,179.77,1.0,6.0,0.0,0.0,0.0,6.0,0.0,0.0,0.8173,0.0738,0.0,0.0,0.0,0.0,0.0,0.9731,0.0269,0.177,1.0,113,5,Normal,normal
0.0,341.815,180.165,1.0,6.0,0.0,0.0,0.0,6.0,0.0,0.0,1.3561,0.1225,0.0,0.0,0.0,0.0,0.0,0.9798,0.0202,-0.952,1.0,114,1,Normal,normal
0.0,340.443,180.011,1.0,6.0,0.0,0.0,0.0,6.0,0.0,0.0,1.3561,0.1225,0.0,0.0,0.0,0.0,0.0,0.9781,0.0219,0.401,1.0,114,2,Normal,normal
0.0,339.532,179.926,1.0,6.0,0.0,0.0,0.0,6.0,0.0,0.0,1.3561,0.1225,0.0,0.0,0.0,0.0,0.0,0.9759,0.0241,0.401,1.0,114,3,Normal,normal
0.0,338.47,180.466,1.0,6.0,0.0,0.0,0.0,6.0,0.0,0.0,1.3561,0.1225,0.0,0.0,0.0,0.0,0.0,0.9756,0.0244,0.14,1.0,114,4,Normal,normal
0.0,337.582,180.411,1.0,6.0,0.0,0.0,0.0,6.0,0.0,0.0,1.3561,0.1225,0.0,0.0,0.0,0.0,0.0,0.9748,0.0252,0.174,1.0,114,5,Normal,normal
0.0,275.057,166.32,1.0,6.0,0.0,0.0,0.0,6.0,0.0,0.0,1.3703,0.1238,0.0,0.0,0.0,0.0,0.0,0.9824,0.0176,-0.783,1.0,115,1,Natural Fault,line_trip
0.0,273.545,166.272,1.0,6.0,0.0,0.0,0.0,6.0,0.0,0.0,1.3703,0.1238,0.0,0.0,0.0,0.0,0.0,0.9823,0.0177,0.226,1.0,115,2,Natural Fault,line_trip
0.0,272.638,166.265,1.0,6.0,0.0,0.0,0.0,6.0,0.0,0.0,1.3703,0.1238,0.0,0.0,0.0,0.0,0.0,0.9778,0.0222,0.406,1.0,115,3,Natural Fault,line_trip
0.0,271.582,166.697,1.0,6.0,0.0,0.0,0.0,6.0,0.0,0.0,1.3703,0.1238,0.0,0.0,0.0,0.0,0.0,0.9794,0.0206,0.141,1.0,115,4,Natural Fault,line_trip
0.0,270.842,166.796,1.0,6.0,0.0,0.0,0.0,6.0,0.0,0.0,1.3703,0.1238,0.0,0.0,0.0,0.0,0.0,0.0,1.0,0.001,3.0,115,5,Natural Fault,line_trip
0.0,283.412,159.332,1.0,6.0,0.0,0.0,0.0,6.0,0.0,0.0,3.6478,0.3295,0.0,0.0,0.0,0.0,0.0,0.9791,0.0209,-0.793,1.0,116,1,Natural Fault,line_trip
0.0,281.782,159.384,1.0,6.0,0.0,0.0,0.0,6.0,0.0,0.0,3.6478,0.3295,0.0,0.0,0.0,0.0,0.0,0.9821,0.0179,0.229,1.0,116,2,Natural Fault,line_trip
0.0,280.885,159.381,1.0,6.0,0.0,0.0,0.0,6.0,0.0,0.0,3.6478,0.3295,0.0,0.0,0.0,0.0,0.0,0.9784,0.0216,0.42,1.0,116,3,Natural Fault,line_trip
0.0,280.21,159.461,1.0,6.0,0.0,0.0,0.0,6.0,0.0,0.0,3.6478,0.3295,0.0,0.0,0.0,0.0,0.0,0.9844,0.0156,0.152,1.0,116,4,Natural Fault,line_trip
0.0,279.525,159.52,1.0,6.0,0.0,0.0,0.0,6.0,0.0,0.0,3.6478,0.3295,0.0,0.0,0.0,0.0,0.0,0.0,1.0,0.001,3.0,116,5,Natural Fault,line_trip
0.0,360.362,201.953,1.0,6.0,0.0,0.0,0.0,6.0,0.0,0.0,5.4255,0.4901,0.0,0.0,0.0,0.0,0.0,0.9786,0.0214,-0.799,1.0,117,1,Natural Fault,line_trip
0.0,358.665,202.087,1.0,6.0,0.0,0.0,0.0,6.0,0.0,0.0,5.4255,0.4901,0.0,0.0,0.0,0.0,0.0,0.9801,0.0199,0.227,1.0,117,2,Natural Fault,line_trip
0.0,357.898,202.118,1.0,6.0,0.0,0.0,0.0,6.0,0.0,0.0,5.4255,0.4901,0.0,0.0,0.0,0.0,0.0,0.9829,0.0171,0.421,1.0,117,3,Natural Fault,line_trip
0.0,357.337,202.165,1.0,6.0,0.0,0.0,0.0,6.0,0.0,0.0,5.4255,0.4901,0.0,0.0,0.0,0.0,0.0,0.9825,0.0175,0.148,1.0,117,4,Natural Fault,line_trip
0.0,356.745,202.255,1.0,6.0,0.0,0.0,0.0,6.0,0.0,0.0,5.4255,0.4901,0.0,0.0,0.0,0.0,0.0,0.0,1.0,-0.004,3.0,117,5,Natural Fault,line_trip
0.0,312.652,213.12,1.0,6.0,0.0,0.0,0.0,6.0,0.0,0.0,0.8194,0.074,0.0,0.0,0.0,0.0,0.0,0.9806,0.0194,-0.81,1.0,118,1,Natural Fault,line_trip
0.0,311.105,213.141,1.0,6.0,0.0,0.0,0.0,6.0,0.0,0.0,0.8194,0.074,0.0,0.0,0.0,0.0,0.0,0.9788,0.0212,0.239,1.0,118,2,Natural Fault,line_trip
0.0,310.412,213.239,1.0,6.0,0.0,0.0,0.0,6.0,0.0,0.0,0.8194,0.074,0.0,0.0,0.0,0.0,0.0,0.9797,0.0203,0.426,1.0,118,3,Natural Fault,line_trip
0.0,309.488,213.652,1.0,6.0,0.0,0.0,0.0,6.0,0.0,0.0,0.8194,0.074,0.0,0.0,0.0,0.0,0.0,0.9789,0.0211,0.15,1.0,118,4,Natural Fault,line_trip
0.0,308.733,213.918,1.0,6.0,0.0,0.0,0.0,6.0,0.0,0.0,0.8194,0.074,0.0,0.0,0.0,0.0,0.0,0.0,1.0,0.001,3.0,118,5,Natural Fault,line_trip
0.0,325.198,203.438,1.0,6.0,0.0,0.0,0.0,6.0,0.0,0.0,5.2218,0.4717,0.0,0.0,0.0,0.0,0.0,0.9803,0.0197,-0.82,1.0,119,1,Natural Fault,line_trip
0.0,323.433,203.577,1.0,6.0,0.0,0.0,0.0,6.0,0.0,0.0,5.2218,0.4717,0.0,0.0,0.0,0.0,0.0,0.9803,0.0197,0.237,1.0,119,2,Natural Fault,line_trip
0.0,322.43,203.874,1.0,6.0,0.0,0.0,0.0,6.0,0.0,0.0,5.2218,0.4717,0.0,0.0,0.0,0.0,0.0,0.9748,0.0252,0.423,1.0,119,3,Natural Fault,line_trip
0.0,321.365,204.421,1.0,6.0,0.0,0.0,0.0,6.0,0.0,0.0,5.2218,0.4717,0.0,0.0,0.0,0.0,0.0,0.9746,0.0254,0.151,1.0,119,4,Natural Fault,line_trip
0.0,320.47,204.785,1.0,6.0,0.0,0.0,0.0,6.0,0.0,0.0,5.2218,0.4717,0.0,0.0,0.0,0.0,0.0,0.0,1.0,0.006,3.0,119,5,Natural Fault,line_trip
0.0,347.23,160.453,1.0,6.0,0.0,0.0,0.0,6.0,0.0,0.0,5.1851,0.4684,0.0,0.0,0.0,0.0,0.0,0.9828,0.0172,-0.819,1.0,120,1,Natural Fault,line_trip
0.0,345.538,160.539,1.0,6.0,0.0,0.0,0.0,6.0,0.0,0.0,5.1851,0.4684,0.0,0.0,0.0,0.0,0.0,0.9811,0.0189,0.24,1.0,120,2,Natural Fault,line_trip
0.0,344.437,160.84,1.0,6.0,0.0,0.0,0.0,6.0,0.0,0.0,5.1851,0.4684,0.0,0.0,0.0,0.0,0.0,0.9868,0.0132,0.419,1.0,120,3,Natural Fault,line_trip
0.0,343.267,161.469,1.0,6.0,0.0,0.0,0.0,6.0,0.0,0.0,5.1851,0.4684,0.0,0.0,0.0,0.0,0.0,0.9795,0.0205,0.155,1.0,120,4,Natural Fault,line_trip
0.0,342.303,161.89,1.0,6.0,0.0,0.0,0.0,6.0,0.0,0.0,5.1851,0.4684,0.0,0.0,0.0,0.0,0.0,0.0,1.0,-0.002,3.0,120,5,Natural Fault,line_trip
0.0,278.405,158.503,1.0,6.0,0.0,0.0,0.0,6.0,0.0,0.0,1.5203,0.1373,0.0,0.0,0.0,0.0,0.0,0.9832,0.0168,-0.826,1.0,121,1,Natural Fault,line_trip
0.0,276.653,158.583,1.0,6.0,0.0,0.0,0.0,6.0,0.0,0.0,1.5203,0.1373,0.0,0.0,0.0,0.0,0.0,0.978,0.022,0.244,1.0,121,2,Natural Fault,line_trip
0.0,275.483,158.75,1.0,6.0,0.0,0.0,0.0,6.0,0.0,0.0,1.5203,0.1373,0.0,0.0,0.0,0.0,0.0,0.9786,0.0214,0.431,1.0,121,3,Natural Fault,line_trip
0.0,274.278,159.111,1.0,6.0,0.0,0.0,0.0,6.0,0.0,0.0,1.5203,0.1373,0.0,0.0,0.0,0.0,0.0,0.9797,0.0203,0.156,1.0,121,4,Natural Fault,line_trip
0.0,273.33,159.356,1.0,6.0,0.0,0.0,0.0,6.0,0.0,0.0,1.5203,0.1373,0.0,0.0,0.0,0.0,0.0,0.0,1.0,0.004,3.0,121,5,Natural Fault,line_trip
0.0,285.383,152.58,1.0,6.0,0.0,0.0,0.0,6.0,0.0,0.0,2.3222,0.2098,0.0,0.0,0.0,0.0,0.0,0.9794,0.0206,-0.831,1.0,122,1,Natural Fault,line_trip
0.0,283.643,152.676,1.0,6.0,0.0,0.0,0.0,6.0,0.0,0.0,2.3222,0.2098,0.0,0.0,0.0,0.0,0.0,0.9789,0.0211,0.236,1.0,122,2,Natural Fault,line_trip
0.0,282.525,152.814,1.0,6.0,0.0,0.0,0.0,6.0,0.0,0.0,2.3222,0.2098,0.0,0.0,0.0,0.0,0.0,0.9802,0.0198,0.435,1.0,122,3,Natural Fault,line_trip
0.0,281.685,152.833,1.0,6.0,0.0,0.0,0.0,6.0,0.0,0.0,2.3222,0.2098,0.0,0.0,0.0,0.0,0.0,0.9779,0.0221,0.163,1.0,122,4,Natural Fault,line_trip
0.0,280.955,152.891,1.0,6.0,0.0,0.0,0.0,6.0,0.0,0.0,2.3222,0.2098,0.0,0.0,0.0,0.0,0.0,0.0,1.0,-0.001,3.0,122,5,Natural Fault,line_trip
0.0,307.658,137.431,1.0,6.0,0.0,0.0,0.0,6.0,0.0,0.0,2.317,0.2093,0.0,0.0,0.0,0.0,0.0,0.9795,0.0205,-0.837,1.0,123,1,Natural Fault,line_trip
0.0,306.337,137.483,1.0,6.0,0.0,0.0,0.0,6.0,0.0,0.0,2.317,0.2093,0.0,0.0,0.0,0.0,0.0,0.9782,0.0218,0.239,1.0,123,2,Natural Fault,line_trip
0.0,305.647,137.574,1.0,6.0,0.0,0.0,0.0,6.0,0.0,0.0,2.317,0.2093,0.0,0.0,0.0,0.0,0.0,0.978,0.022,0.436,1.0,123,3,Natural Fault,line_trip
0.0,304.96,137.572,1.0,6.0,0.0,0.0,0.0,6.0,0.0,0.0,2.317,0.2093,0.0,0.0,0.0,0.0,0.0,0.9761,0.0239,0.157,1.0,123,4,Natural Fault,line_trip
0.0,304.387,137.457,1.0,6.0,0.0,0.0,0.0,6.0,0.0,0.0,2.317,0.2093,0.0,0.0,0.0,0.0,0.0,0.0,1.0,0.0,3.0,123,5,Natural Fault,line_trip
0.0,250.507,139.304,1.0,6.0,0.0,0.0,0.0,6.0,0.0,0.0,2.2404,0.2024,0.0,0.0,0.0,0.0,0.0,0.8978,0.1022,-4.109,1.0,124,1,Natural Fault,short_circuit
0.0,249.203,139.306,1.0,6.0,0.0,0.0,0.0,6.0,0.0,0.0,2.2404,0.2024,0.0,0.0,0.0,0.0,0.0,0.8965,0.1035,0.438,1.0,124,2,Natural Fault,short_circuit
0.0,248.467,139.414,1.0,6.0,0.0,0.0,0.0,6.0,0.0,0.0,2.2404,0.2024,0.0,0.0,0.0,0.0,0.0,0.8947,0.1053,0.437,1.0,124,3,Natural Fault,short_circuit
0.0,247.778,139.423,1.0,6.0,0.0,0.0,0.0,6.0,0.0,0.0,2.2404,0.2024,0.0,0.0,0.0,0.0,0.0,0.854,0.146,3.246,1.0,124,4,Natural Fault,short_circuit
0.0,247.238,139.28,1.0,6.0,0.0,0.0,0.0,6.0,0.0,0.0,2.2404,0.2024,0.0,0.0,0.0,0.0,0.0,0.8898,0.1102,0.188,1.0,124,5,Natural Fault,short_circuit
0.0,261.065,130.975,1.0,6.0,0.0,0.0,0.0,6.0,0.0,0.0,3.2268,0.2915,0.0,0.0,0.0,0.0,0.0,0.9761,0.0239,-1.033,1.0,125,1,Natural Fault,short_circuit
0.0,259.66,131.039,1.0,6.0,0.0,0.0,0.0,6.0,0.0,0.0,3.2268,0.2915,0.0,0.0,0.0,0.0,0.0,0.9717,0.0283,0.438,1.0,125,2,Natural Fault,short_circuit
0.0,258.93,131.149,1.0,6.0,0.0,0.0,0.0,6.0,0.0,0.0,3.2268,0.2915,0.0,0.0,0.0,0.0,0.0,0.9701,0.0299,0.437,1.0,125,3,Natural Fault,short_circuit
0.0,258.3,131.131,1.0,6.0,0.0,0.0,0.0,6.0,0.0,0.0,3.2268,0.2915,0.0,0.0,0.0,0.0,0.0,0.9759,0.0241,0.156,1.0,125,4,Natural Fault,short_circuit
0.0,257.762,130.979,1.0,6.0,0.0,0.0,0.0,6.0,0.0,0.0,3.2268,0.2915,0.0,0.0,0.0,0.0,0.0,0.9661,0.0339,0.19,1.0,125,5,Natural Fault,short_circuit
0.0,316.408,152.717,1.0,6.0,0.0,0.0,0.0,6.0,0.0,0.0,1.6021,0.1447,0.0,0.0,0.0,0.0,0.0,0.975,0.025,-1.038,1.0,126,1,Natural Fault,short_circuit
0.0,315.01,152.83,1.0,6.0,0.0,0.0,0.0,6.0,0.0,0.0,1.6021,0.1447,0.0,0.0,0.0,0.0,0.0,0.9719,0.0281,0.441,1.0,126,2,Natural Fault,short_circuit
0.0,314.312,152.95,1.0,6.0,0.0,0.0,0.0,6.0,0.0,0.0,1.6021,0.1447,0.0,0.0,0.0,0.0,0.0,0.9734,0.0266,0.442,1.0,126,3,Natural Fault,short_circuit
0.0,313.713,152.913,1.0,6.0,0.0,0.0,0.0,6.0,0.0,0.0,1.6021,0.1447,0.0,0.0,0.0,0.0,0.0,0.9738,0.0262,0.159,1.0,126,4,Natural Fault,short_circuit
0.0,313.207,152.875,1.0,6.0,0.0,0.0,0.0,6.0,0.0,0.0,1.6021,0.1447,0.0,0.0,0.0,0.0,0.0,0.9669,0.0331,0.198,1.0,126,5,Natural Fault,short_circuit
0.0,271.715,164.072,1.0,6.0,0.0,0.0,0.0,6.0,0.0,0.0,1.8537,0.1674,0.0,0.0,0.0,0.0,0.0,0.9757,0.0243,-1.052,1.0,127,1,Natural Fault,short_circuit
0.0,270.198,164.165,1.0,6.0,0.0,0.0,0.0,6.0,0.0,0.0,1.8537,0.1674,0.0,0.0,0.0,0.0,0.0,0.9758,0.0242,0.444,1.0,127,2,Natural Fault,short_circuit
0.0,269.553,164.252,1.0,6.0,0.0,0.0,0.0,6.0,0.0,0.0,1.8537,0.1674,0.0,0.0,0.0,0.0,0.0,0.975,0.025,0.438,1.0,127,3,Natural Fault,short_circuit
0.0,269.058,164.178,1.0,6.0,0.0,0.0,0.0,6.0,0.0,0.0,1.8537,0.1674,0.0,0.0,0.0,0.0,0.0,0.9752,0.0248,0.166,1.0,127,4,Natural Fault,short_circuit
0.0,268.597,164.115,1.0,6.0,0.0,0.0,0.0,6.0,0.0,0.0,1.8537,0.1674,0.0,0.0,0.0,0.0,0.0,0.9744,0.0256,0.198,1.0,127,5,Natural Fault,short_circuit
0.0,281.328,156.009,1.0,6.0,0.0,0.0,0.0,6.0,0.0,0.0,1.024,0.0925,0.0,0.0,0.0,0.0,0.0,0.9774,0.0226,-1.06,1.0,128,1,Normal,normal
0.0,279.847,156.093,1.0,6.0,0.0,0.0,0.0,6.0,0.0,0.0,1.024,0.0925,0.0,0.0,0.0,0.0,0.0,0.9758,0.0242,0.444,1.0,128,2,Cyber Intrusion,replay
0.0,279.262,156.133,1.0,6.0,0.0,0.0,0.0,6.0,0.0,0.0,1.024,0.0925,0.0,0.0,0.0,0.0,0.0,0.9745,0.0255,0.445,1.0,128,3,Normal,normal
0.0,278.765,156.05,1.0,6.0,0.0,0.0,0.0,6.0,0.0,0.0,1.024,0.0925,0.0,0.0,0.0,0.0,0.0,0.9778,0.0222,0.165,1.0,128,4,Normal,normal
0.0,278.242,156.033,1.0,6.0,0.0,0.0,0.0,6.0,0.0,0.0,1.024,0.0925,0.0,0.0,0.0,0.0,0.0,0.9712,0.0288,0.191,1.0,128,5,Normal,normal
0.0,338.36,190.663,1.0,6.0,0.0,0.0,0.0,6.0,0.0,0.0,1.9704,0.178,0.0,0.0,0.0,0.0,0.0,0.9773,0.0227,-1.071,1.0,129,1,Normal,normal
0.0,336.882,190.592,1.0,6.0,0.0,0.0,0.0,6.0,0.0,0.0,1.9704,0.178,0.0,0.0,0.0,0.0,0.0,0.9758,0.0242,0.444,1.0,129,2,Cyber Intrusion,replay
0.0,336.168,190.418,1.0,6.0,0.0,0.0,0.0,6.0,0.0,0.0,1.9704,0.178,0.0,0.0,0.0,0.0,0.0,0.9739,0.0261,0.451,1.0,129,3,Normal,normal
0.0,335.465,190.106,1.0,6.0,0.0,0.0,0.0,6.0,0.0,0.0,1.9704,0.178,0.0,0.0,0.0,0.0,0.0,0.9728,0.0272,0.166,1.0,129,4,Normal,normal
0.0,334.967,190.104,1.0,6.0,0.0,0.0,0.0,6.0,0.0,0.0,1.9704,0.178,0.0,0.0,0.0,0.0,0.0,0.9693,0.0307,0.195,1.0,129,5,Normal,normal
0.0,299.638,189.055,1.0,6.0,0.0,0.0,0.0,6.0,0.0,0.0,2.8565,0.258,0.0,0.0,0.0,0.0,0.0,0.977,0.023,-1.081,1.0,130,1,Normal,normal
0.0,298.07,188.948,1.0,6.0,0.0,0.0,0.0,6.0,0.0,0.0,2.8565,0.258,0.0,0.0,0.0,0.0,0.0,0.9671,0.0329,0.458,1.0,130,2,Cyber Intrusion,replay
0.0,297.267,188.812,1.0,6.0,0.0,0.0,0.0,6.0,0.0,0.0,2.8565,0.258,0.0,0.0,0.0,0.0,0.0,0.9736,0.0264,0.459,1.0,130,3,Normal,normal
0.0,296.47,188.529,1.0,6.0,0.0,0.0,0.0,6.0,0.0,0.0,2.8565,0.258,0.0,0.0,0.0,0.0,0.0,0.9725,0.0275,0.164,1.0,130,4,Normal,normal
0.0,295.655,188.677,1.0,6.0,0.0,0.0,0.0,6.0,0.0,0.0,2.8565,0.258,0.0,0.0,0.0,0.0,0.0,0.9715,0.0285,0.199,1.0,130,5,Normal,normal
0.0,485.82,243.363,1.0,6.0,0.0,0.0,0.0,6.0,0.0,0.0,1.2389,0.1119,0.0,0.0,0.0,0.0,0.0,0.9753,0.0247,-1.104,1.0,131,1,Normal,normal
0.0,484.338,243.382,1.0,6.0,0.0,0.0,0.0,6.0,0.0,0.0,1.2389,0.1119,0.0,0.0,0.0,0.0,0.0,0.972,0.028,0.462,1.0,131,2,Cyber Intrusion,replay
0.0,483.542,243.428,1.0,6.0,0.0,0.0,0.0,6.0,0.0,0.0,1.2389,0.1119,0.0,0.0,0.0,0.0,0.0,0.9701,0.0299,0.464,1.0,131,3,Normal,normal
0.0,482.718,243.473,1.0,6.0,0.0,0.0,0.0,6.0,0.0,0.0,1.2389,0.1119,0.0,0.0,0.0,0.0,0.0,0.9723,0.0277,0.172,1.0,131,4,Normal,normal
0.0,481.773,243.804,1.0,6.0,0.0,0.0,0.0,6.0,0.0,0.0,1.2389,0.1119,0.0,0.0,0.0,0.0,0.0,0.9711,0.0289,0.207,1.0,131,5,Normal,normal
0.0,518.967,192.576,1.0,6.0,0.0,0.0,0.0,6.0,0.0,0.0,5.9439,0.5369,0.0,0.0,0.0,0.0,0.0,0.9745,0.0255,-1.118,1.0,132,1,Normal,normal
0.0,517.41,192.706,1.0,6.0,0.0,0.0,0.0,6.0,0.0,0.0,5.9439,0.5369,0.0,0.0,0.0,0.0,0.0,0.968,0.032,0.477,1.0,132,2,Cyber Intrusion,replay
0.0,516.6,192.914,1.0,6.0,0.0,0.0,0.0,6.0,0.0,0.0,5.9439,0.5369,0.0,0.0,0.0,0.0,0.0,0.9754,0.0246,0.471,1.0,132,3,Normal,normal
0.0,515.922,193.132,1.0,6.0,0.0,0.0,0.0,6.0,0.0,0.0,5.9439,0.5369,0.0,0.0,0.0,0.0,0.0,0.9776,0.0224,0.167,1.0,132,4,Normal,normal
0.0,514.945,193.571,1.0,6.0,0.0,0.0,0.0,6.0,0.0,0.0,5.9439,0.5369,0.0,0.0,0.0,0.0,0.0,0.965,0.035,0.21,1.0,132,5,Normal,normal
0.0,488.903,222.628,1.0,6.0,0.0,0.0,0.0,6.0,0.0,0.0,3.6959,0.3339,0.0,0.0,0.0,0.0,0.0,0.9775,0.0225,-1.143,1.0,133,1,Normal,normal
0.0,487.353,222.748,1.0,6.0,0.0,0.0,0.0,6.0,0.0,0.0,3.6959,0.3339,0.0,0.0,0.0,0.0,0.0,0.9663,0.0337,0.484,1.0,133,2,Normal,normal
0.0,486.552,222.917,1.0,6.0,0.0,0.0,0.0,6.0,0.0,0.0,3.6959,0.3339,0.0,0.0,0.0,0.0,0.0,0.9724,0.0276,0.481,1.0,133,3,Normal,normal
0.0,485.887,223.079,1.0,6.0,0.0,0.0,0.0,6.0,0.0,0.0,3.6959,0.3339,0.0,0.0,0.0,0.0,0.0,0.975,0.025,0.177,1.0,133,4,Normal,normal
0.0,484.925,223.368,1.0,6.0,0.0,0.0,0.0,6.0,0.0,0.0,3.6959,0.3339,0.0,0.0,0.0,0.0,0.0,0.9659,0.0341,0.21,1.0,133,5,Normal,normal
0.0,510.342,148.44,1.0,6.0,0.0,0.0,0.0,6.0,0.0,0.0,2.2953,0.2073,0.0,0.0,0.0,0.0,0.0,0.9757,0.0243,-1.183,1.0,134,1,Normal,normal
0.0,508.71,148.373,1.0,6.0,0.0,0.0,0.0,6.0,0.0,0.0,2.2953,0.2073,0.0,0.0,0.0,0.0,0.0,0.9694,0.0306,0.498,1.0,134,2,Normal,normal
0.0,507.892,148.322,1.0,6.0,0.0,0.0,0.0,6.0,0.0,0.0,2.2953,0.2073,0.0,0.0,0.0,0.0,0.0,0.9663,0.0337,0.503,1.0,134,3,Normal,normal
0.0,507.282,148.277,1.0,6.0,0.0,0.0,0.0,6.0,0.0,0.0,2.2953,0.2073,0.0,0.0,0.0,0.0,0.0,0.9726,0.0274,0.184,1.0,134,4,Normal,normal
0.0,506.553,148.079,1.0,6.0,0.0,0.0,0.0,6.0,0.0,0.0,2.2953,0.2073,0.0,0.0,0.0,0.0,0.0,0.9671,0.0329,0.216,1.0,134,5,Normal,normal
0.0,469.137,125.685,1.0,6.0,0.0,0.0,0.0,6.0,0.0,0.0,0.7343,0.0663,0.0,0.0,0.0,0.0,0.0,0.9755,0.0245,-1.196,1.0,135,1,Normal,normal
0.0,467.652,125.703,1.0,6.0,0.0,0.0,0.0,6.0,0.0,0.0,0.7343,0.0663,0.0,0.0,0.0,0.0,0.0,0.9681,0.0319,0.506,1.0,135,2,Normal,normal
0.0,466.852,125.652,1.0,6.0,0.0,0.0,0.0,6.0,0.0,0.0,0.7343,0.0663,0.0,0.0,0.0,0.0,0.0,0.9708,0.0292,0.517,1.0,135,3,Normal,normal
0.0,466.237,125.625,1.0,6.0,0.0,0.0,0.0,6.0,0.0,0.0,0.7343,0.0663,0.0,0.0,0.0,0.0,0.0,0.9701,0.0299,0.184,1.0,135,4,Normal,normal
0.0,465.602,125.508,1.0,6.0,0.0,0.0,0.0,6.0,0.0,0.0,0.7343,0.0663,0.0,0.0,0.0,0.0,0.0,0.9658,0.0342,0.22,1.0,135,5,Normal,normal
0.0,430.39,154.224,1.0,6.0,0.0,0.0,0.0,6.0,0.0,0.0,2.644,0.2388,0.0,0.0,0.0,0.0,0.0,0.9709,0.0291,-1.246,1.0,136,1,Normal,normal
0.0,428.9,154.224,1.0,6.0,0.0,0.0,0.0,6.0,0.0,0.0,2.644,0.2388,0.0,0.0,0.0,0.0,0.0,0.9618,0.0382,0.533,1.0,136,2,Normal,normal
0.0,428.107,154.171,1.0,6.0,0.0,0.0,0.0,6.0,0.0,0.0,2.644,0.2388,0.0,0.0,0.0,0.0,0.0,0.9659,0.0341,0.523,1.0,136,3,Normal,normal
0.0,427.512,154.127,1.0,6.0,0.0,0.0,0.0,6.0,0.0,0.0,2.644,0.2388,0.0,0.0,0.0,0.0,0.0,0.9678,0.0322,0.185,1.0,136,4,Normal,normal
0.0,426.937,153.995,1.0,6.0,0.0,0.0,0.0,6.0,0.0,0.0,2.644,0.2388,0.0,0.0,0.0,0.0,0.0,0.9656,0.0344,0.228,1.0,136,5,Normal,normal
0.0,550.512,173.393,1.0,6.0,0.0,0.0,0.0,6.0,0.0,0.0,1.7682,0.1597,0.0,0.0,0.0,0.0,0.0,0.9733,0.0267,-1.282,1.0,137,1,Normal,normal
0.0,548.83,173.171,1.0,6.0,0.0,0.0,0.0,6.0,0.0,0.0,1.7682,0.1597,0.0,0.0,0.0,0.0,0.0,0.9637,0.0363,0.541,1.0,137,2,Normal,normal
0.0,547.888,173.036,1.0,6.0,0.0,0.0,0.0,6.0,0.0,0.0,1.7682,0.1597,0.0,0.0,0.0,0.0,0.0,0.9693,0.0307,0.549,1.0,137,3,Normal,normal
0.0,547.21,172.94,1.0,6.0,0.0,0.0,0.0,6.0,0.0,0.0,1.7682,0.1597,0.0,0.0,0.0,0.0,0.0,0.9674,0.0326,0.192,1.0,137,4,Normal,normal
0.0,546.5,172.787,1.0,6.0,0.0,0.0,0.0,6.0,0.0,0.0,1.7682,0.1597,0.0,0.0,0.0,0.0,0.0,0.9654,0.0346,0.234,1.0,137,5,Normal,normal
0.0,551.98,173.915,1.0,6.0,0.0,0.0,0.0,6.0,0.0,0.0,3.8162,0.3447,0.0,0.0,0.0,0.0,0.0,0.9716,0.0284,-1.309,1.0,138,1,Normal,normal
0.0,550.342,173.731,1.0,6.0,0.0,0.0,0.0,6.0,0.0,0.0,3.8162,0.3447,0.0,0.0,0.0,0.0,0.0,0.9621,0.0379,0.557,1.0,138,2,Normal,normal
0.0,549.432,173.633,1.0,6.0,0.0,0.0,0.0,6.0,0.0,0.0,3.8162,0.3447,0.0,0.0,0.0,0.0,0.0,0.97,0.03,0.56,1.0,138,3,Normal,normal
0.0,548.623,173.507,1.0,6.0,0.0,0.0,0.0,6.0,0.0,0.0,3.8162,0.3447,0.0,0.0,0.0,0.0,0.0,0.9659,0.0341,0.205,1.0,138,4,Normal,normal
0.0,547.845,173.354,1.0,6.0,0.0,0.0,0.0,6.0,0.0,0.0,3.8162,0.3447,0.0,0.0,0.0,0.0,0.0,0.9661,0.0339,0.243,1.0,138,5,Normal,normal
0.0,493.237,236.999,1.0,6.0,0.0,0.0,0.0,6.0,0.0,0.0,2.3944,0.2163,0.0,0.0,0.0,0.0,0.0,0.9666,0.0334,-1.366,1.0,139,1,Normal,normal
0.0,491.472,236.962,1.0,6.0,0.0,0.0,0.0,6.0,0.0,0.0,2.3944,0.2163,0.0,0.0,0.0,0.0,0.0,0.9624,0.0376,0.579,1.0,139,2,Normal,normal
0.0,490.648,236.783,1.0,6.0,0.0,0.0,0.0,6.0,0.0,0.0,2.3944,0.2163,0.0,0.0,0.0,0.0,0.0,0.9654,0.0346,0.577,1.0,139,3,Normal,normal
0.0,489.912,236.587,1.0,6.0,0.0,0.0,0.0,6.0,0.0,0.0,2.3944,0.2163,0.0,0.0,0.0,0.0,0.0,0.9696,0.0304,0.215,1.0,139,4,Normal,normal
0.0,489.16,236.442,1.0,6.0,0.0,0.0,0.0,6.0,0.0,0.0,2.3944,0.2163,0.0,0.0,0.0,0.0,0.0,0.9594,0.0406,0.252,1.0,139,5,Normal,normal
0.0,396.048,228.87,1.0,6.0,0.0,0.0,0.0,6.0,0.0,0.0,2.8705,0.2593,0.0,0.0,0.0,0.0,0.0,0.9681,0.0319,-1.402,1.0,140,1,Normal,normal
0.0,394.37,228.966,1.0,6.0,0.0,0.0,0.0,6.0,0.0,0.0,2.8705,0.2593,0.0,0.0,0.0,0.0,0.0,0.9632,0.0368,0.604,1.0,140,2,Normal,normal
0.0,393.655,228.847,1.0,6.0,0.0,0.0,0.0,6.0,0.0,0.0,2.8705,0.2593,0.0,0.0,0.0,0.0,0.0,0.963,0.037,0.599,1.0,140,3,Normal,normal
0.0,392.96,228.812,1.0,6.0,0.0,0.0,0.0,6.0,0.0,0.0,2.8705,0.2593,0.0,0.0,0.0,0.0,0.0,0.9658,0.0342,0.214,1.0,140,4,Normal,normal
0.0,392.278,228.75,1.0,6.0,0.0,0.0,0.0,6.0,0.0,0.0,2.8705,0.2593,0.0,0.0,0.0,0.0,0.0,0.9549,0.0451,0.265,1.0,140,5,Normal,normal
0.0,354.03,183.659,1.0,6.0,0.0,0.0,0.0,6.0,0.0,0.0,0.4057,0.0366,0.0,0.0,0.0,0.0,0.0,0.9672,0.0328,-1.424,1.0,141,1,Normal,normal
0.0,352.318,183.744,1.0,6.0,0.0,0.0,0.0,6.0,0.0,0.0,0.4057,0.0366,0.0,0.0,0.0,0.0,0.0,0.9607,0.0393,0.616,1.0,141,2,Normal,normal
0.0,351.233,183.241,1.0,6.0,0.0,0.0,0.0,6.0,0.0,0.0,0.4057,0.0366,0.0,0.0,0.0,0.0,0.0,0.9621,0.0379,0.606,1.0,141,3,Normal,normal
0.0,350.322,182.982,1.0,6.0,0.0,0.0,0.0,6.0,0.0,0.0,0.4057,0.0366,0.0,0.0,0.0,0.0,0.0,0.9653,0.0347,0.213,1.0,141,4,Normal,normal
0.0,349.628,182.922,1.0,6.0,0.0,0.0,0.0,6.0,0.0,0.0,0.4057,0.0366,0.0,0.0,0.0,0.0,0.0,0.9581,0.0419,0.266,1.0,141,5,Normal,normal
0.0,289.645,182.664,1.0,6.0,0.0,0.0,0.0,6.0,0.0,0.0,1.2763,0.1153,0.0,0.0,0.0,0.0,0.0,0.9641,0.0359,-1.472,1.0,142,1,Normal,normal
0.0,288.153,182.614,1.0,6.0,0.0,0.0,0.0,6.0,0.0,0.0,1.2763,0.1153,0.0,0.0,0.0,0.0,0.0,0.9591,0.0409,0.626,1.0,142,2,Normal,normal
0.0,286.922,182.091,1.0,6.0,0.0,0.0,0.0,6.0,0.0,0.0,1.2763,0.1153,0.0,0.0,0.0,0.0,0.0,0.9635,0.0365,0.619,1.0,142,3,Normal,normal
0.0,285.73,181.94,1.0,6.0,0.0,0.0,0.0,6.0,0.0,0.0,1.2763,0.1153,0.0,0.0,0.0,0.0,0.0,0.9622,0.0378,0.223,1.0,142,4,Normal,normal
0.0,284.892,181.99,1.0,6.0,0.0,0.0,0.0,6.0,0.0,0.0,1.2763,0.1153,0.0,0.0,0.0,0.0,0.0,0.9571,0.0429,0.269,1.0,142,5,Normal,normal
0.0,298.048,175.691,1.0,6.0,0.0,0.0,0.0,6.0,0.0,0.0,1.5836,0.143,0.0,0.0,0.0,0.0,0.0,0.9649,0.0351,-1.509,1.0,143,1,Normal,normal
0.0,296.487,175.696,1.0,6.0,0.0,0.0,0.0,6.0,0.0,0.0,1.5836,0.143,0.0,0.0,0.0,0.0,0.0,0.9592,0.0408,0.64,1.0,143,2,Normal,normal
0.0,295.232,175.203,1.0,6.0,0.0,0.0,0.0,6.0,0.0,0.0,1.5836,0.143,0.0,0.0,0.0,0.0,0.0,0.9597,0.0403,0.634,1.0,143,3,Normal,normal
0.0,294.013,175.103,1.0,6.0,0.0,0.0,0.0,6.0,0.0,0.0,1.5836,0.143,0.0,0.0,0.0,0.0,0.0,0.9587,0.0413,0.234,1.0,143,4,Normal,normal
0.0,293.175,175.172,1.0,6.0,0.0,0.0,0.0,6.0,0.0,0.0,1.5836,0.143,0.0,0.0,0.0,0.0,0.0,0.9564,0.0436,0.27,1.0,143,5,Normal,normal
0.0,355.393,187.479,1.0,6.0,0.0,0.0,0.0,6.0,39.252,0.0,1853.3946,167.4174,1.0,7.6305,0.0,1.0,1.0,0.9654,0.0346,-1.527,1.0,144,1,Normal,normal
0.0,353.777,187.341,1.0,6.0,0.0,0.0,0.0,6.0,39.252,1.0,1853.3946,167.4174,1.0,39.252,0.0,1.0,1.0,0.818,0.182,0.649,1.0,144,2,Cyber Intrusion,data_injection
0.0,352.675,187.294,1.0,6.0,0.0,0.0,0.0,6.0,39.252,0.0,1853.3946,167.4174,1.0,6.6385,0.0,1.0,1.0,0.9576,0.0424,0.644,1.0,144,3,Normal,normal
0.0,351.577,187.427,1.0,6.0,0.0,0.0,0.0,6.0,39.252,0.0,1853.3946,167.4174,1.0,8.0145,0.0,1.0,1.0,0.9635,0.0365,0.23,1.0,144,4,Normal,normal
0.0,350.627,187.411,1.0,6.0,0.0,0.0,0.0,6.0,39.252,0.0,1853.3946,167.4174,1.0,9.0434,0.0,1.0,1.0,0.9605,0.0395,0.286,1.0,144,5,Normal,normal
0.0,288.525,199.102,1.0,6.0,0.0,0.0,0.0,6.0,38.2819,0.0,1762.0688,159.168,1.0,7.2096,0.0,1.0,1.0,0.9614,0.0386,-1.544,1.0,145,1,Normal,normal
0.0,286.872,199.043,1.0,6.0,0.0,0.0,0.0,6.0,38.2819,1.0,1762.0688,159.168,1.0,38.2819,0.0,1.0,1.0,0.818,0.182,0.657,1.0,145,2,Cyber Intrusion,data_injection
0.0,285.99,199.058,1.0,6.0,0.0,0.0,0.0,6.0,38.2819,0.0,1762.0688,159.168,1.0,6.9348,0.0,1.0,1.0,0.9557,0.0443,0.656,1.0,145,3,Normal,normal
0.0,285.162,199.143,1.0,6.0,0.0,0.0,0.0,6.0,38.2819,0.0,1762.0688,159.168,1.0,7.7887,0.0,1.0,1.0,0.96,0.04,0.242,1.0,145,4,Normal,normal
0.0,284.345,199.033,1.0,6.0,0.0,0.0,0.0,6.0,38.2819,0.0,1762.0688,159.168,1.0,7.7033,0.0,1.0,1.0,0.9535,0.0465,0.286,1.0,145,5,Normal,normal
0.0,299.063,191.949,1.0,6.0,0.0,0.0,0.0,6.0,0.0,0.0,0.8605,0.0777,0.0,0.0,0.0,0.0,0.0,0.9625,0.0375,-1.552,1.0,146,1,Normal,normal
0.0,297.397,191.908,1.0,6.0,0.0,0.0,0.0,6.0,0.0,0.0,0.8605,0.0777,0.0,0.0,0.0,0.0,0.0,0.9593,0.0407,0.667,1.0,146,2,Cyber Intrusion,data_injection
0.0,296.613,191.851,1.0,6.0,0.0,0.0,0.0,6.0,0.0,0.0,0.8605,0.0777,0.0,0.0,0.0,0.0,0.0,0.9597,0.0403,0.658,1.0,146,3,Normal,normal
0.0,296.003,191.758,1.0,6.0,0.0,0.0,0.0,6.0,0.0,0.0,0.8605,0.0777,0.0,0.0,0.0,0.0,0.0,0.9623,0.0377,0.247,1.0,146,4,Normal,normal
0.0,295.305,191.535,1.0,6.0,0.0,0.0,0.0,6.0,0.0,0.0,0.8605,0.0777,0.0,0.0,0.0,0.0,0.0,0.9555,0.0445,0.292,1.0,146,5,Normal,normal
0.0,349.033,187.66,1.0,6.0,0.0,0.0,0.0,6.0,0.0,0.0,1.2294,0.1111,0.0,0.0,0.0,0.0,0.0,0.9644,0.0356,-1.565,1.0,147,1,Normal,normal
0.0,347.507,187.698,1.0,6.0,0.0,0.0,0.0,6.0,0.0,0.0,1.2294,0.1111,0.0,0.0,0.0,0.0,0.0,0.9563,0.0437,0.653,1.0,147,2,Cyber Intrusion,data_injection
0.0,346.687,187.615,1.0,6.0,0.0,0.0,0.0,6.0,0.0,0.0,1.2294,0.1111,0.0,0.0,0.0,0.0,0.0,0.9617,0.0383,0.661,1.0,147,3,Normal,normal
0.0,346.032,187.476,1.0,6.0,0.0,0.0,0.0,6.0,0.0,0.0,1.2294,0.1111,0.0,0.0,0.0,0.0,0.0,0.9637,0.0363,0.238,1.0,147,4,Normal,normal
0.0,345.407,187.42,1.0,6.0,0.0,0.0,0.0,6.0,0.0,0.0,1.2294,0.1111,0.0,0.0,0.0,0.0,0.0,0.9549,0.0451,0.295,1.0,147,5,Normal,normal
0.0,311.82,182.895,1.0,6.0,0.0,0.0,0.0,6.0,0.0,0.0,1.3736,0.1241,0.0,0.0,0.0,0.0,0.0,0.9672,0.0328,-1.557,1.0,148,1,Normal,normal
0.0,310.295,182.964,1.0,6.0,0.0,0.0,0.0,6.0,0.0,0.0,1.3736,0.1241,0.0,0.0,0.0,0.0,0.0,0.9592,0.0408,0.669,1.0,148,2,Cyber Intrusion,data_injection
0.0,309.537,182.854,1.0,6.0,0.0,0.0,0.0,6.0,0.0,0.0,1.3736,0.1241,0.0,0.0,0.0,0.0,0.0,0.9624,0.0376,0.663,1.0,148,3,Normal,normal
0.0,308.91,182.743,1.0,6.0,0.0,0.0,0.0,6.0,0.0,0.0,1.3736,0.1241,0.0,0.0,0.0,0.0,0.0,0.9636,0.0364,0.238,1.0,148,4,Normal,normal
0.0,308.325,182.746,1.0,6.0,0.0,0.0,0.0,6.0,0.0,0.0,1.3736,0.1241,0.0,0.0,0.0,0.0,0.0,0.9539,0.0461,0.286,1.0,148,5,Normal,normal
0.0,482.333,197.604,1.0,6.0,0.0,0.0,0.0,6.0,0.0,0.0,0.7819,0.0706,0.0,0.0,0.0,0.0,0.0,0.9674,0.0326,-1.537,1.0,149,1,Normal,normal
0.0,480.777,197.544,1.0,6.0,0.0,0.0,0.0,6.0,0.0,0.0,0.7819,0.0706,0.0,0.0,0.0,0.0,0.0,0.9591,0.0409,0.646,1.0,149,2,Normal,normal
0.0,479.967,197.319,1.0,6.0,0.0,0.0,0.0,6.0,0.0,0.0,0.7819,0.0706,0.0,0.0,0.0,0.0,0.0,0.9641,0.0359,0.649,1.0,149,3,Normal,normal
0.0,479.238,197.242,1.0,6.0,0.0,0.0,0.0,6.0,0.0,0.0,0.7819,0.0706,0.0,0.0,0.0,0.0,0.0,0.9636,0.0364,0.228,1.0,149,4,Normal,normal
0.0,478.562,197.296,1.0,6.0,0.0,0.0,0.0,6.0,0.0,0.0,0.7819,0.0706,0.0,0.0,0.0,0.0,0.0,0.9572,0.0428,0.284,1.0,149,5,Normal,normal
0.0,527.935,144.794,1.0,6.0,0.0,0.0,0.0,6.0,0.0,0.0,1.3873,0.1253,0.0,0.0,0.0,0.0,0.0,0.9668,0.0332,-1.527,1.0,150,1,Normal,normal
0.0,526.183,144.731,1.0,6.0,0.0,0.0,0.0,6.0,0.0,0.0,1.3873,0.1253,0.0,0.0,0.0,0.0,0.0,0.958,0.042,0.65,1.0,150,2,Normal,normal
0.0,525.263,144.532,1.0,6.0,0.0,0.0,0.0,6.0,0.0,0.0,1.3873,0.1253,0.0,0.0,0.0,0.0,0.0,0.9615,0.0385,0.645,1.0,150,3,Normal,normal
0.0,524.513,144.486,1.0,6.0,0.0,0.0,0.0,6.0,0.0,0.0,1.3873,0.1253,0.0,0.0,0.0,0.0,0.0,0.9604,0.0396,0.233,1.0,150,4,Normal,normal
0.0,523.732,144.474,1.0,6.0,0.0,0.0,0.0,6.0,0.0,0.0,1.3873,0.1253,0.0,0.0,0.0,0.0,0.0,0.9542,0.0458,0.285,1.0,150,5,Normal,normal
0.0,461.722,215.753,1.0,6.0,0.0,0.0,0.0,6.0,0.0,0.0,0.9463,0.0855,0.0,0.0,0.0,0.0,0.0,0.9667,0.0333,-1.493,1.0,151,1,Normal,normal
0.0,459.83,215.685,1.0,6.0,0.0,0.0,0.0,6.0,0.0,0.0,0.9463,0.0855,0.0,0.0,0.0,0.0,0.0,0.9611,0.0389,0.638,1.0,151,2,Normal,normal
0.0,458.702,215.725,1.0,6.0,0.0,0.0,0.0,6.0,0.0,0.0,0.9463,0.0855,0.0,0.0,0.0,0.0,0.0,0.9621,0.0379,0.638,1.0,151,3,Normal,normal
0.0,457.862,215.794,1.0,6.0,0.0,0.0,0.0,6.0,0.0,0.0,0.9463,0.0855,0.0,0.0,0.0,0.0,0.0,0.9609,0.0391,0.231,1.0,151,4,Normal,normal
0.0,457.005,215.813,1.0,6.0,0.0,0.0,0.0,6.0,0.0,0.0,0.9463,0.0855,0.0,0.0,0.0,0.0,0.0,0.9575,0.0425,0.279,1.0,151,5,Normal,normal
0.0,452.192,205.924,1.0,6.0,0.0,0.0,0.0,6.0,0.0,0.0,1.2037,0.1087,0.0,0.0,0.0,0.0,0.0,0.9692,0.0308,-1.454,1.0,152,1,Normal,normal
0.0,450.333,205.877,1.0,6.0,0.0,0.0,0.0,6.0,0.0,0.0,1.2037,0.1087,0.0,0.0,0.0,0.0,0.0,0.9596,0.0404,0.62,1.0,152,2,Normal,normal
0.0,449.222,205.925,1.0,6.0,0.0,0.0,0.0,6.0,0.0,0.0,1.2037,0.1087,0.0,0.0,0.0,0.0,0.0,0.9621,0.0379,0.621,1.0,152,3,Normal,normal
0.0,448.467,206.084,1.0,6.0,0.0,0.0,0.0,6.0,0.0,0.0,1.2037,0.1087,0.0,0.0,0.0,0.0,0.0,0.9624,0.0376,0.218,1.0,152,4,Normal,normal
0.0,447.627,206.121,1.0,6.0,0.0,0.0,0.0,6.0,0.0,0.0,1.2037,0.1087,0.0,0.0,0.0,0.0,0.0,0.9592,0.0408,0.269,1.0,152,5,Normal,normal
0.0,452.427,204.593,1.0,6.0,0.0,0.0,0.0,6.0,0.0,0.0,3.114,0.2813,0.0,0.0,0.0,0.0,0.0,0.9685,0.0315,-1.434,1.0,153,1,Normal,normal
0.0,450.562,204.509,1.0,6.0,0.0,0.0,0.0,6.0,0.0,0.0,3.114,0.2813,0.0,0.0,0.0,0.0,0.0,0.9588,0.0412,0.61,1.0,153,2,Normal,normal
0.0,449.158,204.36,1.0,6.0,0.0,0.0,0.0,6.0,0.0,0.0,3.114,0.2813,0.0,0.0,0.0,0.0,0.0,0.9652,0.0348,0.607,1.0,153,3,Normal,normal
0.0,448.128,204.33,1.0,6.0,0.0,0.0,0.0,6.0,0.0,0.0,3.114,0.2813,0.0,0.0,0.0,0.0,0.0,0.9694,0.0306,0.218,1.0,153,4,Normal,normal
0.0,446.995,204.169,1.0,6.0,0.0,0.0,0.0,6.0,0.0,0.0,3.114,0.2813,0.0,0.0,0.0,0.0,0.0,0.9613,0.0387,0.273,1.0,153,5,Normal,normal
0.0,383.528,231.319,1.0,6.0,0.0,0.0,0.0,6.0,0.0,0.0,0.8207,0.0741,0.0,0.0,0.0,0.0,0.0,0.9681,0.0319,-1.388,1.0,154,1,Normal,normal
0.0,381.712,231.251,1.0,6.0,0.0,0.0,0.0,6.0,0.0,0.0,0.8207,0.0741,0.0,0.0,0.0,0.0,0.0,0.9639,0.0361,0.588,1.0,154,2,Normal,normal
0.0,380.472,230.951,1.0,6.0,0.0,0.0,0.0,6.0,0.0,0.0,0.8207,0.0741,0.0,0.0,0.0,0.0,0.0,0.9626,0.0374,0.585,1.0,154,3,Normal,normal
0.0,379.462,230.932,1.0,6.0,0.0,0.0,0.0,6.0,0.0,0.0,0.8207,0.0741,0.0,0.0,0.0,0.0,0.0,0.9665,0.0335,0.216,1.0,154,4,Normal,normal
0.0,378.46,230.785,1.0,6.0,0.0,0.0,0.0,6.0,0.0,0.0,0.8207,0.0741,0.0,0.0,0.0,0.0,0.0,0.9596,0.0404,0.258,1.0,154,5,Normal,normal
0.0,391.963,222.107,1.0,6.0,0.0,0.0,0.0,6.0,0.0,0.0,2.0596,0.186,0.0,0.0,0.0,0.0,0.0,0.9715,0.0285,-1.33,1.0,155,1,Normal,normal
0.0,390.073,222.122,1.0,6.0,0.0,0.0,0.0,6.0,0.0,0.0,2.0596,0.186,0.0,0.0,0.0,0.0,0.0,0.9635,0.0365,0.56,1.0,155,2,Normal,normal
0.0,388.89,221.753,1.0,6.0,0.0,0.0,0.0,6.0,0.0,0.0,2.0596,0.186,0.0,0.0,0.0,0.0,0.0,0.9625,0.0375,0.564,1.0,155,3,Normal,normal
0.0,387.94,221.671,1.0,6.0,0.0,0.0,0.0,6.0,0.0,0.0,2.0596,0.186,0.0,0.0,0.0,0.0,0.0,0.9651,0.0349,0.194,1.0,155,4,Normal,normal
0.0,387.033,221.421,1.0,6.0,0.0,0.0,0.0,6.0,0.0,0.0,2.0596,0.186,0.0,0.0,0.0,0.0,0.0,0.9622,0.0378,0.246,1.0,155,5,Normal,normal
0.0,354.323,188.018,1.0,6.0,0.0,0.0,0.0,6.0,0.0,0.0,1.5555,0.1405,0.0,0.0,0.0,0.0,0.0,0.9685,0.0315,-1.297,1.0,156,1,Normal,normal
0.0,352.603,188.183,1.0,6.0,0.0,0.0,0.0,6.0,0.0,0.0,1.5555,0.1405,0.0,0.0,0.0,0.0,0.0,0.9659,0.0341,0.547,1.0,156,2,Normal,normal
0.0,351.542,187.83,1.0,6.0,0.0,0.0,0.0,6.0,0.0,0.0,1.5555,0.1405,0.0,0.0,0.0,0.0,0.0,0.9695,0.0305,0.552,1.0,156,3,Normal,normal
0.0,350.59,187.71,1.0,6.0,0.0,0.0,0.0,6.0,0.0,0.0,1.5555,0.1405,0.0,0.0,0.0,0.0,0.0,0.9689,0.0311,0.197,1.0,156,4,Normal,normal
0.0,349.765,187.488,1.0,6.0,0.0,0.0,0.0,6.0,0.0,0.0,1.5555,0.1405,0.0,0.0,0.0,0.0,0.0,0.9627,0.0373,0.241,1.0,156,5,Normal,normal
0.0,298.262,159.868,1.0,6.0,0.0,0.0,0.0,6.0,0.0,0.0,1.3576,0.1226,0.0,0.0,0.0,0.0,0.0,0.9725,0.0275,-1.245,1.0,157,1,Normal,normal
0.0,296.392,160.024,1.0,6.0,0.0,0.0,0.0,6.0,0.0,0.0,1.3576,0.1226,0.0,0.0,0.0,0.0,0.0,0.9662,0.0338,0.525,1.0,157,2,Normal,normal
0.0,295.532,160.024,1.0,6.0,0.0,0.0,0.0,6.0,0.0,0.0,1.3576,0.1226,0.0,0.0,0.0,0.0,0.0,0.9661,0.0339,0.524,1.0,157,3,Normal,normal
0.0,294.72,159.973,1.0,6.0,0.0,0.0,0.0,6.0,0.0,0.0,1.3576,0.1226,0.0,0.0,0.0,0.0,0.0,0.9698,0.0302,0.189,1.0,157,4,Normal,normal
0.0,294.015,159.954,1.0,6.0,0.0,0.0,0.0,6.0,0.0,0.0,1.3576,0.1226,0.0,0.0,0.0,0.0,0.0,0.9674,0.0326,0.226,1.0,157,5,Normal,normal
0.0,468.545,202.863,1.0,6.0,0.0,0.0,0.0,6.0,0.0,0.0,3.0608,0.2765,0.0,0.0,0.0,0.0,0.0,0.9709,0.0291,-1.176,1.0,158,1,Normal,normal
0.0,466.677,202.996,1.0,6.0,0.0,0.0,0.0,6.0,0.0,0.0,3.0608,0.2765,0.0,0.0,0.0,0.0,0.0,0.9707,0.0293,0.5,1.0,158,2,Normal,normal
0.0,465.713,203.002,1.0,6.0,0.0,0.0,0.0,6.0,0.0,0.0,3.0608,0.2765,0.0,0.0,0.0,0.0,0.0,0.9671,0.0329,0.499,1.0,158,3,Normal,normal
0.0,464.998,202.968,1.0,6.0,0.0,0.0,0.0,6.0,0.0,0.0,3.0608,0.2765,0.0,0.0,0.0,0.0,0.0,0.9739,0.0261,0.176,1.0,158,4,Normal,normal
0.0,464.355,202.994,1.0,6.0,0.0,0.0,0.0,6.0,0.0,0.0,3.0608,0.2765,0.0,0.0,0.0,0.0,0.0,0.9665,0.0335,0.214,1.0,158,5,Normal,normal
0.0,525.625,155.471,1.0,6.0,0.0,0.0,0.0,6.0,0.0,0.0,2.673,0.2415,0.0,0.0,0.0,0.0,0.0,0.9728,0.0272,-1.155,1.0,159,1,Normal,normal
0.0,523.778,155.636,1.0,6.0,0.0,0.0,0.0,6.0,0.0,0.0,2.673,0.2415,0.0,0.0,0.0,0.0,0.0,0.9677,0.0323,0.49,1.0,159,2,Normal,normal
0.0,522.65,155.692,1.0,6.0,0.0,0.0,0.0,6.0,0.0,0.0,2.673,0.2415,0.0,0.0,0.0,0.0,0.0,0.97,0.03,0.486,1.0,159,3,Normal,normal
0.0,521.887,155.686,1.0,6.0,0.0,0.0,0.0,6.0,0.0,0.0,2.673,0.2415,0.0,0.0,0.0,0.0,0.0,0.9753,0.0247,0.176,1.0,159,4,Normal,normal
0.0,521.268,155.856,1.0,6.0,0.0,0.0,0.0,6.0,0.0,0.0,2.673,0.2415,0.0,0.0,0.0,0.0,0.0,0.9648,0.0352,0.215,1.0,159,5,Normal,normal
0.0,470.46,216.276,1.0,6.0,0.0,0.0,0.0,6.0,0.0,0.0,0.6246,0.0564,0.0,0.0,0.0,0.0,0.0,0.9758,0.0242,-1.099,1.0,160,1,Normal,normal
0.0,468.627,216.289,1.0,6.0,0.0,0.0,0.0,6.0,0.0,0.0,0.6246,0.0564,0.0,0.0,0.0,0.0,0.0,0.9719,0.0281,0.464,1.0,160,2,Normal,normal
0.0,467.33,216.41,1.0,6.0,0.0,0.0,0.0,6.0,0.0,0.0,0.6246,0.0564,0.0,0.0,0.0,0.0,0.0,0.9713,0.0287,0.471,1.0,160,3,Normal,normal
0.0,466.367,216.622,1.0,6.0,0.0,0.0,0.0,6.0,0.0,0.0,0.6246,0.0564,0.0,0.0,0.0,0.0,0.0,0.9748,0.0252,0.17,1.0,160,4,Normal,normal
0.0,465.695,216.827,1.0,6.0,0.0,0.0,0.0,6.0,0.0,0.0,0.6246,0.0564,0.0,0.0,0.0,0.0,0.0,0.968,0.032,0.205,1.0,160,5,Normal,normal
0.0,379.732,218.554,1.0,6.0,0.0,0.0,0.0,6.0,0.0,0.0,0.3889,0.0351,0.0,0.0,0.0,0.0,0.0,0.9785,0.0215,-1.056,1.0,161,1,Normal,normal
0.0,377.897,218.493,1.0,6.0,0.0,0.0,0.0,6.0,0.0,0.0,0.3889,0.0351,0.0,0.0,0.0,0.0,0.0,0.9725,0.0275,0.446,1.0,161,2,Normal,normal
0.0,376.693,218.466,1.0,6.0,0.0,0.0,0.0,6.0,0.0,0.0,0.3889,0.0351,0.0,0.0,0.0,0.0,0.0,0.9728,0.0272,0.446,1.0,161,3,Normal,normal
0.0,375.748,218.543,1.0,6.0,0.0,0.0,0.0,6.0,0.0,0.0,0.3889,0.0351,0.0,0.0,0.0,0.0,0.0,0.9755,0.0245,0.156,1.0,161,4,Normal,normal
0.0,375.092,218.743,1.0,6.0,0.0,0.0,0.0,6.0,0.0,0.0,0.3889,0.0351,0.0,0.0,0.0,0.0,0.0,0.9718,0.0282,0.202,1.0,161,5,Normal,normal
0.0,319.882,175.392,1.0,6.0,0.0,0.0,0.0,6.0,0.0,0.0,1.5202,0.1373,0.0,0.0,0.0,0.0,0.0,0.9786,0.0214,-1.034,1.0,162,1,Normal,normal
0.0,318.162,175.366,1.0,6.0,0.0,0.0,0.0,6.0,0.0,0.0,1.5202,0.1373,0.0,0.0,0.0,0.0,0.0,0.9751,0.0249,0.433,1.0,162,2,Normal,normal
0.0,317.013,175.361,1.0,6.0,0.0,0.0,0.0,6.0,0.0,0.0,1.5202,0.1373,0.0,0.0,0.0,0.0,0.0,0.9723,0.0277,0.44,1.0,162,3,Normal,normal
0.0,316.042,175.381,1.0,6.0,0.0,0.0,0.0,6.0,0.0,0.0,1.5202,0.1373,0.0,0.0,0.0,0.0,0.0,0.9739,0.0261,0.148,1.0,162,4,Normal,normal
0.0,315.173,175.307,1.0,6.0,0.0,0.0,0.0,6.0,0.0,0.0,1.5202,0.1373,0.0,0.0,0.0,0.0,0.0,0.9729,0.0271,0.195,1.0,162,5,Normal,normal
0.0,248.257,178.457,1.0,6.0,0.0,0.0,0.0,6.0,0.0,0.0,0.3394,0.0307,0.0,0.0,0.0,0.0,0.0,0.9794,0.0206,-1.001,1.0,163,1,Normal,normal
0.0,246.842,178.394,1.0,6.0,0.0,0.0,0.0,6.0,0.0,0.0,0.3394,0.0307,0.0,0.0,0.0,0.0,0.0,0.9743,0.0257,0.416,1.0,163,2,Normal,normal
0.0,246.173,178.321,1.0,6.0,0.0,0.0,0.0,6.0,0.0,0.0,0.3394,0.0307,0.0,0.0,0.0,0.0,0.0,0.9774,0.0226,0.421,1.0,163,3,Normal,normal
0.0,245.602,178.231,1.0,6.0,0.0,0.0,0.0,6.0,0.0,0.0,0.3394,0.0307,0.0,0.0,0.0,0.0,0.0,0.9767,0.0233,0.152,1.0,163,4,Normal,normal
0.0,244.96,178.041,1.0,6.0,0.0,0.0,0.0,6.0,0.0,0.0,0.3394,0.0307,0.0,0.0,0.0,0.0,0.0,0.9725,0.0275,0.188,1.0,163,5,Normal,normal
0.0,263.86,170.889,1.0,6.0,0.0,0.0,0.0,6.0,0.0,0.0,2.3669,0.2138,0.0,0.0,0.0,0.0,0.0,0.98,0.02,-0.979,1.0,164,1,Normal,normal
0.0,262.512,170.794,1.0,6.0,0.0,0.0,0.0,6.0,0.0,0.0,2.3669,0.2138,0.0,0.0,0.0,0.0,0.0,0.9703,0.0297,0.41,1.0,164,2,Normal,normal
0.0,261.843,170.701,1.0,6.0,0.0,0.0,0.0,6.0,0.0,0.0,2.3669,0.2138,0.0,0.0,0.0,0.0,0.0,0.9763,0.0237,0.408,1.0,164,3,Normal,normal
0.0,261.198,170.624,1.0,6.0,0.0,0.0,0.0,6.0,0.0,0.0,2.3669,0.2138,0.0,0.0,0.0,0.0,0.0,0.9767,0.0233,0.15,1.0,164,4,Normal,normal
0.0,260.59,170.404,1.0,6.0,0.0,0.0,0.0,6.0,0.0,0.0,2.3669,0.2138,0.0,0.0,0.0,0.0,0.0,0.9741,0.0259,0.17,1.0,164,5,Normal,normal
0.0,252.61,97.197,1.0,6.0,0.0,0.0,0.0,6.0,0.0,0.0,3.1763,0.2869,0.0,0.0,0.0,0.0,0.0,0.9778,0.0222,-0.957,1.0,165,1,Normal,normal
0.0,251.312,97.061,1.0,6.0,0.0,0.0,0.0,6.0,0.0,0.0,3.1763,0.2869,0.0,0.0,0.0,0.0,0.0,0.9719,0.0281,0.403,1.0,165,2,Normal,normal
0.0,250.65,96.875,1.0,6.0,0.0,0.0,0.0,6.0,0.0,0.0,3.1763,0.2869,0.0,0.0,0.0,0.0,0.0,0.9757,0.0243,0.404,1.0,165,3,Normal,normal
0.0,250.062,96.789,1.0,6.0,0.0,0.0,0.0,6.0,0.0,0.0,3.1763,0.2869,0.0,0.0,0.0,0.0,0.0,0.9783,0.0217,0.144,1.0,165,4,Normal,normal
0.0,249.555,96.676,1.0,6.0,0.0,0.0,0.0,6.0,0.0,0.0,3.1763,0.2869,0.0,0.0,0.0,0.0,0.0,0.9776,0.0224,0.173,1.0,165,5,Normal,normal
0.0,224.107,103.457,1.0,6.0,0.0,0.0,0.0,6.0,0.0,0.0,3.2195,0.2908,0.0,0.0,0.0,0.0,0.0,0.9791,0.0209,-0.946,1.0,166,1,Normal,normal
0.0,222.837,103.278,1.0,6.0,0.0,0.0,0.0,6.0,0.0,0.0,3.2195,0.2908,0.0,0.0,0.0,0.0,0.0,0.9767,0.0233,0.394,1.0,166,2,Normal,normal
0.0,222.197,103.158,1.0,6.0,0.0,0.0,0.0,6.0,0.0,0.0,3.2195,0.2908,0.0,0.0,0.0,0.0,0.0,0.9781,0.0219,0.398,1.0,166,3,Normal,normal
0.0,221.6,103.157,1.0,6.0,0.0,0.0,0.0,6.0,0.0,0.0,3.2195,0.2908,0.0,0.0,0.0,0.0,0.0,0.983,0.017,0.143,1.0,166,4,Normal,normal
0.0,221.107,103.096,1.0,6.0,0.0,0.0,0.0,6.0,0.0,0.0,3.2195,0.2908,0.0,0.0,0.0,0.0,0.0,0.9723,0.0277,0.176,1.0,166,5,Normal,normal
0.0,236.99,93.159,1.0,6.0,0.0,0.0,0.0,6.0,0.0,0.0,2.2067,0.1993,0.0,0.0,0.0,0.0,0.0,0.977,0.023,-0.931,1.0,167,1,Normal,normal
0.0,235.417,93.13,1.0,6.0,0.0,0.0,0.0,6.0,0.0,0.0,2.2067,0.1993,0.0,0.0,0.0,0.0,0.0,0.974,0.026,0.391,1.0,167,2,Normal,normal
0.0,234.633,93.112,1.0,6.0,0.0,0.0,0.0,6.0,0.0,0.0,2.2067,0.1993,0.0,0.0,0.0,0.0,0.0,0.9756,0.0244,0.397,1.0,167,3,Normal,normal
0.0,233.91,93.213,1.0,6.0,0.0,0.0,0.0,6.0,0.0,0.0,2.2067,0.1993,0.0,0.0,0.0,0.0,0.0,0.9735,0.0265,0.141,1.0,167,4,Normal,normal
0.0,233.327,93.217,1.0,6.0,0.0,0.0,0.0,6.0,0.0,0.0,2.2067,0.1993,0.0,0.0,0.0,0.0,0.0,0.9752,0.0248,0.171,1.0,167,5,Normal,normal
0.0,282.673,130.127,1.0,6.0,0.0,0.0,0.0,6.0,0.0,0.0,2.218,0.2004,0.0,0.0,0.0,0.0,0.0,0.9756,0.0244,-0.928,1.0,168,1,Normal,normal
0.0,281.09,130.231,1.0,6.0,0.0,0.0,0.0,6.0,0.0,0.0,2.218,0.2004,0.0,0.0,0.0,0.0,0.0,0.9771,0.0229,0.396,1.0,168,2,Normal,normal
0.0,280.255,130.152,1.0,6.0,0.0,0.0,0.0,6.0,0.0,0.0,2.218,0.2004,0.0,0.0,0.0,0.0,0.0,0.9758,0.0242,0.391,1.0,168,3,Normal,normal
0.0,279.517,130.138,1.0,6.0,0.0,0.0,0.0,6.0,0.0,0.0,2.218,0.2004,0.0,0.0,0.0,0.0,0.0,0.9774,0.0226,0.143,1.0,168,4,Normal,normal
0.0,278.92,130.135,1.0,6.0,0.0,0.0,0.0,6.0,0.0,0.0,2.218,0.2004,0.0,0.0,0.0,0.0,0.0,0.972,0.028,0.176,1.0,168,5,Normal,normal
0.0,259.623,140.247,1.0,6.0,0.0,0.0,0.0,6.0,0.0,0.0,2.1538,0.1946,0.0,0.0,0.0,0.0,0.0,0.9763,0.0237,-0.928,1.0,169,1,Normal,normal
0.0,258.057,140.299,1.0,6.0,0.0,0.0,0.0,6.0,0.0,0.0,2.1538,0.1946,0.0,0.0,0.0,0.0,0.0,0.9749,0.0251,0.389,1.0,169,2,Normal,normal
0.0,257.103,140.254,1.0,6.0,0.0,0.0,0.0,6.0,0.0,0.0,2.1538,0.1946,0.0,0.0,0.0,0.0,0.0,0.9744,0.0256,0.394,1.0,169,3,Normal,normal
0.0,256.313,140.204,1.0,6.0,0.0,0.0,0.0,6.0,0.0,0.0,2.1538,0.1946,0.0,0.0,0.0,0.0,0.0,0.9795,0.0205,0.143,1.0,169,4,Normal,normal
0.0,255.738,140.177,1.0,6.0,0.0,0.0,0.0,6.0,0.0,0.0,2.1538,0.1946,0.0,0.0,0.0,0.0,0.0,0.9718,0.0282,0.17,1.0,169,5,Normal,normal
0.0,267.55,133.046,1.0,6.0,0.0,0.0,0.0,6.0,0.0,0.0,0.1301,0.0118,0.0,0.0,0.0,0.0,0.0,0.9798,0.0202,-0.947,1.0,170,1,Normal,normal
0.0,265.958,133.153,1.0,6.0,0.0,0.0,0.0,6.0,0.0,0.0,0.1301,0.0118,0.0,0.0,0.0,0.0,0.0,0.976,0.024,0.399,1.0,170,2,Normal,normal
0.0,265.048,133.096,1.0,6.0,0.0,0.0,0.0,6.0,0.0,0.0,0.1301,0.0118,0.0,0.0,0.0,0.0,0.0,0.9768,0.0232,0.398,1.0,170,3,Normal,normal
0.0,264.303,133.019,1.0,6.0,0.0,0.0,0.0,6.0,0.0,0.0,0.1301,0.0118,0.0,0.0,0.0,0.0,0.0,0.9776,0.0224,0.14,1.0,170,4,Normal,normal
0.0,263.74,132.993,1.0,6.0,0.0,0.0,0.0,6.0,0.0,0.0,0.1301,0.0118,0.0,0.0,0.0,0.0,0.0,0.9734,0.0266,0.177,1.0,170,5,Normal,normal
0.0,276.325,122.415,1.0,6.0,0.0,0.0,0.0,6.0,0.0,0.0,1.3047,0.1179,0.0,0.0,0.0,0.0,0.0,0.9778,0.0222,-0.945,1.0,171,1,Normal,normal
0.0,274.927,122.214,1.0,6.0,0.0,0.0,0.0,6.0,0.0,0.0,1.3047,0.1179,0.0,0.0,0.0,0.0,0.0,0.9761,0.0239,0.4,1.0,171,2,Normal,normal
0.0,274.057,121.968,1.0,6.0,0.0,0.0,0.0,6.0,0.0,0.0,1.3047,0.1179,0.0,0.0,0.0,0.0,0.0,0.9754,0.0246,0.404,1.0,171,3,Normal,normal
0.0,273.373,121.749,1.0,6.0,0.0,0.0,0.0,6.0,0.0,0.0,1.3047,0.1179,0.0,0.0,0.0,0.0,0.0,0.9768,0.0232,0.148,1.0,171,4,Normal,normal
0.0,272.903,121.649,1.0,6.0,0.0,0.0,0.0,6.0,0.0,0.0,1.3047,0.1179,0.0,0.0,0.0,0.0,0.0,0.9706,0.0294,0.175,1.0,171,5,Normal,normal
0.0,218.865,110.943,1.0,6.0,0.0,0.0,0.0,6.0,0.0,0.0,2.9119,0.263,0.0,0.0,0.0,0.0,0.0,0.978,0.022,-0.957,1.0,172,1,Normal,normal
0.0,217.502,110.85,1.0,6.0,0.0,0.0,0.0,6.0,0.0,0.0,2.9119,0.263,0.0,0.0,0.0,0.0,0.0,0.9753,0.0247,0.411,1.0,172,2,Normal,normal
0.0,216.753,110.857,1.0,6.0,0.0,0.0,0.0,6.0,0.0,0.0,2.9119,0.263,0.0,0.0,0.0,0.0,0.0,0.9712,0.0288,0.403,1.0,172,3,Normal,normal
0.0,216.202,110.861,1.0,6.0,0.0,0.0,0.0,6.0,0.0,0.0,2.9119,0.263,0.0,0.0,0.0,0.0,0.0,0.9739,0.0261,0.134,1.0,172,4,Normal,normal
0.0,215.717,110.929,1.0,6.0,0.0,0.0,0.0,6.0,0.0,0.0,2.9119,0.263,0.0,0.0,0.0,0.0,0.0,0.9738,0.0262,0.174,1.0,172,5,Normal,normal
0.0,220.525,109.738,1.0,6.0,0.0,0.0,0.0,6.0,0.0,0.0,2.306,0.2083,0.0,0.0,0.0,0.0,0.0,0.9792,0.0208,-0.976,1.0,173,1,Normal,normal
0.0,219.265,109.573,1.0,6.0,0.0,0.0,0.0,6.0,0.0,0.0,2.306,0.2083,0.0,0.0,0.0,0.0,0.0,0.9761,0.0239,0.411,1.0,173,2,Normal,normal
0.0,218.445,109.623,1.0,6.0,0.0,0.0,0.0,6.0,0.0,0.0,2.306,0.2083,0.0,0.0,0.0,0.0,0.0,0.9729,0.0271,0.413,1.0,173,3,Normal,normal
0.0,217.812,109.683,1.0,6.0,0.0,0.0,0.0,6.0,0.0,0.0,2.306,0.2083,0.0,0.0,0.0,0.0,0.0,0.9775,0.0225,0.149,1.0,173,4,Normal,normal
0.0,217.327,109.75,1.0,6.0,0.0,0.0,0.0,6.0,0.0,0.0,2.306,0.2083,0.0,0.0,0.0,0.0,0.0,0.9699,0.0301,0.186,1.0,173,5,Normal,normal
0.0,323.618,209.086,1.0,6.0,0.0,0.0,0.0,6.0,0.0,0.0,2.2261,0.2011,0.0,0.0,0.0,0.0,0.0,0.9792,0.0208,-0.976,1.0,174,1,Cyber Intrusion,replay
0.0,322.368,208.983,1.0,6.0,0.0,0.0,0.0,6.0,0.0,0.0,2.2261,0.2011,0.0,0.0,0.0,0.0,0.0,0.9771,0.0229,0.412,1.0,174,2,Normal,normal
0.0,321.48,209.092,1.0,6.0,0.0,0.0,0.0,6.0,0.0,0.0,2.2261,0.2011,0.0,0.0,0.0,0.0,0.0,0.9753,0.0247,0.406,1.0,174,3,Normal,normal
0.0,320.79,209.134,1.0,6.0,0.0,0.0,0.0,6.0,0.0,0.0,2.2261,0.2011,0.0,0.0,0.0,0.0,0.0,0.9754,0.0246,0.151,1.0,174,4,Normal,normal
0.0,320.19,209.065,1.0,6.0,0.0,0.0,0.0,6.0,0.0,0.0,2.2261,0.2011,0.0,0.0,0.0,0.0,0.0,0.9697,0.0303,0.182,1.0,174,5,Normal,normal
0.0,302.632,220.962,1.0,6.0,0.0,0.0,0.0,6.0,0.0,0.0,1.5002,0.1355,0.0,0.0,0.0,0.0,0.0,0.9792,0.0208,-0.976,1.0,175,1,Cyber Intrusion,replay
0.0,301.393,220.859,1.0,6.0,0.0,0.0,0.0,6.0,0.0,0.0,1.5002,0.1355,0.0,0.0,0.0,0.0,0.0,0.9745,0.0255,0.411,1.0,175,2,Normal,normal
0.0,300.495,220.913,1.0,6.0,0.0,0.0,0.0,6.0,0.0,0.0,1.5002,0.1355,0.0,0.0,0.0,0.0,0.0,0.977,0.023,0.418,1.0,175,3,Normal,normal
0.0,299.14,221.334,1.0,6.0,0.0,0.0,0.0,6.0,0.0,0.0,1.5002,0.1355,0.0,0.0,0.0,0.0,0.0,0.9735,0.0265,0.146,1.0,175,4,Normal,normal
0.0,298.432,221.302,1.0,6.0,0.0,0.0,0.0,6.0,0.0,0.0,1.5002,0.1355,0.0,0.0,0.0,0.0,0.0,0.9723,0.0277,0.181,1.0,175,5,Normal,normal
0.0,311.932,213.847,1.0,6.0,0.0,0.0,0.0,6.0,0.0,0.0,1.8355,0.1658,0.0,0.0,0.0,0.0,0.0,0.9792,0.0208,-0.976,1.0,176,1,Cyber Intrusion,replay
0.0,310.727,213.708,1.0,6.0,0.0,0.0,0.0,6.0,0.0,0.0,1.8355,0.1658,0.0,0.0,0.0,0.0,0.0,0.9715,0.0285,0.424,1.0,176,2,Normal,normal
0.0,309.803,213.781,1.0,6.0,0.0,0.0,0.0,6.0,0.0,0.0,1.8355,0.1658,0.0,0.0,0.0,0.0,0.0,0.9732,0.0268,0.421,1.0,176,3,Normal,normal
0.0,308.433,214.254,1.0,6.0,0.0,0.0,0.0,6.0,0.0,0.0,1.8355,0.1658,0.0,0.0,0.0,0.0,0.0,0.974,0.026,0.155,1.0,176,4,Normal,normal
0.0,307.757,214.197,1.0,6.0,0.0,0.0,0.0,6.0,0.0,0.0,1.8355,0.1658,0.0,0.0,0.0,0.0,0.0,0.9689,0.0311,0.183,1.0,176,5,Normal,normal
0.0,337.868,185.799,1.0,6.0,0.0,0.0,0.0,6.0,0.0,0.0,2.0424,0.1845,0.0,0.0,0.0,0.0,0.0,0.9774,0.0226,-1.006,1.0,177,1,Cyber Intrusion,replay
0.0,336.563,185.755,1.0,6.0,0.0,0.0,0.0,6.0,0.0,0.0,2.0424,0.1845,0.0,0.0,0.0,0.0,0.0,0.97,0.03,0.428,1.0,177,2,Normal,normal
0.0,335.843,185.828,1.0,6.0,0.0,0.0,0.0,6.0,0.0,0.0,2.0424,0.1845,0.0,0.0,0.0,0.0,0.0,0.9739,0.0261,0.429,1.0,177,3,Normal,normal
0.0,334.63,186.539,1.0,6.0,0.0,0.0,0.0,6.0,0.0,0.0,2.0424,0.1845,0.0,0.0,0.0,0.0,0.0,0.9781,0.0219,0.154,1.0,177,4,Normal,normal
0.0,334.085,186.665,1.0,6.0,0.0,0.0,0.0,6.0,0.0,0.0,2.0424,0.1845,0.0,0.0,0.0,0.0,0.0,0.9719,0.0281,0.186,1.0,177,5,Normal,normal
0.0,266.603,156.33,1.0,6.0,0.0,0.0,0.0,6.0,0.0,0.0,2.7692,0.2501,0.0,0.0,0.0,0.0,0.0,0.9734,0.0266,-1.014,1.0,178,1,Cyber Intrusion,replay
0.0,265.037,156.436,1.0,6.0,0.0,0.0,0.0,6.0,0.0,0.0,2.7692,0.2501,0.0,0.0,0.0,0.0,0.0,0.9736,0.0264,0.437,1.0,178,2,Normal,normal
0.0,264.265,156.527,1.0,6.0,0.0,0.0,0.0,6.0,0.0,0.0,2.7692,0.2501,0.0,0.0,0.0,0.0,0.0,0.9732,0.0268,0.429,1.0,178,3,Normal,normal
0.0,263.312,156.956,1.0,6.0,0.0,0.0,0.0,6.0,0.0,0.0,2.7692,0.2501,0.0,0.0,0.0,0.0,0.0,0.9724,0.0276,0.15,1.0,178,4,Normal,normal
0.0,262.64,157.11,1.0,6.0,0.0,0.0,0.0,6.0,0.0,0.0,2.7692,0.2501,0.0,0.0,0.0,0.0,0.0,0.9677,0.0323,0.189,1.0,178,5,Normal,normal
0.0,279.62,146.32,1.0,6.0,0.0,0.0,0.0,6.0,0.0,0.0,2.2509,0.2033,0.0,0.0,0.0,0.0,0.0,0.9761,0.0239,-1.019,1.0,179,1,Cyber Intrusion,replay
0.0,278.045,146.464,1.0,6.0,0.0,0.0,0.0,6.0,0.0,0.0,2.2509,0.2033,0.0,0.0,0.0,0.0,0.0,0.972,0.028,0.428,1.0,179,2,Normal,normal
0.0,277.085,146.699,1.0,6.0,0.0,0.0,0.0,6.0,0.0,0.0,2.2509,0.2033,0.0,0.0,0.0,0.0,0.0,0.9763,0.0237,0.435,1.0,179,3,Normal,normal
0.0,276.325,146.909,1.0,6.0,0.0,0.0,0.0,6.0,0.0,0.0,2.2509,0.2033,0.0,0.0,0.0,0.0,0.0,0.9795,0.0205,0.156,1.0,179,4,Normal,normal
0.0,275.647,147.074,1.0,6.0,0.0,0.0,0.0,6.0,0.0,0.0,2.2509,0.2033,0.0,0.0,0.0,0.0,0.0,0.9718,0.0282,0.19,1.0,179,5,Normal,normal
0.0,355.188,191.147,1.0,6.0,0.0,0.0,0.0,6.0,0.0,0.0,2.1242,0.1919,0.0,0.0,0.0,0.0,0.0,0.9821,0.0179,-0.834,1.0,180,1,Natural Fault,line_trip
0.0,353.392,191.166,1.0,6.0,0.0,0.0,0.0,6.0,0.0,0.0,2.1242,0.1919,0.0,0.0,0.0,0.0,0.0,0.9779,0.0221,0.237,1.0,180,2,Natural Fault,line_trip
0.0,352.238,191.058,1.0,6.0,0.0,0.0,0.0,6.0,0.0,0.0,2.1242,0.1919,0.0,0.0,0.0,0.0,0.0,0.9798,0.0202,0.435,1.0,180,3,Natural Fault,line_trip
0.0,351.277,190.875,1.0,6.0,0.0,0.0,0.0,6.0,0.0,0.0,2.1242,0.1919,0.0,0.0,0.0,0.0,0.0,0.9804,0.0196,0.154,1.0,180,4,Natural Fault,line_trip
0.0,350.482,190.803,1.0,6.0,0.0,0.0,0.0,6.0,0.0,0.0,2.1242,0.1919,0.0,0.0,0.0,0.0,0.0,0.0,1.0,-0.005,3.0,180,5,Natural Fault,line_trip
0.0,330.763,196.978,1.0,6.0,0.0,0.0,0.0,6.0,0.0,0.0,3.9613,0.3578,0.0,0.0,0.0,0.0,0.0,0.9815,0.0185,-0.84,1.0,181,1,Natural Fault,line_trip
0.0,328.912,196.981,1.0,6.0,0.0,0.0,0.0,6.0,0.0,0.0,3.9613,0.3578,0.0,0.0,0.0,0.0,0.0,0.9796,0.0204,0.246,1.0,181,2,Natural Fault,line_trip
0.0,327.753,196.848,1.0,6.0,0.0,0.0,0.0,6.0,0.0,0.0,3.9613,0.3578,0.0,0.0,0.0,0.0,0.0,0.9746,0.0254,0.434,1.0,181,3,Natural Fault,line_trip
0.0,326.693,196.699,1.0,6.0,0.0,0.0,0.0,6.0,0.0,0.0,3.9613,0.3578,0.0,0.0,0.0,0.0,0.0,0.9824,0.0176,0.152,1.0,181,4,Natural Fault,line_trip
0.0,325.798,196.652,1.0,6.0,0.0,0.0,0.0,6.0,0.0,0.0,3.9613,0.3578,0.0,0.0,0.0,0.0,0.0,0.0,1.0,0.004,3.0,181,5,Natural Fault,line_trip
0.0,483.175,207.375,1.0,6.0,0.0,0.0,0.0,6.0,0.0,0.0,1.708,0.1543,0.0,0.0,0.0,0.0,0.0,0.9825,0.0175,-0.845,1.0,182,1,Natural Fault,line_trip
0.0,481.577,207.49,1.0,6.0,0.0,0.0,0.0,6.0,0.0,0.0,1.708,0.1543,0.0,0.0,0.0,0.0,0.0,0.9802,0.0198,0.247,1.0,182,2,Natural Fault,line_trip
0.0,480.517,207.66,1.0,6.0,0.0,0.0,0.0,6.0,0.0,0.0,1.708,0.1543,0.0,0.0,0.0,0.0,0.0,0.9769,0.0231,0.434,1.0,182,3,Natural Fault,line_trip
0.0,479.562,207.889,1.0,6.0,0.0,0.0,0.0,6.0,0.0,0.0,1.708,0.1543,0.0,0.0,0.0,0.0,0.0,0.9805,0.0195,0.163,1.0,182,4,Natural Fault,line_trip
0.0,478.858,207.986,1.0,6.0,0.0,0.0,0.0,6.0,0.0,0.0,1.708,0.1543,0.0,0.0,0.0,0.0,0.0,0.0,1.0,-0.002,3.0,182,5,Natural Fault,line_trip
0.0,508.85,149.618,1.0,6.0,0.0,0.0,0.0,6.0,0.0,0.0,2.5843,0.2334,0.0,0.0,0.0,0.0,0.0,0.9821,0.0179,-0.837,1.0,183,1,Natural Fault,line_trip
0.0,507.232,149.893,1.0,6.0,0.0,0.0,0.0,6.0,0.0,0.0,2.5843,0.2334,0.0,0.0,0.0,0.0,0.0,0.9767,0.0233,0.24,1.0,183,2,Natural Fault,line_trip
0.0,506.488,150.063,1.0,6.0,0.0,0.0,0.0,6.0,0.0,0.0,2.5843,0.2334,0.0,0.0,0.0,0.0,0.0,0.9797,0.0203,0.443,1.0,183,3,Natural Fault,line_trip
0.0,505.798,150.405,1.0,6.0,0.0,0.0,0.0,6.0,0.0,0.0,2.5843,0.2334,0.0,0.0,0.0,0.0,0.0,0.9812,0.0188,0.162,1.0,183,4,Natural Fault,line_trip
0.0,505.243,150.674,1.0,6.0,0.0,0.0,0.0,6.0,0.0,0.0,2.5843,0.2334,0.0,0.0,0.0,0.0,0.0,0.0,1.0,-0.005,3.0,183,5,Natural Fault,line_trip
0.0,454.435,203.731,1.0,6.0,0.0,0.0,0.0,6.0,0.0,0.0,0.8531,0.0771,0.0,0.0,0.0,0.0,0.0,0.9819,0.0181,-0.85,1.0,184,1,Natural Fault,line_trip
0.0,452.773,204.172,1.0,6.0,0.0,0.0,0.0,6.0,0.0,0.0,0.8531,0.0771,0.0,0.0,0.0,0.0,0.0,0.9788,0.0212,0.241,1.0,184,2,Natural Fault,line_trip
0.0,452.013,204.438,1.0,6.0,0.0,0.0,0.0,6.0,0.0,0.0,0.8531,0.0771,0.0,0.0,0.0,0.0,0.0,0.977,0.023,0.445,1.0,184,3,Natural Fault,line_trip
0.0,451.408,204.583,1.0,6.0,0.0,0.0,0.0,6.0,0.0,0.0,0.8531,0.0771,0.0,0.0,0.0,0.0,0.0,0.9802,0.0198,0.155,1.0,184,4,Natural Fault,line_trip
0.0,450.743,204.902,1.0,6.0,0.0,0.0,0.0,6.0,0.0,0.0,0.8531,0.0771,0.0,0.0,0.0,0.0,0.0,0.0,1.0,-0.002,3.0,184,5,Natural Fault,line_trip
0.0,374.507,180.515,1.0,6.0,0.0,0.0,0.0,6.0,0.0,0.0,1.1844,0.107,0.0,0.0,0.0,0.0,0.0,0.9801,0.0199,-0.895,1.0,185,1,Natural Fault,line_trip
0.0,372.695,180.667,1.0,6.0,0.0,0.0,0.0,6.0,0.0,0.0,1.1844,0.107,0.0,0.0,0.0,0.0,0.0,0.9746,0.0254,0.442,1.0,185,2,Natural Fault,line_trip
0.0,371.823,180.821,1.0,6.0,0.0,0.0,0.0,6.0,0.0,0.0,1.1844,0.107,0.0,0.0,0.0,0.0,0.0,0.9752,0.0248,0.443,1.0,185,3,Natural Fault,line_trip
0.0,371.12,180.866,1.0,6.0,0.0,0.0,0.0,6.0,0.0,0.0,1.1844,0.107,0.0,0.0,0.0,0.0,0.0,0.0,1.0,0.001,3.0,185,4,Natural Fault,line_trip
0.0,370.368,181.124,1.0,6.0,0.0,0.0,0.0,6.0,0.0,0.0,1.1844,0.107,0.0,0.0,0.0,0.0,0.0,0.9733,0.0267,0.2,1.0,185,5,Natural Fault,line_trip
0.0,357.852,168.695,1.0,6.0,0.0,0.0,0.0,6.0,0.0,0.0,3.8756,0.3501,0.0,0.0,0.0,0.0,0.0,0.9843,0.0157,-0.891,1.0,186,1,Natural Fault,line_trip
0.0,356.025,168.899,1.0,6.0,0.0,0.0,0.0,6.0,0.0,0.0,3.8756,0.3501,0.0,0.0,0.0,0.0,0.0,0.9729,0.0271,0.451,1.0,186,2,Natural Fault,line_trip
0.0,355.06,169.055,1.0,6.0,0.0,0.0,0.0,6.0,0.0,0.0,3.8756,0.3501,0.0,0.0,0.0,0.0,0.0,0.9758,0.0242,0.448,1.0,186,3,Natural Fault,line_trip
0.0,354.288,169.082,1.0,6.0,0.0,0.0,0.0,6.0,0.0,0.0,3.8756,0.3501,0.0,0.0,0.0,0.0,0.0,0.0,1.0,0.002,3.0,186,4,Natural Fault,line_trip
0.0,353.455,169.285,1.0,6.0,0.0,0.0,0.0,6.0,0.0,0.0,3.8756,0.3501,0.0,0.0,0.0,0.0,0.0,0.9756,0.0244,0.194,1.0,186,5,Natural Fault,line_trip
0.0,316.363,165.013,1.0,6.0,0.0,0.0,0.0,6.0,0.0,0.0,3.4124,0.3082,0.0,0.0,0.0,0.0,0.0,0.9816,0.0184,-0.904,1.0,187,1,Natural Fault,line_trip
0.0,314.267,165.3,1.0,6.0,0.0,0.0,0.0,6.0,0.0,0.0,3.4124,0.3082,0.0,0.0,0.0,0.0,0.0,0.9752,0.0248,0.453,1.0,187,2,Natural Fault,line_trip
0.0,313.117,165.451,1.0,6.0,0.0,0.0,0.0,6.0,0.0,0.0,3.4124,0.3082,0.0,0.0,0.0,0.0,0.0,0.9773,0.0227,0.451,1.0,187,3,Natural Fault,line_trip
0.0,312.312,165.494,1.0,6.0,0.0,0.0,0.0,6.0,0.0,0.0,3.4124,0.3082,0.0,0.0,0.0,0.0,0.0,0.0,1.0,-0.004,3.0,187,4,Natural Fault,line_trip
0.0,311.437,165.711,1.0,6.0,0.0,0.0,0.0,6.0,0.0,0.0,3.4124,0.3082,0.0,0.0,0.0,0.0,0.0,0.9719,0.0281,0.2,1.0,187,5,Natural Fault,line_trip
0.0,469.162,188.103,1.0,6.0,0.0,0.0,0.0,6.0,0.0,0.0,1.6916,0.1528,0.0,0.0,0.0,0.0,0.0,0.9812,0.0188,-0.923,1.0,188,1,Natural Fault,line_trip
0.0,467.375,188.571,1.0,6.0,0.0,0.0,0.0,6.0,0.0,0.0,1.6916,0.1528,0.0,0.0,0.0,0.0,0.0,0.9748,0.0252,0.466,1.0,188,2,Natural Fault,line_trip
0.0,466.312,188.79,1.0,6.0,0.0,0.0,0.0,6.0,0.0,0.0,1.6916,0.1528,0.0,0.0,0.0,0.0,0.0,0.9785,0.0215,0.466,1.0,188,3,Natural Fault,line_trip
0.0,465.518,188.871,1.0,6.0,0.0,0.0,0.0,6.0,0.0,0.0,1.6916,0.1528,0.0,0.0,0.0,0.0,0.0,0.0,1.0,-0.002,3.0,188,4,Natural Fault,line_trip
0.0,464.782,188.989,1.0,6.0,0.0,0.0,0.0,6.0,0.0,0.0,1.6916,0.1528,0.0,0.0,0.0,0.0,0.0,0.972,0.028,0.204,1.0,188,5,Natural Fault,line_trip
0.0,478.975,150.704,1.0,6.0,0.0,0.0,0.0,6.0,0.0,0.0,6.2234,0.5622,0.0,0.0,0.0,0.0,0.0,0.9749,0.0251,-0.934,1.0,189,1,Natural Fault,line_trip
0.0,477.227,151.272,1.0,6.0,0.0,0.0,0.0,6.0,0.0,0.0,6.2234,0.5622,0.0,0.0,0.0,0.0,0.0,0.974,0.026,0.473,1.0,189,2,Natural Fault,line_trip
0.0,476.228,151.474,1.0,6.0,0.0,0.0,0.0,6.0,0.0,0.0,6.2234,0.5622,0.0,0.0,0.0,0.0,0.0,0.9785,0.0215,0.466,1.0,189,3,Natural Fault,line_trip
0.0,475.482,151.517,1.0,6.0,0.0,0.0,0.0,6.0,0.0,0.0,6.2234,0.5622,0.0,0.0,0.0,0.0,0.0,0.0,1.0,0.007,3.0,189,4,Natural Fault,line_trip
0.0,474.812,151.58,1.0,6.0,0.0,0.0,0.0,6.0,0.0,0.0,6.2234,0.5622,0.0,0.0,0.0,0.0,0.0,0.9707,0.0293,0.204,1.0,189,5,Natural Fault,line_trip
0.0,435.053,187.172,1.0,6.0,0.0,0.0,0.0,6.0,0.0,0.0,2.9543,0.2669,0.0,0.0,0.0,0.0,0.0,0.9822,0.0178,-0.961,1.0,190,1,Natural Fault,line_trip
0.0,433.43,187.552,1.0,6.0,0.0,0.0,0.0,6.0,0.0,0.0,2.9543,0.2669,0.0,0.0,0.0,0.0,0.0,0.9746,0.0254,0.484,1.0,190,2,Natural Fault,line_trip
0.0,432.51,187.761,1.0,6.0,0.0,0.0,0.0,6.0,0.0,0.0,2.9543,0.2669,0.0,0.0,0.0,0.0,0.0,0.9738,0.0262,0.483,1.0,190,3,Natural Fault,line_trip
0.0,431.835,187.803,1.0,6.0,0.0,0.0,0.0,6.0,0.0,0.0,2.9543,0.2669,0.0,0.0,0.0,0.0,0.0,0.0,1.0,-0.006,3.0,190,4,Natural Fault,line_trip
0.0,431.22,187.841,1.0,6.0,0.0,0.0,0.0,6.0,0.0,0.0,2.9543,0.2669,0.0,0.0,0.0,0.0,0.0,0.973,0.027,0.214,1.0,190,5,Natural Fault,line_trip
0.0,446.555,125.6,1.0,6.0,0.0,0.0,0.0,6.0,0.0,0.0,2.1646,0.1955,0.0,0.0,0.0,0.0,0.0,0.9776,0.0224,-0.987,1.0,191,1,Natural Fault,line_trip
0.0,445.423,125.73,1.0,6.0,0.0,0.0,0.0,6.0,0.0,0.0,2.1646,0.1955,0.0,0.0,0.0,0.0,0.0,0.9732,0.0268,0.496,1.0,191,2,Natural Fault,line_trip
0.0,444.775,125.932,1.0,6.0,0.0,0.0,0.0,6.0,0.0,0.0,2.1646,0.1955,0.0,0.0,0.0,0.0,0.0,0.9788,0.0212,0.491,1.0,191,3,Natural Fault,line_trip
0.0,444.285,126.039,1.0,6.0,0.0,0.0,0.0,6.0,0.0,0.0,2.1646,0.1955,0.0,0.0,0.0,0.0,0.0,0.0,1.0,0.001,3.0,191,4,Natural Fault,line_trip
0.0,443.857,126.118,1.0,6.0,0.0,0.0,0.0,6.0,0.0,0.0,2.1646,0.1955,0.0,0.0,0.0,0.0,0.0,0.9743,0.0257,0.215,1.0,191,5,Natural Fault,line_trip
0.0,421.26,111.598,1.0,6.0,0.0,0.0,0.0,6.0,0.0,0.0,1.4401,0.1301,0.0,0.0,0.0,0.0,0.0,0.9768,0.0232,-0.999,1.0,192,1,Natural Fault,line_trip
0.0,420.19,111.796,1.0,6.0,0.0,0.0,0.0,6.0,0.0,0.0,1.4401,0.1301,0.0,0.0,0.0,0.0,0.0,0.9714,0.0286,0.508,1.0,192,2,Natural Fault,line_trip
0.0,419.582,112.034,1.0,6.0,0.0,0.0,0.0,6.0,0.0,0.0,1.4401,0.1301,0.0,0.0,0.0,0.0,0.0,0.9742,0.0258,0.503,1.0,192,3,Natural Fault,line_trip
0.0,419.113,112.169,1.0,6.0,0.0,0.0,0.0,6.0,0.0,0.0,1.4401,0.1301,0.0,0.0,0.0,0.0,0.0,0.0,1.0,0.002,3.0,192,4,Natural Fault,line_trip
0.0,418.708,112.241,1.0,6.0,0.0,0.0,0.0,6.0,0.0,0.0,1.4401,0.1301,0.0,0.0,0.0,0.0,0.0,0.9725,0.0275,0.216,1.0,192,5,Natural Fault,line_trip
0.0,375.03,152.832,1.0,6.0,0.0,0.0,0.0,6.0,0.0,0.0,2.5985,0.2347,0.0,0.0,0.0,0.0,0.0,0.9774,0.0226,-1.033,1.0,193,1,Natural Fault,line_trip
0.0,373.91,153.085,1.0,6.0,0.0,0.0,0.0,6.0,0.0,0.0,2.5985,0.2347,0.0,0.0,0.0,0.0,0.0,0.9713,0.0287,0.518,1.0,193,2,Natural Fault,line_trip
0.0,373.328,153.175,1.0,6.0,0.0,0.0,0.0,6.0,0.0,0.0,2.5985,0.2347,0.0,0.0,0.0,0.0,0.0,0.9757,0.0243,0.518,1.0,193,3,Natural Fault,line_trip
0.0,372.885,153.216,1.0,6.0,0.0,0.0,0.0,6.0,0.0,0.0,2.5985,0.2347,0.0,0.0,0.0,0.0,0.0,0.0,1.0,-0.004,3.0,193,4,Natural Fault,line_trip
0.0,372.533,153.21,1.0,6.0,0.0,0.0,0.0,6.0,0.0,0.0,2.5985,0.2347,0.0,0.0,0.0,0.0,0.0,0.9712,0.0288,0.23,1.0,193,5,Natural Fault,line_trip
0.0,315.155,148.846,1.0,6.0,0.0,0.0,0.0,6.0,69.5088,0.0,5802.4413,524.1354,1.0,13.2885,0.0,1.0,1.0,0.9736,0.0264,-1.266,1.0,194,1,Normal,normal
0.0,313.873,149.072,1.0,6.0,0.0,0.0,0.0,6.0,69.5088,1.0,5802.4413,524.1354,1.0,69.5088,0.0,1.0,1.0,1.2169,0.2169,0.537,1.0,194,2,Cyber Intrusion,data_injection
0.0,313.023,149.38,1.0,6.0,0.0,0.0,0.0,6.0,69.5088,0.0,5802.4413,524.1354,1.0,13.8623,0.0,1.0,1.0,0.9681,0.0319,0.535,1.0,194,3,Normal,normal
0.0,312.463,149.499,1.0,6.0,0.0,0.0,0.0,6.0,69.5088,0.0,5802.4413,524.1354,1.0,13.974,0.0,1.0,1.0,0.9692,0.0308,0.188,1.0,194,4,Normal,normal
0.0,312.022,149.622,1.0,6.0,0.0,0.0,0.0,6.0,69.5088,0.0,5802.4413,524.1354,1.0,14.7708,0.0,1.0,1.0,0.9622,0.0378,0.238,1.0,194,5,Normal,normal
0.0,346.22,193.162,1.0,6.0,0.0,0.0,0.0,6.0,69.5173,0.0,5804.7926,524.3478,1.0,13.5492,0.0,1.0,1.0,0.973,0.027,-1.294,1.0,195,1,Normal,normal
0.0,344.592,193.086,1.0,6.0,0.0,0.0,0.0,6.0,69.5173,1.0,5804.7926,524.3478,1.0,69.5173,0.0,1.0,1.0,1.2169,0.2169,0.55,1.0,195,2,Cyber Intrusion,data_injection
0.0,343.572,193.234,1.0,6.0,0.0,0.0,0.0,6.0,69.5173,0.0,5804.7926,524.3478,1.0,13.9054,0.0,1.0,1.0,0.9681,0.0319,0.547,1.0,195,3,Normal,normal
0.0,342.808,193.14,1.0,6.0,0.0,0.0,0.0,6.0,69.5173,0.0,5804.7926,524.3478,1.0,13.1767,0.0,1.0,1.0,0.9717,0.0283,0.195,1.0,195,4,Normal,normal
0.0,342.227,193.098,1.0,6.0,0.0,0.0,0.0,6.0,69.5173,0.0,5804.7926,524.3478,1.0,15.027,0.0,1.0,1.0,0.9614,0.0386,0.237,1.0,195,5,Normal,normal
0.0,296.528,203.086,1.0,6.0,0.0,0.0,0.0,6.0,0.0,0.0,3.9213,0.3542,0.0,0.0,0.0,0.0,0.0,0.9704,0.0296,-1.344,1.0,196,1,Normal,normal
0.0,294.795,202.933,1.0,6.0,0.0,0.0,0.0,6.0,0.0,0.0,3.9213,0.3542,0.0,0.0,0.0,0.0,0.0,0.9662,0.0338,0.571,1.0,196,2,Cyber Intrusion,data_injection
0.0,293.763,202.947,1.0,6.0,0.0,0.0,0.0,6.0,0.0,0.0,3.9213,0.3542,0.0,0.0,0.0,0.0,0.0,0.9638,0.0362,0.57,1.0,196,3,Normal,normal
0.0,292.977,202.831,1.0,6.0,0.0,0.0,0.0,6.0,0.0,0.0,3.9213,0.3542,0.0,0.0,0.0,0.0,0.0,0.9627,0.0373,0.207,1.0,196,4,Normal,normal
0.0,292.243,202.802,1.0,6.0,0.0,0.0,0.0,6.0,0.0,0.0,3.9213,0.3542,0.0,0.0,0.0,0.0,0.0,0.9645,0.0355,0.245,1.0,196,5,Normal,normal
0.0,300.2,200.054,1.0,6.0,0.0,0.0,0.0,6.0,0.0,0.0,2.4185,0.2185,0.0,0.0,0.0,0.0,0.0,0.9662,0.0338,-1.385,1.0,197,1,Normal,normal
0.0,298.482,199.898,1.0,6.0,0.0,0.0,0.0,6.0,0.0,0.0,2.4185,0.2185,0.0,0.0,0.0,0.0,0.0,0.9587,0.0413,0.591,1.0,197,2,Cyber Intrusion,data_injection
0.0,297.408,199.956,1.0,6.0,0.0,0.0,0.0,6.0,0.0,0.0,2.4185,0.2185,0.0,0.0,0.0,0.0,0.0,0.9644,0.0356,0.582,1.0,197,3,Normal,normal
0.0,296.607,199.857,1.0,6.0,0.0,0.0,0.0,6.0,0.0,0.0,2.4185,0.2185,0.0,0.0,0.0,0.0,0.0,0.9655,0.0345,0.205,1.0,197,4,Normal,normal
0.0,295.835,199.866,1.0,6.0,0.0,0.0,0.0,6.0,0.0,0.0,2.4185,0.2185,0.0,0.0,0.0,0.0,0.0,0.962,0.038,0.264,1.0,197,5,Normal,normal
0.0,317.473,161.341,1.0,6.0,0.0,0.0,0.0,6.0,0.0,0.0,1.7504,0.1581,0.0,0.0,0.0,0.0,0.0,0.9697,0.0303,-1.417,1.0,198,1,Normal,normal
0.0,315.767,161.185,1.0,6.0,0.0,0.0,0.0,6.0,0.0,0.0,1.7504,0.1581,0.0,0.0,0.0,0.0,0.0,0.9605,0.0395,0.599,1.0,198,2,Normal,normal
0.0,314.885,161.047,1.0,6.0,0.0,0.0,0.0,6.0,0.0,0.0,1.7504,0.1581,0.0,0.0,0.0,0.0,0.0,0.9665,0.0335,0.593,1.0,198,3,Normal,normal
0.0,314.153,160.908,1.0,6.0,0.0,0.0,0.0,6.0,0.0,0.0,1.7504,0.1581,0.0,0.0,0.0,0.0,0.0,0.9649,0.0351,0.214,1.0,198,4,Normal,normal
0.0,313.48,160.917,1.0,6.0,0.0,0.0,0.0,6.0,0.0,0.0,1.7504,0.1581,0.0,0.0,0.0,0.0,0.0,0.9583,0.0417,0.262,1.0,198,5,Normal,normal
0.0,259.803,159.731,1.0,6.0,0.0,0.0,0.0,6.0,0.0,0.0,2.5876,0.2337,0.0,0.0,0.0,0.0,0.0,0.9656,0.0344,-1.453,1.0,199,1,Normal,normal
0.0,258.343,159.763,1.0,6.0,0.0,0.0,0.0,6.0,0.0,0.0,2.5876,0.2337,0.0,0.0,0.0,0.0,0.0,0.9606,0.0394,0.621,1.0,199,2,Normal,normal
0.0,257.59,159.689,1.0,6.0,0.0,0.0,0.0,6.0,0.0,0.0,2.5876,0.2337,0.0,0.0,0.0,0.0,0.0,0.9583,0.0417,0.613,1.0,199,3,Normal,normal
0.0,256.907,159.641,1.0,6.0,0.0,0.0,0.0,6.0,0.0,0.0,2.5876,0.2337,0.0,0.0,0.0,0.0,0.0,0.9653,0.0347,0.211,1.0,199,4,Normal,normal
0.0,256.208,159.706,1.0,6.0,0.0,0.0,0.0,6.0,0.0,0.0,2.5876,0.2337,0.0,0.0,0.0,0.0,0.0,0.9598,0.0402,0.271,1.0,199,5,Normal,normal
0.0,272.463,150.92,1.0,6.0,0.0,0.0,0.0,6.0,0.0,0.0,5.495,0.4964,0.0,0.0,0.0,0.0,0.0,0.9724,0.0276,-1.486,1.0,200,1,Normal,normal
0.0,270.965,150.98,1.0,6.0,0.0,0.0,0.0,6.0,0.0,0.0,5.495,0.4964,0.0,0.0,0.0,0.0,0.0,0.9603,0.0397,0.63,1.0,200,2,Normal,normal
0.0,270.077,150.982,1.0,6.0,0.0,0.0,0.0,6.0,0.0,0.0,5.495,0.4964,0.0,0.0,0.0,0.0,0.0,0.9589,0.0411,0.633,1.0,200,3,Normal,normal
0.0,269.362,150.943,1.0,6.0,0.0,0.0,0.0,6.0,0.0,0.0,5.495,0.4964,0.0,0.0,0.0,0.0,0.0,0.9653,0.0347,0.231,1.0,200,4,Normal,normal
0.0,268.62,151.022,1.0,6.0,0.0,0.0,0.0,6.0,0.0,0.0,5.495,0.4964,0.0,0.0,0.0,0.0,0.0,0.9558,0.0442,0.279,1.0,200,5,Normal,normal
0.0,319.893,153.14,1.0,6.0,0.0,0.0,0.0,6.0,0.0,0.0,1.1859,0.1071,0.0,0.0,0.0,0.0,0.0,0.9649,0.0351,-1.511,1.0,201,1,Normal,normal
0.0,318.235,153.145,1.0,6.0,0.0,0.0,0.0,6.0,0.0,0.0,1.1859,0.1071,0.0,0.0,0.0,0.0,0.0,0.9598,0.0402,0.643,1.0,201,2,Normal,normal
0.0,317.272,153.083,1.0,6.0,0.0,0.0,0.0,6.0,0.0,0.0,1.1859,0.1071,0.0,0.0,0.0,0.0,0.0,0.9587,0.0413,0.636,1.0,201,3,Normal,normal
0.0,316.488,153.034,1.0,6.0,0.0,0.0,0.0,6.0,0.0,0.0,1.1859,0.1071,0.0,0.0,0.0,0.0,0.0,0.9608,0.0392,0.229,1.0,201,4,Normal,normal
0.0,315.647,153.028,1.0,6.0,0.0,0.0,0.0,6.0,0.0,0.0,1.1859,0.1071,0.0,0.0,0.0,0.0,0.0,0.9548,0.0452,0.283,1.0,201,5,Normal,normal
0.0,275.072,160.736,1.0,6.0,0.0,0.0,0.0,6.0,0.0,0.0,0.4091,0.037,0.0,0.0,0.0,0.0,0.0,0.9656,0.0344,-1.531,1.0,202,1,Normal,normal
0.0,273.635,160.701,1.0,6.0,0.0,0.0,0.0,6.0,0.0,0.0,0.4091,0.037,0.0,0.0,0.0,0.0,0.0,0.9612,0.0388,0.657,1.0,202,2,Normal,normal
0.0,272.792,160.566,1.0,6.0,0.0,0.0,0.0,6.0,0.0,0.0,0.4091,0.037,0.0,0.0,0.0,0.0,0.0,0.961,0.039,0.652,1.0,202,3,Normal,normal
0.0,271.975,160.532,1.0,6.0,0.0,0.0,0.0,6.0,0.0,0.0,0.4091,0.037,0.0,0.0,0.0,0.0,0.0,0.9631,0.0369,0.232,1.0,202,4,Normal,normal
0.0,271.052,160.543,1.0,6.0,0.0,0.0,0.0,6.0,0.0,0.0,0.4091,0.037,0.0,0.0,0.0,0.0,0.0,0.9567,0.0433,0.28,1.0,202,5,Normal,normal
0.0,283.643,153.705,1.0,6.0,0.0,0.0,0.0,6.0,0.0,0.0,0.8202,0.0741,0.0,0.0,0.0,0.0,0.0,0.9668,0.0332,-1.556,1.0,203,1,Normal,normal
0.0,282.263,153.6,1.0,6.0,0.0,0.0,0.0,6.0,0.0,0.0,0.8202,0.0741,0.0,0.0,0.0,0.0,0.0,0.9573,0.0427,0.661,1.0,203,2,Normal,normal
0.0,281.325,153.525,1.0,6.0,0.0,0.0,0.0,6.0,0.0,0.0,0.8202,0.0741,0.0,0.0,0.0,0.0,0.0,0.9624,0.0376,0.661,1.0,203,3,Normal,normal
0.0,280.483,153.501,1.0,6.0,0.0,0.0,0.0,6.0,0.0,0.0,0.8202,0.0741,0.0,0.0,0.0,0.0,0.0,0.9624,0.0376,0.231,1.0,203,4,Normal,normal
0.0,279.618,153.476,1.0,6.0,0.0,0.0,0.0,6.0,0.0,0.0,0.8202,0.0741,0.0,0.0,0.0,0.0,0.0,0.9578,0.0422,0.288,1.0,203,5,Normal,normal
0.0,324.222,157.234,1.0,6.0,0.0,0.0,0.0,6.0,0.0,0.0,2.0466,0.1849,0.0,0.0,0.0,0.0,0.0,0.964,0.036,-1.562,1.0,204,1,Normal,normal
0.0,322.91,157.198,1.0,6.0,0.0,0.0,0.0,6.0,0.0,0.0,2.0466,0.1849,0.0,0.0,0.0,0.0,0.0,0.9585,0.0415,0.658,1.0,204,2,Normal,normal
0.0,322.155,157.233,1.0,6.0,0.0,0.0,0.0,6.0,0.0,0.0,2.0466,0.1849,0.0,0.0,0.0,0.0,0.0,0.9579,0.0421,0.664,1.0,204,3,Normal,normal
0.0,321.45,157.361,1.0,6.0,0.0,0.0,0.0,6.0,0.0,0.0,2.0466,0.1849,0.0,0.0,0.0,0.0,0.0,0.9645,0.0355,0.243,1.0,204,4,Normal,normal
0.0,320.64,157.424,1.0,6.0,0.0,0.0,0.0,6.0,0.0,0.0,2.0466,0.1849,0.0,0.0,0.0,0.0,0.0,0.9535,0.0465,0.281,1.0,204,5,Normal,normal
0.0,278.86,169.506,1.0,6.0,0.0,0.0,0.0,6.0,0.0,0.0,3.5863,0.324,0.0,0.0,0.0,0.0,0.0,0.9604,0.0396,-1.557,1.0,205,1,Normal,normal
0.0,277.288,169.596,1.0,6.0,0.0,0.0,0.0,6.0,0.0,0.0,3.5863,0.324,0.0,0.0,0.0,0.0,0.0,0.959,0.041,0.659,1.0,205,2,Normal,normal
0.0,276.293,169.67,1.0,6.0,0.0,0.0,0.0,6.0,0.0,0.0,3.5863,0.324,0.0,0.0,0.0,0.0,0.0,0.9612,0.0388,0.673,1.0,205,3,Normal,normal
0.0,275.49,169.797,1.0,6.0,0.0,0.0,0.0,6.0,0.0,0.0,3.5863,0.324,0.0,0.0,0.0,0.0,0.0,0.9598,0.0402,0.236,1.0,205,4,Normal,normal
0.0,274.647,169.789,1.0,6.0,0.0,0.0,0.0,6.0,0.0,0.0,3.5863,0.324,0.0,0.0,0.0,0.0,0.0,0.9519,0.0481,0.288,1.0,205,5,Normal,normal
0.0,285.422,164.37,1.0,6.0,0.0,0.0,0.0,6.0,0.0,0.0,1.7715,0.16,0.0,0.0,0.0,0.0,0.0,0.9647,0.0353,-1.553,1.0,206,1,Normal,normal
0.0,283.877,164.45,1.0,6.0,0.0,0.0,0.0,6.0,0.0,0.0,1.7715,0.16,0.0,0.0,0.0,0.0,0.0,0.9549,0.0451,0.667,1.0,206,2,Normal,normal
0.0,282.953,164.481,1.0,6.0,0.0,0.0,0.0,6.0,0.0,0.0,1.7715,0.16,0.0,0.0,0.0,0.0,0.0,0.958,0.042,0.654,1.0,206,3,Normal,normal
0.0,282.23,164.546,1.0,6.0,0.0,0.0,0.0,6.0,0.0,0.0,1.7715,0.16,0.0,0.0,0.0,0.0,0.0,0.9618,0.0382,0.231,1.0,206,4,Normal,normal
0.0,281.543,164.403,1.0,6.0,0.0,0.0,0.0,6.0,0.0,0.0,1.7715,0.16,0.0,0.0,0.0,0.0,0.0,0.9572,0.0428,0.29,1.0,206,5,Normal,normal
0.0,320.127,150.32,1.0,6.0,0.0,0.0,0.0,6.0,0.0,0.0,4.389,0.3965,0.0,0.0,0.0,0.0,0.0,0.9698,0.0302,-1.532,1.0,207,1,Normal,normal
0.0,318.453,150.217,1.0,6.0,0.0,0.0,0.0,6.0,0.0,0.0,4.389,0.3965,0.0,0.0,0.0,0.0,0.0,0.9616,0.0384,0.655,1.0,207,2,Normal,normal
0.0,317.507,150.032,1.0,6.0,0.0,0.0,0.0,6.0,0.0,0.0,4.389,0.3965,0.0,0.0,0.0,0.0,0.0,0.9569,0.0431,0.652,1.0,207,3,Normal,normal
0.0,316.795,149.975,1.0,6.0,0.0,0.0,0.0,6.0,0.0,0.0,4.389,0.3965,0.0,0.0,0.0,0.0,0.0,0.9637,0.0363,0.239,1.0,207,4,Normal,normal
0.0,316.038,149.778,1.0,6.0,0.0,0.0,0.0,6.0,0.0,0.0,4.389,0.3965,0.0,0.0,0.0,0.0,0.0,0.956,0.044,0.291,1.0,207,5,Normal,normal
0.0,272.777,153.637,1.0,6.0,0.0,0.0,0.0,6.0,0.0,0.0,0.521,0.0471,0.0,0.0,0.0,0.0,0.0,0.9653,0.0347,-1.514,1.0,208,1,Normal,normal
0.0,271.093,153.618,1.0,6.0,0.0,0.0,0.0,6.0,0.0,0.0,0.521,0.0471,0.0,0.0,0.0,0.0,0.0,0.9591,0.0409,0.644,1.0,208,2,Normal,normal
0.0,270.097,153.537,1.0,6.0,0.0,0.0,0.0,6.0,0.0,0.0,0.521,0.0471,0.0,0.0,0.0,0.0,0.0,0.9605,0.0395,0.644,1.0,208,3,Normal,normal
0.0,269.25,153.52,1.0,6.0,0.0,0.0,0.0,6.0,0.0,0.0,0.521,0.0471,0.0,0.0,0.0,0.0,0.0,0.9631,0.0369,0.231,1.0,208,4,Normal,normal
0.0,268.342,153.648,1.0,6.0,0.0,0.0,0.0,6.0,0.0,0.0,0.521,0.0471,0.0,0.0,0.0,0.0,0.0,0.9589,0.0411,0.283,1.0,208,5,Normal,normal
0.0,283.338,144.886,1.0,6.0,0.0,0.0,0.0,6.0,0.0,0.0,0.5899,0.0533,0.0,0.0,0.0,0.0,0.0,0.9659,0.0341,-1.475,1.0,209,1,Normal,normal
0.0,281.697,144.825,1.0,6.0,0.0,0.0,0.0,6.0,0.0,0.0,0.5899,0.0533,0.0,0.0,0.0,0.0,0.0,0.9586,0.0414,0.628,1.0,209,2,Normal,normal
0.0,280.653,144.808,1.0,6.0,0.0,0.0,0.0,6.0,0.0,0.0,0.5899,0.0533,0.0,0.0,0.0,0.0,0.0,0.963,0.037,0.627,1.0,209,3,Normal,normal
0.0,279.765,144.846,1.0,6.0,0.0,0.0,0.0,6.0,0.0,0.0,0.5899,0.0533,0.0,0.0,0.0,0.0,0.0,0.9645,0.0355,0.226,1.0,209,4,Normal,normal
0.0,278.722,145.108,1.0,6.0,0.0,0.0,0.0,6.0,0.0,0.0,0.5899,0.0533,0.0,0.0,0.0,0.0,0.0,0.958,0.042,0.271,1.0,209,5,Normal,normal
0.0,370.057,194.077,1.0,6.0,0.0,0.0,0.0,6.0,0.0,0.0,2.4912,0.225,0.0,0.0,0.0,0.0,0.0,0.9661,0.0339,-1.447,1.0,210,1,Normal,normal
0.0,368.358,194.053,1.0,6.0,0.0,0.0,0.0,6.0,0.0,0.0,2.4912,0.225,0.0,0.0,0.0,0.0,0.0,0.958,0.042,0.618,1.0,210,2,Normal,normal
0.0,367.232,194.147,1.0,6.0,0.0,0.0,0.0,6.0,0.0,0.0,2.4912,0.225,0.0,0.0,0.0,0.0,0.0,0.9659,0.0341,0.615,1.0,210,3,Normal,normal
0.0,366.23,194.203,1.0,6.0,0.0,0.0,0.0,6.0,0.0,0.0,2.4912,0.225,0.0,0.0,0.0,0.0,0.0,0.9658,0.0342,0.216,1.0,210,4,Normal,normal
0.0,365.108,194.529,1.0,6.0,0.0,0.0,0.0,6.0,0.0,0.0,2.4912,0.225,0.0,0.0,0.0,0.0,0.0,0.9581,0.0419,0.271,1.0,210,5,Normal,normal
0.0,307.203,211.158,1.0,6.0,0.0,0.0,0.0,6.0,0.0,0.0,0.4728,0.0427,0.0,0.0,0.0,0.0,0.0,0.9671,0.0329,-1.407,1.0,211,1,Normal,normal
0.0,305.575,211.119,1.0,6.0,0.0,0.0,0.0,6.0,0.0,0.0,0.4728,0.0427,0.0,0.0,0.0,0.0,0.0,0.9613,0.0387,0.602,1.0,211,2,Normal,normal
0.0,304.463,211.238,1.0,6.0,0.0,0.0,0.0,6.0,0.0,0.0,0.4728,0.0427,0.0,0.0,0.0,0.0,0.0,0.9636,0.0364,0.596,1.0,211,3,Normal,normal
0.0,303.548,211.226,1.0,6.0,0.0,0.0,0.0,6.0,0.0,0.0,0.4728,0.0427,0.0,0.0,0.0,0.0,0.0,0.9661,0.0339,0.224,1.0,211,4,Normal,normal
0.0,302.45,211.44,1.0,6.0,0.0,0.0,0.0,6.0,0.0,0.0,0.4728,0.0427,0.0,0.0,0.0,0.0,0.0,0.961,0.039,0.26,1.0,211,5,Normal,normal
0.0,315.765,204.454,1.0,6.0,0.0,0.0,0.0,6.0,0.0,0.0,1.1122,0.1005,0.0,0.0,0.0,0.0,0.0,0.9701,0.0299,-1.361,1.0,212,1,Normal,normal
0.0,314.26,204.309,1.0,6.0,0.0,0.0,0.0,6.0,0.0,0.0,1.1122,0.1005,0.0,0.0,0.0,0.0,0.0,0.9617,0.0383,0.577,1.0,212,2,Normal,normal
0.0,313.317,204.294,1.0,6.0,0.0,0.0,0.0,6.0,0.0,0.0,1.1122,0.1005,0.0,0.0,0.0,0.0,0.0,0.9627,0.0373,0.567,1.0,212,3,Normal,normal
0.0,312.475,204.222,1.0,6.0,0.0,0.0,0.0,6.0,0.0,0.0,1.1122,0.1005,0.0,0.0,0.0,0.0,0.0,0.9669,0.0331,0.207,1.0,212,4,Normal,normal
0.0,311.588,204.268,1.0,6.0,0.0,0.0,0.0,6.0,0.0,0.0,1.1122,0.1005,0.0,0.0,0.0,0.0,0.0,0.9612,0.0388,0.254,1.0,212,5,Normal,normal
0.0,372.76,218.641,1.0,6.0,0.0,0.0,0.0,6.0,0.0,0.0,2.1212,0.1916,0.0,0.0,0.0,0.0,0.0,0.9663,0.0337,-1.329,1.0,213,1,Normal,normal
0.0,371.052,218.158,1.0,6.0,0.0,0.0,0.0,6.0,0.0,0.0,2.1212,0.1916,0.0,0.0,0.0,0.0,0.0,0.9626,0.0374,0.57,1.0,213,2,Normal,normal
0.0,370.058,218.118,1.0,6.0,0.0,0.0,0.0,6.0,0.0,0.0,2.1212,0.1916,0.0,0.0,0.0,0.0,0.0,0.966,0.034,0.564,1.0,213,3,Normal,normal
0.0,369.198,218.053,1.0,6.0,0.0,0.0,0.0,6.0,0.0,0.0,2.1212,0.1916,0.0,0.0,0.0,0.0,0.0,0.9639,0.0361,0.2,1.0,213,4,Normal,normal
0.0,368.463,218.149,1.0,6.0,0.0,0.0,0.0,6.0,0.0,0.0,2.1212,0.1916,0.0,0.0,0.0,0.0,0.0,0.9618,0.0382,0.243,1.0,213,5,Normal,normal
0.0,303.66,224.098,1.0,6.0,0.0,0.0,0.0,6.0,0.0,0.0,3.1337,0.2831,0.0,0.0,0.0,0.0,0.0,0.9726,0.0274,-1.268,1.0,214,1,Normal,normal
0.0,301.793,223.589,1.0,6.0,0.0,0.0,0.0,6.0,0.0,0.0,3.1337,0.2831,0.0,0.0,0.0,0.0,0.0,0.9651,0.0349,0.534,1.0,214,2,Normal,normal
0.0,300.613,223.561,1.0,6.0,0.0,0.0,0.0,6.0,0.0,0.0,3.1337,0.2831,0.0,0.0,0.0,0.0,0.0,0.9677,0.0323,0.537,1.0,214,3,Normal,normal
0.0,299.747,223.619,1.0,6.0,0.0,0.0,0.0,6.0,0.0,0.0,3.1337,0.2831,0.0,0.0,0.0,0.0,0.0,0.975,0.025,0.189,1.0,214,4,Normal,normal
0.0,298.955,223.832,1.0,6.0,0.0,0.0,0.0,6.0,0.0,0.0,3.1337,0.2831,0.0,0.0,0.0,0.0,0.0,0.965,0.035,0.238,1.0,214,5,Normal,normal
0.0,287.65,158.045,1.0,5.0,0.0,0.0,0.0,5.0,0.0,0.0,0.9939,0.0898,0.0,0.0,0.0,0.0,0.0,0.9729,0.0271,-1.213,1.0,215,1,Normal,normal
1.0,396.074,221.434,2.0,6.0,1.0,0.0,0.0,7.0,0.0,0.0,0.9939,0.0898,0.0,0.0,0.0,0.0,0.0,0.9694,0.0306,0.515,1.0,215,2,Cyber Intrusion,command_injection
0.0,358.588,219.074,1.0,6.0,0.0,0.0,0.0,6.0,0.0,0.0,0.9939,0.0898,0.0,0.0,0.0,0.0,0.0,0.9681,0.0319,0.511,1.0,215,3,Normal,normal
0.0,357.708,219.174,1.0,6.0,0.0,0.0,0.0,6.0,0.0,0.0,0.9939,0.0898,0.0,0.0,0.0,0.0,0.0,0.969,0.031,0.18,1.0,215,4,Normal,normal
0.0,356.693,219.582,1.0,6.0,0.0,0.0,0.0,6.0,0.0,0.0,0.9939,0.0898,0.0,0.0,0.0,0.0,0.0,0.9645,0.0355,0.219,1.0,215,5,Normal,normal
0.0,223.27,141.672,1.0,5.0,0.0,0.0,0.0,5.0,0.0,0.0,1.5576,0.1407,0.0,0.0,0.0,0.0,0.0,0.9758,0.0242,-1.16,1.0,216,1,Normal,normal
1.0,277.499,182.189,2.0,6.0,1.0,0.0,0.0,7.0,0.0,0.0,1.5576,0.1407,0.0,0.0,0.0,0.0,0.0,0.9678,0.0322,0.49,1.0,216,2,Cyber Intrusion,command_injection
0.0,220.292,129.24,1.0,6.0,0.0,0.0,0.0,6.0,0.0,0.0,1.5576,0.1407,0.0,0.0,0.0,0.0,0.0,0.972,0.028,0.493,1.0,216,3,Normal,normal
0.0,219.305,129.234,1.0,6.0,0.0,0.0,0.0,6.0,0.0,0.0,1.5576,0.1407,0.0,0.0,0.0,0.0,0.0,0.9753,0.0247,0.177,1.0,216,4,Normal,normal
0.0,218.193,129.399,1.0,6.0,0.0,0.0,0.0,6.0,0.0,0.0,1.5576,0.1407,0.0,0.0,0.0,0.0,0.0,0.9703,0.0297,0.212,1.0,216,5,Normal,normal
0.0,232.026,135.937,1.0,5.0,0.0,0.0,0.0,5.0,0.0,0.0,1.726,0.1559,0.0,0.0,0.0,0.0,0.0,0.9777,0.0223,-1.103,1.0,217,1,Normal,normal
1.0,268.43,186.348,2.0,6.0,1.0,0.0,0.0,7.0,0.0,0.0,1.726,0.1559,0.0,0.0,0.0,0.0,0.0,0.9693,0.0307,0.464,1.0,217,2,Cyber Intrusion,command_injection
0.0,209.795,131.554,1.0,6.0,0.0,0.0,0.0,6.0,0.0,0.0,1.726,0.1559,0.0,0.0,0.0,0.0,0.0,0.9746,0.0254,0.464,1.0,217,3,Normal,normal
0.0,208.853,131.576,1.0,6.0,0.0,0.0,0.0,6.0,0.0,0.0,1.726,0.1559,0.0,0.0,0.0,0.0,0.0,0.972,0.028,0.167,1.0,217,4,Normal,normal
0.0,207.668,131.746,1.0,6.0,0.0,0.0,0.0,6.0,0.0,0.0,1.726,0.1559,0.0,0.0,0.0,0.0,0.0,0.9687,0.0313,0.204,1.0,217,5,Normal,normal
0.0,359.127,193.739,1.0,6.0,0.0,0.0,0.0,6.0,0.0,0.0,1.5396,0.1391,0.0,0.0,0.0,0.0,0.0,0.9765,0.0235,-1.083,1.0,218,1,Normal,normal
0.0,357.507,193.976,1.0,6.0,0.0,0.0,0.0,6.0,0.0,0.0,1.5396,0.1391,0.0,0.0,0.0,0.0,0.0,0.9719,0.0281,0.458,1.0,218,2,Cyber Intrusion,command_injection
0.0,356.447,194.18,1.0,6.0,0.0,0.0,0.0,6.0,0.0,0.0,1.5396,0.1391,0.0,0.0,0.0,0.0,0.0,0.9717,0.0283,0.457,1.0,218,3,Normal,normal
0.0,355.557,194.403,1.0,6.0,0.0,0.0,0.0,6.0,0.0,0.0,1.5396,0.1391,0.0,0.0,0.0,0.0,0.0,0.9705,0.0295,0.162,1.0,218,4,Normal,normal
0.0,354.758,194.583,1.0,6.0,0.0,0.0,0.0,6.0,0.0,0.0,1.5396,0.1391,0.0,0.0,0.0,0.0,0.0,0.9703,0.0297,0.205,1.0,218,5,Normal,normal
0.0,298.27,200.231,1.0,6.0,0.0,0.0,0.0,6.0,0.0,0.0,2.1379,0.1931,0.0,0.0,0.0,0.0,0.0,0.9783,0.0217,-1.033,1.0,219,1,Normal,normal
0.0,296.735,200.429,1.0,6.0,0.0,0.0,0.0,6.0,0.0,0.0,2.1379,0.1931,0.0,0.0,0.0,0.0,0.0,0.975,0.025,0.437,1.0,219,2,Cyber Intrusion,command_injection
0.0,295.522,200.691,1.0,6.0,0.0,0.0,0.0,6.0,0.0,0.0,2.1379,0.1931,0.0,0.0,0.0,0.0,0.0,0.9706,0.0294,0.435,1.0,219,3,Normal,normal
0.0,294.412,201.08,1.0,6.0,0.0,0.0,0.0,6.0,0.0,0.0,2.1379,0.1931,0.0,0.0,0.0,0.0,0.0,0.9745,0.0255,0.157,1.0,219,4,Normal,normal
0.0,293.35,201.505,1.0,6.0,0.0,0.0,0.0,6.0,0.0,0.0,2.1379,0.1931,0.0,0.0,0.0,0.0,0.0,0.9712,0.0288,0.189,1.0,219,5,Normal,normal
0.0,387.843,219.254,1.0,6.0,0.0,0.0,0.0,6.0,0.0,0.0,4.3592,0.3938,0.0,0.0,0.0,0.0,0.0,0.9767,0.0233,-1.001,1.0,220,1,Normal,normal
0.0,386.308,219.31,1.0,6.0,0.0,0.0,0.0,6.0,0.0,0.0,4.3592,0.3938,0.0,0.0,0.0,0.0,0.0,0.977,0.023,0.427,1.0,220,2,Cyber Intrusion,command_injection
0.0,384.562,219.133,1.0,6.0,0.0,0.0,0.0,6.0,0.0,0.0,4.3592,0.3938,0.0,0.0,0.0,0.0,0.0,0.9775,0.0225,0.417,1.0,220,3,Normal,normal
0.0,383.183,219.303,1.0,6.0,0.0,0.0,0.0,6.0,0.0,0.0,4.3592,0.3938,0.0,0.0,0.0,0.0,0.0,0.9716,0.0284,0.149,1.0,220,4,Normal,normal
0.0,382.005,219.686,1.0,6.0,0.0,0.0,0.0,6.0,0.0,0.0,4.3592,0.3938,0.0,0.0,0.0,0.0,0.0,0.9723,0.0277,0.186,1.0,220,5,Normal,normal
0.0,441.703,193.434,1.0,6.0,0.0,0.0,0.0,6.0,0.0,0.0,2.9304,0.2647,0.0,0.0,0.0,0.0,0.0,0.9798,0.0202,-0.983,1.0,221,1,Normal,normal
0.0,440.048,193.264,1.0,6.0,0.0,0.0,0.0,6.0,0.0,0.0,2.9304,0.2647,0.0,0.0,0.0,0.0,0.0,0.9703,0.0297,0.418,1.0,221,2,Cyber Intrusion,command_injection
0.0,438.26,192.952,1.0,6.0,0.0,0.0,0.0,6.0,0.0,0.0,2.9304,0.2647,0.0,0.0,0.0,0.0,0.0,0.9744,0.0256,0.419,1.0,221,3,Normal,normal
0.0,436.865,193.108,1.0,6.0,0.0,0.0,0.0,6.0,0.0,0.0,2.9304,0.2647,0.0,0.0,0.0,0.0,0.0,0.9746,0.0254,0.15,1.0,221,4,Normal,normal
0.0,435.76,193.491,1.0,6.0,0.0,0.0,0.0,6.0,0.0,0.0,2.9304,0.2647,0.0,0.0,0.0,0.0,0.0,0.9749,0.0251,0.182,1.0,221,5,Normal,normal
0.0,393.478,204.167,1.0,6.0,0.0,0.0,0.0,6.0,0.0,0.0,1.3393,0.121,0.0,0.0,0.0,0.0,0.0,0.9801,0.0199,-0.956,1.0,222,1,Normal,normal
0.0,391.638,204.078,1.0,6.0,0.0,0.0,0.0,6.0,0.0,0.0,1.3393,0.121,0.0,0.0,0.0,0.0,0.0,0.9732,0.0268,0.4,1.0,222,2,Cyber Intrusion,command_injection
0.0,389.893,203.594,1.0,6.0,0.0,0.0,0.0,6.0,0.0,0.0,1.3393,0.121,0.0,0.0,0.0,0.0,0.0,0.9746,0.0254,0.407,1.0,222,3,Normal,normal
0.0,388.487,203.615,1.0,6.0,0.0,0.0,0.0,6.0,0.0,0.0,1.3393,0.121,0.0,0.0,0.0,0.0,0.0,0.9783,0.0217,0.144,1.0,222,4,Normal,normal
0.0,387.37,203.887,1.0,6.0,0.0,0.0,0.0,6.0,0.0,0.0,1.3393,0.121,0.0,0.0,0.0,0.0,0.0,0.9756,0.0244,0.18,1.0,222,5,Normal,normal
0.0,541.312,151.664,1.0,6.0,0.0,0.0,0.0,6.0,0.0,0.0,3.3859,0.3058,0.0,0.0,0.0,0.0,0.0,0.982,0.018,-0.946,1.0,223,1,Normal,normal
0.0,539.465,151.902,1.0,6.0,0.0,0.0,0.0,6.0,0.0,0.0,3.3859,0.3058,0.0,0.0,0.0,0.0,0.0,0.9731,0.0269,0.399,1.0,223,2,Cyber Intrusion,command_injection
0.0,537.747,151.399,1.0,6.0,0.0,0.0,0.0,6.0,0.0,0.0,3.3859,0.3058,0.0,0.0,0.0,0.0,0.0,0.9776,0.0224,0.404,1.0,223,3,Normal,normal
0.0,536.592,151.203,1.0,6.0,0.0,0.0,0.0,6.0,0.0,0.0,3.3859,0.3058,0.0,0.0,0.0,0.0,0.0,0.9734,0.0266,0.144,1.0,223,4,Normal,normal
0.0,535.787,151.104,1.0,6.0,0.0,0.0,0.0,6.0,0.0,0.0,3.3859,0.3058,0.0,0.0,0.0,0.0,0.0,0.9742,0.0258,0.174,1.0,223,5,Normal,normal
0.0,512.08,138.266,1.0,6.0,0.0,0.0,0.0,6.0,0.0,0.0,1.3624,0.1231,0.0,0.0,0.0,0.0,0.0,0.9823,0.0177,-0.937,1.0,224,1,Normal,normal
0.0,510.455,138.605,1.0,6.0,0.0,0.0,0.0,6.0,0.0,0.0,1.3624,0.1231,0.0,0.0,0.0,0.0,0.0,0.9743,0.0257,0.397,1.0,224,2,Cyber Intrusion,command_injection
0.0,509.318,138.425,1.0,6.0,0.0,0.0,0.0,6.0,0.0,0.0,1.3624,0.1231,0.0,0.0,0.0,0.0,0.0,0.976,0.024,0.398,1.0,224,3,Normal,normal
0.0,508.457,138.426,1.0,6.0,0.0,0.0,0.0,6.0,0.0,0.0,1.3624,0.1231,0.0,0.0,0.0,0.0,0.0,0.9797,0.0203,0.151,1.0,224,4,Normal,normal
0.0,507.798,138.437,1.0,6.0,0.0,0.0,0.0,6.0,0.0,0.0,1.3624,0.1231,0.0,0.0,0.0,0.0,0.0,0.974,0.026,0.175,1.0,224,5,Normal,normal
0.0,461.863,189.211,1.0,6.0,0.0,0.0,0.0,6.0,0.0,0.0,1.8047,0.163,0.0,0.0,0.0,0.0,0.0,0.9808,0.0192,-0.932,1.0,225,1,Normal,normal
0.0,460.138,189.596,1.0,6.0,0.0,0.0,0.0,6.0,0.0,0.0,1.8047,0.163,0.0,0.0,0.0,0.0,0.0,0.9727,0.0273,0.394,1.0,225,2,Cyber Intrusion,command_injection
0.0,458.842,189.806,1.0,6.0,0.0,0.0,0.0,6.0,0.0,0.0,1.8047,0.163,0.0,0.0,0.0,0.0,0.0,0.9744,0.0256,0.385,1.0,225,3,Normal,normal
0.0,457.872,189.922,1.0,6.0,0.0,0.0,0.0,6.0,0.0,0.0,1.8047,0.163,0.0,0.0,0.0,0.0,0.0,0.9773,0.0227,0.143,1.0,225,4,Normal,normal
0.0,457.082,190.003,1.0,6.0,0.0,0.0,0.0,6.0,0.0,0.0,1.8047,0.163,0.0,0.0,0.0,0.0,0.0,0.9753,0.0247,0.175,1.0,225,5,Normal,normal
0.0,380.707,185.221,1.0,6.0,0.0,0.0,0.0,6.0,0.0,0.0,1.7152,0.1549,0.0,0.0,0.0,0.0,0.0,0.9819,0.0181,-0.938,1.0,226,1,Normal,normal
0.0,378.947,185.605,1.0,6.0,0.0,0.0,0.0,6.0,0.0,0.0,1.7152,0.1549,0.0,0.0,0.0,0.0,0.0,0.9758,0.0242,0.396,1.0,226,2,Normal,normal
0.0,377.835,185.968,1.0,6.0,0.0,0.0,0.0,6.0,0.0,0.0,1.7152,0.1549,0.0,0.0,0.0,0.0,0.0,0.9744,0.0256,0.395,1.0,226,3,Normal,normal
0.0,376.905,186.089,1.0,6.0,0.0,0.0,0.0,6.0,0.0,0.0,1.7152,0.1549,0.0,0.0,0.0,0.0,0.0,0.9773,0.0227,0.143,1.0,226,4,Cyber Intrusion,replay
0.0,376.128,186.161,1.0,6.0,0.0,0.0,0.0,6.0,0.0,0.0,1.7152,0.1549,0.0,0.0,0.0,0.0,0.0,0.9764,0.0236,0.173,1.0,226,5,Normal,normal
0.0,351.885,158.571,1.0,6.0,0.0,0.0,0.0,6.0,0.0,0.0,1.9713,0.1781,0.0,0.0,0.0,0.0,0.0,0.976,0.024,-0.929,1.0,227,1,Normal,normal
0.0,350.147,158.95,1.0,6.0,0.0,0.0,0.0,6.0,0.0,0.0,1.9713,0.1781,0.0,0.0,0.0,0.0,0.0,0.9743,0.0257,0.403,1.0,227,2,Normal,normal
0.0,349.022,159.291,1.0,6.0,0.0,0.0,0.0,6.0,0.0,0.0,1.9713,0.1781,0.0,0.0,0.0,0.0,0.0,0.9772,0.0228,0.396,1.0,227,3,Normal,normal
0.0,348.092,159.386,1.0,6.0,0.0,0.0,0.0,6.0,0.0,0.0,1.9713,0.1781,0.0,0.0,0.0,0.0,0.0,0.9773,0.0227,0.143,1.0,227,4,Cyber Intrusion,replay
0.0,347.372,159.478,1.0,6.0,0.0,0.0,0.0,6.0,0.0,0.0,1.9713,0.1781,0.0,0.0,0.0,0.0,0.0,0.976,0.024,0.174,1.0,227,5,Normal,normal
0.0,270.147,155.953,1.0,6.0,0.0,0.0,0.0,6.0,0.0,0.0,4.8247,0.4358,0.0,0.0,0.0,0.0,0.0,0.9752,0.0248,-0.948,1.0,228,1,Normal,normal
0.0,268.465,156.328,1.0,6.0,0.0,0.0,0.0,6.0,0.0,0.0,4.8247,0.4358,0.0,0.0,0.0,0.0,0.0,0.9724,0.0276,0.401,1.0,228,2,Normal,normal
0.0,267.508,156.591,1.0,6.0,0.0,0.0,0.0,6.0,0.0,0.0,4.8247,0.4358,0.0,0.0,0.0,0.0,0.0,0.9783,0.0217,0.407,1.0,228,3,Normal,normal
0.0,266.77,156.721,1.0,6.0,0.0,0.0,0.0,6.0,0.0,0.0,4.8247,0.4358,0.0,0.0,0.0,0.0,0.0,0.9773,0.0227,0.143,1.0,228,4,Cyber Intrusion,replay
0.0,266.178,156.917,1.0,6.0,0.0,0.0,0.0,6.0,0.0,0.0,4.8247,0.4358,0.0,0.0,0.0,0.0,0.0,0.9682,0.0318,0.181,1.0,228,5,Normal,normal
0.0,281.045,147.735,1.0,6.0,0.0,0.0,0.0,6.0,0.0,0.0,1.6191,0.1463,0.0,0.0,0.0,0.0,0.0,0.9793,0.0207,-0.962,1.0,229,1,Normal,normal
0.0,279.333,148.121,1.0,6.0,0.0,0.0,0.0,6.0,0.0,0.0,1.6191,0.1463,0.0,0.0,0.0,0.0,0.0,0.9766,0.0234,0.406,1.0,229,2,Normal,normal
0.0,278.467,148.292,1.0,6.0,0.0,0.0,0.0,6.0,0.0,0.0,1.6191,0.1463,0.0,0.0,0.0,0.0,0.0,0.9795,0.0205,0.409,1.0,229,3,Normal,normal
0.0,277.728,148.422,1.0,6.0,0.0,0.0,0.0,6.0,0.0,0.0,1.6191,0.1463,0.0,0.0,0.0,0.0,0.0,0.976,0.024,0.135,1.0,229,4,Cyber Intrusion,replay
0.0,277.132,148.633,1.0,6.0,0.0,0.0,0.0,6.0,0.0,0.0,1.6191,0.1463,0.0,0.0,0.0,0.0,0.0,0.9727,0.0273,0.18,1.0,229,5,Normal,normal
0.0,337.805,168.827,1.0,6.0,0.0,0.0,0.0,6.0,0.0,0.0,0.1987,0.0179,0.0,0.0,0.0,0.0,0.0,0.9781,0.0219,-0.97,1.0,230,1,Normal,normal
0.0,336.0,169.011,1.0,6.0,0.0,0.0,0.0,6.0,0.0,0.0,0.1987,0.0179,0.0,0.0,0.0,0.0,0.0,0.9756,0.0244,0.415,1.0,230,2,Normal,normal
0.0,335.018,168.986,1.0,6.0,0.0,0.0,0.0,6.0,0.0,0.0,0.1987,0.0179,0.0,0.0,0.0,0.0,0.0,0.9764,0.0236,0.412,1.0,230,3,Normal,normal
0.0,334.107,168.881,1.0,6.0,0.0,0.0,0.0,6.0,0.0,0.0,0.1987,0.0179,0.0,0.0,0.0,0.0,0.0,0.9776,0.0224,0.144,1.0,230,4,Cyber Intrusion,replay
0.0,333.205,168.735,1.0,6.0,0.0,0.0,0.0,6.0,0.0,0.0,0.1987,0.0179,0.0,0.0,0.0,0.0,0.0,0.9735,0.0265,0.18,1.0,230,5,Normal,normal
0.0,285.317,173.425,1.0,6.0,0.0,0.0,0.0,6.0,0.0,0.0,1.117,0.1009,0.0,0.0,0.0,0.0,0.0,0.9781,0.0219,-0.975,1.0,231,1,Normal,normal
0.0,283.153,173.639,1.0,6.0,0.0,0.0,0.0,6.0,0.0,0.0,1.117,0.1009,0.0,0.0,0.0,0.0,0.0,0.9765,0.0235,0.41,1.0,231,2,Normal,normal
0.0,282.117,173.619,1.0,6.0,0.0,0.0,0.0,6.0,0.0,0.0,1.117,0.1009,0.0,0.0,0.0,0.0,0.0,0.9775,0.0225,0.413,1.0,231,3,Normal,normal
0.0,281.24,173.461,1.0,6.0,0.0,0.0,0.0,6.0,0.0,0.0,1.117,0.1009,0.0,0.0,0.0,0.0,0.0,0.9752,0.0248,0.148,1.0,231,4,Cyber Intrusion,replay
0.0,280.282,173.212,1.0,6.0,0.0,0.0,0.0,6.0,0.0,0.0,1.117,0.1009,0.0,0.0,0.0,0.0,0.0,0.9728,0.0272,0.176,1.0,231,5,Normal,normal
0.0,289.09,170.06,1.0,6.0,0.0,0.0,0.0,6.0,0.0,0.0,1.1776,0.1064,0.0,0.0,0.0,0.0,0.0,0.9762,0.0238,-0.989,1.0,232,1,Normal,normal
0.0,287.063,170.154,1.0,6.0,0.0,0.0,0.0,6.0,0.0,0.0,1.1776,0.1064,0.0,0.0,0.0,0.0,0.0,0.974,0.026,0.417,1.0,232,2,Normal,normal
0.0,286.043,170.114,1.0,6.0,0.0,0.0,0.0,6.0,0.0,0.0,1.1776,0.1064,0.0,0.0,0.0,0.0,0.0,0.9776,0.0224,0.416,1.0,232,3,Normal,normal
0.0,285.163,169.952,1.0,6.0,0.0,0.0,0.0,6.0,0.0,0.0,1.1776,0.1064,0.0,0.0,0.0,0.0,0.0,0.9759,0.0241,0.151,1.0,232,4,Normal,normal
0.0,284.243,169.661,1.0,6.0,0.0,0.0,0.0,6.0,0.0,0.0,1.1776,0.1064,0.0,0.0,0.0,0.0,0.0,0.9731,0.0269,0.18,1.0,232,5,Normal,normal
0.0,310.117,150.579,1.0,6.0,0.0,0.0,0.0,6.0,0.0,0.0,0.3237,0.0292,0.0,0.0,0.0,0.0,0.0,0.9791,0.0209,-0.995,1.0,233,1,Normal,normal
0.0,308.17,150.782,1.0,6.0,0.0,0.0,0.0,6.0,0.0,0.0,0.3237,0.0292,0.0,0.0,0.0,0.0,0.0,0.9736,0.0264,0.424,1.0,233,2,Normal,normal
0.0,307.298,150.912,1.0,6.0,0.0,0.0,0.0,6.0,0.0,0.0,0.3237,0.0292,0.0,0.0,0.0,0.0,0.0,0.9745,0.0255,0.421,1.0,233,3,Normal,normal
0.0,306.602,150.967,1.0,6.0,0.0,0.0,0.0,6.0,0.0,0.0,0.3237,0.0292,0.0,0.0,0.0,0.0,0.0,0.9754,0.0246,0.143,1.0,233,4,Normal,normal
0.0,305.818,150.887,1.0,6.0,0.0,0.0,0.0,6.0,0.0,0.0,0.3237,0.0292,0.0,0.0,0.0,0.0,0.0,0.9729,0.0271,0.182,1.0,233,5,Normal,normal
0.0,252.538,148.456,1.0,6.0,0.0,0.0,0.0,6.0,0.0,0.0,1.7858,0.1613,0.0,0.0,0.0,0.0,0.0,0.9753,0.0247,-1.013,1.0,234,1,Normal,normal
0.0,250.693,148.539,1.0,6.0,0.0,0.0,0.0,6.0,0.0,0.0,1.7858,0.1613,0.0,0.0,0.0,0.0,0.0,0.9738,0.0262,0.426,1.0,234,2,Normal,normal
0.0,249.805,148.653,1.0,6.0,0.0,0.0,0.0,6.0,0.0,0.0,1.7858,0.1613,0.0,0.0,0.0,0.0,0.0,0.9748,0.0252,0.429,1.0,234,3,Normal,normal
0.0,249.002,148.835,1.0,6.0,0.0,0.0,0.0,6.0,0.0,0.0,1.7858,0.1613,0.0,0.0,0.0,0.0,0.0,0.9747,0.0253,0.152,1.0,234,4,Normal,normal
0.0,248.248,148.973,1.0,6.0,0.0,0.0,0.0,6.0,0.0,0.0,1.7858,0.1613,0.0,0.0,0.0,0.0,0.0,0.9748,0.0252,0.184,1.0,234,5,Normal,normal
0.0,261.91,141.708,1.0,6.0,0.0,0.0,0.0,6.0,0.0,0.0,0.7669,0.0693,0.0,0.0,0.0,0.0,0.0,0.9755,0.0245,-1.01,1.0,235,1,Normal,normal
0.0,260.195,141.687,1.0,6.0,0.0,0.0,0.0,6.0,0.0,0.0,0.7669,0.0693,0.0,0.0,0.0,0.0,0.0,0.9722,0.0278,0.433,1.0,235,2,Normal,normal
0.0,259.333,141.78,1.0,6.0,0.0,0.0,0.0,6.0,0.0,0.0,0.7669,0.0693,0.0,0.0,0.0,0.0,0.0,0.9755,0.0245,0.425,1.0,235,3,Normal,normal
0.0,258.517,141.989,1.0,6.0,0.0,0.0,0.0,6.0,0.0,0.0,0.7669,0.0693,0.0,0.0,0.0,0.0,0.0,0.9758,0.0242,0.153,1.0,235,4,Normal,normal
0.0,257.768,142.136,1.0,6.0,0.0,0.0,0.0,6.0,0.0,0.0,0.7669,0.0693,0.0,0.0,0.0,0.0,0.0,0.9716,0.0284,0.189,1.0,235,5,Normal,normal
0.0,315.928,155.22,1.0,6.0,0.0,0.0,0.0,6.0,0.0,0.0,1.7003,0.1536,0.0,0.0,0.0,0.0,0.0,0.9813,0.0187,-1.017,1.0,236,1,Normal,normal
0.0,314.153,155.097,1.0,6.0,0.0,0.0,0.0,6.0,0.0,0.0,1.7003,0.1536,0.0,0.0,0.0,0.0,0.0,0.9715,0.0285,0.432,1.0,236,2,Normal,normal
0.0,313.325,155.136,1.0,6.0,0.0,0.0,0.0,6.0,0.0,0.0,1.7003,0.1536,0.0,0.0,0.0,0.0,0.0,0.9753,0.0247,0.429,1.0,236,3,Normal,normal
0.0,312.56,155.329,1.0,6.0,0.0,0.0,0.0,6.0,0.0,0.0,1.7003,0.1536,0.0,0.0,0.0,0.0,0.0,0.9769,0.0231,0.15,1.0,236,4,Normal,normal
0.0,311.843,155.466,1.0,6.0,0.0,0.0,0.0,6.0,0.0,0.0,1.7003,0.1536,0.0,0.0,0.0,0.0,0.0,0.9725,0.0275,0.198,1.0,236,5,Normal,normal
0.0,274.5,165.32,1.0,6.0,0.0,0.0,0.0,6.0,0.0,0.0,3.9499,0.3568,0.0,0.0,0.0,0.0,0.0,0.9779,0.0221,-1.024,1.0,237,1,Normal,normal
0.0,272.805,165.298,1.0,6.0,0.0,0.0,0.0,6.0,0.0,0.0,3.9499,0.3568,0.0,0.0,0.0,0.0,0.0,0.9766,0.0234,0.438,1.0,237,2,Normal,normal
0.0,272.015,165.344,1.0,6.0,0.0,0.0,0.0,6.0,0.0,0.0,3.9499,0.3568,0.0,0.0,0.0,0.0,0.0,0.9696,0.0304,0.432,1.0,237,3,Normal,normal
0.0,271.35,165.436,1.0,6.0,0.0,0.0,0.0,6.0,0.0,0.0,3.9499,0.3568,0.0,0.0,0.0,0.0,0.0,0.9749,0.0251,0.16,1.0,237,4,Normal,normal
0.0,270.773,165.462,1.0,6.0,0.0,0.0,0.0,6.0,0.0,0.0,3.9499,0.3568,0.0,0.0,0.0,0.0,0.0,0.9719,0.0281,0.187,1.0,237,5,Normal,normal
0.0,282.03,158.929,1.0,6.0,0.0,0.0,0.0,6.0,0.0,0.0,2.5278,0.2283,0.0,0.0,0.0,0.0,0.0,0.9767,0.0233,-1.028,1.0,238,1,Normal,normal
0.0,280.213,159.004,1.0,6.0,0.0,0.0,0.0,6.0,0.0,0.0,2.5278,0.2283,0.0,0.0,0.0,0.0,0.0,0.9745,0.0255,0.437,1.0,238,2,Normal,normal
0.0,279.253,159.187,1.0,6.0,0.0,0.0,0.0,6.0,0.0,0.0,2.5278,0.2283,0.0,0.0,0.0,0.0,0.0,0.9703,0.0297,0.441,1.0,238,3,Normal,normal
0.0,278.543,159.312,1.0,6.0,0.0,0.0,0.0,6.0,0.0,0.0,2.5278,0.2283,0.0,0.0,0.0,0.0,0.0,0.974,0.026,0.158,1.0,238,4,Normal,normal
0.0,277.958,159.341,1.0,6.0,0.0,0.0,0.0,6.0,0.0,0.0,2.5278,0.2283,0.0,0.0,0.0,0.0,0.0,0.9683,0.0317,0.183,1.0,238,5,Normal,normal
0.0,327.925,161.659,1.0,6.0,0.0,0.0,0.0,6.0,0.0,0.0,0.8728,0.0788,0.0,0.0,0.0,0.0,0.0,0.9761,0.0239,-1.019,1.0,239,1,Normal,normal
0.0,326.313,162.033,1.0,6.0,0.0,0.0,0.0,6.0,0.0,0.0,0.8728,0.0788,0.0,0.0,0.0,0.0,0.0,0.9709,0.0291,0.435,1.0,239,2,Normal,normal
0.0,325.382,162.232,1.0,6.0,0.0,0.0,0.0,6.0,0.0,0.0,0.8728,0.0788,0.0,0.0,0.0,0.0,0.0,0.9731,0.0269,0.439,1.0,239,3,Normal,normal
0.0,324.625,162.252,1.0,6.0,0.0,0.0,0.0,6.0,0.0,0.0,0.8728,0.0788,0.0,0.0,0.0,0.0,0.0,0.9724,0.0276,0.15,1.0,239,4,Normal,normal
0.0,323.94,162.116,1.0,6.0,0.0,0.0,0.0,6.0,0.0,0.0,0.8728,0.0788,0.0,0.0,0.0,0.0,0.0,0.9702,0.0298,0.191,1.0,239,5,Normal,normal
0.0,281.892,171.933,1.0,6.0,0.0,0.0,0.0,6.0,0.0,0.0,2.5994,0.2348,0.0,0.0,0.0,0.0,0.0,0.9751,0.0249,-1.042,1.0,240,1,Normal,normal
0.0,280.168,172.281,1.0,6.0,0.0,0.0,0.0,6.0,0.0,0.0,2.5994,0.2348,0.0,0.0,0.0,0.0,0.0,0.971,0.029,0.44,1.0,240,2,Normal,normal
0.0,279.023,172.518,1.0,6.0,0.0,0.0,0.0,6.0,0.0,0.0,2.5994,0.2348,0.0,0.0,0.0,0.0,0.0,0.9767,0.0233,0.441,1.0,240,3,Normal,normal
0.0,278.047,172.673,1.0,6.0,0.0,0.0,0.0,6.0,0.0,0.0,2.5994,0.2348,0.0,0.0,0.0,0.0,0.0,0.9721,0.0279,0.164,1.0,240,4,Normal,normal
0.0,277.302,172.556,1.0,6.0,0.0,0.0,0.0,6.0,0.0,0.0,2.5994,0.2348,0.0,0.0,0.0,0.0,0.0,0.9694,0.0306,0.184,1.0,240,5,Normal,normal
0.0,300.058,159.082,1.0,6.0,0.0,0.0,0.0,6.0,0.0,0.0,3.0276,0.2735,0.0,0.0,0.0,0.0,0.0,0.9761,0.0239,-1.043,1.0,241,1,Normal,normal
0.0,298.28,159.48,1.0,6.0,0.0,0.0,0.0,6.0,0.0,0.0,3.0276,0.2735,0.0,0.0,0.0,0.0,0.0,0.9758,0.0242,0.438,1.0,241,2,Normal,normal
0.0,297.113,159.786,1.0,6.0,0.0,0.0,0.0,6.0,0.0,0.0,3.0276,0.2735,0.0,0.0,0.0,0.0,0.0,0.9735,0.0265,0.446,1.0,241,3,Normal,normal
0.0,296.083,160.025,1.0,6.0,0.0,0.0,0.0,6.0,0.0,0.0,3.0276,0.2735,0.0,0.0,0.0,0.0,0.0,0.9744,0.0256,0.155,1.0,241,4,Normal,normal
0.0,295.303,159.944,1.0,6.0,0.0,0.0,0.0,6.0,0.0,0.0,3.0276,0.2735,0.0,0.0,0.0,0.0,0.0,0.9671,0.0329,0.196,1.0,241,5,Normal,normal
0.0,380.375,211.127,1.0,6.0,0.0,0.0,0.0,6.0,0.0,0.0,0.4393,0.0397,0.0,0.0,0.0,0.0,0.0,0.9793,0.0207,-1.045,1.0,242,1,Normal,normal
0.0,378.38,210.923,1.0,6.0,0.0,0.0,0.0,6.0,0.0,0.0,0.4393,0.0397,0.0,0.0,0.0,0.0,0.0,0.9725,0.0275,0.437,1.0,242,2,Normal,normal
0.0,377.132,210.869,1.0,6.0,0.0,0.0,0.0,6.0,0.0,0.0,0.4393,0.0397,0.0,0.0,0.0,0.0,0.0,0.9749,0.0251,0.444,1.0,242,3,Normal,normal
0.0,375.967,210.868,1.0,6.0,0.0,0.0,0.0,6.0,0.0,0.0,0.4393,0.0397,0.0,0.0,0.0,0.0,0.0,0.9756,0.0244,0.155,1.0,242,4,Normal,normal
0.0,374.925,210.68,1.0,6.0,0.0,0.0,0.0,6.0,0.0,0.0,0.4393,0.0397,0.0,0.0,0.0,0.0,0.0,0.971,0.029,0.185,1.0,242,5,Normal,normal
0.0,316.253,228.489,1.0,6.0,0.0,0.0,0.0,6.0,0.0,0.0,1.2183,0.11,0.0,0.0,0.0,0.0,0.0,0.9768,0.0232,-1.056,1.0,243,1,Normal,normal
0.0,314.468,227.984,1.0,6.0,0.0,0.0,0.0,6.0,0.0,0.0,1.2183,0.11,0.0,0.0,0.0,0.0,0.0,0.9737,0.0263,0.45,1.0,243,2,Normal,normal
0.0,313.41,227.704,1.0,6.0,0.0,0.0,0.0,6.0,0.0,0.0,1.2183,0.11,0.0,0.0,0.0,0.0,0.0,0.9749,0.0251,0.444,1.0,243,3,Cyber Intrusion,replay
0.0,312.4,227.474,1.0,6.0,0.0,0.0,0.0,6.0,0.0,0.0,1.2183,0.11,0.0,0.0,0.0,0.0,0.0,0.9786,0.0214,0.158,1.0,243,4,Normal,normal
0.0,311.413,227.194,1.0,6.0,0.0,0.0,0.0,6.0,0.0,0.0,1.2183,0.11,0.0,0.0,0.0,0.0,0.0,0.9705,0.0295,0.191,1.0,243,5,Normal,normal
0.0,325.707,221.428,1.0,6.0,0.0,0.0,0.0,6.0,0.0,0.0,1.4798,0.1337,0.0,0.0,0.0,0.0,0.0,0.9742,0.0258,-1.064,1.0,244,1,Normal,normal
0.0,323.9,220.937,1.0,6.0,0.0,0.0,0.0,6.0,0.0,0.0,1.4798,0.1337,0.0,0.0,0.0,0.0,0.0,0.9724,0.0276,0.461,1.0,244,2,Normal,normal
0.0,322.907,220.602,1.0,6.0,0.0,0.0,0.0,6.0,0.0,0.0,1.4798,0.1337,0.0,0.0,0.0,0.0,0.0,0.9749,0.0251,0.444,1.0,244,3,Cyber Intrusion,replay
0.0,322.047,220.247,1.0,6.0,0.0,0.0,0.0,6.0,0.0,0.0,1.4798,0.1337,0.0,0.0,0.0,0.0,0.0,0.9734,0.0266,0.165,1.0,244,4,Normal,normal
0.0,321.062,219.976,1.0,6.0,0.0,0.0,0.0,6.0,0.0,0.0,1.4798,0.1337,0.0,0.0,0.0,0.0,0.0,0.968,0.032,0.201,1.0,244,5,Normal,normal
0.0,310.818,145.215,1.0,6.0,0.0,0.0,0.0,6.0,0.0,0.0,1.8444,0.1666,0.0,0.0,0.0,0.0,0.0,0.9763,0.0237,-1.075,1.0,245,1,Normal,normal
0.0,309.232,145.004,1.0,6.0,0.0,0.0,0.0,6.0,0.0,0.0,1.8444,0.1666,0.0,0.0,0.0,0.0,0.0,0.9723,0.0277,0.453,1.0,245,2,Normal,normal
0.0,308.32,144.81,1.0,6.0,0.0,0.0,0.0,6.0,0.0,0.0,1.8444,0.1666,0.0,0.0,0.0,0.0,0.0,0.9749,0.0251,0.444,1.0,245,3,Cyber Intrusion,replay
0.0,307.623,144.671,1.0,6.0,0.0,0.0,0.0,6.0,0.0,0.0,1.8444,0.1666,0.0,0.0,0.0,0.0,0.0,0.9735,0.0265,0.168,1.0,245,4,Normal,normal
0.0,306.667,144.444,1.0,6.0,0.0,0.0,0.0,6.0,0.0,0.0,1.8444,0.1666,0.0,0.0,0.0,0.0,0.0,0.9666,0.0334,0.205,1.0,245,5,Normal,normal
0.0,254.16,150.484,1.0,6.0,0.0,0.0,0.0,6.0,0.0,0.0,3.9769,0.3592,0.0,0.0,0.0,0.0,0.0,0.9757,0.0243,-1.098,1.0,246,1,Normal,normal
0.0,252.447,150.401,1.0,6.0,0.0,0.0,0.0,6.0,0.0,0.0,3.9769,0.3592,0.0,0.0,0.0,0.0,0.0,0.9669,0.0331,0.465,1.0,246,2,Normal,normal
0.0,251.472,150.377,1.0,6.0,0.0,0.0,0.0,6.0,0.0,0.0,3.9769,0.3592,0.0,0.0,0.0,0.0,0.0,0.9749,0.0251,0.444,1.0,246,3,Cyber Intrusion,replay
0.0,250.88,150.322,1.0,6.0,0.0,0.0,0.0,6.0,0.0,0.0,3.9769,0.3592,0.0,0.0,0.0,0.0,0.0,0.9705,0.0295,0.168,1.0,246,4,Normal,normal
0.0,250.185,150.252,1.0,6.0,0.0,0.0,0.0,6.0,0.0,0.0,3.9769,0.3592,0.0,0.0,0.0,0.0,0.0,0.9657,0.0343,0.208,1.0,246,5,Normal,normal
0.0,271.79,139.893,1.0,6.0,0.0,0.0,0.0,6.0,0.0,0.0,1.8728,0.1692,0.0,0.0,0.0,0.0,0.0,0.9778,0.0222,-1.13,1.0,247,1,Normal,normal
0.0,270.027,139.867,1.0,6.0,0.0,0.0,0.0,6.0,0.0,0.0,1.8728,0.1692,0.0,0.0,0.0,0.0,0.0,0.9753,0.0247,0.482,1.0,247,2,Normal,normal
0.0,269.083,139.852,1.0,6.0,0.0,0.0,0.0,6.0,0.0,0.0,1.8728,0.1692,0.0,0.0,0.0,0.0,0.0,0.9749,0.0251,0.444,1.0,247,3,Cyber Intrusion,replay
0.0,268.48,139.799,1.0,6.0,0.0,0.0,0.0,6.0,0.0,0.0,1.8728,0.1692,0.0,0.0,0.0,0.0,0.0,0.973,0.027,0.171,1.0,247,4,Normal,normal
0.0,267.837,139.676,1.0,6.0,0.0,0.0,0.0,6.0,0.0,0.0,1.8728,0.1692,0.0,0.0,0.0,0.0,0.0,0.9705,0.0295,0.214,1.0,247,5,Normal,normal
0.0,293.51,120.283,1.0,6.0,0.0,0.0,0.0,6.0,0.0,0.0,2.001,0.1808,0.0,0.0,0.0,0.0,0.0,0.9756,0.0244,-1.152,1.0,248,1,Normal,normal
0.0,291.738,120.321,1.0,6.0,0.0,0.0,0.0,6.0,0.0,0.0,2.001,0.1808,0.0,0.0,0.0,0.0,0.0,0.9705,0.0295,0.493,1.0,248,2,Normal,normal
0.0,290.798,120.393,1.0,6.0,0.0,0.0,0.0,6.0,0.0,0.0,2.001,0.1808,0.0,0.0,0.0,0.0,0.0,0.9684,0.0316,0.482,1.0,248,3,Cyber Intrusion,replay
0.0,290.167,120.314,1.0,6.0,0.0,0.0,0.0,6.0,0.0,0.0,2.001,0.1808,0.0,0.0,0.0,0.0,0.0,0.9749,0.0251,0.181,1.0,248,4,Normal,normal
0.0,289.602,120.285,1.0,6.0,0.0,0.0,0.0,6.0,0.0,0.0,2.001,0.1808,0.0,0.0,0.0,0.0,0.0,0.9703,0.0297,0.214,1.0,248,5,Normal,normal
0.0,260.693,122.914,1.0,6.0,0.0,0.0,0.0,6.0,0.0,0.0,2.7061,0.2444,0.0,0.0,0.0,0.0,0.0,0.9724,0.0276,-1.181,1.0,249,1,Normal,normal
0.0,258.885,123.057,1.0,6.0,0.0,0.0,0.0,6.0,0.0,0.0,2.7061,0.2444,0.0,0.0,0.0,0.0,0.0,0.9693,0.0307,0.498,1.0,249,2,Normal,normal
0.0,257.793,123.178,1.0,6.0,0.0,0.0,0.0,6.0,0.0,0.0,2.7061,0.2444,0.0,0.0,0.0,0.0,0.0,0.9747,0.0253,0.497,1.0,249,3,Cyber Intrusion,replay
0.0,256.597,123.607,1.0,6.0,0.0,0.0,0.0,6.0,0.0,0.0,2.7061,0.2444,0.0,0.0,0.0,0.0,0.0,0.9699,0.0301,0.184,1.0,249,4,Normal,normal
0.0,255.832,123.847,1.0,6.0,0.0,0.0,0.0,6.0,0.0,0.0,2.7061,0.2444,0.0,0.0,0.0,0.0,0.0,0.9677,0.0323,0.216,1.0,249,5,Normal,normal
0.0,269.123,113.815,1.0,6.0,0.0,0.0,0.0,6.0,0.0,0.0,0.5005,0.0452,0.0,0.0,0.0,0.0,0.0,0.9733,0.0267,-1.225,1.0,250,1,Normal,normal
0.0,267.188,114.11,1.0,6.0,0.0,0.0,0.0,6.0,0.0,0.0,0.5005,0.0452,0.0,0.0,0.0,0.0,0.0,0.9675,0.0325,0.516,1.0,250,2,Normal,normal
0.0,266.192,114.129,1.0,6.0,0.0,0.0,0.0,6.0,0.0,0.0,0.5005,0.0452,0.0,0.0,0.0,0.0,0.0,0.9711,0.0289,0.516,1.0,250,3,Cyber Intrusion,replay
0.0,264.938,114.682,1.0,6.0,0.0,0.0,0.0,6.0,0.0,0.0,0.5005,0.0452,0.0,0.0,0.0,0.0,0.0,0.9722,0.0278,0.184,1.0,250,4,Normal,normal
0.0,264.11,115.024,1.0,6.0,0.0,0.0,0.0,6.0,0.0,0.0,0.5005,0.0452,0.0,0.0,0.0,0.0,0.0,0.9655,0.0345,0.23,1.0,250,5,Normal,normal
0.0,329.282,156.527,1.0,6.0,0.0,0.0,0.0,6.0,0.0,0.0,1.6491,0.149,0.0,0.0,0.0,0.0,0.0,0.9717,0.0283,-1.245,1.0,251,1,Normal,normal
0.0,327.322,156.846,1.0,6.0,0.0,0.0,0.0,6.0,0.0,0.0,1.6491,0.149,0.0,0.0,0.0,0.0,0.0,0.9638,0.0362,0.529,1.0,251,2,Normal,normal
0.0,326.328,156.991,1.0,6.0,0.0,0.0,0.0,6.0,0.0,0.0,1.6491,0.149,0.0,0.0,0.0,0.0,0.0,0.9665,0.0335,0.524,1.0,251,3,Cyber Intrusion,replay
0.0,325.113,157.661,1.0,6.0,0.0,0.0,0.0,6.0,0.0,0.0,1.6491,0.149,0.0,0.0,0.0,0.0,0.0,0.9712,0.0288,0.191,1.0,251,4,Normal,normal
0.0,324.185,157.901,1.0,6.0,0.0,0.0,0.0,6.0,0.0,0.0,1.6491,0.149,0.0,0.0,0.0,0.0,0.0,0.9631,0.0369,0.232,1.0,251,5,Normal,normal
0.0,282.442,169.974,1.0,6.0,0.0,0.0,0.0,6.0,0.0,0.0,1.4482,0.1308,0.0,0.0,0.0,0.0,0.0,0.9705,0.0295,-1.292,1.0,252,1,Normal,normal
0.0,280.443,170.22,1.0,6.0,0.0,0.0,0.0,6.0,0.0,0.0,1.4482,0.1308,0.0,0.0,0.0,0.0,0.0,0.9687,0.0313,0.551,1.0,252,2,Normal,normal
0.0,279.445,170.31,1.0,6.0,0.0,0.0,0.0,6.0,0.0,0.0,1.4482,0.1308,0.0,0.0,0.0,0.0,0.0,0.9665,0.0335,0.54,1.0,252,3,Cyber Intrusion,replay
0.0,278.222,170.792,1.0,6.0,0.0,0.0,0.0,6.0,0.0,0.0,1.4482,0.1308,0.0,0.0,0.0,0.0,0.0,0.9684,0.0316,0.194,1.0,252,4,Normal,normal
0.0,277.05,171.055,1.0,6.0,0.0,0.0,0.0,6.0,0.0,0.0,1.4482,0.1308,0.0,0.0,0.0,0.0,0.0,0.9659,0.0341,0.24,1.0,252,5,Normal,normal
0.0,287.858,151.628,1.0,5.0,0.0,0.0,0.0,5.0,0.0,0.0,2.2377,0.2021,0.0,0.0,0.0,0.0,0.0,0.9731,0.0269,-1.34,1.0,253,1,Normal,normal
0.0,328.333,167.554,1.0,6.0,0.0,0.0,0.0,6.0,0.0,0.0,2.2377,0.2021,0.0,0.0,0.0,0.0,0.0,0.964,0.036,0.565,1.0,253,2,Normal,normal
1.0,397.233,231.213,2.0,6.0,1.0,0.0,0.0,7.0,0.0,0.0,2.2377,0.2021,0.0,0.0,0.0,0.0,0.0,0.966,0.034,0.565,1.0,253,3,Cyber Intrusion,command_injection
0.0,326.15,167.584,1.0,6.0,0.0,0.0,0.0,6.0,0.0,0.0,2.2377,0.2021,0.0,0.0,0.0,0.0,0.0,0.9655,0.0345,0.197,1.0,253,4,Normal,normal
0.0,324.958,167.639,1.0,6.0,0.0,0.0,0.0,6.0,0.0,0.0,2.2377,0.2021,0.0,0.0,0.0,0.0,0.0,0.9597,0.0403,0.248,1.0,253,5,Normal,normal
0.0,210.204,121.301,1.0,5.0,0.0,0.0,0.0,5.0,0.0,0.0,1.4915,0.1347,0.0,0.0,0.0,0.0,0.0,0.9707,0.0293,-1.389,1.0,254,1,Normal,normal
0.0,216.118,111.972,1.0,6.0,0.0,0.0,0.0,6.0,0.0,0.0,1.4915,0.1347,0.0,0.0,0.0,0.0,0.0,0.9613,0.0387,0.59,1.0,254,2,Normal,normal
1.0,300.966,234.76,2.0,6.0,1.0,0.0,0.0,7.0,0.0,0.0,1.4915,0.1347,0.0,0.0,0.0,0.0,0.0,0.9626,0.0374,0.593,1.0,254,3,Cyber Intrusion,command_injection
0.0,213.805,111.345,1.0,6.0,0.0,0.0,0.0,6.0,0.0,0.0,1.4915,0.1347,0.0,0.0,0.0,0.0,0.0,0.9648,0.0352,0.213,1.0,254,4,Normal,normal
0.0,212.627,111.141,1.0,6.0,0.0,0.0,0.0,6.0,0.0,0.0,1.4915,0.1347,0.0,0.0,0.0,0.0,0.0,0.962,0.038,0.251,1.0,254,5,Normal,normal
0.0,225.318,113.856,1.0,5.0,0.0,0.0,0.0,5.0,0.0,0.0,0.5827,0.0526,0.0,0.0,0.0,0.0,0.0,0.968,0.032,-1.432,1.0,255,1,Normal,normal
0.0,206.362,110.81,1.0,6.0,0.0,0.0,0.0,6.0,0.0,0.0,0.5827,0.0526,0.0,0.0,0.0,0.0,0.0,0.9634,0.0366,0.61,1.0,255,2,Normal,normal
1.0,292.599,237.379,2.0,6.0,1.0,0.0,0.0,7.0,0.0,0.0,0.5827,0.0526,0.0,0.0,0.0,0.0,0.0,0.9647,0.0353,0.606,1.0,255,3,Cyber Intrusion,command_injection
0.0,203.925,110.203,1.0,6.0,0.0,0.0,0.0,6.0,0.0,0.0,0.5827,0.0526,0.0,0.0,0.0,0.0,0.0,0.9641,0.0359,0.218,1.0,255,4,Normal,normal
0.0,202.78,109.978,1.0,6.0,0.0,0.0,0.0,6.0,0.0,0.0,0.5827,0.0526,0.0,0.0,0.0,0.0,0.0,0.959,0.041,0.261,1.0,255,5,Normal,normal
0.0,316.502,140.168,1.0,6.0,0.0,0.0,0.0,6.0,0.0,0.0,1.0896,0.0984,0.0,0.0,0.0,0.0,0.0,0.9674,0.0326,-1.452,1.0,256,1,Normal,normal
0.0,314.633,140.26,1.0,6.0,0.0,0.0,0.0,6.0,0.0,0.0,1.0896,0.0984,0.0,0.0,0.0,0.0,0.0,0.9629,0.0371,0.614,1.0,256,2,Normal,normal
0.0,313.137,139.959,1.0,6.0,0.0,0.0,0.0,6.0,0.0,0.0,1.0896,0.0984,0.0,0.0,0.0,0.0,0.0,0.9606,0.0394,0.618,1.0,256,3,Cyber Intrusion,command_injection
0.0,311.755,139.671,1.0,6.0,0.0,0.0,0.0,6.0,0.0,0.0,1.0896,0.0984,0.0,0.0,0.0,0.0,0.0,0.9637,0.0363,0.22,1.0,256,4,Normal,normal
0.0,310.655,139.488,1.0,6.0,0.0,0.0,0.0,6.0,0.0,0.0,1.0896,0.0984,0.0,0.0,0.0,0.0,0.0,0.9597,0.0403,0.272,1.0,256,5,Normal,normal
0.0,261.078,144.698,1.0,6.0,0.0,0.0,0.0,6.0,0.0,0.0,2.1887,0.1977,0.0,0.0,0.0,0.0,0.0,0.9659,0.0341,-1.487,1.0,257,1,Normal,normal
0.0,259.34,144.654,1.0,6.0,0.0,0.0,0.0,6.0,0.0,0.0,2.1887,0.1977,0.0,0.0,0.0,0.0,0.0,0.961,0.039,0.637,1.0,257,2,Normal,normal
0.0,257.983,144.353,1.0,6.0,0.0,0.0,0.0,6.0,0.0,0.0,2.1887,0.1977,0.0,0.0,0.0,0.0,0.0,0.9663,0.0337,0.63,1.0,257,3,Cyber Intrusion,command_injection
0.0,256.823,144.149,1.0,6.0,0.0,0.0,0.0,6.0,0.0,0.0,2.1887,0.1977,0.0,0.0,0.0,0.0,0.0,0.9631,0.0369,0.232,1.0,257,4,Normal,normal
0.0,255.947,144.062,1.0,6.0,0.0,0.0,0.0,6.0,0.0,0.0,2.1887,0.1977,0.0,0.0,0.0,0.0,0.0,0.9568,0.0432,0.282,1.0,257,5,Normal,normal
0.0,272.575,136.303,1.0,6.0,0.0,0.0,0.0,6.0,0.0,0.0,0.8871,0.0801,0.0,0.0,0.0,0.0,0.0,0.9636,0.0364,-1.523,1.0,258,1,Normal,normal
0.0,270.88,136.246,1.0,6.0,0.0,0.0,0.0,6.0,0.0,0.0,0.8871,0.0801,0.0,0.0,0.0,0.0,0.0,0.9586,0.0414,0.646,1.0,258,2,Normal,normal
0.0,269.595,135.903,1.0,6.0,0.0,0.0,0.0,6.0,0.0,0.0,0.8871,0.0801,0.0,0.0,0.0,0.0,0.0,0.9599,0.0401,0.65,1.0,258,3,Cyber Intrusion,command_injection
0.0,268.418,135.718,1.0,6.0,0.0,0.0,0.0,6.0,0.0,0.0,0.8871,0.0801,0.0,0.0,0.0,0.0,0.0,0.9611,0.0389,0.243,1.0,258,4,Normal,normal
0.0,267.625,135.555,1.0,6.0,0.0,0.0,0.0,6.0,0.0,0.0,0.8871,0.0801,0.0,0.0,0.0,0.0,0.0,0.9539,0.0461,0.286,1.0,258,5,Normal,normal
0.0,333.243,167.264,1.0,6.0,0.0,0.0,0.0,6.0,0.0,0.0,5.5163,0.4983,0.0,0.0,0.0,0.0,0.0,0.9647,0.0353,-1.527,1.0,259,1,Normal,normal
0.0,331.442,166.806,1.0,6.0,0.0,0.0,0.0,6.0,0.0,0.0,5.5163,0.4983,0.0,0.0,0.0,0.0,0.0,0.9546,0.0454,0.645,1.0,259,2,Normal,normal
0.0,330.233,166.439,1.0,6.0,0.0,0.0,0.0,6.0,0.0,0.0,5.5163,0.4983,0.0,0.0,0.0,0.0,0.0,0.9627,0.0373,0.648,1.0,259,3,Cyber Intrusion,command_injection
0.0,329.143,166.247,1.0,6.0,0.0,0.0,0.0,6.0,0.0,0.0,5.5163,0.4983,0.0,0.0,0.0,0.0,0.0,0.9649,0.0351,0.241,1.0,259,4,Normal,normal
0.0,328.275,166.032,1.0,6.0,0.0,0.0,0.0,6.0,0.0,0.0,5.5163,0.4983,0.0,0.0,0.0,0.0,0.0,0.9516,0.0484,0.282,1.0,259,5,Normal,normal
0.0,291.353,180.329,1.0,6.0,0.0,0.0,0.0,6.0,0.0,0.0,2.7017,0.244,0.0,0.0,0.0,0.0,0.0,0.98,0.02,-0.892,1.0,260,1,Natural Fault,line_trip
0.0,289.413,179.961,1.0,6.0,0.0,0.0,0.0,6.0,0.0,0.0,2.7017,0.244,0.0,0.0,0.0,0.0,0.0,0.0,1.0,0.0,3.0,260,2,Natural Fault,line_trip
0.0,288.137,179.65,1.0,6.0,0.0,0.0,0.0,6.0,0.0,0.0,2.7017,0.244,0.0,0.0,0.0,0.0,0.0,0.9772,0.0228,0.661,1.0,260,3,Natural Fault,line_trip
0.0,287.172,179.512,1.0,6.0,0.0,0.0,0.0,6.0,0.0,0.0,2.7017,0.244,0.0,0.0,0.0,0.0,0.0,0.9773,0.0227,0.23,1.0,260,4,Natural Fault,line_trip
0.0,286.35,179.36,1.0,6.0,0.0,0.0,0.0,6.0,0.0,0.0,2.7017,0.244,0.0,0.0,0.0,0.0,0.0,0.0,1.0,-0.004,3.0,260,5,Natural Fault,line_trip
0.0,297.27,174.976,1.0,6.0,0.0,0.0,0.0,6.0,0.0,0.0,3.792,0.3425,0.0,0.0,0.0,0.0,0.0,0.9806,0.0194,-0.896,1.0,261,1,Natural Fault,line_trip
0.0,295.307,174.624,1.0,6.0,0.0,0.0,0.0,6.0,0.0,0.0,3.792,0.3425,0.0,0.0,0.0,0.0,0.0,0.0,1.0,-0.007,3.0,261,2,Natural Fault,line_trip
0.0,294.04,174.292,1.0,6.0,0.0,0.0,0.0,6.0,0.0,0.0,3.792,0.3425,0.0,0.0,0.0,0.0,0.0,0.9762,0.0238,0.658,1.0,261,3,Natural Fault,line_trip
0.0,293.113,174.114,1.0,6.0,0.0,0.0,0.0,6.0,0.0,0.0,3.792,0.3425,0.0,0.0,0.0,0.0,0.0,0.9801,0.0199,0.239,1.0,261,4,Natural Fault,line_trip
0.0,292.278,173.973,1.0,6.0,0.0,0.0,0.0,6.0,0.0,0.0,3.792,0.3425,0.0,0.0,0.0,0.0,0.0,0.0,1.0,-0.005,3.0,261,5,Natural Fault,line_trip
0.0,333.72,169.353,1.0,6.0,0.0,0.0,0.0,6.0,0.0,0.0,2.8987,0.2618,0.0,0.0,0.0,0.0,0.0,0.9828,0.0172,-0.897,1.0,262,1,Natural Fault,line_trip
0.0,331.983,169.452,1.0,6.0,0.0,0.0,0.0,6.0,0.0,0.0,2.8987,0.2618,0.0,0.0,0.0,0.0,0.0,0.0,1.0,0.002,3.0,262,2,Natural Fault,line_trip
0.0,330.928,169.511,1.0,6.0,0.0,0.0,0.0,6.0,0.0,0.0,2.8987,0.2618,0.0,0.0,0.0,0.0,0.0,0.9784,0.0216,0.666,1.0,262,3,Natural Fault,line_trip
0.0,330.248,169.566,1.0,6.0,0.0,0.0,0.0,6.0,0.0,0.0,2.8987,0.2618,0.0,0.0,0.0,0.0,0.0,0.9759,0.0241,0.227,1.0,262,4,Natural Fault,line_trip
0.0,329.535,169.573,1.0,6.0,0.0,0.0,0.0,6.0,0.0,0.0,2.8987,0.2618,0.0,0.0,0.0,0.0,0.0,0.0,1.0,-0.005,3.0,262,5,Natural Fault,line_trip
0.0,262.783,165.879,1.0,6.0,0.0,0.0,0.0,6.0,0.0,0.0,3.1315,0.2829,0.0,0.0,0.0,0.0,0.0,0.9758,0.0242,-0.891,1.0,263,1,Natural Fault,line_trip
0.0,260.853,166.072,1.0,6.0,0.0,0.0,0.0,6.0,0.0,0.0,3.1315,0.2829,0.0,0.0,0.0,0.0,0.0,0.0,1.0,0.004,3.0,263,2,Natural Fault,line_trip
0.0,259.665,166.196,1.0,6.0,0.0,0.0,0.0,6.0,0.0,0.0,3.1315,0.2829,0.0,0.0,0.0,0.0,0.0,0.9744,0.0256,0.65,1.0,263,3,Natural Fault,line_trip
0.0,259.002,166.323,1.0,6.0,0.0,0.0,0.0,6.0,0.0,0.0,3.1315,0.2829,0.0,0.0,0.0,0.0,0.0,0.975,0.025,0.24,1.0,263,4,Natural Fault,line_trip
0.0,258.233,166.527,1.0,6.0,0.0,0.0,0.0,6.0,0.0,0.0,3.1315,0.2829,0.0,0.0,0.0,0.0,0.0,0.0,1.0,0.0,3.0,263,5,Natural Fault,line_trip
0.0,269.318,160.829,1.0,6.0,0.0,0.0,0.0,6.0,0.0,0.0,6.2564,0.5651,0.0,0.0,0.0,0.0,0.0,0.9769,0.0231,-0.878,1.0,264,1,Natural Fault,line_trip
0.0,267.417,161.018,1.0,6.0,0.0,0.0,0.0,6.0,0.0,0.0,6.2564,0.5651,0.0,0.0,0.0,0.0,0.0,0.0,1.0,-0.004,3.0,264,2,Natural Fault,line_trip
0.0,266.323,161.078,1.0,6.0,0.0,0.0,0.0,6.0,0.0,0.0,6.2564,0.5651,0.0,0.0,0.0,0.0,0.0,0.9765,0.0235,0.65,1.0,264,3,Natural Fault,line_trip
0.0,265.735,161.15,1.0,6.0,0.0,0.0,0.0,6.0,0.0,0.0,6.2564,0.5651,0.0,0.0,0.0,0.0,0.0,0.9759,0.0241,0.231,1.0,264,4,Natural Fault,line_trip
0.0,265.052,161.295,1.0,6.0,0.0,0.0,0.0,6.0,0.0,0.0,6.2564,0.5651,0.0,0.0,0.0,0.0,0.0,0.0,1.0,0.01,3.0,264,5,Natural Fault,line_trip
0.0,321.158,169.18,1.0,6.0,0.0,0.0,0.0,6.0,0.0,0.0,2.0997,0.1897,0.0,0.0,0.0,0.0,0.0,0.978,0.022,-0.87,1.0,265,1,Natural Fault,line_trip
0.0,319.042,169.227,1.0,6.0,0.0,0.0,0.0,6.0,0.0,0.0,2.0997,0.1897,0.0,0.0,0.0,0.0,0.0,0.0,1.0,0.0,3.0,265,2,Natural Fault,line_trip
0.0,317.955,169.275,1.0,6.0,0.0,0.0,0.0,6.0,0.0,0.0,2.0997,0.1897,0.0,0.0,0.0,0.0,0.0,0.9781,0.0219,0.644,1.0,265,3,Natural Fault,line_trip
0.0,317.352,169.257,1.0,6.0,0.0,0.0,0.0,6.0,0.0,0.0,2.0997,0.1897,0.0,0.0,0.0,0.0,0.0,0.9786,0.0214,0.234,1.0,265,4,Natural Fault,line_trip
0.0,316.583,169.309,1.0,6.0,0.0,0.0,0.0,6.0,0.0,0.0,2.0997,0.1897,0.0,0.0,0.0,0.0,0.0,0.0,1.0,0.0,3.0,265,5,Natural Fault,line_trip
0.0,270.907,169.645,1.0,6.0,0.0,0.0,0.0,6.0,0.0,0.0,5.3608,0.4842,0.0,0.0,0.0,0.0,0.0,0.9807,0.0193,-0.851,1.0,266,1,Natural Fault,line_trip
0.0,268.81,169.508,1.0,6.0,0.0,0.0,0.0,6.0,0.0,0.0,5.3608,0.4842,0.0,0.0,0.0,0.0,0.0,0.0,1.0,0.007,3.0,266,2,Natural Fault,line_trip
0.0,267.682,169.393,1.0,6.0,0.0,0.0,0.0,6.0,0.0,0.0,5.3608,0.4842,0.0,0.0,0.0,0.0,0.0,0.9713,0.0287,0.627,1.0,266,3,Natural Fault,line_trip
0.0,267.017,169.245,1.0,6.0,0.0,0.0,0.0,6.0,0.0,0.0,5.3608,0.4842,0.0,0.0,0.0,0.0,0.0,0.9783,0.0217,0.224,1.0,266,4,Natural Fault,line_trip
0.0,266.285,169.1,1.0,6.0,0.0,0.0,0.0,6.0,0.0,0.0,5.3608,0.4842,0.0,0.0,0.0,0.0,0.0,0.0,1.0,0.004,3.0,266,5,Natural Fault,line_trip
0.0,312.208,157.326,1.0,6.0,0.0,0.0,0.0,6.0,0.0,0.0,3.6479,0.3295,0.0,0.0,0.0,0.0,0.0,0.9798,0.0202,-0.824,1.0,267,1,Natural Fault,line_trip
0.0,310.165,157.215,1.0,6.0,0.0,0.0,0.0,6.0,0.0,0.0,3.6479,0.3295,0.0,0.0,0.0,0.0,0.0,0.0,1.0,-0.007,3.0,267,2,Natural Fault,line_trip
0.0,309.01,157.104,1.0,6.0,0.0,0.0,0.0,6.0,0.0,0.0,3.6479,0.3295,0.0,0.0,0.0,0.0,0.0,0.9776,0.0224,0.606,1.0,267,3,Natural Fault,line_trip
0.0,308.29,156.982,1.0,6.0,0.0,0.0,0.0,6.0,0.0,0.0,3.6479,0.3295,0.0,0.0,0.0,0.0,0.0,0.9774,0.0226,0.22,1.0,267,4,Natural Fault,line_trip
0.0,307.448,156.848,1.0,6.0,0.0,0.0,0.0,6.0,0.0,0.0,3.6479,0.3295,0.0,0.0,0.0,0.0,0.0,0.0,1.0,0.0,3.0,267,5,Natural Fault,line_trip
0.0,413.72,224.779,1.0,6.0,0.0,0.0,0.0,6.0,0.0,0.0,3.3421,0.3019,0.0,0.0,0.0,0.0,0.0,0.983,0.017,-0.814,1.0,268,1,Natural Fault,line_trip
0.0,411.513,224.872,1.0,6.0,0.0,0.0,0.0,6.0,0.0,0.0,3.3421,0.3019,0.0,0.0,0.0,0.0,0.0,0.0,1.0,-0.006,3.0,268,2,Natural Fault,line_trip
0.0,410.125,224.769,1.0,6.0,0.0,0.0,0.0,6.0,0.0,0.0,3.3421,0.3019,0.0,0.0,0.0,0.0,0.0,0.9801,0.0199,0.6,1.0,268,3,Natural Fault,line_trip
0.0,409.233,224.703,1.0,6.0,0.0,0.0,0.0,6.0,0.0,0.0,3.3421,0.3019,0.0,0.0,0.0,0.0,0.0,0.9788,0.0212,0.22,1.0,268,4,Natural Fault,line_trip
0.0,408.272,224.677,1.0,6.0,0.0,0.0,0.0,6.0,0.0,0.0,3.3421,0.3019,0.0,0.0,0.0,0.0,0.0,0.0,1.0,0.006,3.0,268,5,Natural Fault,line_trip
0.0,368.058,247.58,1.0,6.0,0.0,0.0,0.0,6.0,0.0,0.0,2.1253,0.192,0.0,0.0,0.0,0.0,0.0,0.9834,0.0166,-0.788,1.0,269,1,Natural Fault,line_trip
0.0,365.987,247.689,1.0,6.0,0.0,0.0,0.0,6.0,0.0,0.0,2.1253,0.192,0.0,0.0,0.0,0.0,0.0,0.0,1.0,0.001,3.0,269,2,Natural Fault,line_trip
0.0,364.787,247.567,1.0,6.0,0.0,0.0,0.0,6.0,0.0,0.0,2.1253,0.192,0.0,0.0,0.0,0.0,0.0,0.9757,0.0243,0.58,1.0,269,3,Natural Fault,line_trip
0.0,364.052,247.442,1.0,6.0,0.0,0.0,0.0,6.0,0.0,0.0,2.1253,0.192,0.0,0.0,0.0,0.0,0.0,0.9831,0.0169,0.205,1.0,269,4,Natural Fault,line_trip
0.0,363.272,247.345,1.0,6.0,0.0,0.0,0.0,6.0,0.0,0.0,2.1253,0.192,0.0,0.0,0.0,0.0,0.0,0.0,1.0,0.001,3.0,269,5,Natural Fault,line_trip
0.0,383.447,234.105,1.0,6.0,0.0,0.0,0.0,6.0,43.4087,0.0,2264.1402,204.5201,1.0,8.5232,0.0,1.0,1.0,0.9693,0.0307,-1.298,1.0,270,1,Normal,normal
0.0,381.338,234.227,1.0,6.0,0.0,0.0,0.0,6.0,43.4087,1.0,2264.1402,204.5201,1.0,43.4087,0.0,1.0,1.0,0.8077,0.1923,0.554,1.0,270,2,Cyber Intrusion,data_injection
0.0,380.047,234.197,1.0,6.0,0.0,0.0,0.0,6.0,43.4087,0.0,2264.1402,204.5201,1.0,8.2787,0.0,1.0,1.0,0.9644,0.0356,0.559,1.0,270,3,Normal,normal
0.0,379.035,234.32,1.0,6.0,0.0,0.0,0.0,6.0,43.4087,0.0,2264.1402,204.5201,1.0,9.0946,0.0,1.0,1.0,0.9683,0.0317,0.202,1.0,270,4,Normal,normal
0.0,378.142,234.336,1.0,6.0,0.0,0.0,0.0,6.0,43.4087,0.0,2264.1402,204.5201,1.0,8.1801,0.0,1.0,1.0,0.9605,0.0395,0.241,1.0,270,5,Normal,normal
0.0,380.37,198.543,1.0,6.0,0.0,0.0,0.0,6.0,43.9573,0.0,2322.8534,209.8237,1.0,8.9157,0.0,1.0,1.0,0.9719,0.0281,-1.268,1.0,271,1,Normal,normal
0.0,378.093,198.51,1.0,6.0,0.0,0.0,0.0,6.0,43.9573,1.0,2322.8534,209.8237,1.0,43.9573,0.0,1.0,1.0,0.8077,0.1923,0.53,1.0,271,2,Cyber Intrusion,data_injection
0.0,376.76,198.341,1.0,6.0,0.0,0.0,0.0,6.0,43.9573,0.0,2322.8534,209.8237,1.0,9.8191,0.0,1.0,1.0,0.9706,0.0294,0.535,1.0,271,3,Normal,normal
0.0,375.655,198.307,1.0,6.0,0.0,0.0,0.0,6.0,43.9573,0.0,2322.8534,209.8237,1.0,7.7936,0.0,1.0,1.0,0.966,0.034,0.195,1.0,271,4,Normal,normal
0.0,374.772,198.235,1.0,6.0,0.0,0.0,0.0,6.0,43.9573,0.0,2322.8534,209.8237,1.0,8.3581,0.0,1.0,1.0,0.9627,0.0373,0.233,1.0,271,5,Normal,normal
0.0,309.46,210.922,1.0,6.0,0.0,0.0,0.0,6.0,44.4035,0.0,2372.6082,214.3181,1.0,8.6756,0.0,1.0,1.0,0.9723,0.0277,-1.214,1.0,272,1,Normal,normal
0.0,307.398,210.834,1.0,6.0,0.0,0.0,0.0,6.0,44.4035,1.0,2372.6082,214.3181,1.0,44.4035,0.0,1.0,1.0,0.8077,0.1923,0.521,1.0,272,2,Cyber Intrusion,data_injection
0.0,306.115,210.676,1.0,6.0,0.0,0.0,0.0,6.0,44.4035,0.0,2372.6082,214.3181,1.0,9.9508,0.0,1.0,1.0,0.9723,0.0277,0.512,1.0,272,3,Normal,normal
0.0,305.12,210.588,1.0,6.0,0.0,0.0,0.0,6.0,44.4035,0.0,2372.6082,214.3181,1.0,9.4819,0.0,1.0,1.0,0.9723,0.0277,0.182,1.0,272,4,Normal,normal
0.0,304.325,210.484,1.0,6.0,0.0,0.0,0.0,6.0,44.4035,0.0,2372.6082,214.3181,1.0,7.1433,0.0,1.0,1.0,0.9605,0.0395,0.222,1.0,272,5,Normal,normal
0.0,314.472,206.726,1.0,6.0,0.0,0.0,0.0,6.0,44.9459,0.0,2426.5457,219.1903,1.0,9.0595,0.0,1.0,1.0,0.9748,0.0252,-1.152,1.0,273,1,Normal,normal
0.0,312.573,206.506,1.0,6.0,0.0,0.0,0.0,6.0,44.9459,1.0,2426.5457,219.1903,1.0,44.9459,0.0,1.0,1.0,0.8077,0.1923,0.49,1.0,273,2,Cyber Intrusion,data_injection
0.0,311.488,206.179,1.0,6.0,0.0,0.0,0.0,6.0,44.9459,0.0,2426.5457,219.1903,1.0,8.2915,0.0,1.0,1.0,0.9689,0.0311,0.482,1.0,273,3,Normal,normal
0.0,310.612,205.993,1.0,6.0,0.0,0.0,0.0,6.0,44.9459,0.0,2426.5457,219.1903,1.0,9.2152,0.0,1.0,1.0,0.973,0.027,0.173,1.0,273,4,Normal,normal
0.0,309.828,205.876,1.0,6.0,0.0,0.0,0.0,6.0,44.9459,0.0,2426.5457,219.1903,1.0,9.2452,0.0,1.0,1.0,0.9685,0.0315,0.217,1.0,273,5,Normal,normal
0.0,356.422,197.344,1.0,6.0,0.0,0.0,0.0,6.0,45.015,0.0,2437.6487,220.1932,1.0,9.7163,0.0,1.0,1.0,0.9769,0.0231,-1.123,1.0,274,1,Normal,normal
0.0,354.863,197.321,1.0,6.0,0.0,0.0,0.0,6.0,45.015,1.0,2437.6487,220.1932,1.0,45.015,0.0,1.0,1.0,0.8077,0.1923,0.483,1.0,274,2,Cyber Intrusion,data_injection
0.0,354.112,197.387,1.0,6.0,0.0,0.0,0.0,6.0,45.015,0.0,2437.6487,220.1932,1.0,7.5922,0.0,1.0,1.0,0.967,0.033,0.472,1.0,274,3,Normal,normal
0.0,353.595,197.413,1.0,6.0,0.0,0.0,0.0,6.0,45.015,0.0,2437.6487,220.1932,1.0,8.292,0.0,1.0,1.0,0.9704,0.0296,0.17,1.0,274,4,Normal,normal
0.0,353.092,197.571,1.0,6.0,0.0,0.0,0.0,6.0,45.015,0.0,2437.6487,220.1932,1.0,10.1054,0.0,1.0,1.0,0.9713,0.0287,0.209,1.0,274,5,Normal,normal
0.0,295.812,204.201,1.0,6.0,0.0,0.0,0.0,6.0,0.0,0.0,3.8584,0.3485,0.0,0.0,0.0,0.0,0.0,0.9744,0.0256,-1.079,1.0,275,1,Normal,normal
0.0,294.475,204.283,1.0,6.0,0.0,0.0,0.0,6.0,0.0,0.0,3.8584,0.3485,0.0,0.0,0.0,0.0,0.0,0.975,0.025,0.464,1.0,275,2,Cyber Intrusion,data_injection
0.0,293.865,204.303,1.0,6.0,0.0,0.0,0.0,6.0,0.0,0.0,3.8584,0.3485,0.0,0.0,0.0,0.0,0.0,0.973,0.027,0.454,1.0,275,3,Normal,normal
0.0,293.402,204.357,1.0,6.0,0.0,0.0,0.0,6.0,0.0,0.0,3.8584,0.3485,0.0,0.0,0.0,0.0,0.0,0.975,0.025,0.167,1.0,275,4,Normal,normal
0.0,292.988,204.535,1.0,6.0,0.0,0.0,0.0,6.0,0.0,0.0,3.8584,0.3485,0.0,0.0,0.0,0.0,0.0,0.9757,0.0243,0.196,1.0,275,5,Normal,normal
0.0,306.128,196.431,1.0,6.0,0.0,0.0,0.0,6.0,0.0,0.0,0.6485,0.0586,0.0,0.0,0.0,0.0,0.0,0.9778,0.0222,-1.033,1.0,276,1,Normal,normal
0.0,304.765,196.543,1.0,6.0,0.0,0.0,0.0,6.0,0.0,0.0,0.6485,0.0586,0.0,0.0,0.0,0.0,0.0,0.973,0.027,0.442,1.0,276,2,Cyber Intrusion,data_injection
0.0,304.185,196.546,1.0,6.0,0.0,0.0,0.0,6.0,0.0,0.0,0.6485,0.0586,0.0,0.0,0.0,0.0,0.0,0.9745,0.0255,0.445,1.0,276,3,Normal,normal
0.0,303.668,196.64,1.0,6.0,0.0,0.0,0.0,6.0,0.0,0.0,0.6485,0.0586,0.0,0.0,0.0,0.0,0.0,0.9759,0.0241,0.166,1.0,276,4,Normal,normal
0.0,303.202,196.857,1.0,6.0,0.0,0.0,0.0,6.0,0.0,0.0,0.6485,0.0586,0.0,0.0,0.0,0.0,0.0,0.9744,0.0256,0.19,1.0,276,5,Normal,normal
0.0,334.777,163.395,1.0,6.0,0.0,0.0,0.0,6.0,0.0,0.0,1.2586,0.1137,0.0,0.0,0.0,0.0,0.0,0.9776,0.0224,-1.024,1.0,277,1,Normal,normal
0.0,333.185,163.323,1.0,6.0,0.0,0.0,0.0,6.0,0.0,0.0,1.2586,0.1137,0.0,0.0,0.0,0.0,0.0,0.971,0.029,0.434,1.0,277,2,Cyber Intrusion,data_injection
0.0,332.517,163.249,1.0,6.0,0.0,0.0,0.0,6.0,0.0,0.0,1.2586,0.1137,0.0,0.0,0.0,0.0,0.0,0.975,0.025,0.433,1.0,277,3,Normal,normal
0.0,331.947,163.312,1.0,6.0,0.0,0.0,0.0,6.0,0.0,0.0,1.2586,0.1137,0.0,0.0,0.0,0.0,0.0,0.9779,0.0221,0.155,1.0,277,4,Normal,normal
0.0,331.442,163.42,1.0,6.0,0.0,0.0,0.0,6.0,0.0,0.0,1.2586,0.1137,0.0,0.0,0.0,0.0,0.0,0.9711,0.0289,0.192,1.0,277,5,Normal,normal
0.0,267.935,149.892,1.0,6.0,0.0,0.0,0.0,6.0,0.0,0.0,2.6305,0.2376,0.0,0.0,0.0,0.0,0.0,0.9764,0.0236,-0.993,1.0,278,1,Normal,normal
0.0,266.428,149.745,1.0,6.0,0.0,0.0,0.0,6.0,0.0,0.0,2.6305,0.2376,0.0,0.0,0.0,0.0,0.0,0.9723,0.0277,0.417,1.0,278,2,Cyber Intrusion,data_injection
0.0,265.742,149.662,1.0,6.0,0.0,0.0,0.0,6.0,0.0,0.0,2.6305,0.2376,0.0,0.0,0.0,0.0,0.0,0.9766,0.0234,0.415,1.0,278,3,Normal,normal
0.0,265.128,149.683,1.0,6.0,0.0,0.0,0.0,6.0,0.0,0.0,2.6305,0.2376,0.0,0.0,0.0,0.0,0.0,0.9772,0.0228,0.144,1.0,278,4,Normal,normal
0.0,264.552,149.603,1.0,6.0,0.0,0.0,0.0,6.0,0.0,0.0,2.6305,0.2376,0.0,0.0,0.0,0.0,0.0,0.9684,0.0316,0.177,1.0,278,5,Normal,normal
0.0,277.023,142.692,1.0,6.0,0.0,0.0,0.0,6.0,0.0,0.0,1.5626,0.1411,0.0,0.0,0.0,0.0,0.0,0.9773,0.0227,-0.964,1.0,279,1,Normal,normal
0.0,275.495,142.53,1.0,6.0,0.0,0.0,0.0,6.0,0.0,0.0,1.5626,0.1411,0.0,0.0,0.0,0.0,0.0,0.9755,0.0245,0.402,1.0,279,2,Cyber Intrusion,data_injection
0.0,274.782,142.46,1.0,6.0,0.0,0.0,0.0,6.0,0.0,0.0,1.5626,0.1411,0.0,0.0,0.0,0.0,0.0,0.9723,0.0277,0.404,1.0,279,3,Normal,normal
0.0,274.158,142.485,1.0,6.0,0.0,0.0,0.0,6.0,0.0,0.0,1.5626,0.1411,0.0,0.0,0.0,0.0,0.0,0.9757,0.0243,0.144,1.0,279,4,Normal,normal
0.0,273.54,142.441,1.0,6.0,0.0,0.0,0.0,6.0,0.0,0.0,1.5626,0.1411,0.0,0.0,0.0,0.0,0.0,0.9716,0.0284,0.188,1.0,279,5,Normal,normal
0.0,341.573,171.325,1.0,6.0,0.0,0.0,0.0,6.0,0.0,0.0,1.8303,0.1653,0.0,0.0,0.0,0.0,0.0,0.9883,0.0117,-0.546,1.0,280,1,Natural Fault,line_trip
0.0,340.005,171.241,1.0,6.0,0.0,0.0,0.0,6.0,0.0,0.0,1.8303,0.1653,0.0,0.0,0.0,0.0,0.0,0.0,1.0,-0.004,3.0,280,2,Natural Fault,line_trip
0.0,339.138,171.175,1.0,6.0,0.0,0.0,0.0,6.0,0.0,0.0,1.8303,0.1653,0.0,0.0,0.0,0.0,0.0,0.9837,0.0163,0.403,1.0,280,3,Natural Fault,line_trip
0.0,338.407,171.062,1.0,6.0,0.0,0.0,0.0,6.0,0.0,0.0,1.8303,0.1653,0.0,0.0,0.0,0.0,0.0,0.9863,0.0137,0.152,1.0,280,4,Natural Fault,line_trip
0.0,337.7,170.877,1.0,6.0,0.0,0.0,0.0,6.0,0.0,0.0,1.8303,0.1653,0.0,0.0,0.0,0.0,0.0,0.0,1.0,-0.001,3.0,280,5,Natural Fault,line_trip
0.0,290.687,179.65,1.0,6.0,0.0,0.0,0.0,6.0,0.0,0.0,1.8114,0.1636,0.0,0.0,0.0,0.0,0.0,0.9855,0.0145,-0.542,1.0,281,1,Natural Fault,line_trip
0.0,288.89,179.85,1.0,6.0,0.0,0.0,0.0,6.0,0.0,0.0,1.8114,0.1636,0.0,0.0,0.0,0.0,0.0,0.0,1.0,-0.004,3.0,281,2,Natural Fault,line_trip
0.0,287.627,180.142,1.0,6.0,0.0,0.0,0.0,6.0,0.0,0.0,1.8114,0.1636,0.0,0.0,0.0,0.0,0.0,0.9839,0.0161,0.396,1.0,281,3,Natural Fault,line_trip
0.0,286.888,180.023,1.0,6.0,0.0,0.0,0.0,6.0,0.0,0.0,1.8114,0.1636,0.0,0.0,0.0,0.0,0.0,0.9868,0.0132,0.143,1.0,281,4,Natural Fault,line_trip
0.0,286.227,179.806,1.0,6.0,0.0,0.0,0.0,6.0,0.0,0.0,1.8114,0.1636,0.0,0.0,0.0,0.0,0.0,0.0,1.0,-0.001,3.0,281,5,Natural Fault,line_trip
0.0,299.338,172.476,1.0,6.0,0.0,0.0,0.0,6.0,0.0,0.0,3.995,0.3609,0.0,0.0,0.0,0.0,0.0,0.9882,0.0118,-0.544,1.0,282,1,Natural Fault,line_trip
0.0,297.353,172.864,1.0,6.0,0.0,0.0,0.0,6.0,0.0,0.0,3.995,0.3609,0.0,0.0,0.0,0.0,0.0,0.0,1.0,0.0,3.0,282,2,Natural Fault,line_trip
0.0,295.988,173.279,1.0,6.0,0.0,0.0,0.0,6.0,0.0,0.0,3.995,0.3609,0.0,0.0,0.0,0.0,0.0,0.9845,0.0155,0.394,1.0,282,3,Natural Fault,line_trip
0.0,295.202,173.198,1.0,6.0,0.0,0.0,0.0,6.0,0.0,0.0,3.995,0.3609,0.0,0.0,0.0,0.0,0.0,0.9842,0.0158,0.141,1.0,282,4,Natural Fault,line_trip
0.0,294.47,173.035,1.0,6.0,0.0,0.0,0.0,6.0,0.0,0.0,3.995,0.3609,0.0,0.0,0.0,0.0,0.0,0.0,1.0,-0.004,3.0,282,5,Natural Fault,line_trip
0.0,348.318,172.257,1.0,6.0,0.0,0.0,0.0,6.0,0.0,0.0,3.5086,0.3169,0.0,0.0,0.0,0.0,0.0,0.991,0.009,-0.54,1.0,283,1,Natural Fault,line_trip
0.0,346.247,172.576,1.0,6.0,0.0,0.0,0.0,6.0,0.0,0.0,3.5086,0.3169,0.0,0.0,0.0,0.0,0.0,0.0,1.0,0.004,3.0,283,2,Natural Fault,line_trip
0.0,344.802,173.056,1.0,6.0,0.0,0.0,0.0,6.0,0.0,0.0,3.5086,0.3169,0.0,0.0,0.0,0.0,0.0,0.9833,0.0167,0.406,1.0,283,3,Natural Fault,line_trip
0.0,344.078,173.078,1.0,6.0,0.0,0.0,0.0,6.0,0.0,0.0,3.5086,0.3169,0.0,0.0,0.0,0.0,0.0,0.9864,0.0136,0.143,1.0,283,4,Natural Fault,line_trip
0.0,343.373,173.0,1.0,6.0,0.0,0.0,0.0,6.0,0.0,0.0,3.5086,0.3169,0.0,0.0,0.0,0.0,0.0,0.0,1.0,0.002,3.0,283,5,Natural Fault,line_trip
0.0,288.937,178.598,1.0,6.0,0.0,0.0,0.0,6.0,0.0,0.0,2.0246,0.1829,0.0,0.0,0.0,0.0,0.0,0.9873,0.0127,-0.542,1.0,284,1,Natural Fault,line_trip
0.0,286.87,178.808,1.0,6.0,0.0,0.0,0.0,6.0,0.0,0.0,2.0246,0.1829,0.0,0.0,0.0,0.0,0.0,0.0,1.0,-0.002,3.0,284,2,Natural Fault,line_trip
0.0,285.385,179.374,1.0,6.0,0.0,0.0,0.0,6.0,0.0,0.0,2.0246,0.1829,0.0,0.0,0.0,0.0,0.0,0.988,0.012,0.401,1.0,284,3,Natural Fault,line_trip
0.0,284.592,179.538,1.0,6.0,0.0,0.0,0.0,6.0,0.0,0.0,2.0246,0.1829,0.0,0.0,0.0,0.0,0.0,0.9886,0.0114,0.135,1.0,284,4,Natural Fault,line_trip
0.0,283.758,179.647,1.0,6.0,0.0,0.0,0.0,6.0,0.0,0.0,2.0246,0.1829,0.0,0.0,0.0,0.0,0.0,0.0,1.0,-0.001,3.0,284,5,Natural Fault,line_trip
0.0,300.638,169.321,1.0,6.0,0.0,0.0,0.0,6.0,0.0,0.0,1.2978,0.1172,0.0,0.0,0.0,0.0,0.0,0.9875,0.0125,-0.544,1.0,285,1,Natural Fault,line_trip
0.0,298.802,169.312,1.0,6.0,0.0,0.0,0.0,6.0,0.0,0.0,1.2978,0.1172,0.0,0.0,0.0,0.0,0.0,0.0,1.0,-0.002,3.0,285,2,Natural Fault,line_trip
0.0,297.708,169.515,1.0,6.0,0.0,0.0,0.0,6.0,0.0,0.0,1.2978,0.1172,0.0,0.0,0.0,0.0,0.0,0.9852,0.0148,0.404,1.0,285,3,Natural Fault,line_trip
0.0,296.93,169.671,1.0,6.0,0.0,0.0,0.0,6.0,0.0,0.0,1.2978,0.1172,0.0,0.0,0.0,0.0,0.0,0.9862,0.0138,0.152,1.0,285,4,Natural Fault,line_trip
0.0,296.08,169.814,1.0,6.0,0.0,0.0,0.0,6.0,0.0,0.0,1.2978,0.1172,0.0,0.0,0.0,0.0,0.0,0.0,1.0,0.005,3.0,285,5,Natural Fault,line_trip
0.0,375.807,201.879,1.0,6.0,0.0,0.0,0.0,6.0,0.0,0.0,7.6299,0.6892,0.0,0.0,0.0,0.0,0.0,0.9887,0.0113,-0.544,1.0,286,1,Natural Fault,line_trip
0.0,373.847,201.63,1.0,6.0,0.0,0.0,0.0,6.0,0.0,0.0,7.6299,0.6892,0.0,0.0,0.0,0.0,0.0,0.0,1.0,-0.008,3.0,286,2,Natural Fault,line_trip
0.0,372.527,201.459,1.0,6.0,0.0,0.0,0.0,6.0,0.0,0.0,7.6299,0.6892,0.0,0.0,0.0,0.0,0.0,0.9878,0.0122,0.402,1.0,286,3,Natural Fault,line_trip
0.0,371.63,201.371,1.0,6.0,0.0,0.0,0.0,6.0,0.0,0.0,7.6299,0.6892,0.0,0.0,0.0,0.0,0.0,0.9838,0.0162,0.143,1.0,286,4,Natural Fault,line_trip
0.0,370.677,201.398,1.0,6.0,0.0,0.0,0.0,6.0,0.0,0.0,7.6299,0.6892,0.0,0.0,0.0,0.0,0.0,0.0,1.0,0.008,3.0,286,5,Natural Fault,line_trip
0.0,307.955,212.258,1.0,6.0,0.0,0.0,0.0,6.0,0.0,0.0,2.4828,0.2243,0.0,0.0,0.0,0.0,0.0,0.9894,0.0106,-0.555,1.0,287,1,Natural Fault,line_trip
0.0,306.15,212.156,1.0,6.0,0.0,0.0,0.0,6.0,0.0,0.0,2.4828,0.2243,0.0,0.0,0.0,0.0,0.0,0.0,1.0,0.003,3.0,287,2,Natural Fault,line_trip
0.0,304.882,211.951,1.0,6.0,0.0,0.0,0.0,6.0,0.0,0.0,2.4828,0.2243,0.0,0.0,0.0,0.0,0.0,0.9877,0.0123,0.413,1.0,287,3,Natural Fault,line_trip
0.0,303.9,211.914,1.0,6.0,0.0,0.0,0.0,6.0,0.0,0.0,2.4828,0.2243,0.0,0.0,0.0,0.0,0.0,0.9867,0.0133,0.147,1.0,287,4,Natural Fault,line_trip
0.0,302.865,211.937,1.0,6.0,0.0,0.0,0.0,6.0,0.0,0.0,2.4828,0.2243,0.0,0.0,0.0,0.0,0.0,0.0,1.0,0.003,3.0,287,5,Natural Fault,line_trip
0.0,318.217,204.144,1.0,6.0,0.0,0.0,0.0,6.0,0.0,0.0,2.1204,0.1915,0.0,0.0,0.0,0.0,0.0,0.9855,0.0145,-0.56,1.0,288,1,Natural Fault,line_trip
0.0,316.41,204.052,1.0,6.0,0.0,0.0,0.0,6.0,0.0,0.0,2.1204,0.1915,0.0,0.0,0.0,0.0,0.0,0.0,1.0,-0.002,3.0,288,2,Natural Fault,line_trip
0.0,315.28,203.727,1.0,6.0,0.0,0.0,0.0,6.0,0.0,0.0,2.1204,0.1915,0.0,0.0,0.0,0.0,0.0,0.9828,0.0172,0.42,1.0,288,3,Natural Fault,line_trip
0.0,314.34,203.656,1.0,6.0,0.0,0.0,0.0,6.0,0.0,0.0,2.1204,0.1915,0.0,0.0,0.0,0.0,0.0,0.9828,0.0172,0.145,1.0,288,4,Natural Fault,line_trip
0.0,313.335,203.646,1.0,6.0,0.0,0.0,0.0,6.0,0.0,0.0,2.1204,0.1915,0.0,0.0,0.0,0.0,0.0,0.0,1.0,-0.003,3.0,288,5,Natural Fault,line_trip
0.0,349.113,181.478,1.0,6.0,0.0,0.0,0.0,6.0,0.0,0.0,4.6415,0.4193,0.0,0.0,0.0,0.0,0.0,0.9775,0.0225,-0.98,1.0,289,1,Normal,normal
0.0,347.27,181.375,1.0,6.0,0.0,0.0,0.0,6.0,0.0,0.0,4.6415,0.4193,0.0,0.0,0.0,0.0,0.0,0.9757,0.0243,0.414,1.0,289,2,Normal,normal
0.0,345.842,181.025,1.0,6.0,0.0,0.0,0.0,6.0,0.0,0.0,4.6415,0.4193,0.0,0.0,0.0,0.0,0.0,0.9828,0.0172,0.42,1.0,289,3,Cyber Intrusion,replay
0.0,344.823,180.982,1.0,6.0,0.0,0.0,0.0,6.0,0.0,0.0,4.6415,0.4193,0.0,0.0,0.0,0.0,0.0,0.9783,0.0217,0.151,1.0,289,4,Normal,normal
0.0,343.727,180.958,1.0,6.0,0.0,0.0,0.0,6.0,0.0,0.0,4.6415,0.4193,0.0,0.0,0.0,0.0,0.0,0.9733,0.0267,0.183,1.0,289,5,Normal,normal
0.0,285.353,185.311,1.0,6.0,0.0,0.0,0.0,6.0,0.0,0.0,6.678,0.6032,0.0,0.0,0.0,0.0,0.0,0.9761,0.0239,-0.999,1.0,290,1,Normal,normal
0.0,283.653,184.996,1.0,6.0,0.0,0.0,0.0,6.0,0.0,0.0,6.678,0.6032,0.0,0.0,0.0,0.0,0.0,0.9752,0.0248,0.426,1.0,290,2,Normal,normal
0.0,282.245,184.36,1.0,6.0,0.0,0.0,0.0,6.0,0.0,0.0,6.678,0.6032,0.0,0.0,0.0,0.0,0.0,0.9828,0.0172,0.42,1.0,290,3,Cyber Intrusion,replay
0.0,281.218,184.148,1.0,6.0,0.0,0.0,0.0,6.0,0.0,0.0,6.678,0.6032,0.0,0.0,0.0,0.0,0.0,0.9768,0.0232,0.156,1.0,290,4,Normal,normal
0.0,280.255,183.995,1.0,6.0,0.0,0.0,0.0,6.0,0.0,0.0,6.678,0.6032,0.0,0.0,0.0,0.0,0.0,0.971,0.029,0.184,1.0,290,5,Normal,normal
0.0,294.29,178.47,1.0,6.0,0.0,0.0,0.0,6.0,0.0,0.0,7.6159,0.6879,0.0,0.0,0.0,0.0,0.0,0.9775,0.0225,-1.004,1.0,291,1,Normal,normal
0.0,292.452,178.233,1.0,6.0,0.0,0.0,0.0,6.0,0.0,0.0,7.6159,0.6879,0.0,0.0,0.0,0.0,0.0,0.9748,0.0252,0.424,1.0,291,2,Normal,normal
0.0,290.888,177.701,1.0,6.0,0.0,0.0,0.0,6.0,0.0,0.0,7.6159,0.6879,0.0,0.0,0.0,0.0,0.0,0.9828,0.0172,0.42,1.0,291,3,Cyber Intrusion,replay
0.0,289.867,177.46,1.0,6.0,0.0,0.0,0.0,6.0,0.0,0.0,7.6159,0.6879,0.0,0.0,0.0,0.0,0.0,0.9739,0.0261,0.154,1.0,291,4,Normal,normal
0.0,288.857,177.336,1.0,6.0,0.0,0.0,0.0,6.0,0.0,0.0,7.6159,0.6879,0.0,0.0,0.0,0.0,0.0,0.9701,0.0299,0.191,1.0,291,5,Normal,normal
0.0,338.03,171.213,1.0,6.0,0.0,0.0,0.0,6.0,0.0,0.0,8.8004,0.7949,0.0,0.0,0.0,0.0,0.0,0.9812,0.0188,-1.01,1.0,292,1,Normal,normal
0.0,336.177,171.101,1.0,6.0,0.0,0.0,0.0,6.0,0.0,0.0,8.8004,0.7949,0.0,0.0,0.0,0.0,0.0,0.9747,0.0253,0.426,1.0,292,2,Normal,normal
0.0,334.728,170.928,1.0,6.0,0.0,0.0,0.0,6.0,0.0,0.0,8.8004,0.7949,0.0,0.0,0.0,0.0,0.0,0.9828,0.0172,0.42,1.0,292,3,Cyber Intrusion,replay
0.0,333.905,171.021,1.0,6.0,0.0,0.0,0.0,6.0,0.0,0.0,8.8004,0.7949,0.0,0.0,0.0,0.0,0.0,0.9718,0.0282,0.154,1.0,292,4,Normal,normal
0.0,333.092,171.108,1.0,6.0,0.0,0.0,0.0,6.0,0.0,0.0,8.8004,0.7949,0.0,0.0,0.0,0.0,0.0,0.9722,0.0278,0.193,1.0,292,5,Normal,normal
0.0,283.205,179.586,1.0,6.0,0.0,0.0,0.0,6.0,0.0,0.0,10.2275,0.9239,0.0,0.0,0.0,0.0,0.0,0.9787,0.0213,-1.027,1.0,293,1,Normal,normal
0.0,281.255,179.521,1.0,6.0,0.0,0.0,0.0,6.0,0.0,0.0,10.2275,0.9239,0.0,0.0,0.0,0.0,0.0,0.9717,0.0283,0.434,1.0,293,2,Normal,normal
0.0,280.23,179.621,1.0,6.0,0.0,0.0,0.0,6.0,0.0,0.0,10.2275,0.9239,0.0,0.0,0.0,0.0,0.0,0.9828,0.0172,0.42,1.0,293,3,Cyber Intrusion,replay
0.0,279.242,179.993,1.0,6.0,0.0,0.0,0.0,6.0,0.0,0.0,10.2275,0.9239,0.0,0.0,0.0,0.0,0.0,0.9714,0.0286,0.159,1.0,293,4,Normal,normal
0.0,278.478,180.13,1.0,6.0,0.0,0.0,0.0,6.0,0.0,0.0,10.2275,0.9239,0.0,0.0,0.0,0.0,0.0,0.9699,0.0301,0.188,1.0,293,5,Normal,normal
0.0,289.21,174.505,1.0,6.0,0.0,0.0,0.0,6.0,0.0,0.0,1.1365,0.1027,0.0,0.0,0.0,0.0,0.0,0.9797,0.0203,-1.027,1.0,294,1,Normal,normal
0.0,287.26,174.462,1.0,6.0,0.0,0.0,0.0,6.0,0.0,0.0,1.1365,0.1027,0.0,0.0,0.0,0.0,0.0,0.9715,0.0285,0.435,1.0,294,2,Normal,normal
0.0,286.227,174.59,1.0,6.0,0.0,0.0,0.0,6.0,0.0,0.0,1.1365,0.1027,0.0,0.0,0.0,0.0,0.0,0.9757,0.0243,0.429,1.0,294,3,Cyber Intrusion,replay
0.0,285.037,175.145,1.0,6.0,0.0,0.0,0.0,6.0,0.0,0.0,1.1365,0.1027,0.0,0.0,0.0,0.0,0.0,0.9767,0.0233,0.147,1.0,294,4,Normal,normal
0.0,284.057,175.464,1.0,6.0,0.0,0.0,0.0,6.0,0.0,0.0,1.1365,0.1027,0.0,0.0,0.0,0.0,0.0,0.9709,0.0291,0.182,1.0,294,5,Normal,normal
0.0,327.378,164.85,1.0,6.0,0.0,0.0,0.0,6.0,0.0,0.0,0.6617,0.0598,0.0,0.0,0.0,0.0,0.0,0.9773,0.0227,-1.026,1.0,295,1,Normal,normal
0.0,325.338,164.564,1.0,6.0,0.0,0.0,0.0,6.0,0.0,0.0,0.6617,0.0598,0.0,0.0,0.0,0.0,0.0,0.9744,0.0256,0.436,1.0,295,2,Normal,normal
0.0,324.292,164.445,1.0,6.0,0.0,0.0,0.0,6.0,0.0,0.0,0.6617,0.0598,0.0,0.0,0.0,0.0,0.0,0.9739,0.0261,0.441,1.0,295,3,Cyber Intrusion,replay
0.0,323.063,164.868,1.0,6.0,0.0,0.0,0.0,6.0,0.0,0.0,0.6617,0.0598,0.0,0.0,0.0,0.0,0.0,0.9756,0.0244,0.156,1.0,295,4,Normal,normal
0.0,322.083,165.113,1.0,6.0,0.0,0.0,0.0,6.0,0.0,0.0,0.6617,0.0598,0.0,0.0,0.0,0.0,0.0,0.9697,0.0303,0.184,1.0,295,5,Normal,normal
0.0,270.422,160.125,1.0,6.0,0.0,0.0,0.0,6.0,0.0,0.0,2.7456,0.248,0.0,0.0,0.0,0.0,0.0,0.9726,0.0274,-1.031,1.0,296,1,Normal,normal
0.0,268.605,159.787,1.0,6.0,0.0,0.0,0.0,6.0,0.0,0.0,2.7456,0.248,0.0,0.0,0.0,0.0,0.0,0.9727,0.0273,0.433,1.0,296,2,Normal,normal
0.0,267.512,159.625,1.0,6.0,0.0,0.0,0.0,6.0,0.0,0.0,2.7456,0.248,0.0,0.0,0.0,0.0,0.0,0.9739,0.0261,0.437,1.0,296,3,Cyber Intrusion,replay
0.0,265.965,159.979,1.0,6.0,0.0,0.0,0.0,6.0,0.0,0.0,2.7456,0.248,0.0,0.0,0.0,0.0,0.0,0.9731,0.0269,0.164,1.0,296,4,Normal,normal
0.0,264.827,160.208,1.0,6.0,0.0,0.0,0.0,6.0,0.0,0.0,2.7456,0.248,0.0,0.0,0.0,0.0,0.0,0.9727,0.0273,0.189,1.0,296,5,Normal,normal
0.0,280.965,151.633,1.0,6.0,0.0,0.0,0.0,6.0,0.0,0.0,1.8493,0.167,0.0,0.0,0.0,0.0,0.0,0.9756,0.0244,-1.031,1.0,297,1,Normal,normal
0.0,279.113,151.335,1.0,6.0,0.0,0.0,0.0,6.0,0.0,0.0,1.8493,0.167,0.0,0.0,0.0,0.0,0.0,0.9741,0.0259,0.446,1.0,297,2,Normal,normal
0.0,278.027,151.173,1.0,6.0,0.0,0.0,0.0,6.0,0.0,0.0,1.8493,0.167,0.0,0.0,0.0,0.0,0.0,0.9752,0.0248,0.436,1.0,297,3,Cyber Intrusion,replay
0.0,276.71,151.365,1.0,6.0,0.0,0.0,0.0,6.0,0.0,0.0,1.8493,0.167,0.0,0.0,0.0,0.0,0.0,0.979,0.021,0.158,1.0,297,4,Normal,normal
0.0,275.648,151.564,1.0,6.0,0.0,0.0,0.0,6.0,0.0,0.0,1.8493,0.167,0.0,0.0,0.0,0.0,0.0,0.9738,0.0262,0.192,1.0,297,5,Normal,normal
0.0,337.793,158.097,1.0,6.0,0.0,0.0,0.0,6.0,0.0,0.0,1.3098,0.1183,0.0,0.0,0.0,0.0,0.0,0.9787,0.0213,-1.038,1.0,298,1,Normal,normal
0.0,335.705,157.817,1.0,6.0,0.0,0.0,0.0,6.0,0.0,0.0,1.3098,0.1183,0.0,0.0,0.0,0.0,0.0,0.9709,0.0291,0.434,1.0,298,2,Normal,normal
0.0,334.422,157.674,1.0,6.0,0.0,0.0,0.0,6.0,0.0,0.0,1.3098,0.1183,0.0,0.0,0.0,0.0,0.0,0.9756,0.0244,0.439,1.0,298,3,Normal,normal
0.0,333.152,157.797,1.0,6.0,0.0,0.0,0.0,6.0,0.0,0.0,1.3098,0.1183,0.0,0.0,0.0,0.0,0.0,0.9736,0.0264,0.154,1.0,298,4,Normal,normal
0.0,332.193,157.869,1.0,6.0,0.0,0.0,0.0,6.0,0.0,0.0,1.3098,0.1183,0.0,0.0,0.0,0.0,0.0,0.9708,0.0292,0.196,1.0,298,5,Normal,normal
0.0,304.117,149.007,1.0,6.0,0.0,0.0,0.0,6.0,0.0,0.0,4.4979,0.4063,0.0,0.0,0.0,0.0,0.0,0.9751,0.0249,-1.05,1.0,299,1,Normal,normal
0.0,302.352,148.94,1.0,6.0,0.0,0.0,0.0,6.0,0.0,0.0,4.4979,0.4063,0.0,0.0,0.0,0.0,0.0,0.9746,0.0254,0.441,1.0,299,2,Normal,normal
0.0,301.138,148.891,1.0,6.0,0.0,0.0,0.0,6.0,0.0,0.0,4.4979,0.4063,0.0,0.0,0.0,0.0,0.0,0.9727,0.0273,0.444,1.0,299,3,Normal,normal
0.0,299.833,149.0,1.0,6.0,0.0,0.0,0.0,6.0,0.0,0.0,4.4979,0.4063,0.0,0.0,0.0,0.0,0.0,0.9687,0.0313,0.163,1.0,299,4,Normal,normal
0.0,298.77,149.111,1.0,6.0,0.0,0.0,0.0,6.0,0.0,0.0,4.4979,0.4063,0.0,0.0,0.0,0.0,0.0,0.9687,0.0313,0.191,1.0,299,5,Normal,normal
0.0,482.678,209.091,1.0,6.0,0.0,0.0,0.0,6.0,0.0,0.0,2.2442,0.2027,0.0,0.0,0.0,0.0,0.0,0.9789,0.0211,-1.055,1.0,300,1,Normal,normal
0.0,481.093,209.206,1.0,6.0,0.0,0.0,0.0,6.0,0.0,0.0,2.2442,0.2027,0.0,0.0,0.0,0.0,0.0,0.9711,0.0289,0.46,1.0,300,2,Normal,normal
0.0,479.86,209.104,1.0,6.0,0.0,0.0,0.0,6.0,0.0,0.0,2.2442,0.2027,0.0,0.0,0.0,0.0,0.0,0.9781,0.0219,0.453,1.0,300,3,Normal,normal
0.0,478.85,209.035,1.0,6.0,0.0,0.0,0.0,6.0,0.0,0.0,2.2442,0.2027,0.0,0.0,0.0,0.0,0.0,0.9751,0.0249,0.161,1.0,300,4,Normal,normal
0.0,477.995,209.165,1.0,6.0,0.0,0.0,0.0,6.0,0.0,0.0,2.2442,0.2027,0.0,0.0,0.0,0.0,0.0,0.9705,0.0295,0.201,1.0,300,5,Normal,normal
0.0,538.9,160.904,1.0,6.0,0.0,0.0,0.0,6.0,0.0,0.0,1.9262,0.174,0.0,0.0,0.0,0.0,0.0,0.9772,0.0228,-1.06,1.0,301,1,Normal,normal
0.0,537.308,161.054,1.0,6.0,0.0,0.0,0.0,6.0,0.0,0.0,1.9262,0.174,0.0,0.0,0.0,0.0,0.0,0.971,0.029,0.447,1.0,301,2,Normal,normal
0.0,535.983,161.047,1.0,6.0,0.0,0.0,0.0,6.0,0.0,0.0,1.9262,0.174,0.0,0.0,0.0,0.0,0.0,0.9706,0.0294,0.447,1.0,301,3,Normal,normal
0.0,534.962,161.093,1.0,6.0,0.0,0.0,0.0,6.0,0.0,0.0,1.9262,0.174,0.0,0.0,0.0,0.0,0.0,0.9725,0.0275,0.162,1.0,301,4,Normal,normal
0.0,533.997,161.346,1.0,6.0,0.0,0.0,0.0,6.0,0.0,0.0,1.9262,0.174,0.0,0.0,0.0,0.0,0.0,0.9726,0.0274,0.203,1.0,301,5,Normal,normal
0.0,476.748,228.672,1.0,6.0,0.0,0.0,0.0,6.0,0.0,0.0,0.7785,0.0703,0.0,0.0,0.0,0.0,0.0,0.9761,0.0239,-1.082,1.0,302,1,Normal,normal
0.0,475.19,228.879,1.0,6.0,0.0,0.0,0.0,6.0,0.0,0.0,0.7785,0.0703,0.0,0.0,0.0,0.0,0.0,0.9723,0.0277,0.466,1.0,302,2,Normal,normal
0.0,473.977,228.788,1.0,6.0,0.0,0.0,0.0,6.0,0.0,0.0,0.7785,0.0703,0.0,0.0,0.0,0.0,0.0,0.9739,0.0261,0.46,1.0,302,3,Normal,normal
0.0,473.098,228.714,1.0,6.0,0.0,0.0,0.0,6.0,0.0,0.0,0.7785,0.0703,0.0,0.0,0.0,0.0,0.0,0.9758,0.0242,0.166,1.0,302,4,Normal,normal
0.0,472.312,228.694,1.0,6.0,0.0,0.0,0.0,6.0,0.0,0.0,0.7785,0.0703,0.0,0.0,0.0,0.0,0.0,0.9682,0.0318,0.2,1.0,302,5,Normal,normal
0.0,374.372,209.216,1.0,6.0,0.0,0.0,0.0,6.0,0.0,0.0,0.8675,0.0784,0.0,0.0,0.0,0.0,0.0,0.9766,0.0234,-1.103,1.0,303,1,Normal,normal
0.0,372.795,209.329,1.0,6.0,0.0,0.0,0.0,6.0,0.0,0.0,0.8675,0.0784,0.0,0.0,0.0,0.0,0.0,0.9692,0.0308,0.474,1.0,303,2,Normal,normal
0.0,371.747,209.347,1.0,6.0,0.0,0.0,0.0,6.0,0.0,0.0,0.8675,0.0784,0.0,0.0,0.0,0.0,0.0,0.9735,0.0265,0.459,1.0,303,3,Normal,normal
0.0,371.005,209.431,1.0,6.0,0.0,0.0,0.0,6.0,0.0,0.0,0.8675,0.0784,0.0,0.0,0.0,0.0,0.0,0.9755,0.0245,0.168,1.0,303,4,Normal,normal
0.0,370.265,209.441,1.0,6.0,0.0,0.0,0.0,6.0,0.0,0.0,0.8675,0.0784,0.0,0.0,0.0,0.0,0.0,0.9699,0.0301,0.214,1.0,303,5,Normal,normal
0.0,312.408,145.79,1.0,6.0,0.0,0.0,0.0,6.0,0.0,0.0,1.0639,0.0961,0.0,0.0,0.0,0.0,0.0,0.9767,0.0233,-1.119,1.0,304,1,Normal,normal
0.0,310.887,145.957,1.0,6.0,0.0,0.0,0.0,6.0,0.0,0.0,1.0639,0.0961,0.0,0.0,0.0,0.0,0.0,0.9699,0.0301,0.471,1.0,304,2,Normal,normal
0.0,309.915,146.037,1.0,6.0,0.0,0.0,0.0,6.0,0.0,0.0,1.0639,0.0961,0.0,0.0,0.0,0.0,0.0,0.9695,0.0305,0.477,1.0,304,3,Normal,normal
0.0,309.137,146.113,1.0,6.0,0.0,0.0,0.0,6.0,0.0,0.0,1.0639,0.0961,0.0,0.0,0.0,0.0,0.0,0.9741,0.0259,0.169,1.0,304,4,Normal,normal
0.0,308.455,146.161,1.0,6.0,0.0,0.0,0.0,6.0,0.0,0.0,1.0639,0.0961,0.0,0.0,0.0,0.0,0.0,0.9691,0.0309,0.201,1.0,304,5,Normal,normal
0.0,246.218,132.008,1.0,6.0,0.0,0.0,0.0,6.0,0.0,0.0,1.3408,0.1211,0.0,0.0,0.0,0.0,0.0,0.976,0.024,-1.148,1.0,305,1,Normal,normal
0.0,244.878,131.969,1.0,6.0,0.0,0.0,0.0,6.0,0.0,0.0,1.3408,0.1211,0.0,0.0,0.0,0.0,0.0,0.9691,0.0309,0.484,1.0,305,2,Normal,normal
0.0,243.98,132.059,1.0,6.0,0.0,0.0,0.0,6.0,0.0,0.0,1.3408,0.1211,0.0,0.0,0.0,0.0,0.0,0.9688,0.0312,0.489,1.0,305,3,Normal,normal
0.0,242.227,133.015,1.0,6.0,0.0,0.0,0.0,6.0,0.0,0.0,1.3408,0.1211,0.0,0.0,0.0,0.0,0.0,0.9701,0.0299,0.171,1.0,305,4,Normal,normal
0.0,241.323,133.289,1.0,6.0,0.0,0.0,0.0,6.0,0.0,0.0,1.3408,0.1211,0.0,0.0,0.0,0.0,0.0,0.9666,0.0334,0.208,1.0,305,5,Normal,normal
0.0,256.607,123.752,1.0,6.0,0.0,0.0,0.0,6.0,0.0,0.0,2.0579,0.1859,0.0,0.0,0.0,0.0,0.0,0.9691,0.0309,-1.181,1.0,306,1,Normal,normal
0.0,255.267,123.712,1.0,6.0,0.0,0.0,0.0,6.0,0.0,0.0,2.0579,0.1859,0.0,0.0,0.0,0.0,0.0,0.9679,0.0321,0.5,1.0,306,2,Normal,normal
0.0,254.333,123.816,1.0,6.0,0.0,0.0,0.0,6.0,0.0,0.0,2.0579,0.1859,0.0,0.0,0.0,0.0,0.0,0.9689,0.0311,0.499,1.0,306,3,Normal,normal
0.0,252.573,124.914,1.0,6.0,0.0,0.0,0.0,6.0,0.0,0.0,2.0579,0.1859,0.0,0.0,0.0,0.0,0.0,0.9701,0.0299,0.185,1.0,306,4,Normal,normal
0.0,251.632,125.235,1.0,6.0,0.0,0.0,0.0,6.0,0.0,0.0,2.0579,0.1859,0.0,0.0,0.0,0.0,0.0,0.9673,0.0327,0.223,1.0,306,5,Normal,normal
0.0,317.393,150.802,1.0,6.0,0.0,0.0,0.0,6.0,0.0,0.0,3.7179,0.3358,0.0,0.0,0.0,0.0,0.0,0.9716,0.0284,-1.204,1.0,307,1,Normal,normal
0.0,315.823,150.545,1.0,6.0,0.0,0.0,0.0,6.0,0.0,0.0,3.7179,0.3358,0.0,0.0,0.0,0.0,0.0,0.9659,0.0341,0.508,1.0,307,2,Normal,normal
0.0,314.765,150.567,1.0,6.0,0.0,0.0,0.0,6.0,0.0,0.0,3.7179,0.3358,0.0,0.0,0.0,0.0,0.0,0.9737,0.0263,0.498,1.0,307,3,Normal,normal
0.0,312.953,151.893,1.0,6.0,0.0,0.0,0.0,6.0,0.0,0.0,3.7179,0.3358,0.0,0.0,0.0,0.0,0.0,0.9743,0.0257,0.183,1.0,307,4,Normal,normal
0.0,311.988,152.273,1.0,6.0,0.0,0.0,0.0,6.0,0.0,0.0,3.7179,0.3358,0.0,0.0,0.0,0.0,0.0,0.9664,0.0336,0.221,1.0,307,5,Normal,normal
0.0,272.485,160.893,1.0,6.0,0.0,0.0,0.0,6.0,0.0,0.0,2.0005,0.1807,0.0,0.0,0.0,0.0,0.0,0.969,0.031,-1.244,1.0,308,1,Normal,normal
0.0,270.925,160.622,1.0,6.0,0.0,0.0,0.0,6.0,0.0,0.0,2.0005,0.1807,0.0,0.0,0.0,0.0,0.0,0.9667,0.0333,0.525,1.0,308,2,Normal,normal
0.0,269.538,160.993,1.0,6.0,0.0,0.0,0.0,6.0,0.0,0.0,2.0005,0.1807,0.0,0.0,0.0,0.0,0.0,0.9675,0.0325,0.521,1.0,308,3,Normal,normal
0.0,267.745,162.033,1.0,6.0,0.0,0.0,0.0,6.0,0.0,0.0,2.0005,0.1807,0.0,0.0,0.0,0.0,0.0,0.9722,0.0278,0.192,1.0,308,4,Normal,normal
0.0,266.832,162.339,1.0,6.0,0.0,0.0,0.0,6.0,0.0,0.0,2.0005,0.1807,0.0,0.0,0.0,0.0,0.0,0.964,0.036,0.229,1.0,308,5,Normal,normal
0.0,286.207,150.886,1.0,6.0,0.0,0.0,0.0,6.0,0.0,0.0,2.9536,0.2668,0.0,0.0,0.0,0.0,0.0,0.9749,0.0251,-1.297,1.0,309,1,Normal,normal
0.0,284.447,150.742,1.0,6.0,0.0,0.0,0.0,6.0,0.0,0.0,2.9536,0.2668,0.0,0.0,0.0,0.0,0.0,0.9672,0.0328,0.549,1.0,309,2,Normal,normal
0.0,282.942,151.224,1.0,6.0,0.0,0.0,0.0,6.0,0.0,0.0,2.9536,0.2668,0.0,0.0,0.0,0.0,0.0,0.967,0.033,0.543,1.0,309,3,Normal,normal
0.0,281.953,151.466,1.0,6.0,0.0,0.0,0.0,6.0,0.0,0.0,2.9536,0.2668,0.0,0.0,0.0,0.0,0.0,0.9655,0.0345,0.192,1.0,309,4,Normal,normal
0.0,281.157,151.628,1.0,6.0,0.0,0.0,0.0,6.0,0.0,0.0,2.9536,0.2668,0.0,0.0,0.0,0.0,0.0,0.9653,0.0347,0.242,1.0,309,5,Normal,normal
0.0,333.882,157.549,1.0,6.0,0.0,0.0,0.0,6.0,0.0,0.0,0.8319,0.0751,0.0,0.0,0.0,0.0,0.0,0.9698,0.0302,-1.32,1.0,310,1,Normal,normal
0.0,332.0,157.41,1.0,6.0,0.0,0.0,0.0,6.0,0.0,0.0,0.8319,0.0751,0.0,0.0,0.0,0.0,0.0,0.9637,0.0363,0.553,1.0,310,2,Normal,normal
0.0,330.385,157.771,1.0,6.0,0.0,0.0,0.0,6.0,0.0,0.0,0.8319,0.0751,0.0,0.0,0.0,0.0,0.0,0.9651,0.0349,0.563,1.0,310,3,Normal,normal
0.0,329.288,157.93,1.0,6.0,0.0,0.0,0.0,6.0,0.0,0.0,0.8319,0.0751,0.0,0.0,0.0,0.0,0.0,0.9651,0.0349,0.192,1.0,310,4,Normal,normal
0.0,328.48,157.995,1.0,6.0,0.0,0.0,0.0,6.0,0.0,0.0,0.8319,0.0751,0.0,0.0,0.0,0.0,0.0,0.9617,0.0383,0.239,1.0,310,5,Normal,normal
0.0,283.273,166.975,1.0,6.0,0.0,0.0,0.0,6.0,0.0,0.0,1.4654,0.1324,0.0,0.0,0.0,0.0,0.0,0.9662,0.0338,-1.367,1.0,311,1,Normal,normal
0.0,281.387,167.011,1.0,6.0,0.0,0.0,0.0,6.0,0.0,0.0,1.4654,0.1324,0.0,0.0,0.0,0.0,0.0,0.964,0.036,0.578,1.0,311,2,Normal,normal
0.0,279.718,167.239,1.0,6.0,0.0,0.0,0.0,6.0,0.0,0.0,1.4654,0.1324,0.0,0.0,0.0,0.0,0.0,0.9661,0.0339,0.574,1.0,311,3,Normal,normal
0.0,278.693,167.321,1.0,6.0,0.0,0.0,0.0,6.0,0.0,0.0,1.4654,0.1324,0.0,0.0,0.0,0.0,0.0,0.9652,0.0348,0.204,1.0,311,4,Normal,normal
0.0,277.853,167.42,1.0,6.0,0.0,0.0,0.0,6.0,0.0,0.0,1.4654,0.1324,0.0,0.0,0.0,0.0,0.0,0.9607,0.0393,0.253,1.0,311,5,Normal,normal
0.0,294.393,157.953,1.0,6.0,0.0,0.0,0.0,6.0,0.0,0.0,0.9827,0.0888,0.0,0.0,0.0,0.0,0.0,0.9704,0.0296,-1.408,1.0,312,1,Normal,normal
0.0,292.483,158.041,1.0,6.0,0.0,0.0,0.0,6.0,0.0,0.0,0.9827,0.0888,0.0,0.0,0.0,0.0,0.0,0.9629,0.0371,0.602,1.0,312,2,Normal,normal
0.0,291.225,157.91,1.0,6.0,0.0,0.0,0.0,6.0,0.0,0.0,0.9827,0.0888,0.0,0.0,0.0,0.0,0.0,0.9658,0.0342,0.6,1.0,312,3,Normal,normal
0.0,290.26,157.966,1.0,6.0,0.0,0.0,0.0,6.0,0.0,0.0,0.9827,0.0888,0.0,0.0,0.0,0.0,0.0,0.9646,0.0354,0.21,1.0,312,4,Normal,normal
0.0,289.468,158.051,1.0,6.0,0.0,0.0,0.0,6.0,0.0,0.0,0.9827,0.0888,0.0,0.0,0.0,0.0,0.0,0.9629,0.0371,0.255,1.0,312,5,Normal,normal
0.0,351.592,179.773,1.0,6.0,0.0,0.0,0.0,6.0,0.0,0.0,1.0123,0.0914,0.0,0.0,0.0,0.0,0.0,0.9679,0.0321,-1.434,1.0,313,1,Normal,normal
0.0,349.495,179.411,1.0,6.0,0.0,0.0,0.0,6.0,0.0,0.0,1.0123,0.0914,0.0,0.0,0.0,0.0,0.0,0.9634,0.0366,0.605,1.0,313,2,Normal,normal
0.0,348.455,179.315,1.0,6.0,0.0,0.0,0.0,6.0,0.0,0.0,1.0123,0.0914,0.0,0.0,0.0,0.0,0.0,0.9673,0.0327,0.602,1.0,313,3,Normal,normal
0.0,347.595,179.19,1.0,6.0,0.0,0.0,0.0,6.0,0.0,0.0,1.0123,0.0914,0.0,0.0,0.0,0.0,0.0,0.9671,0.0329,0.216,1.0,313,4,Normal,normal
0.0,346.858,179.133,1.0,6.0,0.0,0.0,0.0,6.0,0.0,0.0,1.0123,0.0914,0.0,0.0,0.0,0.0,0.0,0.9603,0.0397,0.271,1.0,313,5,Normal,normal
0.0,300.755,191.453,1.0,6.0,0.0,0.0,0.0,6.0,0.0,0.0,8.0855,0.7304,0.0,0.0,0.0,0.0,0.0,0.9627,0.0373,-1.472,1.0,314,1,Normal,normal
0.0,298.622,191.04,1.0,6.0,0.0,0.0,0.0,6.0,0.0,0.0,8.0855,0.7304,0.0,0.0,0.0,0.0,0.0,0.9587,0.0413,0.622,1.0,314,2,Normal,normal
0.0,297.463,191.058,1.0,6.0,0.0,0.0,0.0,6.0,0.0,0.0,8.0855,0.7304,0.0,0.0,0.0,0.0,0.0,0.9549,0.0451,0.621,1.0,314,3,Normal,normal
0.0,296.613,190.992,1.0,6.0,0.0,0.0,0.0,6.0,0.0,0.0,8.0855,0.7304,0.0,0.0,0.0,0.0,0.0,0.9649,0.0351,0.221,1.0,314,4,Normal,normal
0.0,295.842,190.979,1.0,6.0,0.0,0.0,0.0,6.0,0.0,0.0,8.0855,0.7304,0.0,0.0,0.0,0.0,0.0,0.9612,0.0388,0.278,1.0,314,5,Normal,normal
0.0,305.185,187.564,1.0,6.0,0.0,0.0,0.0,6.0,0.0,0.0,0.9405,0.085,0.0,0.0,0.0,0.0,0.0,0.9636,0.0364,-1.511,1.0,315,1,Normal,normal
0.0,303.177,187.034,1.0,6.0,0.0,0.0,0.0,6.0,0.0,0.0,0.9405,0.085,0.0,0.0,0.0,0.0,0.0,0.9578,0.0422,0.639,1.0,315,2,Normal,normal
0.0,302.11,186.974,1.0,6.0,0.0,0.0,0.0,6.0,0.0,0.0,0.9405,0.085,0.0,0.0,0.0,0.0,0.0,0.9611,0.0389,0.636,1.0,315,3,Normal,normal
0.0,301.29,186.878,1.0,6.0,0.0,0.0,0.0,6.0,0.0,0.0,0.9405,0.085,0.0,0.0,0.0,0.0,0.0,0.9635,0.0365,0.224,1.0,315,4,Normal,normal
0.0,300.582,186.803,1.0,6.0,0.0,0.0,0.0,6.0,0.0,0.0,0.9405,0.085,0.0,0.0,0.0,0.0,0.0,0.9577,0.0423,0.286,1.0,315,5,Normal,normal
0.0,326.808,159.445,1.0,6.0,0.0,0.0,0.0,6.0,0.0,0.0,1.6503,0.1491,0.0,0.0,0.0,0.0,0.0,0.9641,0.0359,-1.518,1.0,316,1,Normal,normal
0.0,325.187,159.543,1.0,6.0,0.0,0.0,0.0,6.0,0.0,0.0,1.6503,0.1491,0.0,0.0,0.0,0.0,0.0,0.9564,0.0436,0.646,1.0,316,2,Normal,normal
0.0,324.328,159.85,1.0,6.0,0.0,0.0,0.0,6.0,0.0,0.0,1.6503,0.1491,0.0,0.0,0.0,0.0,0.0,0.9611,0.0389,0.645,1.0,316,3,Normal,normal
0.0,323.637,159.982,1.0,6.0,0.0,0.0,0.0,6.0,0.0,0.0,1.6503,0.1491,0.0,0.0,0.0,0.0,0.0,0.9596,0.0404,0.227,1.0,316,4,Normal,normal
0.0,323.045,160.138,1.0,6.0,0.0,0.0,0.0,6.0,0.0,0.0,1.6503,0.1491,0.0,0.0,0.0,0.0,0.0,0.9573,0.0427,0.284,1.0,316,5,Normal,normal
0.0,253.6,154.777,1.0,6.0,0.0,0.0,0.0,6.0,0.0,0.0,2.4204,0.2186,0.0,0.0,0.0,0.0,0.0,0.9678,0.0322,-1.544,1.0,317,1,Normal,normal
0.0,252.252,154.806,1.0,6.0,0.0,0.0,0.0,6.0,0.0,0.0,2.4204,0.2186,0.0,0.0,0.0,0.0,0.0,0.961,0.039,0.656,1.0,317,2,Normal,normal
0.0,251.5,155.027,1.0,6.0,0.0,0.0,0.0,6.0,0.0,0.0,2.4204,0.2186,0.0,0.0,0.0,0.0,0.0,0.9618,0.0382,0.652,1.0,317,3,Normal,normal
0.0,250.88,155.132,1.0,6.0,0.0,0.0,0.0,6.0,0.0,0.0,2.4204,0.2186,0.0,0.0,0.0,0.0,0.0,0.9622,0.0378,0.231,1.0,317,4,Normal,normal
0.0,250.365,155.257,1.0,6.0,0.0,0.0,0.0,6.0,0.0,0.0,2.4204,0.2186,0.0,0.0,0.0,0.0,0.0,0.9531,0.0469,0.282,1.0,317,5,Normal,normal
0.0,261.568,148.573,1.0,6.0,0.0,0.0,0.0,6.0,0.0,0.0,0.9387,0.0848,0.0,0.0,0.0,0.0,0.0,0.9667,0.0333,-1.562,1.0,318,1,Normal,normal
0.0,260.325,148.509,1.0,6.0,0.0,0.0,0.0,6.0,0.0,0.0,0.9387,0.0848,0.0,0.0,0.0,0.0,0.0,0.956,0.044,0.66,1.0,318,2,Normal,normal
0.0,259.705,148.607,1.0,6.0,0.0,0.0,0.0,6.0,0.0,0.0,0.9387,0.0848,0.0,0.0,0.0,0.0,0.0,0.96,0.04,0.67,1.0,318,3,Normal,normal
0.0,258.933,148.812,1.0,6.0,0.0,0.0,0.0,6.0,0.0,0.0,0.9387,0.0848,0.0,0.0,0.0,0.0,0.0,0.9617,0.0383,0.237,1.0,318,4,Normal,normal
0.0,258.302,149.015,1.0,6.0,0.0,0.0,0.0,6.0,0.0,0.0,0.9387,0.0848,0.0,0.0,0.0,0.0,0.0,0.9554,0.0446,0.294,1.0,318,5,Normal,normal
0.0,327.6,170.271,1.0,6.0,0.0,0.0,0.0,6.0,0.0,0.0,0.6151,0.0556,0.0,0.0,0.0,0.0,0.0,0.963,0.037,-1.564,1.0,319,1,Normal,normal
0.0,326.402,170.155,1.0,6.0,0.0,0.0,0.0,6.0,0.0,0.0,0.6151,0.0556,0.0,0.0,0.0,0.0,0.0,0.958,0.042,0.667,1.0,319,2,Normal,normal
0.0,325.838,170.266,1.0,6.0,0.0,0.0,0.0,6.0,0.0,0.0,0.6151,0.0556,0.0,0.0,0.0,0.0,0.0,0.9591,0.0409,0.661,1.0,319,3,Normal,normal
0.0,325.188,170.573,1.0,6.0,0.0,0.0,0.0,6.0,0.0,0.0,0.6151,0.0556,0.0,0.0,0.0,0.0,0.0,0.9599,0.0401,0.235,1.0,319,4,Normal,normal
0.0,324.64,170.794,1.0,6.0,0.0,0.0,0.0,6.0,0.0,0.0,0.6151,0.0556,0.0,0.0,0.0,0.0,0.0,0.9558,0.0442,0.289,1.0,319,5,Normal,normal
0.0,288.343,165.318,1.0,6.0,0.0,0.0,0.0,6.0,0.0,0.0,0.8145,0.0736,0.0,0.0,0.0,0.0,0.0,0.9664,0.0336,-1.558,1.0,320,1,Normal,normal
0.0,287.26,165.239,1.0,6.0,0.0,0.0,0.0,6.0,0.0,0.0,0.8145,0.0736,0.0,0.0,0.0,0.0,0.0,0.9599,0.0401,0.665,1.0,320,2,Normal,normal
0.0,286.702,165.331,1.0,6.0,0.0,0.0,0.0,6.0,0.0,0.0,0.8145,0.0736,0.0,0.0,0.0,0.0,0.0,0.9591,0.0409,0.661,1.0,320,3,Cyber Intrusion,replay
0.0,286.065,165.594,1.0,6.0,0.0,0.0,0.0,6.0,0.0,0.0,0.8145,0.0736,0.0,0.0,0.0,0.0,0.0,0.9612,0.0388,0.24,1.0,320,4,Normal,normal
0.0,285.535,165.768,1.0,6.0,0.0,0.0,0.0,6.0,0.0,0.0,0.8145,0.0736,0.0,0.0,0.0,0.0,0.0,0.955,0.045,0.29,1.0,320,5,Normal,normal
0.0,429.108,198.166,1.0,6.0,0.0,0.0,0.0,6.0,0.0,0.0,1.4606,0.1319,0.0,0.0,0.0,0.0,0.0,0.9662,0.0338,-1.55,1.0,321,1,Normal,normal
0.0,427.977,198.141,1.0,6.0,0.0,0.0,0.0,6.0,0.0,0.0,1.4606,0.1319,0.0,0.0,0.0,0.0,0.0,0.9574,0.0426,0.657,1.0,321,2,Normal,normal
0.0,427.328,198.191,1.0,6.0,0.0,0.0,0.0,6.0,0.0,0.0,1.4606,0.1319,0.0,0.0,0.0,0.0,0.0,0.9591,0.0409,0.661,1.0,321,3,Cyber Intrusion,replay
0.0,426.682,198.448,1.0,6.0,0.0,0.0,0.0,6.0,0.0,0.0,1.4606,0.1319,0.0,0.0,0.0,0.0,0.0,0.9647,0.0353,0.232,1.0,321,4,Normal,normal
0.0,426.025,198.649,1.0,6.0,0.0,0.0,0.0,6.0,0.0,0.0,1.4606,0.1319,0.0,0.0,0.0,0.0,0.0,0.9545,0.0455,0.287,1.0,321,5,Normal,normal
0.0,368.817,212.899,1.0,6.0,0.0,0.0,0.0,6.0,0.0,0.0,1.133,0.1023,0.0,0.0,0.0,0.0,0.0,0.9671,0.0329,-1.526,1.0,322,1,Normal,normal
0.0,367.713,212.842,1.0,6.0,0.0,0.0,0.0,6.0,0.0,0.0,1.133,0.1023,0.0,0.0,0.0,0.0,0.0,0.9602,0.0398,0.655,1.0,322,2,Normal,normal
0.0,367.108,212.816,1.0,6.0,0.0,0.0,0.0,6.0,0.0,0.0,1.133,0.1023,0.0,0.0,0.0,0.0,0.0,0.9591,0.0409,0.661,1.0,322,3,Cyber Intrusion,replay
0.0,366.665,212.769,1.0,6.0,0.0,0.0,0.0,6.0,0.0,0.0,1.133,0.1023,0.0,0.0,0.0,0.0,0.0,0.9616,0.0384,0.23,1.0,322,4,Normal,normal
0.0,366.143,212.751,1.0,6.0,0.0,0.0,0.0,6.0,0.0,0.0,1.133,0.1023,0.0,0.0,0.0,0.0,0.0,0.9552,0.0448,0.286,1.0,322,5,Normal,normal
0.0,320.072,211.484,1.0,6.0,0.0,0.0,0.0,6.0,0.0,0.0,1.7712,0.16,0.0,0.0,0.0,0.0,0.0,0.9688,0.0312,-1.498,1.0,323,1,Normal,normal
0.0,318.91,211.483,1.0,6.0,0.0,0.0,0.0,6.0,0.0,0.0,1.7712,0.16,0.0,0.0,0.0,0.0,0.0,0.9587,0.0413,0.63,1.0,323,2,Normal,normal
0.0,318.263,211.424,1.0,6.0,0.0,0.0,0.0,6.0,0.0,0.0,1.7712,0.16,0.0,0.0,0.0,0.0,0.0,0.9591,0.0409,0.661,1.0,323,3,Cyber Intrusion,replay
0.0,317.798,211.343,1.0,6.0,0.0,0.0,0.0,6.0,0.0,0.0,1.7712,0.16,0.0,0.0,0.0,0.0,0.0,0.963,0.037,0.228,1.0,323,4,Normal,normal
0.0,317.267,211.261,1.0,6.0,0.0,0.0,0.0,6.0,0.0,0.0,1.7712,0.16,0.0,0.0,0.0,0.0,0.0,0.9589,0.0411,0.282,1.0,323,5,Normal,normal
0.0,372.12,214.738,1.0,6.0,0.0,0.0,0.0,6.0,0.0,0.0,2.3117,0.2088,0.0,0.0,0.0,0.0,0.0,0.9677,0.0323,-1.479,1.0,324,1,Normal,normal
0.0,370.878,214.665,1.0,6.0,0.0,0.0,0.0,6.0,0.0,0.0,2.3117,0.2088,0.0,0.0,0.0,0.0,0.0,0.9595,0.0405,0.627,1.0,324,2,Normal,normal
0.0,370.028,214.354,1.0,6.0,0.0,0.0,0.0,6.0,0.0,0.0,2.3117,0.2088,0.0,0.0,0.0,0.0,0.0,0.9591,0.0409,0.661,1.0,324,3,Cyber Intrusion,replay
0.0,369.535,214.259,1.0,6.0,0.0,0.0,0.0,6.0,0.0,0.0,2.3117,0.2088,0.0,0.0,0.0,0.0,0.0,0.9663,0.0337,0.23,1.0,324,4,Normal,normal
0.0,368.9,214.14,1.0,6.0,0.0,0.0,0.0,6.0,0.0,0.0,2.3117,0.2088,0.0,0.0,0.0,0.0,0.0,0.9605,0.0395,0.274,1.0,324,5,Normal,normal
0.0,321.625,232.161,1.0,6.0,0.0,0.0,0.0,6.0,0.0,0.0,2.7294,0.2465,0.0,0.0,0.0,0.0,0.0,0.9682,0.0318,-1.44,1.0,325,1,Normal,normal
0.0,320.332,232.115,1.0,6.0,0.0,0.0,0.0,6.0,0.0,0.0,2.7294,0.2465,0.0,0.0,0.0,0.0,0.0,0.9623,0.0377,0.605,1.0,325,2,Normal,normal
0.0,319.518,231.856,1.0,6.0,0.0,0.0,0.0,6.0,0.0,0.0,2.7294,0.2465,0.0,0.0,0.0,0.0,0.0,0.9591,0.0409,0.661,1.0,325,3,Cyber Intrusion,replay
0.0,319.01,231.833,1.0,6.0,0.0,0.0,0.0,6.0,0.0,0.0,2.7294,0.2465,0.0,0.0,0.0,0.0,0.0,0.962,0.038,0.222,1.0,325,4,Normal,normal
0.0,318.525,231.761,1.0,6.0,0.0,0.0,0.0,6.0,0.0,0.0,2.7294,0.2465,0.0,0.0,0.0,0.0,0.0,0.9565,0.0435,0.272,1.0,325,5,Normal,normal
0.0,333.242,223.058,1.0,6.0,0.0,0.0,0.0,6.0,0.0,0.0,1.8593,0.168,0.0,0.0,0.0,0.0,0.0,0.9701,0.0299,-1.386,1.0,326,1,Normal,normal
0.0,331.833,223.113,1.0,6.0,0.0,0.0,0.0,6.0,0.0,0.0,1.8593,0.168,0.0,0.0,0.0,0.0,0.0,0.9631,0.0369,0.588,1.0,326,2,Normal,normal
0.0,330.992,222.877,1.0,6.0,0.0,0.0,0.0,6.0,0.0,0.0,1.8593,0.168,0.0,0.0,0.0,0.0,0.0,0.966,0.034,0.586,1.0,326,3,Cyber Intrusion,replay
0.0,330.467,222.872,1.0,6.0,0.0,0.0,0.0,6.0,0.0,0.0,1.8593,0.168,0.0,0.0,0.0,0.0,0.0,0.9643,0.0357,0.208,1.0,326,4,Normal,normal
0.0,329.95,222.824,1.0,6.0,0.0,0.0,0.0,6.0,0.0,0.0,1.8593,0.168,0.0,0.0,0.0,0.0,0.0,0.9646,0.0354,0.258,1.0,326,5,Normal,normal
0.0,346.487,176.495,1.0,6.0,0.0,0.0,0.0,6.0,0.0,0.0,1.4898,0.1346,0.0,0.0,0.0,0.0,0.0,0.9699,0.0301,-1.357,1.0,327,1,Normal,normal
0.0,345.033,176.542,1.0,6.0,0.0,0.0,0.0,6.0,0.0,0.0,1.4898,0.1346,0.0,0.0,0.0,0.0,0.0,0.9648,0.0352,0.58,1.0,327,2,Normal,normal
0.0,344.183,176.427,1.0,6.0,0.0,0.0,0.0,6.0,0.0,0.0,1.4898,0.1346,0.0,0.0,0.0,0.0,0.0,0.9686,0.0314,0.578,1.0,327,3,Cyber Intrusion,replay
0.0,343.555,176.377,1.0,6.0,0.0,0.0,0.0,6.0,0.0,0.0,1.4898,0.1346,0.0,0.0,0.0,0.0,0.0,0.9713,0.0287,0.208,1.0,327,4,Normal,normal
0.0,342.905,176.266,1.0,6.0,0.0,0.0,0.0,6.0,0.0,0.0,1.4898,0.1346,0.0,0.0,0.0,0.0,0.0,0.9649,0.0351,0.26,1.0,327,5,Normal,normal
0.0,272.033,172.773,1.0,6.0,0.0,0.0,0.0,6.0,0.0,0.0,2.8399,0.2565,0.0,0.0,0.0,0.0,0.0,0.9694,0.0306,-1.301,1.0,328,1,Normal,normal
0.0,270.287,172.86,1.0,6.0,0.0,0.0,0.0,6.0,0.0,0.0,2.8399,0.2565,0.0,0.0,0.0,0.0,0.0,0.9673,0.0327,0.541,1.0,328,2,Normal,normal
0.0,269.333,172.732,1.0,6.0,0.0,0.0,0.0,6.0,0.0,0.0,2.8399,0.2565,0.0,0.0,0.0,0.0,0.0,0.9632,0.0368,0.546,1.0,328,3,Cyber Intrusion,replay
0.0,268.653,172.622,1.0,6.0,0.0,0.0,0.0,6.0,0.0,0.0,2.8399,0.2565,0.0,0.0,0.0,0.0,0.0,0.9681,0.0319,0.193,1.0,328,4,Normal,normal
0.0,267.997,172.513,1.0,6.0,0.0,0.0,0.0,6.0,0.0,0.0,2.8399,0.2565,0.0,0.0,0.0,0.0,0.0,0.9601,0.0399,0.242,1.0,328,5,Normal,normal
0.0,279.428,167.171,1.0,6.0,0.0,0.0,0.0,6.0,0.0,0.0,0.4533,0.0409,0.0,0.0,0.0,0.0,0.0,0.971,0.029,-1.243,1.0,329,1,Normal,normal
0.0,277.692,167.277,1.0,6.0,0.0,0.0,0.0,6.0,0.0,0.0,0.4533,0.0409,0.0,0.0,0.0,0.0,0.0,0.9671,0.0329,0.522,1.0,329,2,Normal,normal
0.0,276.76,167.134,1.0,6.0,0.0,0.0,0.0,6.0,0.0,0.0,0.4533,0.0409,0.0,0.0,0.0,0.0,0.0,0.9676,0.0324,0.523,1.0,329,3,Cyber Intrusion,replay
0.0,276.115,166.995,1.0,6.0,0.0,0.0,0.0,6.0,0.0,0.0,0.4533,0.0409,0.0,0.0,0.0,0.0,0.0,0.9708,0.0292,0.189,1.0,329,4,Normal,normal
0.0,275.488,166.865,1.0,6.0,0.0,0.0,0.0,6.0,0.0,0.0,0.4533,0.0409,0.0,0.0,0.0,0.0,0.0,0.9654,0.0346,0.227,1.0,329,5,Normal,normal
0.0,298.5,143.57,1.0,6.0,0.0,0.0,0.0,6.0,0.0,0.0,1.4771,0.1334,0.0,0.0,0.0,0.0,0.0,0.9732,0.0268,-1.217,1.0,330,1,Normal,normal
0.0,296.837,143.789,1.0,6.0,0.0,0.0,0.0,6.0,0.0,0.0,1.4771,0.1334,0.0,0.0,0.0,0.0,0.0,0.966,0.034,0.514,1.0,330,2,Normal,normal
0.0,295.98,143.815,1.0,6.0,0.0,0.0,0.0,6.0,0.0,0.0,1.4771,0.1334,0.0,0.0,0.0,0.0,0.0,0.9711,0.0289,0.513,1.0,330,3,Cyber Intrusion,replay
0.0,295.175,143.595,1.0,6.0,0.0,0.0,0.0,6.0,0.0,0.0,1.4771,0.1334,0.0,0.0,0.0,0.0,0.0,0.9725,0.0275,0.187,1.0,330,4,Normal,normal
0.0,294.46,143.407,1.0,6.0,0.0,0.0,0.0,6.0,0.0,0.0,1.4771,0.1334,0.0,0.0,0.0,0.0,0.0,0.9643,0.0357,0.217,1.0,330,5,Normal,normal
0.0,243.485,136.083,1.0,6.0,0.0,0.0,0.0,6.0,0.0,0.0,4.9844,0.4502,0.0,0.0,0.0,0.0,0.0,0.976,0.024,-1.155,1.0,331,1,Normal,normal
0.0,241.948,136.366,1.0,6.0,0.0,0.0,0.0,6.0,0.0,0.0,4.9844,0.4502,0.0,0.0,0.0,0.0,0.0,0.9694,0.0306,0.5,1.0,331,2,Normal,normal
0.0,241.185,136.381,1.0,6.0,0.0,0.0,0.0,6.0,0.0,0.0,4.9844,0.4502,0.0,0.0,0.0,0.0,0.0,0.973,0.027,0.491,1.0,331,3,Cyber Intrusion,replay
0.0,240.385,136.077,1.0,6.0,0.0,0.0,0.0,6.0,0.0,0.0,4.9844,0.4502,0.0,0.0,0.0,0.0,0.0,0.9672,0.0328,0.173,1.0,331,4,Normal,normal
0.0,239.71,135.862,1.0,6.0,0.0,0.0,0.0,6.0,0.0,0.0,4.9844,0.4502,0.0,0.0,0.0,0.0,0.0,0.9638,0.0362,0.21,1.0,331,5,Normal,normal
0.0,246.383,133.456,1.0,6.0,0.0,0.0,0.0,6.0,0.0,0.0,2.0355,0.1839,0.0,0.0,0.0,0.0,0.0,0.976,0.024,-1.155,1.0,332,1,Cyber Intrusion,replay
0.0,244.848,133.72,1.0,6.0,0.0,0.0,0.0,6.0,0.0,0.0,2.0355,0.1839,0.0,0.0,0.0,0.0,0.0,0.9701,0.0299,0.471,1.0,332,2,Normal,normal
0.0,244.017,133.796,1.0,6.0,0.0,0.0,0.0,6.0,0.0,0.0,2.0355,0.1839,0.0,0.0,0.0,0.0,0.0,0.9702,0.0298,0.466,1.0,332,3,Normal,normal
0.0,243.18,133.525,1.0,6.0,0.0,0.0,0.0,6.0,0.0,0.0,2.0355,0.1839,0.0,0.0,0.0,0.0,0.0,0.9728,0.0272,0.17,1.0,332,4,Normal,normal
0.0,242.527,133.29,1.0,6.0,0.0,0.0,0.0,6.0,0.0,0.0,2.0355,0.1839,0.0,0.0,0.0,0.0,0.0,0.9728,0.0272,0.199,1.0,332,5,Normal,normal
0.0,283.348,136.452,1.0,6.0,0.0,0.0,0.0,6.0,0.0,0.0,1.0474,0.0946,0.0,0.0,0.0,0.0,0.0,0.976,0.024,-1.155,1.0,333,1,Cyber Intrusion,replay
0.0,281.823,136.814,1.0,6.0,0.0,0.0,0.0,6.0,0.0,0.0,1.0474,0.0946,0.0,0.0,0.0,0.0,0.0,0.9721,0.0279,0.455,1.0,333,2,Normal,normal
0.0,281.03,136.955,1.0,6.0,0.0,0.0,0.0,6.0,0.0,0.0,1.0474,0.0946,0.0,0.0,0.0,0.0,0.0,0.9699,0.0301,0.455,1.0,333,3,Normal,normal
0.0,280.372,136.997,1.0,6.0,0.0,0.0,0.0,6.0,0.0,0.0,1.0474,0.0946,0.0,0.0,0.0,0.0,0.0,0.9739,0.0261,0.167,1.0,333,4,Normal,normal
0.0,279.78,136.91,1.0,6.0,0.0,0.0,0.0,6.0,0.0,0.0,1.0474,0.0946,0.0,0.0,0.0,0.0,0.0,0.9704,0.0296,0.198,1.0,333,5,Normal,normal
0.0,243.848,134.016,1.0,6.0,0.0,0.0,0.0,6.0,0.0,0.0,0.8099,0.0732,0.0,0.0,0.0,0.0,0.0,0.976,0.024,-1.155,1.0,334,1,Cyber Intrusion,replay
0.0,242.3,134.325,1.0,6.0,0.0,0.0,0.0,6.0,0.0,0.0,0.8099,0.0732,0.0,0.0,0.0,0.0,0.0,0.9724,0.0276,0.437,1.0,334,2,Normal,normal
0.0,241.405,134.536,1.0,6.0,0.0,0.0,0.0,6.0,0.0,0.0,0.8099,0.0732,0.0,0.0,0.0,0.0,0.0,0.9744,0.0256,0.435,1.0,334,3,Normal,normal
0.0,240.808,134.593,1.0,6.0,0.0,0.0,0.0,6.0,0.0,0.0,0.8099,0.0732,0.0,0.0,0.0,0.0,0.0,0.9773,0.0227,0.164,1.0,334,4,Normal,normal
0.0,240.202,134.588,1.0,6.0,0.0,0.0,0.0,6.0,0.0,0.0,0.8099,0.0732,0.0,0.0,0.0,0.0,0.0,0.9726,0.0274,0.191,1.0,334,5,Normal,normal
0.0,244.318,133.572,1.0,6.0,0.0,0.0,0.0,6.0,0.0,0.0,0.6094,0.055,0.0,0.0,0.0,0.0,0.0,0.976,0.024,-1.155,1.0,335,1,Cyber Intrusion,replay
0.0,242.745,133.905,1.0,6.0,0.0,0.0,0.0,6.0,0.0,0.0,0.6094,0.055,0.0,0.0,0.0,0.0,0.0,0.9733,0.0267,0.425,1.0,335,2,Normal,normal
0.0,241.885,134.084,1.0,6.0,0.0,0.0,0.0,6.0,0.0,0.0,0.6094,0.055,0.0,0.0,0.0,0.0,0.0,0.9757,0.0243,0.433,1.0,335,3,Normal,normal
0.0,241.283,134.147,1.0,6.0,0.0,0.0,0.0,6.0,0.0,0.0,0.6094,0.055,0.0,0.0,0.0,0.0,0.0,0.9767,0.0233,0.153,1.0,335,4,Normal,normal
0.0,240.632,134.184,1.0,6.0,0.0,0.0,0.0,6.0,0.0,0.0,0.6094,0.055,0.0,0.0,0.0,0.0,0.0,0.9718,0.0282,0.189,1.0,335,5,Normal,normal
0.0,204.452,113.008,1.0,6.0,0.0,0.0,0.0,6.0,0.0,0.0,3.0758,0.2778,0.0,0.0,0.0,0.0,0.0,0.9795,0.0205,-0.987,1.0,336,1,Cyber Intrusion,replay
0.0,202.998,113.092,1.0,6.0,0.0,0.0,0.0,6.0,0.0,0.0,3.0758,0.2778,0.0,0.0,0.0,0.0,0.0,0.973,0.027,0.418,1.0,336,2,Normal,normal
0.0,202.175,113.22,1.0,6.0,0.0,0.0,0.0,6.0,0.0,0.0,3.0758,0.2778,0.0,0.0,0.0,0.0,0.0,0.9711,0.0289,0.416,1.0,336,3,Normal,normal
0.0,201.562,113.261,1.0,6.0,0.0,0.0,0.0,6.0,0.0,0.0,3.0758,0.2778,0.0,0.0,0.0,0.0,0.0,0.973,0.027,0.154,1.0,336,4,Normal,normal
0.0,200.822,113.26,1.0,6.0,0.0,0.0,0.0,6.0,0.0,0.0,3.0758,0.2778,0.0,0.0,0.0,0.0,0.0,0.9735,0.0265,0.187,1.0,336,5,Normal,normal
0.0,158.31,44.835,1.0,6.0,0.0,0.0,0.0,6.0,0.0,0.0,0.6454,0.0583,0.0,0.0,0.0,0.0,0.0,0.9788,0.0212,-0.96,1.0,337,1,Cyber Intrusion,replay
0.0,156.78,44.824,1.0,6.0,0.0,0.0,0.0,6.0,0.0,0.0,0.6454,0.0583,0.0,0.0,0.0,0.0,0.0,0.9733,0.0267,0.402,1.0,337,2,Normal,normal
0.0,155.86,44.74,1.0,6.0,0.0,0.0,0.0,6.0,0.0,0.0,0.6454,0.0583,0.0,0.0,0.0,0.0,0.0,0.9751,0.0249,0.42,1.0,337,3,Normal,normal
0.0,155.225,44.55,1.0,6.0,0.0,0.0,0.0,6.0,0.0,0.0,0.6454,0.0583,0.0,0.0,0.0,0.0,0.0,0.9761,0.0239,0.142,1.0,337,4,Normal,normal
0.0,154.505,44.432,1.0,6.0,0.0,0.0,0.0,6.0,0.0,0.0,0.6454,0.0583,0.0,0.0,0.0,0.0,0.0,0.9712,0.0288,0.179,1.0,337,5,Normal,normal
0.0,235.2,130.289,1.0,6.0,0.0,0.0,0.0,6.0,0.0,0.0,0.9176,0.0829,0.0,0.0,0.0,0.0,0.0,0.9812,0.0188,-0.95,1.0,338,1,Cyber Intrusion,replay
0.0,233.727,130.43,1.0,6.0,0.0,0.0,0.0,6.0,0.0,0.0,0.9176,0.0829,0.0,0.0,0.0,0.0,0.0,0.9755,0.0245,0.401,1.0,338,2,Normal,normal
0.0,232.995,130.549,1.0,6.0,0.0,0.0,0.0,6.0,0.0,0.0,0.9176,0.0829,0.0,0.0,0.0,0.0,0.0,0.9757,0.0243,0.402,1.0,338,3,Normal,normal
0.0,232.427,130.538,1.0,6.0,0.0,0.0,0.0,6.0,0.0,0.0,0.9176,0.0829,0.0,0.0,0.0,0.0,0.0,0.9768,0.0232,0.148,1.0,338,4,Normal,normal
0.0,231.693,130.406,1.0,6.0,0.0,0.0,0.0,6.0,0.0,0.0,0.9176,0.0829,0.0,0.0,0.0,0.0,0.0,0.972,0.028,0.18,1.0,338,5,Normal,normal
0.0,237.378,129.523,1.0,6.0,0.0,0.0,0.0,6.0,0.0,0.0,2.4384,0.2203,0.0,0.0,0.0,0.0,0.0,0.9796,0.0204,-0.943,1.0,339,1,Cyber Intrusion,replay
0.0,236.052,129.55,1.0,6.0,0.0,0.0,0.0,6.0,0.0,0.0,2.4384,0.2203,0.0,0.0,0.0,0.0,0.0,0.9715,0.0285,0.398,1.0,339,2,Normal,normal
0.0,235.297,129.639,1.0,6.0,0.0,0.0,0.0,6.0,0.0,0.0,2.4384,0.2203,0.0,0.0,0.0,0.0,0.0,0.978,0.022,0.406,1.0,339,3,Normal,normal
0.0,234.485,129.861,1.0,6.0,0.0,0.0,0.0,6.0,0.0,0.0,2.4384,0.2203,0.0,0.0,0.0,0.0,0.0,0.9795,0.0205,0.151,1.0,339,4,Normal,normal
0.0,233.812,129.697,1.0,6.0,0.0,0.0,0.0,6.0,0.0,0.0,2.4384,0.2203,0.0,0.0,0.0,0.0,0.0,0.9735,0.0265,0.179,1.0,339,5,Normal,normal
0.0,241.805,125.652,1.0,6.0,0.0,0.0,0.0,6.0,0.0,0.0,2.3071,0.2084,0.0,0.0,0.0,0.0,0.0,0.979,0.021,-0.93,1.0,340,1,Normal,normal
0.0,240.42,125.723,1.0,6.0,0.0,0.0,0.0,6.0,0.0,0.0,2.3071,0.2084,0.0,0.0,0.0,0.0,0.0,0.9744,0.0256,0.388,1.0,340,2,Normal,normal
0.0,239.667,125.811,1.0,6.0,0.0,0.0,0.0,6.0,0.0,0.0,2.3071,0.2084,0.0,0.0,0.0,0.0,0.0,0.9801,0.0199,0.402,1.0,340,3,Normal,normal
0.0,238.868,126.041,1.0,6.0,0.0,0.0,0.0,6.0,0.0,0.0,2.3071,0.2084,0.0,0.0,0.0,0.0,0.0,0.9809,0.0191,0.142,1.0,340,4,Normal,normal
0.0,238.16,125.906,1.0,6.0,0.0,0.0,0.0,6.0,0.0,0.0,2.3071,0.2084,0.0,0.0,0.0,0.0,0.0,0.9735,0.0265,0.179,1.0,340,5,Cyber Intrusion,replay
0.0,277.428,126.967,1.0,6.0,0.0,0.0,0.0,6.0,0.0,0.0,1.9232,0.1737,0.0,0.0,0.0,0.0,0.0,0.9817,0.0183,-0.933,1.0,341,1,Normal,normal
0.0,276.065,126.941,1.0,6.0,0.0,0.0,0.0,6.0,0.0,0.0,1.9232,0.1737,0.0,0.0,0.0,0.0,0.0,0.9775,0.0225,0.398,1.0,341,2,Normal,normal
0.0,275.413,127.032,1.0,6.0,0.0,0.0,0.0,6.0,0.0,0.0,1.9232,0.1737,0.0,0.0,0.0,0.0,0.0,0.9738,0.0262,0.396,1.0,341,3,Normal,normal
0.0,274.683,127.432,1.0,6.0,0.0,0.0,0.0,6.0,0.0,0.0,1.9232,0.1737,0.0,0.0,0.0,0.0,0.0,0.9778,0.0222,0.142,1.0,341,4,Normal,normal
0.0,274.138,127.554,1.0,6.0,0.0,0.0,0.0,6.0,0.0,0.0,1.9232,0.1737,0.0,0.0,0.0,0.0,0.0,0.9735,0.0265,0.179,1.0,341,5,Cyber Intrusion,replay
0.0,230.413,129.694,1.0,6.0,0.0,0.0,0.0,6.0,0.0,0.0,0.4899,0.0443,0.0,0.0,0.0,0.0,0.0,0.9798,0.0202,-0.943,1.0,342,1,Normal,normal
0.0,228.905,129.701,1.0,6.0,0.0,0.0,0.0,6.0,0.0,0.0,0.4899,0.0443,0.0,0.0,0.0,0.0,0.0,0.9771,0.0229,0.399,1.0,342,2,Normal,normal
0.0,228.233,129.793,1.0,6.0,0.0,0.0,0.0,6.0,0.0,0.0,0.4899,0.0443,0.0,0.0,0.0,0.0,0.0,0.9772,0.0228,0.404,1.0,342,3,Normal,normal
0.0,227.52,130.073,1.0,6.0,0.0,0.0,0.0,6.0,0.0,0.0,0.4899,0.0443,0.0,0.0,0.0,0.0,0.0,0.9767,0.0233,0.139,1.0,342,4,Normal,normal
0.0,227.055,130.159,1.0,6.0,0.0,0.0,0.0,6.0,0.0,0.0,0.4899,0.0443,0.0,0.0,0.0,0.0,0.0,0.9735,0.0265,0.179,1.0,342,5,Cyber Intrusion,replay
0.0,251.452,119.917,1.0,6.0,0.0,0.0,0.0,6.0,0.0,0.0,0.4654,0.042,0.0,0.0,0.0,0.0,0.0,0.9789,0.0211,-0.939,1.0,343,1,Normal,normal
0.0,249.658,120.027,1.0,6.0,0.0,0.0,0.0,6.0,0.0,0.0,0.4654,0.042,0.0,0.0,0.0,0.0,0.0,0.9734,0.0266,0.405,1.0,343,2,Normal,normal
0.0,248.832,120.187,1.0,6.0,0.0,0.0,0.0,6.0,0.0,0.0,0.4654,0.042,0.0,0.0,0.0,0.0,0.0,0.9766,0.0234,0.403,1.0,343,3,Normal,normal
0.0,248.253,120.234,1.0,6.0,0.0,0.0,0.0,6.0,0.0,0.0,0.4654,0.042,0.0,0.0,0.0,0.0,0.0,0.9778,0.0222,0.149,1.0,343,4,Normal,normal
0.0,247.593,120.317,1.0,6.0,0.0,0.0,0.0,6.0,0.0,0.0,0.4654,0.042,0.0,0.0,0.0,0.0,0.0,0.9733,0.0267,0.181,1.0,343,5,Cyber Intrusion,replay
0.0,356.295,203.008,1.0,6.0,0.0,0.0,0.0,6.0,0.0,0.0,2.5195,0.2276,0.0,0.0,0.0,0.0,0.0,0.9831,0.0169,-0.958,1.0,344,1,Normal,normal
0.0,354.368,202.95,1.0,6.0,0.0,0.0,0.0,6.0,0.0,0.0,2.5195,0.2276,0.0,0.0,0.0,0.0,0.0,0.9749,0.0251,0.403,1.0,344,2,Normal,normal
0.0,353.248,202.706,1.0,6.0,0.0,0.0,0.0,6.0,0.0,0.0,2.5195,0.2276,0.0,0.0,0.0,0.0,0.0,0.974,0.026,0.404,1.0,344,3,Normal,normal
0.0,352.33,202.333,1.0,6.0,0.0,0.0,0.0,6.0,0.0,0.0,2.5195,0.2276,0.0,0.0,0.0,0.0,0.0,0.9777,0.0223,0.145,1.0,344,4,Normal,normal
0.0,351.442,202.013,1.0,6.0,0.0,0.0,0.0,6.0,0.0,0.0,2.5195,0.2276,0.0,0.0,0.0,0.0,0.0,0.9724,0.0276,0.175,1.0,344,5,Cyber Intrusion,replay
0.0,322.71,214.924,1.0,6.0,0.0,0.0,0.0,6.0,0.0,0.0,0.7479,0.0676,0.0,0.0,0.0,0.0,0.0,0.979,0.021,-0.962,1.0,345,1,Normal,normal
0.0,320.822,214.756,1.0,6.0,0.0,0.0,0.0,6.0,0.0,0.0,0.7479,0.0676,0.0,0.0,0.0,0.0,0.0,0.9756,0.0244,0.405,1.0,345,2,Normal,normal
0.0,319.355,214.701,1.0,6.0,0.0,0.0,0.0,6.0,0.0,0.0,0.7479,0.0676,0.0,0.0,0.0,0.0,0.0,0.9753,0.0247,0.403,1.0,345,3,Normal,normal
0.0,318.348,214.336,1.0,6.0,0.0,0.0,0.0,6.0,0.0,0.0,0.7479,0.0676,0.0,0.0,0.0,0.0,0.0,0.9752,0.0248,0.149,1.0,345,4,Normal,normal
0.0,317.402,214.006,1.0,6.0,0.0,0.0,0.0,6.0,0.0,0.0,0.7479,0.0676,0.0,0.0,0.0,0.0,0.0,0.9716,0.0284,0.18,1.0,345,5,Cyber Intrusion,replay
0.0,336.36,203.413,1.0,6.0,0.0,0.0,0.0,6.0,0.0,0.0,2.7427,0.2477,0.0,0.0,0.0,0.0,0.0,0.9796,0.0204,-0.97,1.0,346,1,Normal,normal
0.0,334.525,203.226,1.0,6.0,0.0,0.0,0.0,6.0,0.0,0.0,2.7427,0.2477,0.0,0.0,0.0,0.0,0.0,0.9731,0.0269,0.413,1.0,346,2,Normal,normal
0.0,333.083,203.192,1.0,6.0,0.0,0.0,0.0,6.0,0.0,0.0,2.7427,0.2477,0.0,0.0,0.0,0.0,0.0,0.9741,0.0259,0.411,1.0,346,3,Normal,normal
0.0,332.058,202.865,1.0,6.0,0.0,0.0,0.0,6.0,0.0,0.0,2.7427,0.2477,0.0,0.0,0.0,0.0,0.0,0.9754,0.0246,0.149,1.0,346,4,Normal,normal
0.0,331.097,202.572,1.0,6.0,0.0,0.0,0.0,6.0,0.0,0.0,2.7427,0.2477,0.0,0.0,0.0,0.0,0.0,0.9772,0.0228,0.176,1.0,346,5,Cyber Intrusion,replay
0.0,362.093,181.993,1.0,6.0,0.0,0.0,0.0,6.0,0.0,0.0,2.8156,0.2543,0.0,0.0,0.0,0.0,0.0,0.9782,0.0218,-0.974,1.0,347,1,Normal,normal
0.0,360.515,181.846,1.0,6.0,0.0,0.0,0.0,6.0,0.0,0.0,2.8156,0.2543,0.0,0.0,0.0,0.0,0.0,0.9781,0.0219,0.419,1.0,347,2,Normal,normal
0.0,359.148,182.029,1.0,6.0,0.0,0.0,0.0,6.0,0.0,0.0,2.8156,0.2543,0.0,0.0,0.0,0.0,0.0,0.9733,0.0267,0.418,1.0,347,3,Normal,normal
0.0,358.355,181.971,1.0,6.0,0.0,0.0,0.0,6.0,0.0,0.0,2.8156,0.2543,0.0,0.0,0.0,0.0,0.0,0.9789,0.0211,0.146,1.0,347,4,Normal,normal
0.0,357.695,181.93,1.0,6.0,0.0,0.0,0.0,6.0,0.0,0.0,2.8156,0.2543,0.0,0.0,0.0,0.0,0.0,0.9715,0.0285,0.179,1.0,347,5,Normal,normal
0.0,296.215,192.456,1.0,6.0,0.0,0.0,0.0,6.0,0.0,0.0,1.5346,0.1386,0.0,0.0,0.0,0.0,0.0,0.9792,0.0208,-0.993,1.0,348,1,Normal,normal
0.0,294.658,192.434,1.0,6.0,0.0,0.0,0.0,6.0,0.0,0.0,1.5346,0.1386,0.0,0.0,0.0,0.0,0.0,0.9729,0.0271,0.422,1.0,348,2,Normal,normal
0.0,293.423,192.532,1.0,6.0,0.0,0.0,0.0,6.0,0.0,0.0,1.5346,0.1386,0.0,0.0,0.0,0.0,0.0,0.9775,0.0225,0.418,1.0,348,3,Normal,normal
0.0,292.632,192.49,1.0,6.0,0.0,0.0,0.0,6.0,0.0,0.0,1.5346,0.1386,0.0,0.0,0.0,0.0,0.0,0.9756,0.0244,0.152,1.0,348,4,Normal,normal
0.0,291.9,192.426,1.0,6.0,0.0,0.0,0.0,6.0,0.0,0.0,1.5346,0.1386,0.0,0.0,0.0,0.0,0.0,0.9703,0.0297,0.178,1.0,348,5,Normal,normal
0.0,306.558,184.818,1.0,6.0,0.0,0.0,0.0,6.0,0.0,0.0,2.2257,0.201,0.0,0.0,0.0,0.0,0.0,0.975,0.025,-1.007,1.0,349,1,Normal,normal
0.0,304.95,184.824,1.0,6.0,0.0,0.0,0.0,6.0,0.0,0.0,2.2257,0.201,0.0,0.0,0.0,0.0,0.0,0.9736,0.0264,0.434,1.0,349,2,Normal,normal
0.0,304.03,184.658,1.0,6.0,0.0,0.0,0.0,6.0,0.0,0.0,2.2257,0.201,0.0,0.0,0.0,0.0,0.0,0.977,0.023,0.424,1.0,349,3,Normal,normal
0.0,303.345,184.534,1.0,6.0,0.0,0.0,0.0,6.0,0.0,0.0,2.2257,0.201,0.0,0.0,0.0,0.0,0.0,0.9732,0.0268,0.15,1.0,349,4,Normal,normal
0.0,302.658,184.433,1.0,6.0,0.0,0.0,0.0,6.0,0.0,0.0,2.2257,0.201,0.0,0.0,0.0,0.0,0.0,0.972,0.028,0.191,1.0,349,5,Normal,normal
0.0,344.728,176.482,1.0,6.0,0.0,0.0,0.0,6.0,0.0,0.0,0.6682,0.0604,0.0,0.0,0.0,0.0,0.0,0.977,0.023,-1.0,1.0,350,1,Normal,normal
0.0,343.122,176.699,1.0,6.0,0.0,0.0,0.0,6.0,0.0,0.0,0.6682,0.0604,0.0,0.0,0.0,0.0,0.0,0.9757,0.0243,0.426,1.0,350,2,Normal,normal
0.0,342.165,176.56,1.0,6.0,0.0,0.0,0.0,6.0,0.0,0.0,0.6682,0.0604,0.0,0.0,0.0,0.0,0.0,0.9764,0.0236,0.428,1.0,350,3,Normal,normal
0.0,341.432,176.483,1.0,6.0,0.0,0.0,0.0,6.0,0.0,0.0,0.6682,0.0604,0.0,0.0,0.0,0.0,0.0,0.9757,0.0243,0.159,1.0,350,4,Normal,normal
0.0,340.728,176.469,1.0,6.0,0.0,0.0,0.0,6.0,0.0,0.0,0.6682,0.0604,0.0,0.0,0.0,0.0,0.0,0.9727,0.0273,0.181,1.0,350,5,Normal,normal
0.0,284.425,178.116,1.0,6.0,0.0,0.0,0.0,6.0,0.0,0.0,3.2533,0.2939,0.0,0.0,0.0,0.0,0.0,0.9812,0.0188,-1.025,1.0,351,1,Normal,normal
0.0,282.905,178.285,1.0,6.0,0.0,0.0,0.0,6.0,0.0,0.0,3.2533,0.2939,0.0,0.0,0.0,0.0,0.0,0.9727,0.0273,0.437,1.0,351,2,Normal,normal
0.0,282.12,178.309,1.0,6.0,0.0,0.0,0.0,6.0,0.0,0.0,3.2533,0.2939,0.0,0.0,0.0,0.0,0.0,0.9782,0.0218,0.431,1.0,351,3,Normal,normal
0.0,281.208,178.553,1.0,6.0,0.0,0.0,0.0,6.0,0.0,0.0,3.2533,0.2939,0.0,0.0,0.0,0.0,0.0,0.9751,0.0249,0.153,1.0,351,4,Normal,normal
0.0,280.557,178.737,1.0,6.0,0.0,0.0,0.0,6.0,0.0,0.0,3.2533,0.2939,0.0,0.0,0.0,0.0,0.0,0.9695,0.0305,0.191,1.0,351,5,Normal,normal
0.0,291.982,171.591,1.0,6.0,0.0,0.0,0.0,6.0,0.0,0.0,2.345,0.2118,0.0,0.0,0.0,0.0,0.0,0.9743,0.0257,-1.02,1.0,352,1,Normal,normal
0.0,290.56,171.675,1.0,6.0,0.0,0.0,0.0,6.0,0.0,0.0,2.345,0.2118,0.0,0.0,0.0,0.0,0.0,0.9761,0.0239,0.431,1.0,352,2,Normal,normal
0.0,289.72,171.74,1.0,6.0,0.0,0.0,0.0,6.0,0.0,0.0,2.345,0.2118,0.0,0.0,0.0,0.0,0.0,0.9736,0.0264,0.438,1.0,352,3,Normal,normal
0.0,288.747,172.056,1.0,6.0,0.0,0.0,0.0,6.0,0.0,0.0,2.345,0.2118,0.0,0.0,0.0,0.0,0.0,0.9758,0.0242,0.154,1.0,352,4,Normal,normal
0.0,288.028,172.301,1.0,6.0,0.0,0.0,0.0,6.0,0.0,0.0,2.345,0.2118,0.0,0.0,0.0,0.0,0.0,0.9727,0.0273,0.188,1.0,352,5,Normal,normal
0.0,340.213,184.291,1.0,6.0,0.0,0.0,0.0,6.0,0.0,0.0,2.3801,0.215,0.0,0.0,0.0,0.0,0.0,0.9767,0.0233,-1.019,1.0,353,1,Normal,normal
0.0,338.898,184.265,1.0,6.0,0.0,0.0,0.0,6.0,0.0,0.0,2.3801,0.215,0.0,0.0,0.0,0.0,0.0,0.9707,0.0293,0.43,1.0,353,2,Normal,normal
0.0,338.083,184.381,1.0,6.0,0.0,0.0,0.0,6.0,0.0,0.0,2.3801,0.215,0.0,0.0,0.0,0.0,0.0,0.9719,0.0281,0.436,1.0,353,3,Normal,normal
0.0,337.103,184.822,1.0,6.0,0.0,0.0,0.0,6.0,0.0,0.0,2.3801,0.215,0.0,0.0,0.0,0.0,0.0,0.9785,0.0215,0.153,1.0,353,4,Normal,normal
0.0,336.42,185.092,1.0,6.0,0.0,0.0,0.0,6.0,0.0,0.0,2.3801,0.215,0.0,0.0,0.0,0.0,0.0,0.9717,0.0283,0.192,1.0,353,5,Normal,normal
0.0,301.472,180.832,1.0,6.0,0.0,0.0,0.0,6.0,0.0,0.0,2.3998,0.2168,0.0,0.0,0.0,0.0,0.0,0.9744,0.0256,-1.027,1.0,354,1,Normal,normal
0.0,300.282,180.874,1.0,6.0,0.0,0.0,0.0,6.0,0.0,0.0,2.3998,0.2168,0.0,0.0,0.0,0.0,0.0,0.9721,0.0279,0.44,1.0,354,2,Normal,normal
0.0,299.418,181.051,1.0,6.0,0.0,0.0,0.0,6.0,0.0,0.0,2.3998,0.2168,0.0,0.0,0.0,0.0,0.0,0.9726,0.0274,0.438,1.0,354,3,Normal,normal
0.0,298.415,181.496,1.0,6.0,0.0,0.0,0.0,6.0,0.0,0.0,2.3998,0.2168,0.0,0.0,0.0,0.0,0.0,0.9774,0.0226,0.163,1.0,354,4,Normal,normal
0.0,297.75,181.768,1.0,6.0,0.0,0.0,0.0,6.0,0.0,0.0,2.3998,0.2168,0.0,0.0,0.0,0.0,0.0,0.9736,0.0264,0.19,1.0,354,5,Normal,normal
0.0,487.672,234.61,1.0,6.0,0.0,0.0,0.0,6.0,0.0,0.0,2.0754,0.1875,0.0,0.0,0.0,0.0,0.0,0.9774,0.0226,-1.033,1.0,355,1,Normal,normal
0.0,486.492,234.588,1.0,6.0,0.0,0.0,0.0,6.0,0.0,0.0,2.0754,0.1875,0.0,0.0,0.0,0.0,0.0,0.9726,0.0274,0.443,1.0,355,2,Normal,normal
0.0,486.895,235.841,1.0,6.0,0.0,0.0,0.0,6.0,0.0,0.0,2.0754,0.1875,0.0,0.0,0.0,0.0,0.0,0.9711,0.0289,0.438,1.0,355,3,Normal,normal
0.0,486.228,236.021,1.0,6.0,0.0,0.0,0.0,6.0,0.0,0.0,2.0754,0.1875,0.0,0.0,0.0,0.0,0.0,0.9782,0.0218,0.155,1.0,355,4,Normal,normal
0.0,485.42,235.809,1.0,6.0,0.0,0.0,0.0,6.0,0.0,0.0,2.0754,0.1875,0.0,0.0,0.0,0.0,0.0,0.9723,0.0277,0.2,1.0,355,5,Normal,normal
0.0,537.707,183.194,1.0,6.0,0.0,0.0,0.0,6.0,0.0,0.0,1.2856,0.1161,0.0,0.0,0.0,0.0,0.0,0.9774,0.0226,-1.037,1.0,356,1,Normal,normal
0.0,536.212,183.189,1.0,6.0,0.0,0.0,0.0,6.0,0.0,0.0,1.2856,0.1161,0.0,0.0,0.0,0.0,0.0,0.9708,0.0292,0.44,1.0,356,2,Normal,normal
0.0,536.583,184.349,1.0,6.0,0.0,0.0,0.0,6.0,0.0,0.0,1.2856,0.1161,0.0,0.0,0.0,0.0,0.0,0.9715,0.0285,0.439,1.0,356,3,Normal,normal
0.0,535.858,184.467,1.0,6.0,0.0,0.0,0.0,6.0,0.0,0.0,1.2856,0.1161,0.0,0.0,0.0,0.0,0.0,0.9761,0.0239,0.161,1.0,356,4,Normal,normal
0.0,534.877,184.031,1.0,6.0,0.0,0.0,0.0,6.0,0.0,0.0,1.2856,0.1161,0.0,0.0,0.0,0.0,0.0,0.972,0.028,0.19,1.0,356,5,Normal,normal
0.0,499.682,220.265,1.0,6.0,0.0,0.0,0.0,6.0,0.0,0.0,2.1645,0.1955,0.0,0.0,0.0,0.0,0.0,0.9772,0.0228,-1.047,1.0,357,1,Normal,normal
0.0,498.087,220.287,1.0,6.0,0.0,0.0,0.0,6.0,0.0,0.0,2.1645,0.1955,0.0,0.0,0.0,0.0,0.0,0.9694,0.0306,0.441,1.0,357,2,Normal,normal
0.0,498.425,221.443,1.0,6.0,0.0,0.0,0.0,6.0,0.0,0.0,2.1645,0.1955,0.0,0.0,0.0,0.0,0.0,0.9739,0.0261,0.447,1.0,357,3,Normal,normal
0.0,497.692,221.507,1.0,6.0,0.0,0.0,0.0,6.0,0.0,0.0,2.1645,0.1955,0.0,0.0,0.0,0.0,0.0,0.9734,0.0266,0.159,1.0,357,4,Normal,normal
0.0,496.663,221.073,1.0,6.0,0.0,0.0,0.0,6.0,0.0,0.0,2.1645,0.1955,0.0,0.0,0.0,0.0,0.0,0.9669,0.0331,0.193,1.0,357,5,Normal,normal
0.0,559.085,180.021,1.0,6.0,0.0,0.0,0.0,6.0,0.0,0.0,2.4011,0.2169,0.0,0.0,0.0,0.0,0.0,0.9786,0.0214,-1.056,1.0,358,1,Normal,normal
0.0,557.49,180.195,1.0,6.0,0.0,0.0,0.0,6.0,0.0,0.0,2.4011,0.2169,0.0,0.0,0.0,0.0,0.0,0.9736,0.0264,0.447,1.0,358,2,Normal,normal
0.0,556.31,180.014,1.0,6.0,0.0,0.0,0.0,6.0,0.0,0.0,2.4011,0.2169,0.0,0.0,0.0,0.0,0.0,0.9717,0.0283,0.45,1.0,358,3,Normal,normal
0.0,555.48,179.927,1.0,6.0,0.0,0.0,0.0,6.0,0.0,0.0,2.4011,0.2169,0.0,0.0,0.0,0.0,0.0,0.9718,0.0282,0.159,1.0,358,4,Normal,normal
0.0,554.12,179.412,1.0,6.0,0.0,0.0,0.0,6.0,0.0,0.0,2.4011,0.2169,0.0,0.0,0.0,0.0,0.0,0.9728,0.0272,0.196,1.0,358,5,Normal,normal
0.0,470.655,151.714,1.0,6.0,0.0,0.0,0.0,6.0,0.0,0.0,2.7298,0.2466,0.0,0.0,0.0,0.0,0.0,0.9783,0.0217,-1.058,1.0,359,1,Normal,normal
0.0,469.077,151.731,1.0,6.0,0.0,0.0,0.0,6.0,0.0,0.0,2.7298,0.2466,0.0,0.0,0.0,0.0,0.0,0.9695,0.0305,0.452,1.0,359,2,Normal,normal
0.0,468.098,151.535,1.0,6.0,0.0,0.0,0.0,6.0,0.0,0.0,2.7298,0.2466,0.0,0.0,0.0,0.0,0.0,0.9725,0.0275,0.453,1.0,359,3,Normal,normal
0.0,467.32,151.401,1.0,6.0,0.0,0.0,0.0,6.0,0.0,0.0,2.7298,0.2466,0.0,0.0,0.0,0.0,0.0,0.9701,0.0299,0.16,1.0,359,4,Normal,normal
0.0,466.403,151.044,1.0,6.0,0.0,0.0,0.0,6.0,0.0,0.0,2.7298,0.2466,0.0,0.0,0.0,0.0,0.0,0.9697,0.0303,0.193,1.0,359,5,Normal,normal
0.0,411.282,198.357,1.0,6.0,0.0,0.0,0.0,6.0,0.0,0.0,0.3865,0.0349,0.0,0.0,0.0,0.0,0.0,0.9767,0.0233,-1.08,1.0,360,1,Normal,normal
0.0,409.935,198.404,1.0,6.0,0.0,0.0,0.0,6.0,0.0,0.0,0.3865,0.0349,0.0,0.0,0.0,0.0,0.0,0.972,0.028,0.458,1.0,360,2,Normal,normal
0.0,409.057,198.177,1.0,6.0,0.0,0.0,0.0,6.0,0.0,0.0,0.3865,0.0349,0.0,0.0,0.0,0.0,0.0,0.9729,0.0271,0.459,1.0,360,3,Normal,normal
0.0,408.333,198.048,1.0,6.0,0.0,0.0,0.0,6.0,0.0,0.0,0.3865,0.0349,0.0,0.0,0.0,0.0,0.0,0.9747,0.0253,0.17,1.0,360,4,Normal,normal
0.0,407.342,197.763,1.0,6.0,0.0,0.0,0.0,6.0,0.0,0.0,0.3865,0.0349,0.0,0.0,0.0,0.0,0.0,0.9685,0.0315,0.204,1.0,360,5,Normal,normal
0.0,340.738,194.804,1.0,6.0,0.0,0.0,0.0,6.0,0.0,0.0,3.5718,0.3226,0.0,0.0,0.0,0.0,0.0,0.9769,0.0231,-1.102,1.0,361,1,Normal,normal
0.0,339.127,194.983,1.0,6.0,0.0,0.0,0.0,6.0,0.0,0.0,3.5718,0.3226,0.0,0.0,0.0,0.0,0.0,0.9717,0.0283,0.465,1.0,361,2,Normal,normal
0.0,338.322,195.244,1.0,6.0,0.0,0.0,0.0,6.0,0.0,0.0,3.5718,0.3226,0.0,0.0,0.0,0.0,0.0,0.9723,0.0277,0.465,1.0,361,3,Normal,normal
0.0,337.617,195.318,1.0,6.0,0.0,0.0,0.0,6.0,0.0,0.0,3.5718,0.3226,0.0,0.0,0.0,0.0,0.0,0.9771,0.0229,0.165,1.0,361,4,Normal,normal
0.0,336.753,195.263,1.0,6.0,0.0,0.0,0.0,6.0,0.0,0.0,3.5718,0.3226,0.0,0.0,0.0,0.0,0.0,0.9651,0.0349,0.204,1.0,361,5,Normal,normal
0.0,309.913,155.185,1.0,6.0,0.0,0.0,0.0,6.0,0.0,0.0,2.3688,0.214,0.0,0.0,0.0,0.0,0.0,0.9756,0.0244,-1.115,1.0,362,1,Normal,normal
0.0,308.19,155.282,1.0,6.0,0.0,0.0,0.0,6.0,0.0,0.0,2.3688,0.214,0.0,0.0,0.0,0.0,0.0,0.9668,0.0332,0.474,1.0,362,2,Normal,normal
0.0,307.343,155.521,1.0,6.0,0.0,0.0,0.0,6.0,0.0,0.0,2.3688,0.214,0.0,0.0,0.0,0.0,0.0,0.9709,0.0291,0.466,1.0,362,3,Normal,normal
0.0,306.67,155.589,1.0,6.0,0.0,0.0,0.0,6.0,0.0,0.0,2.3688,0.214,0.0,0.0,0.0,0.0,0.0,0.9756,0.0244,0.171,1.0,362,4,Normal,normal
0.0,305.865,155.588,1.0,6.0,0.0,0.0,0.0,6.0,0.0,0.0,2.3688,0.214,0.0,0.0,0.0,0.0,0.0,0.9688,0.0312,0.202,1.0,362,5,Normal,normal
0.0,269.857,166.98,1.0,6.0,0.0,0.0,0.0,6.0,0.0,0.0,2.897,0.2617,0.0,0.0,0.0,0.0,0.0,0.9751,0.0249,-1.146,1.0,363,1,Normal,normal
0.0,267.958,167.016,1.0,6.0,0.0,0.0,0.0,6.0,0.0,0.0,2.897,0.2617,0.0,0.0,0.0,0.0,0.0,0.969,0.031,0.485,1.0,363,2,Normal,normal
0.0,266.958,167.222,1.0,6.0,0.0,0.0,0.0,6.0,0.0,0.0,2.897,0.2617,0.0,0.0,0.0,0.0,0.0,0.9691,0.0309,0.481,1.0,363,3,Normal,normal
0.0,266.197,167.263,1.0,6.0,0.0,0.0,0.0,6.0,0.0,0.0,2.897,0.2617,0.0,0.0,0.0,0.0,0.0,0.9763,0.0237,0.177,1.0,363,4,Normal,normal
0.0,265.452,167.161,1.0,6.0,0.0,0.0,0.0,6.0,0.0,0.0,2.897,0.2617,0.0,0.0,0.0,0.0,0.0,0.9657,0.0343,0.216,1.0,363,5,Normal,normal
0.0,281.847,158.191,1.0,6.0,0.0,0.0,0.0,6.0,0.0,0.0,2.6964,0.2436,0.0,0.0,0.0,0.0,0.0,0.9771,0.0229,-1.184,1.0,364,1,Normal,normal
0.0,279.757,158.359,1.0,6.0,0.0,0.0,0.0,6.0,0.0,0.0,2.6964,0.2436,0.0,0.0,0.0,0.0,0.0,0.9702,0.0298,0.508,1.0,364,2,Normal,normal
0.0,278.628,158.674,1.0,6.0,0.0,0.0,0.0,6.0,0.0,0.0,2.6964,0.2436,0.0,0.0,0.0,0.0,0.0,0.9678,0.0322,0.5,1.0,364,3,Normal,normal
0.0,277.683,158.835,1.0,6.0,0.0,0.0,0.0,6.0,0.0,0.0,2.6964,0.2436,0.0,0.0,0.0,0.0,0.0,0.9726,0.0274,0.175,1.0,364,4,Normal,normal
0.0,276.822,158.826,1.0,6.0,0.0,0.0,0.0,6.0,0.0,0.0,2.6964,0.2436,0.0,0.0,0.0,0.0,0.0,0.9648,0.0352,0.22,1.0,364,5,Normal,normal
0.0,300.557,137.942,1.0,6.0,0.0,0.0,0.0,6.0,0.0,0.0,1.3965,0.1261,0.0,0.0,0.0,0.0,0.0,0.9735,0.0265,-1.202,1.0,365,1,Normal,normal
0.0,298.66,137.999,1.0,6.0,0.0,0.0,0.0,6.0,0.0,0.0,1.3965,0.1261,0.0,0.0,0.0,0.0,0.0,0.9693,0.0307,0.51,1.0,365,2,Normal,normal
0.0,297.567,137.919,1.0,6.0,0.0,0.0,0.0,6.0,0.0,0.0,1.3965,0.1261,0.0,0.0,0.0,0.0,0.0,0.9739,0.0261,0.511,1.0,365,3,Normal,normal
0.0,296.608,137.899,1.0,6.0,0.0,0.0,0.0,6.0,0.0,0.0,1.3965,0.1261,0.0,0.0,0.0,0.0,0.0,0.9736,0.0264,0.19,1.0,365,4,Normal,normal
0.0,295.765,137.713,1.0,6.0,0.0,0.0,0.0,6.0,0.0,0.0,1.3965,0.1261,0.0,0.0,0.0,0.0,0.0,0.9669,0.0331,0.22,1.0,365,5,Normal,normal
0.0,250.47,139.662,1.0,6.0,0.0,0.0,0.0,6.0,0.0,0.0,0.798,0.0721,0.0,0.0,0.0,0.0,0.0,0.9719,0.0281,-1.244,1.0,366,1,Normal,normal
0.0,248.705,139.741,1.0,6.0,0.0,0.0,0.0,6.0,0.0,0.0,0.798,0.0721,0.0,0.0,0.0,0.0,0.0,0.9681,0.0319,0.522,1.0,366,2,Normal,normal
0.0,247.778,139.517,1.0,6.0,0.0,0.0,0.0,6.0,0.0,0.0,0.798,0.0721,0.0,0.0,0.0,0.0,0.0,0.9689,0.0311,0.529,1.0,366,3,Normal,normal
0.0,246.773,139.331,1.0,6.0,0.0,0.0,0.0,6.0,0.0,0.0,0.798,0.0721,0.0,0.0,0.0,0.0,0.0,0.9689,0.0311,0.195,1.0,366,4,Normal,normal
0.0,245.93,139.01,1.0,6.0,0.0,0.0,0.0,6.0,0.0,0.0,0.798,0.0721,0.0,0.0,0.0,0.0,0.0,0.9676,0.0324,0.235,1.0,366,5,Normal,normal
0.0,257.307,134.077,1.0,6.0,0.0,0.0,0.0,6.0,0.0,0.0,3.2249,0.2913,0.0,0.0,0.0,0.0,0.0,0.9728,0.0272,-1.292,1.0,367,1,Normal,normal
0.0,255.297,134.363,1.0,6.0,0.0,0.0,0.0,6.0,0.0,0.0,3.2249,0.2913,0.0,0.0,0.0,0.0,0.0,0.9655,0.0345,0.548,1.0,367,2,Normal,normal
0.0,254.2,134.271,1.0,6.0,0.0,0.0,0.0,6.0,0.0,0.0,3.2249,0.2913,0.0,0.0,0.0,0.0,0.0,0.9702,0.0298,0.544,1.0,367,3,Normal,normal
0.0,253.107,134.168,1.0,6.0,0.0,0.0,0.0,6.0,0.0,0.0,3.2249,0.2913,0.0,0.0,0.0,0.0,0.0,0.9701,0.0299,0.201,1.0,367,4,Normal,normal
0.0,252.253,133.857,1.0,6.0,0.0,0.0,0.0,6.0,0.0,0.0,3.2249,0.2913,0.0,0.0,0.0,0.0,0.0,0.9597,0.0403,0.239,1.0,367,5,Normal,normal
0.0,273.418,120.467,1.0,6.0,0.0,0.0,0.0,6.0,0.0,0.0,3.5321,0.3191,0.0,0.0,0.0,0.0,0.0,0.9701,0.0299,-1.311,1.0,368,1,Normal,normal
0.0,271.615,120.668,1.0,6.0,0.0,0.0,0.0,6.0,0.0,0.0,3.5321,0.3191,0.0,0.0,0.0,0.0,0.0,0.9671,0.0329,0.559,1.0,368,2,Normal,normal
0.0,270.622,120.516,1.0,6.0,0.0,0.0,0.0,6.0,0.0,0.0,3.5321,0.3191,0.0,0.0,0.0,0.0,0.0,0.9614,0.0386,0.557,1.0,368,3,Normal,normal
0.0,269.765,120.449,1.0,6.0,0.0,0.0,0.0,6.0,0.0,0.0,3.5321,0.3191,0.0,0.0,0.0,0.0,0.0,0.966,0.034,0.193,1.0,368,4,Normal,normal
0.0,269.17,120.42,1.0,6.0,0.0,0.0,0.0,6.0,0.0,0.0,3.5321,0.3191,0.0,0.0,0.0,0.0,0.0,0.9625,0.0375,0.247,1.0,368,5,Normal,normal
0.0,240.058,126.596,1.0,6.0,0.0,0.0,0.0,6.0,0.0,0.0,1.07,0.0967,0.0,0.0,0.0,0.0,0.0,0.9694,0.0306,-1.357,1.0,369,1,Normal,normal
0.0,238.247,126.659,1.0,6.0,0.0,0.0,0.0,6.0,0.0,0.0,1.07,0.0967,0.0,0.0,0.0,0.0,0.0,0.9635,0.0365,0.579,1.0,369,2,Normal,normal
0.0,237.237,126.421,1.0,6.0,0.0,0.0,0.0,6.0,0.0,0.0,1.07,0.0967,0.0,0.0,0.0,0.0,0.0,0.9659,0.0341,0.57,1.0,369,3,Normal,normal
0.0,236.592,126.227,1.0,6.0,0.0,0.0,0.0,6.0,0.0,0.0,1.07,0.0967,0.0,0.0,0.0,0.0,0.0,0.9637,0.0363,0.213,1.0,369,4,Normal,normal
0.0,236.1,126.138,1.0,6.0,0.0,0.0,0.0,6.0,0.0,0.0,1.07,0.0967,0.0,0.0,0.0,0.0,0.0,0.961,0.039,0.257,1.0,369,5,Normal,normal
0.0,246.152,121.549,1.0,6.0,0.0,0.0,0.0,6.0,0.0,0.0,3.2193,0.2908,0.0,0.0,0.0,0.0,0.0,0.9664,0.0336,-1.407,1.0,370,1,Normal,normal
0.0,244.228,121.668,1.0,6.0,0.0,0.0,0.0,6.0,0.0,0.0,3.2193,0.2908,0.0,0.0,0.0,0.0,0.0,0.9636,0.0364,0.602,1.0,370,2,Normal,normal
0.0,243.073,121.538,1.0,6.0,0.0,0.0,0.0,6.0,0.0,0.0,3.2193,0.2908,0.0,0.0,0.0,0.0,0.0,0.9607,0.0393,0.603,1.0,370,3,Normal,normal
0.0,242.158,121.543,1.0,6.0,0.0,0.0,0.0,6.0,0.0,0.0,3.2193,0.2908,0.0,0.0,0.0,0.0,0.0,0.9685,0.0315,0.213,1.0,370,4,Normal,normal
0.0,241.567,121.528,1.0,6.0,0.0,0.0,0.0,6.0,0.0,0.0,3.2193,0.2908,0.0,0.0,0.0,0.0,0.0,0.9579,0.0421,0.255,1.0,370,5,Normal,normal
0.0,301.63,147.793,1.0,6.0,0.0,0.0,0.0,6.0,0.0,0.0,0.7298,0.0659,0.0,0.0,0.0,0.0,0.0,0.9709,0.0291,-1.432,1.0,371,1,Normal,normal
0.0,299.863,147.922,1.0,6.0,0.0,0.0,0.0,6.0,0.0,0.0,0.7298,0.0659,0.0,0.0,0.0,0.0,0.0,0.9643,0.0357,0.606,1.0,371,2,Normal,normal
0.0,298.927,147.991,1.0,6.0,0.0,0.0,0.0,6.0,0.0,0.0,0.7298,0.0659,0.0,0.0,0.0,0.0,0.0,0.9672,0.0328,0.606,1.0,371,3,Normal,normal
0.0,298.173,148.192,1.0,6.0,0.0,0.0,0.0,6.0,0.0,0.0,0.7298,0.0659,0.0,0.0,0.0,0.0,0.0,0.9663,0.0337,0.217,1.0,371,4,Normal,normal
0.0,297.598,148.232,1.0,6.0,0.0,0.0,0.0,6.0,0.0,0.0,0.7298,0.0659,0.0,0.0,0.0,0.0,0.0,0.9619,0.0381,0.271,1.0,371,5,Normal,normal
0.0,285.128,148.962,1.0,6.0,0.0,0.0,0.0,6.0,0.0,0.0,2.6571,0.24,0.0,0.0,0.0,0.0,0.0,0.9678,0.0322,-1.469,1.0,372,1,Normal,normal
0.0,282.975,149.165,1.0,6.0,0.0,0.0,0.0,6.0,0.0,0.0,2.6571,0.24,0.0,0.0,0.0,0.0,0.0,0.9604,0.0396,0.629,1.0,372,2,Normal,normal
0.0,281.88,149.24,1.0,6.0,0.0,0.0,0.0,6.0,0.0,0.0,2.6571,0.24,0.0,0.0,0.0,0.0,0.0,0.9636,0.0364,0.624,1.0,372,3,Normal,normal
0.0,281.0,149.446,1.0,6.0,0.0,0.0,0.0,6.0,0.0,0.0,2.6571,0.24,0.0,0.0,0.0,0.0,0.0,0.9594,0.0406,0.218,1.0,372,4,Normal,normal
0.0,280.358,149.482,1.0,6.0,0.0,0.0,0.0,6.0,0.0,0.0,2.6571,0.24,0.0,0.0,0.0,0.0,0.0,0.9581,0.0419,0.276,1.0,372,5,Normal,normal
0.0,390.315,153.036,1.0,6.0,0.0,0.0,0.0,6.0,0.0,0.0,0.8815,0.0796,0.0,0.0,0.0,0.0,0.0,0.9674,0.0326,-1.495,1.0,373,1,Normal,normal
0.0,388.107,153.935,1.0,6.0,0.0,0.0,0.0,6.0,0.0,0.0,0.8815,0.0796,0.0,0.0,0.0,0.0,0.0,0.9618,0.0382,0.638,1.0,373,2,Normal,normal
0.0,386.918,154.205,1.0,6.0,0.0,0.0,0.0,6.0,0.0,0.0,0.8815,0.0796,0.0,0.0,0.0,0.0,0.0,0.9621,0.0379,0.633,1.0,373,3,Normal,normal
0.0,385.952,154.658,1.0,6.0,0.0,0.0,0.0,6.0,0.0,0.0,0.8815,0.0796,0.0,0.0,0.0,0.0,0.0,0.9623,0.0377,0.226,1.0,373,4,Normal,normal
0.0,385.222,154.76,1.0,6.0,0.0,0.0,0.0,6.0,0.0,0.0,0.8815,0.0796,0.0,0.0,0.0,0.0,0.0,0.9563,0.0437,0.28,1.0,373,5,Normal,normal
0.0,397.393,142.794,1.0,6.0,0.0,0.0,0.0,6.0,0.0,0.0,0.422,0.0381,0.0,0.0,0.0,0.0,0.0,0.9661,0.0339,-1.521,1.0,374,1,Normal,normal
0.0,395.567,143.196,1.0,6.0,0.0,0.0,0.0,6.0,0.0,0.0,0.422,0.0381,0.0,0.0,0.0,0.0,0.0,0.9613,0.0387,0.644,1.0,374,2,Normal,normal
0.0,394.497,143.302,1.0,6.0,0.0,0.0,0.0,6.0,0.0,0.0,0.422,0.0381,0.0,0.0,0.0,0.0,0.0,0.9621,0.0379,0.649,1.0,374,3,Normal,normal
0.0,393.775,143.395,1.0,6.0,0.0,0.0,0.0,6.0,0.0,0.0,0.422,0.0381,0.0,0.0,0.0,0.0,0.0,0.9624,0.0376,0.227,1.0,374,4,Normal,normal
0.0,393.067,143.458,1.0,6.0,0.0,0.0,0.0,6.0,0.0,0.0,0.422,0.0381,0.0,0.0,0.0,0.0,0.0,0.9571,0.0429,0.284,1.0,374,5,Normal,normal
0.0,450.668,185.731,1.0,6.0,0.0,0.0,0.0,6.0,0.0,0.0,5.8196,0.5257,0.0,0.0,0.0,0.0,0.0,0.9615,0.0385,-1.544,1.0,375,1,Normal,normal
0.0,449.153,186.265,1.0,6.0,0.0,0.0,0.0,6.0,0.0,0.0,5.8196,0.5257,0.0,0.0,0.0,0.0,0.0,0.9615,0.0385,0.652,1.0,375,2,Normal,normal
0.0,448.132,186.37,1.0,6.0,0.0,0.0,0.0,6.0,0.0,0.0,5.8196,0.5257,0.0,0.0,0.0,0.0,0.0,0.9614,0.0386,0.656,1.0,375,3,Normal,normal
0.0,447.243,186.283,1.0,6.0,0.0,0.0,0.0,6.0,0.0,0.0,5.8196,0.5257,0.0,0.0,0.0,0.0,0.0,0.9588,0.0412,0.241,1.0,375,4,Normal,normal
0.0,446.408,186.198,1.0,6.0,0.0,0.0,0.0,6.0,0.0,0.0,5.8196,0.5257,0.0,0.0,0.0,0.0,0.0,0.9509,0.0491,0.285,1.0,375,5,Normal,normal
0.0,510.272,167.883,1.0,6.0,0.0,0.0,0.0,6.0,0.0,0.0,2.1994,0.1987,0.0,0.0,0.0,0.0,0.0,0.9638,0.0362,-1.555,1.0,376,1,Normal,normal
0.0,509.043,167.868,1.0,6.0,0.0,0.0,0.0,6.0,0.0,0.0,2.1994,0.1987,0.0,0.0,0.0,0.0,0.0,0.9558,0.0442,0.652,1.0,376,2,Normal,normal
0.0,508.092,167.919,1.0,6.0,0.0,0.0,0.0,6.0,0.0,0.0,2.1994,0.1987,0.0,0.0,0.0,0.0,0.0,0.9562,0.0438,0.659,1.0,376,3,Normal,normal
0.0,507.155,167.689,1.0,6.0,0.0,0.0,0.0,6.0,0.0,0.0,2.1994,0.1987,0.0,0.0,0.0,0.0,0.0,0.9588,0.0412,0.233,1.0,376,4,Normal,normal
0.0,506.103,167.441,1.0,6.0,0.0,0.0,0.0,6.0,0.0,0.0,2.1994,0.1987,0.0,0.0,0.0,0.0,0.0,0.9567,0.0433,0.286,1.0,376,5,Normal,normal
0.0,485.735,192.217,1.0,6.0,0.0,0.0,0.0,6.0,0.0,0.0,3.0113,0.272,0.0,0.0,0.0,0.0,0.0,0.9659,0.0341,-1.56,1.0,377,1,Normal,normal
0.0,484.573,192.235,1.0,6.0,0.0,0.0,0.0,6.0,0.0,0.0,3.0113,0.272,0.0,0.0,0.0,0.0,0.0,0.9602,0.0398,0.657,1.0,377,2,Normal,normal
0.0,483.613,192.293,1.0,6.0,0.0,0.0,0.0,6.0,0.0,0.0,3.0113,0.272,0.0,0.0,0.0,0.0,0.0,0.9564,0.0436,0.657,1.0,377,3,Normal,normal
0.0,482.477,192.289,1.0,6.0,0.0,0.0,0.0,6.0,0.0,0.0,3.0113,0.272,0.0,0.0,0.0,0.0,0.0,0.9631,0.0369,0.237,1.0,377,4,Normal,normal
0.0,481.305,192.147,1.0,6.0,0.0,0.0,0.0,6.0,0.0,0.0,3.0113,0.272,0.0,0.0,0.0,0.0,0.0,0.9532,0.0468,0.289,1.0,377,5,Normal,normal
0.0,584.447,166.923,1.0,6.0,0.0,0.0,0.0,6.0,0.0,0.0,4.3435,0.3923,0.0,0.0,0.0,0.0,0.0,0.9677,0.0323,-1.553,1.0,378,1,Normal,normal
0.0,583.263,167.202,1.0,6.0,0.0,0.0,0.0,6.0,0.0,0.0,4.3435,0.3923,0.0,0.0,0.0,0.0,0.0,0.9561,0.0439,0.663,1.0,378,2,Normal,normal
0.0,582.388,167.399,1.0,6.0,0.0,0.0,0.0,6.0,0.0,0.0,4.3435,0.3923,0.0,0.0,0.0,0.0,0.0,0.956,0.044,0.666,1.0,378,3,Normal,normal
0.0,581.34,167.741,1.0,6.0,0.0,0.0,0.0,6.0,0.0,0.0,4.3435,0.3923,0.0,0.0,0.0,0.0,0.0,0.9646,0.0354,0.242,1.0,378,4,Normal,normal
0.0,580.25,167.792,1.0,6.0,0.0,0.0,0.0,6.0,0.0,0.0,4.3435,0.3923,0.0,0.0,0.0,0.0,0.0,0.9576,0.0424,0.287,1.0,378,5,Normal,normal
0.0,559.5,163.674,1.0,6.0,0.0,0.0,0.0,6.0,0.0,0.0,2.422,0.2188,0.0,0.0,0.0,0.0,0.0,0.964,0.036,-1.548,1.0,379,1,Normal,normal
0.0,558.277,164.068,1.0,6.0,0.0,0.0,0.0,6.0,0.0,0.0,2.422,0.2188,0.0,0.0,0.0,0.0,0.0,0.9575,0.0425,0.662,1.0,379,2,Normal,normal
0.0,557.513,164.295,1.0,6.0,0.0,0.0,0.0,6.0,0.0,0.0,2.422,0.2188,0.0,0.0,0.0,0.0,0.0,0.9583,0.0417,0.659,1.0,379,3,Normal,normal
0.0,556.583,164.648,1.0,6.0,0.0,0.0,0.0,6.0,0.0,0.0,2.422,0.2188,0.0,0.0,0.0,0.0,0.0,0.9567,0.0433,0.238,1.0,379,4,Normal,normal
0.0,555.76,164.797,1.0,6.0,0.0,0.0,0.0,6.0,0.0,0.0,2.422,0.2188,0.0,0.0,0.0,0.0,0.0,0.9558,0.0442,0.292,1.0,379,5,Normal,normal
0.0,508.507,210.768,1.0,6.0,0.0,0.0,0.0,6.0,0.0,0.0,2.3738,0.2144,0.0,0.0,0.0,0.0,0.0,0.967,0.033,-1.527,1.0,380,1,Normal,normal
0.0,507.267,211.073,1.0,6.0,0.0,0.0,0.0,6.0,0.0,0.0,2.3738,0.2144,0.0,0.0,0.0,0.0,0.0,0.9608,0.0392,0.656,1.0,380,2,Normal,normal
0.0,506.583,211.289,1.0,6.0,0.0,0.0,0.0,6.0,0.0,0.0,2.3738,0.2144,0.0,0.0,0.0,0.0,0.0,0.9627,0.0373,0.647,1.0,380,3,Normal,normal
0.0,505.69,211.541,1.0,6.0,0.0,0.0,0.0,6.0,0.0,0.0,2.3738,0.2144,0.0,0.0,0.0,0.0,0.0,0.9593,0.0407,0.232,1.0,380,4,Normal,normal
0.0,504.883,211.634,1.0,6.0,0.0,0.0,0.0,6.0,0.0,0.0,2.3738,0.2144,0.0,0.0,0.0,0.0,0.0,0.9555,0.0445,0.28,1.0,380,5,Normal,normal
0.0,547.9,166.627,1.0,6.0,0.0,0.0,0.0,6.0,0.0,0.0,0.9708,0.0877,0.0,0.0,0.0,0.0,0.0,0.9689,0.0311,-1.499,1.0,381,1,Normal,normal
0.0,546.815,166.853,1.0,6.0,0.0,0.0,0.0,6.0,0.0,0.0,0.9708,0.0877,0.0,0.0,0.0,0.0,0.0,0.9597,0.0403,0.632,1.0,381,2,Normal,normal
0.0,546.253,167.014,1.0,6.0,0.0,0.0,0.0,6.0,0.0,0.0,0.9708,0.0877,0.0,0.0,0.0,0.0,0.0,0.9642,0.0358,0.636,1.0,381,3,Normal,normal
0.0,545.595,167.075,1.0,6.0,0.0,0.0,0.0,6.0,0.0,0.0,0.9708,0.0877,0.0,0.0,0.0,0.0,0.0,0.9628,0.0372,0.229,1.0,381,4,Normal,normal
0.0,544.923,167.095,1.0,6.0,0.0,0.0,0.0,6.0,0.0,0.0,0.9708,0.0877,0.0,0.0,0.0,0.0,0.0,0.9586,0.0414,0.277,1.0,381,5,Normal,normal
0.0,503.777,149.974,1.0,6.0,0.0,0.0,0.0,6.0,0.0,0.0,3.2949,0.2976,0.0,0.0,0.0,0.0,0.0,0.9675,0.0325,-1.483,1.0,382,1,Normal,normal
0.0,502.527,150.138,1.0,6.0,0.0,0.0,0.0,6.0,0.0,0.0,3.2949,0.2976,0.0,0.0,0.0,0.0,0.0,0.9559,0.0441,0.629,1.0,382,2,Normal,normal
0.0,501.922,150.304,1.0,6.0,0.0,0.0,0.0,6.0,0.0,0.0,3.2949,0.2976,0.0,0.0,0.0,0.0,0.0,0.9635,0.0365,0.625,1.0,382,3,Normal,normal
0.0,501.288,150.401,1.0,6.0,0.0,0.0,0.0,6.0,0.0,0.0,3.2949,0.2976,0.0,0.0,0.0,0.0,0.0,0.9665,0.0335,0.231,1.0,382,4,Normal,normal
0.0,500.567,150.436,1.0,6.0,0.0,0.0,0.0,6.0,0.0,0.0,3.2949,0.2976,0.0,0.0,0.0,0.0,0.0,0.9582,0.0418,0.279,1.0,382,5,Normal,normal
0.0,442.583,200.574,1.0,6.0,0.0,0.0,0.0,6.0,0.0,0.0,2.2305,0.2015,0.0,0.0,0.0,0.0,0.0,0.9655,0.0345,-1.439,1.0,383,1,Normal,normal
0.0,441.42,200.793,1.0,6.0,0.0,0.0,0.0,6.0,0.0,0.0,2.2305,0.2015,0.0,0.0,0.0,0.0,0.0,0.96,0.04,0.61,1.0,383,2,Normal,normal
0.0,440.893,200.821,1.0,6.0,0.0,0.0,0.0,6.0,0.0,0.0,2.2305,0.2015,0.0,0.0,0.0,0.0,0.0,0.9667,0.0333,0.611,1.0,383,3,Normal,normal
0.0,440.345,200.775,1.0,6.0,0.0,0.0,0.0,6.0,0.0,0.0,2.2305,0.2015,0.0,0.0,0.0,0.0,0.0,0.9646,0.0354,0.224,1.0,383,4,Normal,normal
0.0,439.682,200.714,1.0,6.0,0.0,0.0,0.0,6.0,0.0,0.0,2.2305,0.2015,0.0,0.0,0.0,0.0,0.0,0.9592,0.0408,0.267,1.0,383,5,Normal,normal
0.0,354.822,185.393,1.0,6.0,0.0,0.0,0.0,6.0,0.0,0.0,1.1403,0.103,0.0,0.0,0.0,0.0,0.0,0.967,0.033,-1.381,1.0,384,1,Normal,normal
0.0,353.393,185.629,1.0,6.0,0.0,0.0,0.0,6.0,0.0,0.0,1.1403,0.103,0.0,0.0,0.0,0.0,0.0,0.9605,0.0395,0.583,1.0,384,2,Normal,normal
0.0,352.7,185.753,1.0,6.0,0.0,0.0,0.0,6.0,0.0,0.0,1.1403,0.103,0.0,0.0,0.0,0.0,0.0,0.9653,0.0347,0.586,1.0,384,3,Normal,normal
0.0,352.103,185.687,1.0,6.0,0.0,0.0,0.0,6.0,0.0,0.0,1.1403,0.103,0.0,0.0,0.0,0.0,0.0,0.9667,0.0333,0.212,1.0,384,4,Normal,normal
0.0,351.295,185.67,1.0,6.0,0.0,0.0,0.0,6.0,0.0,0.0,1.1403,0.103,0.0,0.0,0.0,0.0,0.0,0.961,0.039,0.261,1.0,384,5,Normal,normal
0.0,326.643,155.045,1.0,6.0,0.0,0.0,0.0,6.0,0.0,0.0,3.5445,0.3202,0.0,0.0,0.0,0.0,0.0,0.9675,0.0325,-1.358,1.0,385,1,Normal,normal
0.0,325.123,155.166,1.0,6.0,0.0,0.0,0.0,6.0,0.0,0.0,3.5445,0.3202,0.0,0.0,0.0,0.0,0.0,0.9677,0.0323,0.579,1.0,385,2,Normal,normal
0.0,324.377,155.224,1.0,6.0,0.0,0.0,0.0,6.0,0.0,0.0,3.5445,0.3202,0.0,0.0,0.0,0.0,0.0,0.9648,0.0352,0.572,1.0,385,3,Normal,normal
0.0,323.777,155.149,1.0,6.0,0.0,0.0,0.0,6.0,0.0,0.0,3.5445,0.3202,0.0,0.0,0.0,0.0,0.0,0.964,0.036,0.207,1.0,385,4,Normal,normal
0.0,323.102,155.272,1.0,6.0,0.0,0.0,0.0,6.0,0.0,0.0,3.5445,0.3202,0.0,0.0,0.0,0.0,0.0,0.9633,0.0367,0.252,1.0,385,5,Normal,normal
0.0,267.19,155.995,1.0,6.0,0.0,0.0,0.0,6.0,0.0,0.0,1.2226,0.1104,0.0,0.0,0.0,0.0,0.0,0.9724,0.0276,-1.298,1.0,386,1,Normal,normal
0.0,265.83,156.139,1.0,6.0,0.0,0.0,0.0,6.0,0.0,0.0,1.2226,0.1104,0.0,0.0,0.0,0.0,0.0,0.9649,0.0351,0.552,1.0,386,2,Normal,normal
0.0,264.983,156.316,1.0,6.0,0.0,0.0,0.0,6.0,0.0,0.0,1.2226,0.1104,0.0,0.0,0.0,0.0,0.0,0.9667,0.0333,0.551,1.0,386,3,Normal,normal
0.0,264.317,156.331,1.0,6.0,0.0,0.0,0.0,6.0,0.0,0.0,1.2226,0.1104,0.0,0.0,0.0,0.0,0.0,0.9658,0.0342,0.203,1.0,386,4,Normal,normal
0.0,263.692,156.473,1.0,6.0,0.0,0.0,0.0,6.0,0.0,0.0,1.2226,0.1104,0.0,0.0,0.0,0.0,0.0,0.962,0.038,0.241,1.0,386,5,Normal,normal
0.0,281.91,145.209,1.0,6.0,0.0,0.0,0.0,6.0,54.8557,0.0,3618.0214,326.8164,1.0,11.0018,0.0,1.0,1.0,0.9719,0.0281,-1.235,1.0,387,1,Normal,normal
0.0,280.528,145.414,1.0,6.0,0.0,0.0,0.0,6.0,54.8557,0.0,3618.0214,326.8164,1.0,11.3806,0.0,1.0,1.0,0.9675,0.0325,0.527,1.0,387,2,Normal,normal
0.0,279.658,145.658,1.0,6.0,0.0,0.0,0.0,6.0,54.8557,0.0,3618.0214,326.8164,1.0,10.8803,0.0,1.0,1.0,0.9676,0.0324,0.527,1.0,387,3,Normal,normal
0.0,279.02,145.676,1.0,6.0,0.0,0.0,0.0,6.0,54.8557,0.0,3618.0214,326.8164,1.0,10.3543,0.0,1.0,1.0,0.9674,0.0326,0.194,1.0,387,4,Normal,normal
0.0,278.453,145.8,1.0,6.0,0.0,0.0,0.0,6.0,54.8557,1.0,3618.0214,326.8164,1.0,54.8557,0.0,1.0,1.0,0.7668,0.2332,0.237,1.0,387,5,Cyber Intrusion,data_injection
0.0,335.567,153.748,1.0,6.0,0.0,0.0,0.0,6.0,55.4494,0.0,3700.687,334.2836,1.0,11.7153,0.0,1.0,1.0,0.9756,0.0244,-1.21,1.0,388,1,Normal,normal
0.0,334.337,153.81,1.0,6.0,0.0,0.0,0.0,6.0,55.4494,0.0,3700.687,334.2836,1.0,12.1542,0.0,1.0,1.0,0.9715,0.0285,0.518,1.0,388,2,Normal,normal
0.0,333.593,154.013,1.0,6.0,0.0,0.0,0.0,6.0,55.4494,0.0,3700.687,334.2836,1.0,11.3665,0.0,1.0,1.0,0.9707,0.0293,0.511,1.0,388,3,Normal,normal
0.0,333.048,154.118,1.0,6.0,0.0,0.0,0.0,6.0,55.4494,0.0,3700.687,334.2836,1.0,9.2578,0.0,1.0,1.0,0.9658,0.0342,0.18,1.0,388,4,Normal,normal
0.0,332.677,154.17,1.0,6.0,0.0,0.0,0.0,6.0,55.4494,1.0,3700.687,334.2836,1.0,55.4494,0.0,1.0,1.0,0.7668,0.2332,0.226,1.0,388,5,Cyber Intrusion,data_injection
0.0,278.285,161.99,1.0,6.0,0.0,0.0,0.0,6.0,56.1168,0.0,3785.3317,341.9296,1.0,11.5326,0.0,1.0,1.0,0.9767,0.0233,-1.161,1.0,389,1,Normal,normal
0.0,277.0,162.091,1.0,6.0,0.0,0.0,0.0,6.0,56.1168,0.0,3785.3317,341.9296,1.0,11.333,0.0,1.0,1.0,0.971,0.029,0.488,1.0,389,2,Normal,normal
0.0,276.192,162.221,1.0,6.0,0.0,0.0,0.0,6.0,56.1168,0.0,3785.3317,341.9296,1.0,11.4439,0.0,1.0,1.0,0.9728,0.0272,0.484,1.0,389,3,Normal,normal
0.0,275.61,162.277,1.0,6.0,0.0,0.0,0.0,6.0,56.1168,0.0,3785.3317,341.9296,1.0,10.9704,0.0,1.0,1.0,0.9727,0.0273,0.173,1.0,389,4,Normal,normal
0.0,274.93,162.575,1.0,6.0,0.0,0.0,0.0,6.0,56.1168,1.0,3785.3317,341.9296,1.0,56.1168,0.0,1.0,1.0,0.7668,0.2332,0.22,1.0,389,5,Cyber Intrusion,data_injection
0.0,288.392,153.674,1.0,6.0,0.0,0.0,0.0,6.0,56.1522,0.0,3790.2178,342.371,1.0,10.6766,0.0,1.0,1.0,0.9739,0.0261,-1.1,1.0,390,1,Normal,normal
0.0,287.162,153.707,1.0,6.0,0.0,0.0,0.0,6.0,56.1522,0.0,3790.2178,342.371,1.0,11.5688,0.0,1.0,1.0,0.9717,0.0283,0.468,1.0,390,2,Normal,normal
0.0,286.468,153.712,1.0,6.0,0.0,0.0,0.0,6.0,56.1522,0.0,3790.2178,342.371,1.0,11.5834,0.0,1.0,1.0,0.9731,0.0269,0.475,1.0,390,3,Normal,normal
0.0,285.962,153.687,1.0,6.0,0.0,0.0,0.0,6.0,56.1522,0.0,3790.2178,342.371,1.0,10.9669,0.0,1.0,1.0,0.9726,0.0274,0.166,1.0,390,4,Normal,normal
0.0,285.192,154.071,1.0,6.0,0.0,0.0,0.0,6.0,56.1522,1.0,3790.2178,342.371,1.0,56.1522,0.0,1.0,1.0,0.7668,0.2332,0.207,1.0,390,5,Cyber Intrusion,data_injection
0.0,355.65,187.021,1.0,6.0,0.0,0.0,0.0,6.0,55.7969,0.0,3743.3068,338.1335,1.0,10.6889,0.0,1.0,1.0,0.9728,0.0272,-1.075,1.0,391,1,Normal,normal
0.0,354.233,186.881,1.0,6.0,0.0,0.0,0.0,6.0,55.7969,0.0,3743.3068,338.1335,1.0,11.6211,0.0,1.0,1.0,0.9708,0.0292,0.463,1.0,391,2,Normal,normal
0.0,353.202,186.547,1.0,6.0,0.0,0.0,0.0,6.0,55.7969,0.0,3743.3068,338.1335,1.0,10.8056,0.0,1.0,1.0,0.9697,0.0303,0.458,1.0,391,3,Normal,normal
0.0,352.567,186.438,1.0,6.0,0.0,0.0,0.0,6.0,55.7969,0.0,3743.3068,338.1335,1.0,10.7528,0.0,1.0,1.0,0.9708,0.0292,0.166,1.0,391,4,Normal,normal
0.0,351.593,186.707,1.0,6.0,0.0,0.0,0.0,6.0,55.7969,1.0,3743.3068,338.1335,1.0,55.7969,0.0,1.0,1.0,0.7668,0.2332,0.204,1.0,391,5,Cyber Intrusion,data_injection
0.0,298.153,196.831,1.0,6.0,0.0,0.0,0.0,6.0,0.0,0.0,4.2066,0.38,0.0,0.0,0.0,0.0,0.0,0.9715,0.0285,-1.033,1.0,392,1,Normal,normal
0.0,296.605,196.657,1.0,6.0,0.0,0.0,0.0,6.0,0.0,0.0,4.2066,0.38,0.0,0.0,0.0,0.0,0.0,0.9736,0.0264,0.439,1.0,392,2,Normal,normal
0.0,295.525,196.321,1.0,6.0,0.0,0.0,0.0,6.0,0.0,0.0,4.2066,0.38,0.0,0.0,0.0,0.0,0.0,0.9729,0.0271,0.431,1.0,392,3,Normal,normal
0.0,294.468,196.564,1.0,6.0,0.0,0.0,0.0,6.0,0.0,0.0,4.2066,0.38,0.0,0.0,0.0,0.0,0.0,0.9759,0.0241,0.162,1.0,392,4,Normal,normal
0.0,293.38,196.696,1.0,6.0,0.0,0.0,0.0,6.0,0.0,0.0,4.2066,0.38,0.0,0.0,0.0,0.0,0.0,0.9731,0.0269,0.19,1.0,392,5,Cyber Intrusion,data_injection
0.0,311.483,186.586,1.0,6.0,0.0,0.0,0.0,6.0,0.0,0.0,0.2217,0.02,0.0,0.0,0.0,0.0,0.0,0.9777,0.0223,-0.993,1.0,393,1,Normal,normal
0.0,309.875,186.478,1.0,6.0,0.0,0.0,0.0,6.0,0.0,0.0,0.2217,0.02,0.0,0.0,0.0,0.0,0.0,0.9732,0.0268,0.417,1.0,393,2,Normal,normal
0.0,308.728,186.211,1.0,6.0,0.0,0.0,0.0,6.0,0.0,0.0,0.2217,0.02,0.0,0.0,0.0,0.0,0.0,0.9754,0.0246,0.423,1.0,393,3,Normal,normal
0.0,307.637,186.531,1.0,6.0,0.0,0.0,0.0,6.0,0.0,0.0,0.2217,0.02,0.0,0.0,0.0,0.0,0.0,0.9754,0.0246,0.154,1.0,393,4,Normal,normal
0.0,306.787,186.465,1.0,6.0,0.0,0.0,0.0,6.0,0.0,0.0,0.2217,0.02,0.0,0.0,0.0,0.0,0.0,0.9728,0.0272,0.187,1.0,393,5,Cyber Intrusion,data_injection
0.0,360.34,185.899,1.0,6.0,0.0,0.0,0.0,6.0,0.0,0.0,1.9429,0.1755,0.0,0.0,0.0,0.0,0.0,0.9796,0.0204,-0.983,1.0,394,1,Normal,normal
0.0,358.888,185.948,1.0,6.0,0.0,0.0,0.0,6.0,0.0,0.0,1.9429,0.1755,0.0,0.0,0.0,0.0,0.0,0.9749,0.0251,0.422,1.0,394,2,Normal,normal
0.0,357.902,185.886,1.0,6.0,0.0,0.0,0.0,6.0,0.0,0.0,1.9429,0.1755,0.0,0.0,0.0,0.0,0.0,0.9715,0.0285,0.422,1.0,394,3,Normal,normal
0.0,356.905,186.409,1.0,6.0,0.0,0.0,0.0,6.0,0.0,0.0,1.9429,0.1755,0.0,0.0,0.0,0.0,0.0,0.9762,0.0238,0.151,1.0,394,4,Normal,normal
0.0,356.317,186.51,1.0,6.0,0.0,0.0,0.0,6.0,0.0,0.0,1.9429,0.1755,0.0,0.0,0.0,0.0,0.0,0.973,0.027,0.181,1.0,394,5,Cyber Intrusion,data_injection
0.0,302.273,159.122,1.0,6.0,0.0,0.0,0.0,6.0,0.0,0.0,1.7553,0.1586,0.0,0.0,0.0,0.0,0.0,0.976,0.024,-0.956,1.0,395,1,Normal,normal
0.0,300.402,159.402,1.0,6.0,0.0,0.0,0.0,6.0,0.0,0.0,1.7553,0.1586,0.0,0.0,0.0,0.0,0.0,0.9732,0.0268,0.411,1.0,395,2,Normal,normal
0.0,299.458,159.484,1.0,6.0,0.0,0.0,0.0,6.0,0.0,0.0,1.7553,0.1586,0.0,0.0,0.0,0.0,0.0,0.9728,0.0272,0.406,1.0,395,3,Normal,normal
0.0,298.455,159.966,1.0,6.0,0.0,0.0,0.0,6.0,0.0,0.0,1.7553,0.1586,0.0,0.0,0.0,0.0,0.0,0.9779,0.0221,0.145,1.0,395,4,Normal,normal
0.0,297.853,160.072,1.0,6.0,0.0,0.0,0.0,6.0,0.0,0.0,1.7553,0.1586,0.0,0.0,0.0,0.0,0.0,0.9728,0.0272,0.178,1.0,395,5,Cyber Intrusion,data_injection
0.0,366.322,153.551,1.0,5.0,0.0,0.0,0.0,5.0,0.0,0.0,0.96,0.0867,0.0,0.0,0.0,0.0,0.0,0.9805,0.0195,-0.949,1.0,396,1,Normal,normal
1.0,436.653,175.098,2.0,6.0,1.0,0.0,0.0,7.0,0.0,0.0,0.96,0.0867,0.0,0.0,0.0,0.0,0.0,0.9761,0.0239,0.4,1.0,396,2,Cyber Intrusion,command_injection
0.0,397.428,159.524,1.0,6.0,0.0,0.0,0.0,6.0,0.0,0.0,0.96,0.0867,0.0,0.0,0.0,0.0,0.0,0.9741,0.0259,0.402,1.0,396,3,Normal,normal
0.0,396.898,159.618,1.0,6.0,0.0,0.0,0.0,6.0,0.0,0.0,0.96,0.0867,0.0,0.0,0.0,0.0,0.0,0.9767,0.0233,0.145,1.0,396,4,Normal,normal
0.0,396.415,159.681,1.0,6.0,0.0,0.0,0.0,6.0,0.0,0.0,0.96,0.0867,0.0,0.0,0.0,0.0,0.0,0.9738,0.0262,0.173,1.0,396,5,Normal,normal
0.0,316.204,153.299,1.0,5.0,0.0,0.0,0.0,5.0,0.0,0.0,1.4257,0.1288,0.0,0.0,0.0,0.0,0.0,0.977,0.023,-0.941,1.0,397,1,Normal,normal
1.0,386.68,181.073,2.0,6.0,1.0,0.0,0.0,7.0,0.0,0.0,1.4257,0.1288,0.0,0.0,0.0,0.0,0.0,0.9765,0.0235,0.399,1.0,397,2,Cyber Intrusion,command_injection
0.0,339.205,151.514,1.0,6.0,0.0,0.0,0.0,6.0,0.0,0.0,1.4257,0.1288,0.0,0.0,0.0,0.0,0.0,0.9742,0.0258,0.393,1.0,397,3,Normal,normal
0.0,338.595,151.706,1.0,6.0,0.0,0.0,0.0,6.0,0.0,0.0,1.4257,0.1288,0.0,0.0,0.0,0.0,0.0,0.9766,0.0234,0.143,1.0,397,4,Normal,normal
0.0,338.018,151.805,1.0,6.0,0.0,0.0,0.0,6.0,0.0,0.0,1.4257,0.1288,0.0,0.0,0.0,0.0,0.0,0.9746,0.0254,0.172,1.0,397,5,Normal,normal
0.0,443.32,231.942,1.0,5.0,0.0,0.0,0.0,5.0,0.0,0.0,0.3072,0.0277,0.0,0.0,0.0,0.0,0.0,0.98,0.02,-0.939,1.0,398,1,Normal,normal
1.0,481.244,211.035,2.0,6.0,1.0,0.0,0.0,7.0,0.0,0.0,0.3072,0.0277,0.0,0.0,0.0,0.0,0.0,0.9748,0.0252,0.402,1.0,398,2,Cyber Intrusion,command_injection
0.0,449.567,212.594,1.0,6.0,0.0,0.0,0.0,6.0,0.0,0.0,0.3072,0.0277,0.0,0.0,0.0,0.0,0.0,0.9769,0.0231,0.399,1.0,398,3,Normal,normal
0.0,448.94,212.731,1.0,6.0,0.0,0.0,0.0,6.0,0.0,0.0,0.3072,0.0277,0.0,0.0,0.0,0.0,0.0,0.9767,0.0233,0.147,1.0,398,4,Normal,normal
0.0,448.373,212.821,1.0,6.0,0.0,0.0,0.0,6.0,0.0,0.0,0.3072,0.0277,0.0,0.0,0.0,0.0,0.0,0.9747,0.0253,0.168,1.0,398,5,Normal,normal
0.0,558.142,166.301,1.0,6.0,0.0,0.0,0.0,6.0,0.0,0.0,0.7996,0.0722,0.0,0.0,0.0,0.0,0.0,0.9797,0.0203,-0.928,1.0,399,1,Normal,normal
0.0,557.075,166.348,1.0,6.0,0.0,0.0,0.0,6.0,0.0,0.0,0.7996,0.0722,0.0,0.0,0.0,0.0,0.0,0.9742,0.0258,0.4,1.0,399,2,Cyber Intrusion,command_injection
0.0,556.293,166.197,1.0,6.0,0.0,0.0,0.0,6.0,0.0,0.0,0.7996,0.0722,0.0,0.0,0.0,0.0,0.0,0.9769,0.0231,0.392,1.0,399,3,Normal,normal
0.0,555.5,166.3,1.0,6.0,0.0,0.0,0.0,6.0,0.0,0.0,0.7996,0.0722,0.0,0.0,0.0,0.0,0.0,0.98,0.02,0.142,1.0,399,4,Normal,normal
0.0,554.737,166.39,1.0,6.0,0.0,0.0,0.0,6.0,0.0,0.0,0.7996,0.0722,0.0,0.0,0.0,0.0,0.0,0.9738,0.0262,0.169,1.0,399,5,Normal,normal
0.0,508.088,212.822,1.0,6.0,0.0,0.0,0.0,6.0,66.6358,1.0,5324.9129,481.0002,1.0,66.6358,0.0,1.0,1.0,1.2187,0.2187,-0.941,1.0,400,1,Cyber Intrusion,data_injection
0.0,506.837,212.964,1.0,6.0,0.0,0.0,0.0,6.0,66.6358,0.0,5324.9129,481.0002,1.0,12.5055,0.0,1.0,1.0,0.9774,0.0226,0.4,1.0,400,2,Normal,normal
0.0,506.003,212.839,1.0,6.0,0.0,0.0,0.0,6.0,66.6358,0.0,5324.9129,481.0002,1.0,13.777,0.0,1.0,1.0,0.9747,0.0253,0.397,1.0,400,3,Normal,normal
0.0,505.095,212.982,1.0,6.0,0.0,0.0,0.0,6.0,66.6358,0.0,5324.9129,481.0002,1.0,14.2663,0.0,1.0,1.0,0.9743,0.0257,0.137,1.0,400,4,Normal,normal
0.0,504.303,213.018,1.0,6.0,0.0,0.0,0.0,6.0,66.6358,0.0,5324.9129,481.0002,1.0,12.9294,0.0,1.0,1.0,0.9748,0.0252,0.173,1.0,400,5,Normal,normal
0.0,562.15,161.266,1.0,6.0,0.0,0.0,0.0,6.0,66.3357,1.0,5274.895,476.4821,1.0,66.3357,0.0,1.0,1.0,1.2187,0.2187,-0.95,1.0,401,1,Cyber Intrusion,data_injection
0.0,560.787,161.371,1.0,6.0,0.0,0.0,0.0,6.0,66.3357,0.0,5274.895,476.4821,1.0,13.1714,0.0,1.0,1.0,0.9763,0.0237,0.401,1.0,401,2,Normal,normal
0.0,559.927,161.36,1.0,6.0,0.0,0.0,0.0,6.0,66.3357,0.0,5274.895,476.4821,1.0,13.139,0.0,1.0,1.0,0.9775,0.0225,0.4,1.0,401,3,Normal,normal
0.0,559.102,161.477,1.0,6.0,0.0,0.0,0.0,6.0,66.3357,0.0,5274.895,476.4821,1.0,13.2189,0.0,1.0,1.0,0.9783,0.0217,0.141,1.0,401,4,Normal,normal
0.0,558.413,161.485,1.0,6.0,0.0,0.0,0.0,6.0,66.3357,0.0,5274.895,476.4821,1.0,13.2638,0.0,1.0,1.0,0.9746,0.0254,0.185,1.0,401,5,Normal,normal
0.0,508.35,148.735,1.0,6.0,0.0,0.0,0.0,6.0,66.4626,1.0,5295.5678,478.3495,1.0,66.4626,0.0,1.0,1.0,1.2187,0.2187,-0.954,1.0,402,1,Cyber Intrusion,data_injection
0.0,506.638,148.703,1.0,6.0,0.0,0.0,0.0,6.0,66.4626,0.0,5295.5678,478.3495,1.0,13.4596,0.0,1.0,1.0,0.975,0.025,0.406,1.0,402,2,Normal,normal
0.0,505.567,148.608,1.0,6.0,0.0,0.0,0.0,6.0,66.4626,0.0,5295.5678,478.3495,1.0,13.4311,0.0,1.0,1.0,0.9762,0.0238,0.407,1.0,402,3,Normal,normal
0.0,504.788,148.734,1.0,6.0,0.0,0.0,0.0,6.0,66.4626,0.0,5295.5678,478.3495,1.0,13.489,0.0,1.0,1.0,0.9771,0.0229,0.141,1.0,402,4,Normal,normal
0.0,504.152,148.709,1.0,6.0,0.0,0.0,0.0,6.0,66.4626,0.0,5295.5678,478.3495,1.0,12.631,0.0,1.0,1.0,0.9761,0.0239,0.179,1.0,402,5,Normal,normal
0.0,433.747,195.936,1.0,6.0,0.0,0.0,0.0,6.0,66.6685,1.0,5328.2285,481.2997,1.0,66.6685,0.0,1.0,1.0,1.2187,0.2187,-0.97,1.0,403,1,Cyber Intrusion,data_injection
0.0,431.857,196.256,1.0,6.0,0.0,0.0,0.0,6.0,66.6685,0.0,5328.2285,481.2997,1.0,13.5156,0.0,1.0,1.0,0.9742,0.0258,0.408,1.0,403,2,Normal,normal
0.0,430.803,196.35,1.0,6.0,0.0,0.0,0.0,6.0,66.6685,0.0,5328.2285,481.2997,1.0,13.5655,0.0,1.0,1.0,0.9751,0.0249,0.417,1.0,403,3,Normal,normal
0.0,430.203,196.354,1.0,6.0,0.0,0.0,0.0,6.0,66.6685,0.0,5328.2285,481.2997,1.0,12.7692,0.0,1.0,1.0,0.9786,0.0214,0.149,1.0,403,4,Normal,normal
0.0,429.645,196.507,1.0,6.0,0.0,0.0,0.0,6.0,66.6685,0.0,5328.2285,481.2997,1.0,13.4842,0.0,1.0,1.0,0.9729,0.0271,0.184,1.0,403,5,Normal,normal
0.0,353.355,189.841,1.0,6.0,0.0,0.0,0.0,6.0,66.9864,1.0,5379.0875,485.8938,1.0,66.9864,0.0,1.0,1.0,1.2187,0.2187,-0.989,1.0,404,1,Cyber Intrusion,data_injection
0.0,351.472,189.906,1.0,6.0,0.0,0.0,0.0,6.0,66.9864,0.0,5379.0875,485.8938,1.0,13.1809,0.0,1.0,1.0,0.9742,0.0258,0.414,1.0,404,2,Normal,normal
0.0,350.405,189.834,1.0,6.0,0.0,0.0,0.0,6.0,66.9864,0.0,5379.0875,485.8938,1.0,13.3409,0.0,1.0,1.0,0.9748,0.0252,0.419,1.0,404,3,Normal,normal
0.0,349.632,189.944,1.0,6.0,0.0,0.0,0.0,6.0,66.9864,0.0,5379.0875,485.8938,1.0,13.6358,0.0,1.0,1.0,0.975,0.025,0.146,1.0,404,4,Normal,normal
0.0,348.94,190.153,1.0,6.0,0.0,0.0,0.0,6.0,66.9864,0.0,5379.0875,485.8938,1.0,13.7052,0.0,1.0,1.0,0.9712,0.0288,0.183,1.0,404,5,Normal,normal
0.0,338.927,179.748,1.0,6.0,0.0,0.0,0.0,6.0,67.045,1.0,5392.8543,487.1374,1.0,67.045,0.0,1.0,1.0,1.2187,0.2187,-0.984,1.0,405,1,Cyber Intrusion,data_injection
0.0,337.218,180.006,1.0,6.0,0.0,0.0,0.0,6.0,67.045,0.0,5392.8543,487.1374,1.0,14.4573,0.0,1.0,1.0,0.9701,0.0299,0.417,1.0,405,2,Normal,normal
0.0,336.353,180.114,1.0,6.0,0.0,0.0,0.0,6.0,67.045,0.0,5392.8543,487.1374,1.0,11.8077,0.0,1.0,1.0,0.9792,0.0208,0.426,1.0,405,3,Normal,normal
0.0,335.618,180.246,1.0,6.0,0.0,0.0,0.0,6.0,67.045,0.0,5392.8543,487.1374,1.0,14.3665,0.0,1.0,1.0,0.9727,0.0273,0.141,1.0,405,4,Normal,normal
0.0,334.898,180.409,1.0,6.0,0.0,0.0,0.0,6.0,67.045,0.0,5392.8543,487.1374,1.0,13.3007,0.0,1.0,1.0,0.9721,0.0279,0.189,1.0,405,5,Normal,normal
0.0,291.763,185.28,1.0,6.0,0.0,0.0,0.0,6.0,0.0,0.0,1.2087,0.1092,0.0,0.0,0.0,0.0,0.0,0.9769,0.0231,-0.999,1.0,406,1,Cyber Intrusion,data_injection
0.0,290.01,185.511,1.0,6.0,0.0,0.0,0.0,6.0,0.0,0.0,1.2087,0.1092,0.0,0.0,0.0,0.0,0.0,0.9722,0.0278,0.42,1.0,406,2,Normal,normal
0.0,289.18,185.586,1.0,6.0,0.0,0.0,0.0,6.0,0.0,0.0,1.2087,0.1092,0.0,0.0,0.0,0.0,0.0,0.9765,0.0235,0.426,1.0,406,3,Normal,normal
0.0,287.402,186.624,1.0,6.0,0.0,0.0,0.0,6.0,0.0,0.0,1.2087,0.1092,0.0,0.0,0.0,0.0,0.0,0.9749,0.0251,0.159,1.0,406,4,Normal,normal
0.0,286.672,186.729,1.0,6.0,0.0,0.0,0.0,6.0,0.0,0.0,1.2087,0.1092,0.0,0.0,0.0,0.0,0.0,0.9701,0.0299,0.179,1.0,406,5,Normal,normal
0.0,300.543,178.046,1.0,6.0,0.0,0.0,0.0,6.0,0.0,0.0,2.0604,0.1861,0.0,0.0,0.0,0.0,0.0,0.9737,0.0263,-1.012,1.0,407,1,Cyber Intrusion,data_injection
0.0,298.982,178.088,1.0,6.0,0.0,0.0,0.0,6.0,0.0,0.0,2.0604,0.1861,0.0,0.0,0.0,0.0,0.0,0.9747,0.0253,0.425,1.0,407,2,Normal,normal
0.0,298.202,178.099,1.0,6.0,0.0,0.0,0.0,6.0,0.0,0.0,2.0604,0.1861,0.0,0.0,0.0,0.0,0.0,0.9734,0.0266,0.428,1.0,407,3,Normal,normal
0.0,296.28,179.343,1.0,6.0,0.0,0.0,0.0,6.0,0.0,0.0,2.0604,0.1861,0.0,0.0,0.0,0.0,0.0,0.9742,0.0258,0.158,1.0,407,4,Normal,normal
0.0,295.462,179.522,1.0,6.0,0.0,0.0,0.0,6.0,0.0,0.0,2.0604,0.1861,0.0,0.0,0.0,0.0,0.0,0.9702,0.0298,0.191,1.0,407,5,Normal,normal
0.0,332.29,155.196,1.0,6.0,0.0,0.0,0.0,6.0,0.0,0.0,0.5731,0.0518,0.0,0.0,0.0,0.0,0.0,0.9793,0.0207,-1.018,1.0,408,1,Cyber Intrusion,data_injection
0.0,330.513,155.14,1.0,6.0,0.0,0.0,0.0,6.0,0.0,0.0,0.5731,0.0518,0.0,0.0,0.0,0.0,0.0,0.9749,0.0251,0.43,1.0,408,2,Normal,normal
0.0,329.587,155.035,1.0,6.0,0.0,0.0,0.0,6.0,0.0,0.0,0.5731,0.0518,0.0,0.0,0.0,0.0,0.0,0.9754,0.0246,0.426,1.0,408,3,Normal,normal
0.0,327.738,156.488,1.0,6.0,0.0,0.0,0.0,6.0,0.0,0.0,0.5731,0.0518,0.0,0.0,0.0,0.0,0.0,0.9787,0.0213,0.157,1.0,408,4,Normal,normal
0.0,326.993,156.63,1.0,6.0,0.0,0.0,0.0,6.0,0.0,0.0,0.5731,0.0518,0.0,0.0,0.0,0.0,0.0,0.9719,0.0281,0.192,1.0,408,5,Normal,normal
0.0,267.472,165.255,1.0,6.0,0.0,0.0,0.0,6.0,0.0,0.0,1.6059,0.1451,0.0,0.0,0.0,0.0,0.0,0.977,0.023,-1.021,1.0,409,1,Cyber Intrusion,data_injection
0.0,265.835,165.071,1.0,6.0,0.0,0.0,0.0,6.0,0.0,0.0,1.6059,0.1451,0.0,0.0,0.0,0.0,0.0,0.9714,0.0286,0.433,1.0,409,2,Normal,normal
0.0,265.042,164.798,1.0,6.0,0.0,0.0,0.0,6.0,0.0,0.0,1.6059,0.1451,0.0,0.0,0.0,0.0,0.0,0.9747,0.0253,0.434,1.0,409,3,Normal,normal
0.0,263.192,165.635,1.0,6.0,0.0,0.0,0.0,6.0,0.0,0.0,1.6059,0.1451,0.0,0.0,0.0,0.0,0.0,0.9719,0.0281,0.158,1.0,409,4,Normal,normal
0.0,262.43,165.687,1.0,6.0,0.0,0.0,0.0,6.0,0.0,0.0,1.6059,0.1451,0.0,0.0,0.0,0.0,0.0,0.9693,0.0307,0.185,1.0,409,5,Normal,normal
0.0,282.68,155.858,1.0,6.0,0.0,0.0,0.0,6.0,0.0,0.0,3.6412,0.3289,0.0,0.0,0.0,0.0,0.0,0.975,0.025,-1.022,1.0,410,1,Cyber Intrusion,data_injection
0.0,280.985,155.695,1.0,6.0,0.0,0.0,0.0,6.0,0.0,0.0,3.6412,0.3289,0.0,0.0,0.0,0.0,0.0,0.9747,0.0253,0.434,1.0,410,2,Normal,normal
0.0,280.068,155.468,1.0,6.0,0.0,0.0,0.0,6.0,0.0,0.0,3.6412,0.3289,0.0,0.0,0.0,0.0,0.0,0.972,0.028,0.436,1.0,410,3,Normal,normal
0.0,279.228,155.443,1.0,6.0,0.0,0.0,0.0,6.0,0.0,0.0,3.6412,0.3289,0.0,0.0,0.0,0.0,0.0,0.979,0.021,0.151,1.0,410,4,Normal,normal
0.0,278.42,155.518,1.0,6.0,0.0,0.0,0.0,6.0,0.0,0.0,3.6412,0.3289,0.0,0.0,0.0,0.0,0.0,0.9745,0.0255,0.193,1.0,410,5,Normal,normal
0.0,334.82,173.268,1.0,6.0,0.0,0.0,0.0,6.0,0.0,0.0,5.4102,0.4887,0.0,0.0,0.0,0.0,0.0,0.9753,0.0247,-1.033,1.0,411,1,Normal,normal
0.0,333.047,173.123,1.0,6.0,0.0,0.0,0.0,6.0,0.0,0.0,5.4102,0.4887,0.0,0.0,0.0,0.0,0.0,0.9758,0.0242,0.434,1.0,411,2,Normal,normal
0.0,332.05,172.784,1.0,6.0,0.0,0.0,0.0,6.0,0.0,0.0,5.4102,0.4887,0.0,0.0,0.0,0.0,0.0,0.9691,0.0309,0.431,1.0,411,3,Normal,normal
0.0,331.19,172.501,1.0,6.0,0.0,0.0,0.0,6.0,0.0,0.0,5.4102,0.4887,0.0,0.0,0.0,0.0,0.0,0.9784,0.0216,0.159,1.0,411,4,Normal,normal
0.0,330.343,172.356,1.0,6.0,0.0,0.0,0.0,6.0,0.0,0.0,5.4102,0.4887,0.0,0.0,0.0,0.0,0.0,0.9705,0.0295,0.189,1.0,411,5,Normal,normal
0.0,290.817,181.933,1.0,6.0,0.0,0.0,0.0,6.0,0.0,0.0,0.9026,0.0815,0.0,0.0,0.0,0.0,0.0,0.978,0.022,-1.031,1.0,412,1,Normal,normal
0.0,289.047,181.849,1.0,6.0,0.0,0.0,0.0,6.0,0.0,0.0,0.9026,0.0815,0.0,0.0,0.0,0.0,0.0,0.9705,0.0295,0.448,1.0,412,2,Normal,normal
0.0,287.57,181.911,1.0,6.0,0.0,0.0,0.0,6.0,0.0,0.0,0.9026,0.0815,0.0,0.0,0.0,0.0,0.0,0.9753,0.0247,0.431,1.0,412,3,Normal,normal
0.0,286.603,181.694,1.0,6.0,0.0,0.0,0.0,6.0,0.0,0.0,0.9026,0.0815,0.0,0.0,0.0,0.0,0.0,0.9748,0.0252,0.159,1.0,412,4,Normal,normal
0.0,285.853,181.469,1.0,6.0,0.0,0.0,0.0,6.0,0.0,0.0,0.9026,0.0815,0.0,0.0,0.0,0.0,0.0,0.9715,0.0285,0.188,1.0,412,5,Normal,normal
0.0,304.267,171.574,1.0,6.0,0.0,0.0,0.0,6.0,0.0,0.0,1.4604,0.1319,0.0,0.0,0.0,0.0,0.0,0.9746,0.0254,-1.039,1.0,413,1,Normal,normal
0.0,302.473,171.519,1.0,6.0,0.0,0.0,0.0,6.0,0.0,0.0,1.4604,0.1319,0.0,0.0,0.0,0.0,0.0,0.9718,0.0282,0.441,1.0,413,2,Normal,normal
0.0,300.93,171.691,1.0,6.0,0.0,0.0,0.0,6.0,0.0,0.0,1.4604,0.1319,0.0,0.0,0.0,0.0,0.0,0.9729,0.0271,0.434,1.0,413,3,Normal,normal
0.0,299.957,171.501,1.0,6.0,0.0,0.0,0.0,6.0,0.0,0.0,1.4604,0.1319,0.0,0.0,0.0,0.0,0.0,0.9771,0.0229,0.154,1.0,413,4,Normal,normal
0.0,299.183,171.305,1.0,6.0,0.0,0.0,0.0,6.0,0.0,0.0,1.4604,0.1319,0.0,0.0,0.0,0.0,0.0,0.972,0.028,0.198,1.0,413,5,Normal,normal
0.0,355.972,187.143,1.0,6.0,0.0,0.0,0.0,6.0,0.0,0.0,4.2485,0.3838,0.0,0.0,0.0,0.0,0.0,0.9766,0.0234,-1.041,1.0,414,1,Normal,normal
0.0,353.902,186.622,1.0,6.0,0.0,0.0,0.0,6.0,0.0,0.0,4.2485,0.3838,0.0,0.0,0.0,0.0,0.0,0.9675,0.0325,0.444,1.0,414,2,Normal,normal
0.0,352.238,186.615,1.0,6.0,0.0,0.0,0.0,6.0,0.0,0.0,4.2485,0.3838,0.0,0.0,0.0,0.0,0.0,0.9739,0.0261,0.437,1.0,414,3,Normal,normal
0.0,351.208,186.351,1.0,6.0,0.0,0.0,0.0,6.0,0.0,0.0,4.2485,0.3838,0.0,0.0,0.0,0.0,0.0,0.9784,0.0216,0.162,1.0,414,4,Normal,normal
0.0,350.458,186.171,1.0,6.0,0.0,0.0,0.0,6.0,0.0,0.0,4.2485,0.3838,0.0,0.0,0.0,0.0,0.0,0.9716,0.0284,0.191,1.0,414,5,Normal,normal
0.0,307.238,203.568,1.0,6.0,0.0,0.0,0.0,6.0,0.0,0.0,0.5686,0.0514,0.0,0.0,0.0,0.0,0.0,0.9762,0.0238,-1.046,1.0,415,1,Normal,normal
0.0,305.453,202.985,1.0,6.0,0.0,0.0,0.0,6.0,0.0,0.0,0.5686,0.0514,0.0,0.0,0.0,0.0,0.0,0.9715,0.0285,0.448,1.0,415,2,Normal,normal
0.0,303.765,202.965,1.0,6.0,0.0,0.0,0.0,6.0,0.0,0.0,0.5686,0.0514,0.0,0.0,0.0,0.0,0.0,0.9755,0.0245,0.45,1.0,415,3,Normal,normal
0.0,302.605,202.828,1.0,6.0,0.0,0.0,0.0,6.0,0.0,0.0,0.5686,0.0514,0.0,0.0,0.0,0.0,0.0,0.9752,0.0248,0.161,1.0,415,4,Normal,normal
0.0,301.72,202.737,1.0,6.0,0.0,0.0,0.0,6.0,0.0,0.0,0.5686,0.0514,0.0,0.0,0.0,0.0,0.0,0.9707,0.0293,0.196,1.0,415,5,Normal,normal
0.0,411.89,240.593,1.0,6.0,0.0,0.0,0.0,6.0,0.0,0.0,1.5715,0.142,0.0,0.0,0.0,0.0,0.0,0.976,0.024,-1.071,1.0,416,1,Normal,normal
0.0,410.067,240.178,1.0,6.0,0.0,0.0,0.0,6.0,0.0,0.0,1.5715,0.142,0.0,0.0,0.0,0.0,0.0,0.9744,0.0256,0.455,1.0,416,2,Normal,normal
0.0,408.707,240.195,1.0,6.0,0.0,0.0,0.0,6.0,0.0,0.0,1.5715,0.142,0.0,0.0,0.0,0.0,0.0,0.9733,0.0267,0.448,1.0,416,3,Normal,normal
0.0,407.58,240.148,1.0,6.0,0.0,0.0,0.0,6.0,0.0,0.0,1.5715,0.142,0.0,0.0,0.0,0.0,0.0,0.9762,0.0238,0.157,1.0,416,4,Normal,normal
0.0,406.535,240.017,1.0,6.0,0.0,0.0,0.0,6.0,0.0,0.0,1.5715,0.142,0.0,0.0,0.0,0.0,0.0,0.9681,0.0319,0.192,1.0,416,5,Normal,normal
0.0,465.285,223.624,1.0,6.0,0.0,0.0,0.0,6.0,0.0,0.0,1.0975,0.0991,0.0,0.0,0.0,0.0,0.0,0.9785,0.0215,-1.072,1.0,417,1,Normal,normal
0.0,463.7,223.421,1.0,6.0,0.0,0.0,0.0,6.0,0.0,0.0,1.0975,0.0991,0.0,0.0,0.0,0.0,0.0,0.9733,0.0267,0.461,1.0,417,2,Normal,normal
0.0,462.487,223.614,1.0,6.0,0.0,0.0,0.0,6.0,0.0,0.0,1.0975,0.0991,0.0,0.0,0.0,0.0,0.0,0.972,0.028,0.456,1.0,417,3,Normal,normal
0.0,461.332,223.663,1.0,6.0,0.0,0.0,0.0,6.0,0.0,0.0,1.0975,0.0991,0.0,0.0,0.0,0.0,0.0,0.9731,0.0269,0.158,1.0,417,4,Normal,normal
0.0,460.193,223.603,1.0,6.0,0.0,0.0,0.0,6.0,0.0,0.0,1.0975,0.0991,0.0,0.0,0.0,0.0,0.0,0.9716,0.0284,0.199,1.0,417,5,Normal,normal
0.0,404.86,252.503,1.0,6.0,0.0,0.0,0.0,6.0,0.0,0.0,1.4396,0.13,0.0,0.0,0.0,0.0,0.0,0.9749,0.0251,-1.091,1.0,418,1,Normal,normal
0.0,403.272,252.377,1.0,6.0,0.0,0.0,0.0,6.0,0.0,0.0,1.4396,0.13,0.0,0.0,0.0,0.0,0.0,0.9721,0.0279,0.461,1.0,418,2,Normal,normal
0.0,402.043,252.545,1.0,6.0,0.0,0.0,0.0,6.0,0.0,0.0,1.4396,0.13,0.0,0.0,0.0,0.0,0.0,0.9764,0.0236,0.466,1.0,418,3,Normal,normal
0.0,400.91,252.475,1.0,6.0,0.0,0.0,0.0,6.0,0.0,0.0,1.4396,0.13,0.0,0.0,0.0,0.0,0.0,0.9748,0.0252,0.167,1.0,418,4,Normal,normal
0.0,399.91,252.306,1.0,6.0,0.0,0.0,0.0,6.0,0.0,0.0,1.4396,0.13,0.0,0.0,0.0,0.0,0.0,0.9697,0.0303,0.208,1.0,418,5,Normal,normal
0.0,413.318,243.411,1.0,6.0,0.0,0.0,0.0,6.0,0.0,0.0,4.7958,0.4332,0.0,0.0,0.0,0.0,0.0,0.9705,0.0295,-1.109,1.0,419,1,Normal,normal
0.0,411.583,243.443,1.0,6.0,0.0,0.0,0.0,6.0,0.0,0.0,4.7958,0.4332,0.0,0.0,0.0,0.0,0.0,0.9713,0.0287,0.481,1.0,419,2,Normal,normal
0.0,410.42,243.541,1.0,6.0,0.0,0.0,0.0,6.0,0.0,0.0,4.7958,0.4332,0.0,0.0,0.0,0.0,0.0,0.9755,0.0245,0.469,1.0,419,3,Normal,normal
0.0,409.328,243.408,1.0,6.0,0.0,0.0,0.0,6.0,0.0,0.0,4.7958,0.4332,0.0,0.0,0.0,0.0,0.0,0.9705,0.0295,0.17,1.0,419,4,Normal,normal
0.0,408.33,243.225,1.0,6.0,0.0,0.0,0.0,6.0,0.0,0.0,4.7958,0.4332,0.0,0.0,0.0,0.0,0.0,0.9684,0.0316,0.21,1.0,419,5,Normal,normal
0.0,353.935,180.4,1.0,6.0,0.0,0.0,0.0,6.0,0.0,0.0,1.2784,0.1155,0.0,0.0,0.0,0.0,0.0,0.9738,0.0262,-1.132,1.0,420,1,Normal,normal
0.0,352.108,180.478,1.0,6.0,0.0,0.0,0.0,6.0,0.0,0.0,1.2784,0.1155,0.0,0.0,0.0,0.0,0.0,0.9687,0.0313,0.483,1.0,420,2,Normal,normal
0.0,351.107,180.744,1.0,6.0,0.0,0.0,0.0,6.0,0.0,0.0,1.2784,0.1155,0.0,0.0,0.0,0.0,0.0,0.968,0.032,0.483,1.0,420,3,Normal,normal
0.0,350.318,180.963,1.0,6.0,0.0,0.0,0.0,6.0,0.0,0.0,1.2784,0.1155,0.0,0.0,0.0,0.0,0.0,0.9731,0.0269,0.174,1.0,420,4,Normal,normal
0.0,349.428,180.929,1.0,6.0,0.0,0.0,0.0,6.0,0.0,0.0,1.2784,0.1155,0.0,0.0,0.0,0.0,0.0,0.9678,0.0322,0.211,1.0,420,5,Normal,normal
0.0,277.322,185.007,1.0,6.0,0.0,0.0,0.0,6.0,0.0,0.0,3.1955,0.2887,0.0,0.0,0.0,0.0,0.0,0.9701,0.0299,-1.166,1.0,421,1,Normal,normal
0.0,275.627,184.906,1.0,6.0,0.0,0.0,0.0,6.0,0.0,0.0,3.1955,0.2887,0.0,0.0,0.0,0.0,0.0,0.9703,0.0297,0.491,1.0,421,2,Normal,normal
0.0,274.758,185.077,1.0,6.0,0.0,0.0,0.0,6.0,0.0,0.0,3.1955,0.2887,0.0,0.0,0.0,0.0,0.0,0.9733,0.0267,0.496,1.0,421,3,Normal,normal
0.0,273.897,185.221,1.0,6.0,0.0,0.0,0.0,6.0,0.0,0.0,3.1955,0.2887,0.0,0.0,0.0,0.0,0.0,0.9721,0.0279,0.171,1.0,421,4,Normal,normal
0.0,273.157,185.082,1.0,6.0,0.0,0.0,0.0,6.0,0.0,0.0,3.1955,0.2887,0.0,0.0,0.0,0.0,0.0,0.9656,0.0344,0.219,1.0,421,5,Normal,normal
0.0,302.725,171.398,1.0,6.0,0.0,0.0,0.0,6.0,0.0,0.0,1.8595,0.168,0.0,0.0,0.0,0.0,0.0,0.9727,0.0273,-1.201,1.0,422,1,Normal,normal
0.0,300.982,171.302,1.0,6.0,0.0,0.0,0.0,6.0,0.0,0.0,1.8595,0.168,0.0,0.0,0.0,0.0,0.0,0.9683,0.0317,0.512,1.0,422,2,Normal,normal
0.0,300.115,171.465,1.0,6.0,0.0,0.0,0.0,6.0,0.0,0.0,1.8595,0.168,0.0,0.0,0.0,0.0,0.0,0.971,0.029,0.508,1.0,422,3,Normal,normal
0.0,299.232,171.665,1.0,6.0,0.0,0.0,0.0,6.0,0.0,0.0,1.8595,0.168,0.0,0.0,0.0,0.0,0.0,0.9755,0.0245,0.187,1.0,422,4,Normal,normal
0.0,298.407,171.581,1.0,6.0,0.0,0.0,0.0,6.0,0.0,0.0,1.8595,0.168,0.0,0.0,0.0,0.0,0.0,0.9664,0.0336,0.222,1.0,422,5,Normal,normal
0.0,342.837,182.417,1.0,6.0,0.0,0.0,0.0,6.0,0.0,0.0,1.7981,0.1624,0.0,0.0,0.0,0.0,0.0,0.9702,0.0298,-1.224,1.0,423,1,Normal,normal
0.0,340.952,182.319,1.0,6.0,0.0,0.0,0.0,6.0,0.0,0.0,1.7981,0.1624,0.0,0.0,0.0,0.0,0.0,0.9686,0.0314,0.509,1.0,423,2,Normal,normal
0.0,339.888,182.311,1.0,6.0,0.0,0.0,0.0,6.0,0.0,0.0,1.7981,0.1624,0.0,0.0,0.0,0.0,0.0,0.9711,0.0289,0.516,1.0,423,3,Normal,normal
0.0,338.903,182.316,1.0,6.0,0.0,0.0,0.0,6.0,0.0,0.0,1.7981,0.1624,0.0,0.0,0.0,0.0,0.0,0.9686,0.0314,0.184,1.0,423,4,Normal,normal
0.0,337.977,182.148,1.0,6.0,0.0,0.0,0.0,6.0,0.0,0.0,1.7981,0.1624,0.0,0.0,0.0,0.0,0.0,0.965,0.035,0.22,1.0,423,5,Normal,normal
0.0,279.23,194.705,1.0,6.0,0.0,0.0,0.0,6.0,0.0,0.0,0.63,0.0569,0.0,0.0,0.0,0.0,0.0,0.9741,0.0259,-1.267,1.0,424,1,Normal,normal
0.0,277.78,194.55,1.0,6.0,0.0,0.0,0.0,6.0,0.0,0.0,0.63,0.0569,0.0,0.0,0.0,0.0,0.0,0.9662,0.0338,0.542,1.0,424,2,Normal,normal
0.0,276.85,194.382,1.0,6.0,0.0,0.0,0.0,6.0,0.0,0.0,0.63,0.0569,0.0,0.0,0.0,0.0,0.0,0.9677,0.0323,0.537,1.0,424,3,Normal,normal
0.0,276.052,194.206,1.0,6.0,0.0,0.0,0.0,6.0,0.0,0.0,0.63,0.0569,0.0,0.0,0.0,0.0,0.0,0.9701,0.0299,0.193,1.0,424,4,Normal,normal
0.0,275.333,193.902,1.0,6.0,0.0,0.0,0.0,6.0,0.0,0.0,0.63,0.0569,0.0,0.0,0.0,0.0,0.0,0.9665,0.0335,0.231,1.0,424,5,Normal,normal
0.0,284.235,190.72,1.0,6.0,0.0,0.0,0.0,6.0,0.0,0.0,0.864,0.078,0.0,0.0,0.0,0.0,0.0,0.972,0.028,-1.319,1.0,425,1,Normal,normal
0.0,282.76,190.59,1.0,6.0,0.0,0.0,0.0,6.0,0.0,0.0,0.864,0.078,0.0,0.0,0.0,0.0,0.0,0.9644,0.0356,0.56,1.0,425,2,Normal,normal
0.0,281.845,190.413,1.0,6.0,0.0,0.0,0.0,6.0,0.0,0.0,0.864,0.078,0.0,0.0,0.0,0.0,0.0,0.9683,0.0317,0.562,1.0,425,3,Normal,normal
0.0,281.038,190.246,1.0,6.0,0.0,0.0,0.0,6.0,0.0,0.0,0.864,0.078,0.0,0.0,0.0,0.0,0.0,0.9669,0.0331,0.198,1.0,425,4,Normal,normal
0.0,280.295,189.966,1.0,6.0,0.0,0.0,0.0,6.0,0.0,0.0,0.864,0.078,0.0,0.0,0.0,0.0,0.0,0.962,0.038,0.251,1.0,425,5,Normal,normal
0.0,235.407,102.271,1.0,6.0,0.0,0.0,0.0,6.0,73.0777,0.0,6409.7379,578.9926,1.0,15.0482,0.0,1.0,1.0,0.9679,0.0321,-1.342,1.0,426,1,Normal,normal
0.0,234.07,101.912,1.0,6.0,0.0,0.0,0.0,6.0,73.0777,0.0,6409.7379,578.9926,1.0,14.6513,0.0,1.0,1.0,0.9636,0.0364,0.565,1.0,426,2,Normal,normal
0.0,233.268,101.667,1.0,6.0,0.0,0.0,0.0,6.0,73.0777,1.0,6409.7379,578.9926,1.0,73.0777,0.0,1.0,1.0,1.2283,0.2283,0.572,1.0,426,3,Cyber Intrusion,data_injection
0.0,232.548,101.491,1.0,6.0,0.0,0.0,0.0,6.0,73.0777,0.0,6409.7379,578.9926,1.0,14.081,0.0,1.0,1.0,0.9683,0.0317,0.204,1.0,426,4,Normal,normal
0.0,231.912,101.18,1.0,6.0,0.0,0.0,0.0,6.0,73.0777,0.0,6409.7379,578.9926,1.0,15.142,0.0,1.0,1.0,0.9602,0.0398,0.25,1.0,426,5,Normal,normal
0.0,201.155,98.533,1.0,6.0,0.0,0.0,0.0,6.0,73.131,0.0,6419.2652,579.8532,1.0,14.7027,0.0,1.0,1.0,0.9689,0.0311,-1.391,1.0,427,1,Normal,normal
0.0,200.223,98.393,1.0,6.0,0.0,0.0,0.0,6.0,73.131,0.0,6419.2652,579.8532,1.0,15.3094,0.0,1.0,1.0,0.9614,0.0386,0.587,1.0,427,2,Normal,normal
0.0,199.62,98.372,1.0,6.0,0.0,0.0,0.0,6.0,73.131,1.0,6419.2652,579.8532,1.0,73.131,0.0,1.0,1.0,1.2283,0.2283,0.592,1.0,427,3,Cyber Intrusion,data_injection
0.0,199.175,98.313,1.0,6.0,0.0,0.0,0.0,6.0,73.131,0.0,6419.2652,579.8532,1.0,13.7485,0.0,1.0,1.0,0.9691,0.0309,0.216,1.0,427,4,Normal,normal
0.0,198.755,98.19,1.0,6.0,0.0,0.0,0.0,6.0,73.131,0.0,6419.2652,579.8532,1.0,14.8321,0.0,1.0,1.0,0.9608,0.0392,0.258,1.0,427,5,Normal,normal
0.0,202.237,97.585,1.0,6.0,0.0,0.0,0.0,6.0,73.6351,0.0,6508.7216,587.9338,1.0,14.7099,0.0,1.0,1.0,0.9674,0.0326,-1.417,1.0,428,1,Normal,normal
0.0,201.148,97.58,1.0,6.0,0.0,0.0,0.0,6.0,73.6351,0.0,6508.7216,587.9338,1.0,15.2747,0.0,1.0,1.0,0.9599,0.0401,0.594,1.0,428,2,Normal,normal
0.0,200.485,97.612,1.0,6.0,0.0,0.0,0.0,6.0,73.6351,1.0,6508.7216,587.9338,1.0,73.6351,0.0,1.0,1.0,1.2283,0.2283,0.591,1.0,428,3,Cyber Intrusion,data_injection
0.0,199.993,97.594,1.0,6.0,0.0,0.0,0.0,6.0,73.6351,0.0,6508.7216,587.9338,1.0,13.8219,0.0,1.0,1.0,0.9674,0.0326,0.21,1.0,428,4,Normal,normal
0.0,199.492,97.543,1.0,6.0,0.0,0.0,0.0,6.0,73.6351,0.0,6508.7216,587.9338,1.0,15.5799,0.0,1.0,1.0,0.9569,0.0431,0.271,1.0,428,5,Normal,normal
0.0,168.23,54.928,1.0,6.0,0.0,0.0,0.0,6.0,73.391,0.0,6464.8754,583.9732,1.0,14.3195,0.0,1.0,1.0,0.9694,0.0306,-1.458,1.0,429,1,Normal,normal
0.0,167.142,54.881,1.0,6.0,0.0,0.0,0.0,6.0,73.391,0.0,6464.8754,583.9732,1.0,13.9283,0.0,1.0,1.0,0.9646,0.0354,0.611,1.0,429,2,Normal,normal
0.0,166.473,54.917,1.0,6.0,0.0,0.0,0.0,6.0,73.391,1.0,6464.8754,583.9732,1.0,73.391,0.0,1.0,1.0,1.2283,0.2283,0.604,1.0,429,3,Cyber Intrusion,data_injection
0.0,165.962,54.911,1.0,6.0,0.0,0.0,0.0,6.0,73.391,0.0,6464.8754,583.9732,1.0,14.7949,0.0,1.0,1.0,0.9652,0.0348,0.223,1.0,429,4,Normal,normal
0.0,165.428,54.925,1.0,6.0,0.0,0.0,0.0,6.0,73.391,0.0,6464.8754,583.9732,1.0,15.4574,0.0,1.0,1.0,0.9579,0.0421,0.273,1.0,429,5,Normal,normal
0.0,189.385,95.9,1.0,6.0,0.0,0.0,0.0,6.0,73.6141,0.0,6503.6894,587.4793,1.0,14.3458,0.0,1.0,1.0,0.9688,0.0312,-1.489,1.0,430,1,Normal,normal
0.0,186.907,92.989,1.0,6.0,0.0,0.0,0.0,6.0,73.6141,0.0,6503.6894,587.4793,1.0,14.2081,0.0,1.0,1.0,0.9631,0.0369,0.626,1.0,430,2,Normal,normal
0.0,185.942,92.423,1.0,6.0,0.0,0.0,0.0,6.0,73.6141,1.0,6503.6894,587.4793,1.0,73.6141,0.0,1.0,1.0,1.2283,0.2283,0.633,1.0,430,3,Cyber Intrusion,data_injection
0.0,184.89,91.299,1.0,6.0,0.0,0.0,0.0,6.0,73.6141,0.0,6503.6894,587.4793,1.0,14.9523,0.0,1.0,1.0,0.9642,0.0358,0.226,1.0,430,4,Normal,normal
0.0,184.008,90.57,1.0,6.0,0.0,0.0,0.0,6.0,73.6141,0.0,6503.6894,587.4793,1.0,15.0937,0.0,1.0,1.0,0.9583,0.0417,0.276,1.0,430,5,Normal,normal
0.0,320.805,187.353,1.0,6.0,0.0,0.0,0.0,6.0,73.8802,0.0,6553.6208,591.9896,1.0,13.2359,0.0,1.0,1.0,0.9714,0.0286,-1.51,1.0,431,1,Normal,normal
0.0,315.912,183.224,1.0,6.0,0.0,0.0,0.0,6.0,73.8802,0.0,6553.6208,591.9896,1.0,15.758,0.0,1.0,1.0,0.9576,0.0424,0.635,1.0,431,2,Normal,normal
0.0,313.925,181.506,1.0,6.0,0.0,0.0,0.0,6.0,73.8802,1.0,6553.6208,591.9896,1.0,73.8802,0.0,1.0,1.0,1.2283,0.2283,0.64,1.0,431,3,Cyber Intrusion,data_injection
0.0,311.567,179.358,1.0,6.0,0.0,0.0,0.0,6.0,73.8802,0.0,6553.6208,591.9896,1.0,15.3285,0.0,1.0,1.0,0.9623,0.0377,0.228,1.0,431,4,Normal,normal
0.0,309.663,177.766,1.0,6.0,0.0,0.0,0.0,6.0,73.8802,0.0,6553.6208,591.9896,1.0,14.6517,0.0,1.0,1.0,0.9587,0.0413,0.282,1.0,431,5,Normal,normal
0.0,331.065,182.075,1.0,6.0,0.0,0.0,0.0,6.0,74.1079,0.0,6591.4104,595.4031,1.0,14.3645,0.0,1.0,1.0,0.9674,0.0326,-1.53,1.0,432,1,Normal,normal
0.0,326.273,177.909,1.0,6.0,0.0,0.0,0.0,6.0,74.1079,0.0,6591.4104,595.4031,1.0,15.0741,0.0,1.0,1.0,0.9589,0.0411,0.653,1.0,432,2,Normal,normal
0.0,324.348,176.104,1.0,6.0,0.0,0.0,0.0,6.0,74.1079,1.0,6591.4104,595.4031,1.0,74.1079,0.0,1.0,1.0,1.2283,0.2283,0.655,1.0,432,3,Cyber Intrusion,data_injection
0.0,321.837,174.003,1.0,6.0,0.0,0.0,0.0,6.0,74.1079,0.0,6591.4104,595.4031,1.0,15.4258,0.0,1.0,1.0,0.9613,0.0387,0.235,1.0,432,4,Normal,normal
0.0,319.832,172.453,1.0,6.0,0.0,0.0,0.0,6.0,74.1079,0.0,6591.4104,595.4031,1.0,14.3217,0.0,1.0,1.0,0.9589,0.0411,0.29,1.0,432,5,Normal,normal
0.0,338.892,173.523,1.0,6.0,0.0,0.0,0.0,6.0,0.0,0.0,1.3195,0.1192,0.0,0.0,0.0,0.0,0.0,0.9635,0.0365,-1.549,1.0,433,1,Normal,normal
0.0,334.043,169.382,1.0,6.0,0.0,0.0,0.0,6.0,0.0,0.0,1.3195,0.1192,0.0,0.0,0.0,0.0,0.0,0.9565,0.0435,0.66,1.0,433,2,Normal,normal
0.0,332.09,167.578,1.0,6.0,0.0,0.0,0.0,6.0,0.0,0.0,1.3195,0.1192,0.0,0.0,0.0,0.0,0.0,0.9606,0.0394,0.656,1.0,433,3,Cyber Intrusion,data_injection
0.0,329.608,165.427,1.0,6.0,0.0,0.0,0.0,6.0,0.0,0.0,1.3195,0.1192,0.0,0.0,0.0,0.0,0.0,0.9613,0.0387,0.237,1.0,433,4,Normal,normal
0.0,327.612,163.85,1.0,6.0,0.0,0.0,0.0,6.0,0.0,0.0,1.3195,0.1192,0.0,0.0,0.0,0.0,0.0,0.9523,0.0477,0.285,1.0,433,5,Normal,normal
0.0,327.253,165.563,1.0,6.0,0.0,0.0,0.0,6.0,0.0,0.0,1.7826,0.161,0.0,0.0,0.0,0.0,0.0,0.9675,0.0325,-1.561,1.0,434,1,Normal,normal
0.0,326.032,165.545,1.0,6.0,0.0,0.0,0.0,6.0,0.0,0.0,1.7826,0.161,0.0,0.0,0.0,0.0,0.0,0.9555,0.0445,0.667,1.0,434,2,Normal,normal
0.0,325.318,165.38,1.0,6.0,0.0,0.0,0.0,6.0,0.0,0.0,1.7826,0.161,0.0,0.0,0.0,0.0,0.0,0.9617,0.0383,0.653,1.0,434,3,Cyber Intrusion,data_injection
0.0,324.55,165.289,1.0,6.0,0.0,0.0,0.0,6.0,0.0,0.0,1.7826,0.161,0.0,0.0,0.0,0.0,0.0,0.9616,0.0384,0.24,1.0,434,4,Normal,normal
0.0,323.868,165.279,1.0,6.0,0.0,0.0,0.0,6.0,0.0,0.0,1.7826,0.161,0.0,0.0,0.0,0.0,0.0,0.9557,0.0443,0.287,1.0,434,5,Normal,normal
0.0,267.183,167.544,1.0,6.0,0.0,0.0,0.0,6.0,0.0,0.0,2.4045,0.2172,0.0,0.0,0.0,0.0,0.0,0.9613,0.0387,-1.56,1.0,435,1,Normal,normal
0.0,265.953,167.466,1.0,6.0,0.0,0.0,0.0,6.0,0.0,0.0,2.4045,0.2172,0.0,0.0,0.0,0.0,0.0,0.9568,0.0432,0.66,1.0,435,2,Normal,normal
0.0,265.06,167.305,1.0,6.0,0.0,0.0,0.0,6.0,0.0,0.0,2.4045,0.2172,0.0,0.0,0.0,0.0,0.0,0.9619,0.0381,0.66,1.0,435,3,Cyber Intrusion,data_injection
0.0,264.4,167.176,1.0,6.0,0.0,0.0,0.0,6.0,0.0,0.0,2.4045,0.2172,0.0,0.0,0.0,0.0,0.0,0.9594,0.0406,0.243,1.0,435,4,Normal,normal
0.0,263.842,167.2,1.0,6.0,0.0,0.0,0.0,6.0,0.0,0.0,2.4045,0.2172,0.0,0.0,0.0,0.0,0.0,0.9565,0.0435,0.281,1.0,435,5,Normal,normal
0.0,277.492,160.194,1.0,6.0,0.0,0.0,0.0,6.0,0.0,0.0,2.3566,0.2129,0.0,0.0,0.0,0.0,0.0,0.9649,0.0351,-1.547,1.0,436,1,Normal,normal
0.0,276.177,160.177,1.0,6.0,0.0,0.0,0.0,6.0,0.0,0.0,2.3566,0.2129,0.0,0.0,0.0,0.0,0.0,0.9585,0.0415,0.657,1.0,436,2,Normal,normal
0.0,275.208,160.094,1.0,6.0,0.0,0.0,0.0,6.0,0.0,0.0,2.3566,0.2129,0.0,0.0,0.0,0.0,0.0,0.9601,0.0399,0.657,1.0,436,3,Cyber Intrusion,data_injection
0.0,274.475,160.026,1.0,6.0,0.0,0.0,0.0,6.0,0.0,0.0,2.3566,0.2129,0.0,0.0,0.0,0.0,0.0,0.9604,0.0396,0.234,1.0,436,4,Normal,normal
0.0,273.883,160.078,1.0,6.0,0.0,0.0,0.0,6.0,0.0,0.0,2.3566,0.2129,0.0,0.0,0.0,0.0,0.0,0.9512,0.0488,0.284,1.0,436,5,Normal,normal
0.0,326.337,161.627,1.0,6.0,0.0,0.0,0.0,6.0,0.0,0.0,1.4845,0.1341,0.0,0.0,0.0,0.0,0.0,0.9657,0.0343,-1.543,1.0,437,1,Normal,normal
0.0,324.953,161.554,1.0,6.0,0.0,0.0,0.0,6.0,0.0,0.0,1.4845,0.1341,0.0,0.0,0.0,0.0,0.0,0.9564,0.0436,0.641,1.0,437,2,Normal,normal
0.0,323.902,161.457,1.0,6.0,0.0,0.0,0.0,6.0,0.0,0.0,1.4845,0.1341,0.0,0.0,0.0,0.0,0.0,0.9583,0.0417,0.651,1.0,437,3,Cyber Intrusion,data_injection
0.0,323.172,161.492,1.0,6.0,0.0,0.0,0.0,6.0,0.0,0.0,1.4845,0.1341,0.0,0.0,0.0,0.0,0.0,0.964,0.036,0.235,1.0,437,4,Normal,normal
0.0,322.52,161.392,1.0,6.0,0.0,0.0,0.0,6.0,0.0,0.0,1.4845,0.1341,0.0,0.0,0.0,0.0,0.0,0.9553,0.0447,0.293,1.0,437,5,Normal,normal
0.0,290.067,177.93,1.0,6.0,0.0,0.0,0.0,6.0,0.0,0.0,2.5959,0.2345,0.0,0.0,0.0,0.0,0.0,0.9665,0.0335,-1.516,1.0,438,1,Normal,normal
0.0,288.787,177.767,1.0,6.0,0.0,0.0,0.0,6.0,0.0,0.0,2.5959,0.2345,0.0,0.0,0.0,0.0,0.0,0.9564,0.0436,0.641,1.0,438,2,Cyber Intrusion,replay
0.0,287.782,177.593,1.0,6.0,0.0,0.0,0.0,6.0,0.0,0.0,2.5959,0.2345,0.0,0.0,0.0,0.0,0.0,0.9641,0.0359,0.645,1.0,438,3,Normal,normal
0.0,286.912,177.701,1.0,6.0,0.0,0.0,0.0,6.0,0.0,0.0,2.5959,0.2345,0.0,0.0,0.0,0.0,0.0,0.9652,0.0348,0.237,1.0,438,4,Normal,normal
0.0,285.952,177.799,1.0,6.0,0.0,0.0,0.0,6.0,0.0,0.0,2.5959,0.2345,0.0,0.0,0.0,0.0,0.0,0.9595,0.0405,0.289,1.0,438,5,Normal,normal
0.0,297.175,172.093,1.0,6.0,0.0,0.0,0.0,6.0,0.0,0.0,1.3181,0.1191,0.0,0.0,0.0,0.0,0.0,0.9656,0.0344,-1.478,1.0,439,1,Normal,normal
0.0,295.813,171.995,1.0,6.0,0.0,0.0,0.0,6.0,0.0,0.0,1.3181,0.1191,0.0,0.0,0.0,0.0,0.0,0.9564,0.0436,0.641,1.0,439,2,Cyber Intrusion,replay
0.0,294.863,171.777,1.0,6.0,0.0,0.0,0.0,6.0,0.0,0.0,1.3181,0.1191,0.0,0.0,0.0,0.0,0.0,0.961,0.039,0.626,1.0,439,3,Normal,normal
0.0,294.092,171.815,1.0,6.0,0.0,0.0,0.0,6.0,0.0,0.0,1.3181,0.1191,0.0,0.0,0.0,0.0,0.0,0.9625,0.0375,0.227,1.0,439,4,Normal,normal
0.0,293.183,171.887,1.0,6.0,0.0,0.0,0.0,6.0,0.0,0.0,1.3181,0.1191,0.0,0.0,0.0,0.0,0.0,0.958,0.042,0.279,1.0,439,5,Normal,normal
0.0,323.708,150.365,1.0,6.0,0.0,0.0,0.0,6.0,0.0,0.0,1.7182,0.1552,0.0,0.0,0.0,0.0,0.0,0.9659,0.0341,-1.457,1.0,440,1,Normal,normal
0.0,322.253,150.124,1.0,6.0,0.0,0.0,0.0,6.0,0.0,0.0,1.7182,0.1552,0.0,0.0,0.0,0.0,0.0,0.9564,0.0436,0.641,1.0,440,2,Cyber Intrusion,replay
0.0,321.238,149.945,1.0,6.0,0.0,0.0,0.0,6.0,0.0,0.0,1.7182,0.1552,0.0,0.0,0.0,0.0,0.0,0.9624,0.0376,0.618,1.0,440,3,Normal,normal
0.0,320.428,149.966,1.0,6.0,0.0,0.0,0.0,6.0,0.0,0.0,1.7182,0.1552,0.0,0.0,0.0,0.0,0.0,0.9635,0.0365,0.222,1.0,440,4,Normal,normal
0.0,319.573,150.243,1.0,6.0,0.0,0.0,0.0,6.0,0.0,0.0,1.7182,0.1552,0.0,0.0,0.0,0.0,0.0,0.9586,0.0414,0.278,1.0,440,5,Normal,normal
0.0,263.793,150.168,1.0,6.0,0.0,0.0,0.0,6.0,0.0,0.0,2.5407,0.2295,0.0,0.0,0.0,0.0,0.0,0.9668,0.0332,-1.412,1.0,441,1,Normal,normal
0.0,262.383,149.975,1.0,6.0,0.0,0.0,0.0,6.0,0.0,0.0,2.5407,0.2295,0.0,0.0,0.0,0.0,0.0,0.9564,0.0436,0.641,1.0,441,2,Cyber Intrusion,replay
0.0,261.527,149.753,1.0,6.0,0.0,0.0,0.0,6.0,0.0,0.0,2.5407,0.2295,0.0,0.0,0.0,0.0,0.0,0.9622,0.0378,0.599,1.0,441,3,Normal,normal
0.0,260.783,149.666,1.0,6.0,0.0,0.0,0.0,6.0,0.0,0.0,2.5407,0.2295,0.0,0.0,0.0,0.0,0.0,0.9651,0.0349,0.22,1.0,441,4,Normal,normal
0.0,259.953,149.789,1.0,6.0,0.0,0.0,0.0,6.0,0.0,0.0,2.5407,0.2295,0.0,0.0,0.0,0.0,0.0,0.9594,0.0406,0.26,1.0,441,5,Normal,normal
0.0,269.742,145.052,1.0,6.0,0.0,0.0,0.0,6.0,0.0,0.0,2.834,0.256,0.0,0.0,0.0,0.0,0.0,0.9699,0.0301,-1.359,1.0,442,1,Normal,normal
0.0,268.243,144.946,1.0,6.0,0.0,0.0,0.0,6.0,0.0,0.0,2.834,0.256,0.0,0.0,0.0,0.0,0.0,0.9649,0.0351,0.58,1.0,442,2,Cyber Intrusion,replay
0.0,267.367,144.738,1.0,6.0,0.0,0.0,0.0,6.0,0.0,0.0,2.834,0.256,0.0,0.0,0.0,0.0,0.0,0.9667,0.0333,0.577,1.0,442,3,Normal,normal
0.0,266.685,144.585,1.0,6.0,0.0,0.0,0.0,6.0,0.0,0.0,2.834,0.256,0.0,0.0,0.0,0.0,0.0,0.963,0.037,0.209,1.0,442,4,Normal,normal
0.0,266.057,144.514,1.0,6.0,0.0,0.0,0.0,6.0,0.0,0.0,2.834,0.256,0.0,0.0,0.0,0.0,0.0,0.9589,0.0411,0.249,1.0,442,5,Normal,normal
0.0,281.785,119.744,1.0,6.0,0.0,0.0,0.0,6.0,0.0,0.0,1.0843,0.0979,0.0,0.0,0.0,0.0,0.0,0.9687,0.0313,-1.329,1.0,443,1,Normal,normal
0.0,280.363,119.678,1.0,6.0,0.0,0.0,0.0,6.0,0.0,0.0,1.0843,0.0979,0.0,0.0,0.0,0.0,0.0,0.9662,0.0338,0.567,1.0,443,2,Cyber Intrusion,replay
0.0,279.522,119.593,1.0,6.0,0.0,0.0,0.0,6.0,0.0,0.0,1.0843,0.0979,0.0,0.0,0.0,0.0,0.0,0.9644,0.0356,0.567,1.0,443,3,Normal,normal
0.0,278.84,119.585,1.0,6.0,0.0,0.0,0.0,6.0,0.0,0.0,1.0843,0.0979,0.0,0.0,0.0,0.0,0.0,0.9678,0.0322,0.204,1.0,443,4,Normal,normal
0.0,278.143,119.507,1.0,6.0,0.0,0.0,0.0,6.0,0.0,0.0,1.0843,0.0979,0.0,0.0,0.0,0.0,0.0,0.9635,0.0365,0.245,1.0,443,5,Normal,normal
0.0,228.637,110.211,1.0,6.0,0.0,0.0,0.0,6.0,0.0,0.0,1.7091,0.1544,0.0,0.0,0.0,0.0,0.0,0.9723,0.0277,-1.275,1.0,444,1,Normal,normal
0.0,227.26,110.208,1.0,6.0,0.0,0.0,0.0,6.0,0.0,0.0,1.7091,0.1544,0.0,0.0,0.0,0.0,0.0,0.9645,0.0355,0.538,1.0,444,2,Cyber Intrusion,replay
0.0,226.43,110.209,1.0,6.0,0.0,0.0,0.0,6.0,0.0,0.0,1.7091,0.1544,0.0,0.0,0.0,0.0,0.0,0.9666,0.0334,0.533,1.0,444,3,Normal,normal
0.0,225.678,110.265,1.0,6.0,0.0,0.0,0.0,6.0,0.0,0.0,1.7091,0.1544,0.0,0.0,0.0,0.0,0.0,0.9723,0.0277,0.188,1.0,444,4,Normal,normal
0.0,224.883,110.268,1.0,6.0,0.0,0.0,0.0,6.0,0.0,0.0,1.7091,0.1544,0.0,0.0,0.0,0.0,0.0,0.9637,0.0363,0.236,1.0,444,5,Normal,normal
0.0,237.07,104.274,1.0,6.0,0.0,0.0,0.0,6.0,0.0,0.0,1.4771,0.1334,0.0,0.0,0.0,0.0,0.0,0.9708,0.0292,-1.208,1.0,445,1,Normal,normal
0.0,235.76,104.211,1.0,6.0,0.0,0.0,0.0,6.0,0.0,0.0,1.4771,0.1334,0.0,0.0,0.0,0.0,0.0,0.9696,0.0304,0.518,1.0,445,2,Cyber Intrusion,replay
0.0,235.01,104.16,1.0,6.0,0.0,0.0,0.0,6.0,0.0,0.0,1.4771,0.1334,0.0,0.0,0.0,0.0,0.0,0.9708,0.0292,0.51,1.0,445,3,Normal,normal
0.0,234.338,104.171,1.0,6.0,0.0,0.0,0.0,6.0,0.0,0.0,1.4771,0.1334,0.0,0.0,0.0,0.0,0.0,0.9692,0.0308,0.188,1.0,445,4,Normal,normal
0.0,233.568,104.172,1.0,6.0,0.0,0.0,0.0,6.0,0.0,0.0,1.4771,0.1334,0.0,0.0,0.0,0.0,0.0,0.9666,0.0334,0.223,1.0,445,5,Normal,normal
0.0,322.588,169.375,1.0,6.0,0.0,0.0,0.0,6.0,0.0,0.0,2.3285,0.2103,0.0,0.0,0.0,0.0,0.0,0.914,0.086,-3.253,1.0,446,1,Natural Fault,short_circuit
0.0,321.227,169.24,1.0,6.0,0.0,0.0,0.0,6.0,0.0,0.0,2.3285,0.2103,0.0,0.0,0.0,0.0,0.0,0.8908,0.1092,2.561,1.0,446,2,Natural Fault,short_circuit
0.0,320.545,169.227,1.0,6.0,0.0,0.0,0.0,6.0,0.0,0.0,2.3285,0.2103,0.0,0.0,0.0,0.0,0.0,0.913,0.087,0.502,1.0,446,3,Natural Fault,short_circuit
0.0,319.92,169.246,1.0,6.0,0.0,0.0,0.0,6.0,0.0,0.0,2.3285,0.2103,0.0,0.0,0.0,0.0,0.0,0.9156,0.0844,0.183,1.0,446,4,Natural Fault,short_circuit
0.0,319.203,169.374,1.0,6.0,0.0,0.0,0.0,6.0,0.0,0.0,2.3285,0.2103,0.0,0.0,0.0,0.0,0.0,0.8721,0.1279,2.231,1.0,446,5,Natural Fault,short_circuit
0.0,291.632,183.228,1.0,6.0,0.0,0.0,0.0,6.0,0.0,0.0,1.1992,0.1083,0.0,0.0,0.0,0.0,0.0,0.9233,0.0767,-3.198,1.0,447,1,Natural Fault,short_circuit
0.0,290.333,183.039,1.0,6.0,0.0,0.0,0.0,6.0,0.0,0.0,1.1992,0.1083,0.0,0.0,0.0,0.0,0.0,0.8942,0.1058,2.547,1.0,447,2,Natural Fault,short_circuit
0.0,289.61,183.056,1.0,6.0,0.0,0.0,0.0,6.0,0.0,0.0,1.1992,0.1083,0.0,0.0,0.0,0.0,0.0,0.9152,0.0848,0.476,1.0,447,3,Natural Fault,short_circuit
0.0,289.01,183.056,1.0,6.0,0.0,0.0,0.0,6.0,0.0,0.0,1.1992,0.1083,0.0,0.0,0.0,0.0,0.0,0.9182,0.0818,0.173,1.0,447,4,Natural Fault,short_circuit
0.0,288.408,183.114,1.0,6.0,0.0,0.0,0.0,6.0,0.0,0.0,1.1992,0.1083,0.0,0.0,0.0,0.0,0.0,0.8746,0.1254,2.217,1.0,447,5,Natural Fault,short_circuit
0.0,298.317,177.596,1.0,6.0,0.0,0.0,0.0,6.0,0.0,0.0,0.9207,0.0832,0.0,0.0,0.0,0.0,0.0,0.9212,0.0788,-3.149,1.0,448,1,Natural Fault,short_circuit
0.0,296.932,177.471,1.0,6.0,0.0,0.0,0.0,6.0,0.0,0.0,0.9207,0.0832,0.0,0.0,0.0,0.0,0.0,0.897,0.103,2.527,1.0,448,2,Natural Fault,short_circuit
0.0,296.198,177.486,1.0,6.0,0.0,0.0,0.0,6.0,0.0,0.0,0.9207,0.0832,0.0,0.0,0.0,0.0,0.0,0.9195,0.0805,0.46,1.0,448,3,Natural Fault,short_circuit
0.0,295.672,177.412,1.0,6.0,0.0,0.0,0.0,6.0,0.0,0.0,0.9207,0.0832,0.0,0.0,0.0,0.0,0.0,0.9225,0.0775,0.165,1.0,448,4,Natural Fault,short_circuit
0.0,295.118,177.425,1.0,6.0,0.0,0.0,0.0,6.0,0.0,0.0,0.9207,0.0832,0.0,0.0,0.0,0.0,0.0,0.8756,0.1244,2.21,1.0,448,5,Natural Fault,short_circuit
0.0,373.743,205.754,1.0,6.0,0.0,0.0,0.0,6.0,0.0,0.0,1.2016,0.1085,0.0,0.0,0.0,0.0,0.0,0.9233,0.0767,-3.129,1.0,449,1,Natural Fault,short_circuit
0.0,372.247,205.561,1.0,6.0,0.0,0.0,0.0,6.0,0.0,0.0,1.2016,0.1085,0.0,0.0,0.0,0.0,0.0,0.8934,0.1066,2.51,1.0,449,2,Natural Fault,short_circuit
0.0,371.262,205.385,1.0,6.0,0.0,0.0,0.0,6.0,0.0,0.0,1.2016,0.1085,0.0,0.0,0.0,0.0,0.0,0.9196,0.0804,0.448,1.0,449,3,Natural Fault,short_circuit
0.0,370.35,205.019,1.0,6.0,0.0,0.0,0.0,6.0,0.0,0.0,1.2016,0.1085,0.0,0.0,0.0,0.0,0.0,0.919,0.081,0.156,1.0,449,4,Natural Fault,short_circuit
0.0,369.653,204.914,1.0,6.0,0.0,0.0,0.0,6.0,0.0,0.0,1.2016,0.1085,0.0,0.0,0.0,0.0,0.0,0.8779,0.1221,2.204,1.0,449,5,Natural Fault,short_circuit
0.0,306.987,202.257,1.0,6.0,0.0,0.0,0.0,6.0,0.0,0.0,1.2557,0.1134,0.0,0.0,0.0,0.0,0.0,0.9763,0.0237,-1.023,1.0,450,1,Natural Fault,short_circuit
0.0,305.38,202.229,1.0,6.0,0.0,0.0,0.0,6.0,0.0,0.0,1.2557,0.1134,0.0,0.0,0.0,0.0,0.0,0.9757,0.0243,0.429,1.0,450,2,Natural Fault,short_circuit
0.0,304.077,202.244,1.0,6.0,0.0,0.0,0.0,6.0,0.0,0.0,1.2557,0.1134,0.0,0.0,0.0,0.0,0.0,0.9753,0.0247,0.436,1.0,450,3,Natural Fault,short_circuit
0.0,303.147,201.854,1.0,6.0,0.0,0.0,0.0,6.0,0.0,0.0,1.2557,0.1134,0.0,0.0,0.0,0.0,0.0,0.9741,0.0259,0.148,1.0,450,4,Natural Fault,short_circuit
0.0,302.438,201.799,1.0,6.0,0.0,0.0,0.0,6.0,0.0,0.0,1.2557,0.1134,0.0,0.0,0.0,0.0,0.0,0.9718,0.0282,0.186,1.0,450,5,Natural Fault,short_circuit
0.0,314.812,195.896,1.0,6.0,0.0,0.0,0.0,6.0,0.0,0.0,0.3205,0.029,0.0,0.0,0.0,0.0,0.0,0.9789,0.0211,-0.984,1.0,451,1,Natural Fault,short_circuit
0.0,313.085,195.977,1.0,6.0,0.0,0.0,0.0,6.0,0.0,0.0,0.3205,0.029,0.0,0.0,0.0,0.0,0.0,0.9729,0.0271,0.42,1.0,451,2,Natural Fault,short_circuit
0.0,311.742,196.042,1.0,6.0,0.0,0.0,0.0,6.0,0.0,0.0,0.3205,0.029,0.0,0.0,0.0,0.0,0.0,0.9756,0.0244,0.419,1.0,451,3,Natural Fault,short_circuit
0.0,310.745,195.708,1.0,6.0,0.0,0.0,0.0,6.0,0.0,0.0,0.3205,0.029,0.0,0.0,0.0,0.0,0.0,0.9771,0.0229,0.146,1.0,451,4,Natural Fault,short_circuit
0.0,309.985,195.698,1.0,6.0,0.0,0.0,0.0,6.0,0.0,0.0,0.3205,0.029,0.0,0.0,0.0,0.0,0.0,0.9731,0.0269,0.186,1.0,451,5,Natural Fault,short_circuit
0.0,375.547,198.421,1.0,6.0,0.0,0.0,0.0,6.0,0.0,0.0,1.5472,0.1398,0.0,0.0,0.0,0.0,0.0,0.9796,0.0204,-0.973,1.0,452,1,Natural Fault,short_circuit
0.0,373.847,198.492,1.0,6.0,0.0,0.0,0.0,6.0,0.0,0.0,1.5472,0.1398,0.0,0.0,0.0,0.0,0.0,0.9717,0.0283,0.408,1.0,452,2,Natural Fault,short_circuit
0.0,372.537,198.657,1.0,6.0,0.0,0.0,0.0,6.0,0.0,0.0,1.5472,0.1398,0.0,0.0,0.0,0.0,0.0,0.9756,0.0244,0.41,1.0,452,3,Natural Fault,short_circuit
0.0,371.75,198.628,1.0,6.0,0.0,0.0,0.0,6.0,0.0,0.0,1.5472,0.1398,0.0,0.0,0.0,0.0,0.0,0.9776,0.0224,0.15,1.0,452,4,Natural Fault,short_circuit
0.0,371.025,198.686,1.0,6.0,0.0,0.0,0.0,6.0,0.0,0.0,1.5472,0.1398,0.0,0.0,0.0,0.0,0.0,0.9751,0.0249,0.184,1.0,452,5,Natural Fault,short_circuit
0.0,285.82,181.223,1.0,6.0,0.0,0.0,0.0,6.0,0.0,0.0,1.9655,0.1775,0.0,0.0,0.0,0.0,0.0,0.9771,0.0229,-0.955,1.0,453,1,Normal,normal
0.0,284.312,181.2,1.0,6.0,0.0,0.0,0.0,6.0,0.0,0.0,1.9655,0.1775,0.0,0.0,0.0,0.0,0.0,0.9746,0.0254,0.399,1.0,453,2,Normal,normal
0.0,283.257,181.296,1.0,6.0,0.0,0.0,0.0,6.0,0.0,0.0,1.9655,0.1775,0.0,0.0,0.0,0.0,0.0,0.9734,0.0266,0.408,1.0,453,3,Normal,normal
0.0,282.585,181.263,1.0,6.0,0.0,0.0,0.0,6.0,0.0,0.0,1.9655,0.1775,0.0,0.0,0.0,0.0,0.0,0.979,0.021,0.142,1.0,453,4,Normal,normal
0.0,281.843,181.294,1.0,6.0,0.0,0.0,0.0,6.0,0.0,0.0,1.9655,0.1775,0.0,0.0,0.0,0.0,0.0,0.971,0.029,0.181,1.0,453,5,Normal,normal
0.0,290.547,177.491,1.0,6.0,0.0,0.0,0.0,6.0,0.0,0.0,1.383,0.1249,0.0,0.0,0.0,0.0,0.0,0.9767,0.0233,-0.935,1.0,454,1,Normal,normal
0.0,289.065,177.448,1.0,6.0,0.0,0.0,0.0,6.0,0.0,0.0,1.383,0.1249,0.0,0.0,0.0,0.0,0.0,0.9751,0.0249,0.402,1.0,454,2,Normal,normal
0.0,288.237,177.352,1.0,6.0,0.0,0.0,0.0,6.0,0.0,0.0,1.383,0.1249,0.0,0.0,0.0,0.0,0.0,0.974,0.026,0.396,1.0,454,3,Normal,normal
0.0,287.582,177.304,1.0,6.0,0.0,0.0,0.0,6.0,0.0,0.0,1.383,0.1249,0.0,0.0,0.0,0.0,0.0,0.9785,0.0215,0.144,1.0,454,4,Normal,normal
0.0,286.925,177.262,1.0,6.0,0.0,0.0,0.0,6.0,0.0,0.0,1.383,0.1249,0.0,0.0,0.0,0.0,0.0,0.9732,0.0268,0.175,1.0,454,5,Normal,normal
0.0,342.3,183.372,1.0,6.0,0.0,0.0,0.0,6.0,0.0,0.0,0.5707,0.0516,0.0,0.0,0.0,0.0,0.0,0.9784,0.0216,-0.932,1.0,455,1,Normal,normal
0.0,341.032,183.488,1.0,6.0,0.0,0.0,0.0,6.0,0.0,0.0,0.5707,0.0516,0.0,0.0,0.0,0.0,0.0,0.9744,0.0256,0.392,1.0,455,2,Normal,normal
0.0,340.013,183.262,1.0,6.0,0.0,0.0,0.0,6.0,0.0,0.0,0.5707,0.0516,0.0,0.0,0.0,0.0,0.0,0.9776,0.0224,0.399,1.0,455,3,Normal,normal
0.0,339.292,183.11,1.0,6.0,0.0,0.0,0.0,6.0,0.0,0.0,0.5707,0.0516,0.0,0.0,0.0,0.0,0.0,0.9772,0.0228,0.141,1.0,455,4,Normal,normal
0.0,338.602,183.014,1.0,6.0,0.0,0.0,0.0,6.0,0.0,0.0,0.5707,0.0516,0.0,0.0,0.0,0.0,0.0,0.9727,0.0273,0.173,1.0,455,5,Normal,normal
0.0,286.923,185.836,1.0,6.0,0.0,0.0,0.0,6.0,0.0,0.0,1.5886,0.1435,0.0,0.0,0.0,0.0,0.0,0.9792,0.0208,-0.931,1.0,456,1,Normal,normal
0.0,285.702,185.885,1.0,6.0,0.0,0.0,0.0,6.0,0.0,0.0,1.5886,0.1435,0.0,0.0,0.0,0.0,0.0,0.9764,0.0236,0.4,1.0,456,2,Normal,normal
0.0,284.415,185.699,1.0,6.0,0.0,0.0,0.0,6.0,0.0,0.0,1.5886,0.1435,0.0,0.0,0.0,0.0,0.0,0.9763,0.0237,0.398,1.0,456,3,Normal,normal
0.0,283.472,185.625,1.0,6.0,0.0,0.0,0.0,6.0,0.0,0.0,1.5886,0.1435,0.0,0.0,0.0,0.0,0.0,0.9757,0.0243,0.141,1.0,456,4,Normal,normal
0.0,282.655,185.526,1.0,6.0,0.0,0.0,0.0,6.0,0.0,0.0,1.5886,0.1435,0.0,0.0,0.0,0.0,0.0,0.9707,0.0293,0.177,1.0,456,5,Normal,normal
0.0,295.555,179.038,1.0,6.0,0.0,0.0,0.0,6.0,0.0,0.0,0.6927,0.0626,0.0,0.0,0.0,0.0,0.0,0.9816,0.0184,-0.939,1.0,457,1,Normal,normal
0.0,294.245,179.162,1.0,6.0,0.0,0.0,0.0,6.0,0.0,0.0,0.6927,0.0626,0.0,0.0,0.0,0.0,0.0,0.9779,0.0221,0.397,1.0,457,2,Normal,normal
0.0,292.908,179.049,1.0,6.0,0.0,0.0,0.0,6.0,0.0,0.0,0.6927,0.0626,0.0,0.0,0.0,0.0,0.0,0.9762,0.0238,0.402,1.0,457,3,Normal,normal
0.0,291.9,179.047,1.0,6.0,0.0,0.0,0.0,6.0,0.0,0.0,0.6927,0.0626,0.0,0.0,0.0,0.0,0.0,0.9801,0.0199,0.142,1.0,457,4,Normal,normal
0.0,291.068,178.977,1.0,6.0,0.0,0.0,0.0,6.0,0.0,0.0,0.6927,0.0626,0.0,0.0,0.0,0.0,0.0,0.9753,0.0247,0.173,1.0,457,5,Normal,normal
0.0,354.305,182.813,1.0,6.0,0.0,0.0,0.0,6.0,0.0,0.0,5.1806,0.468,0.0,0.0,0.0,0.0,0.0,0.9738,0.0262,-0.941,1.0,458,1,Normal,normal
0.0,352.943,182.853,1.0,6.0,0.0,0.0,0.0,6.0,0.0,0.0,5.1806,0.468,0.0,0.0,0.0,0.0,0.0,0.9731,0.0269,0.397,1.0,458,2,Normal,normal
0.0,351.562,182.866,1.0,6.0,0.0,0.0,0.0,6.0,0.0,0.0,5.1806,0.468,0.0,0.0,0.0,0.0,0.0,0.9762,0.0238,0.393,1.0,458,3,Normal,normal
0.0,350.477,182.909,1.0,6.0,0.0,0.0,0.0,6.0,0.0,0.0,5.1806,0.468,0.0,0.0,0.0,0.0,0.0,0.9801,0.0199,0.144,1.0,458,4,Normal,normal
0.0,349.65,182.912,1.0,6.0,0.0,0.0,0.0,6.0,0.0,0.0,5.1806,0.468,0.0,0.0,0.0,0.0,0.0,0.976,0.024,0.18,1.0,458,5,Normal,normal
0.0,302.187,190.116,1.0,6.0,0.0,0.0,0.0,6.0,0.0,0.0,3.0681,0.2771,0.0,0.0,0.0,0.0,0.0,0.9779,0.0221,-0.956,1.0,459,1,Normal,normal
0.0,301.095,189.951,1.0,6.0,0.0,0.0,0.0,6.0,0.0,0.0,3.0681,0.2771,0.0,0.0,0.0,0.0,0.0,0.9788,0.0212,0.406,1.0,459,2,Normal,normal
0.0,300.145,190.004,1.0,6.0,0.0,0.0,0.0,6.0,0.0,0.0,3.0681,0.2771,0.0,0.0,0.0,0.0,0.0,0.9784,0.0216,0.41,1.0,459,3,Normal,normal
0.0,299.163,190.001,1.0,6.0,0.0,0.0,0.0,6.0,0.0,0.0,3.0681,0.2771,0.0,0.0,0.0,0.0,0.0,0.9747,0.0253,0.142,1.0,459,4,Normal,normal
0.0,298.522,189.942,1.0,6.0,0.0,0.0,0.0,6.0,0.0,0.0,3.0681,0.2771,0.0,0.0,0.0,0.0,0.0,0.9729,0.0271,0.175,1.0,459,5,Normal,normal
0.0,310.032,183.437,1.0,6.0,0.0,0.0,0.0,6.0,0.0,0.0,1.3448,0.1215,0.0,0.0,0.0,0.0,0.0,0.9805,0.0195,-0.961,1.0,460,1,Normal,normal
0.0,308.727,183.423,1.0,6.0,0.0,0.0,0.0,6.0,0.0,0.0,1.3448,0.1215,0.0,0.0,0.0,0.0,0.0,0.973,0.027,0.41,1.0,460,2,Normal,normal
0.0,307.618,183.587,1.0,6.0,0.0,0.0,0.0,6.0,0.0,0.0,1.3448,0.1215,0.0,0.0,0.0,0.0,0.0,0.9761,0.0239,0.414,1.0,460,3,Normal,normal
0.0,306.563,183.647,1.0,6.0,0.0,0.0,0.0,6.0,0.0,0.0,1.3448,0.1215,0.0,0.0,0.0,0.0,0.0,0.9787,0.0213,0.147,1.0,460,4,Normal,normal
0.0,305.878,183.617,1.0,6.0,0.0,0.0,0.0,6.0,0.0,0.0,1.3448,0.1215,0.0,0.0,0.0,0.0,0.0,0.9716,0.0284,0.177,1.0,460,5,Normal,normal
0.0,337.955,161.31,1.0,6.0,0.0,0.0,0.0,6.0,0.0,0.0,1.1549,0.1043,0.0,0.0,0.0,0.0,0.0,0.9793,0.0207,-0.967,1.0,461,1,Normal,normal
0.0,336.595,161.216,1.0,6.0,0.0,0.0,0.0,6.0,0.0,0.0,1.1549,0.1043,0.0,0.0,0.0,0.0,0.0,0.9716,0.0284,0.407,1.0,461,2,Normal,normal
0.0,335.4,161.477,1.0,6.0,0.0,0.0,0.0,6.0,0.0,0.0,1.1549,0.1043,0.0,0.0,0.0,0.0,0.0,0.9742,0.0258,0.424,1.0,461,3,Normal,normal
0.0,334.298,161.639,1.0,6.0,0.0,0.0,0.0,6.0,0.0,0.0,1.1549,0.1043,0.0,0.0,0.0,0.0,0.0,0.9765,0.0235,0.146,1.0,461,4,Normal,normal
0.0,333.495,161.661,1.0,6.0,0.0,0.0,0.0,6.0,0.0,0.0,1.1549,0.1043,0.0,0.0,0.0,0.0,0.0,0.9731,0.0269,0.181,1.0,461,5,Normal,normal
0.0,271.408,156.135,1.0,6.0,0.0,0.0,0.0,6.0,0.0,0.0,1.8605,0.1681,0.0,0.0,0.0,0.0,0.0,0.9771,0.0229,-0.985,1.0,462,1,Normal,normal
0.0,269.998,155.997,1.0,6.0,0.0,0.0,0.0,6.0,0.0,0.0,1.8605,0.1681,0.0,0.0,0.0,0.0,0.0,0.9737,0.0263,0.419,1.0,462,2,Normal,normal
0.0,268.907,156.035,1.0,6.0,0.0,0.0,0.0,6.0,0.0,0.0,1.8605,0.1681,0.0,0.0,0.0,0.0,0.0,0.9787,0.0213,0.411,1.0,462,3,Normal,normal
0.0,268.033,156.136,1.0,6.0,0.0,0.0,0.0,6.0,0.0,0.0,1.8605,0.1681,0.0,0.0,0.0,0.0,0.0,0.9749,0.0251,0.142,1.0,462,4,Normal,normal
0.0,267.212,156.082,1.0,6.0,0.0,0.0,0.0,6.0,0.0,0.0,1.8605,0.1681,0.0,0.0,0.0,0.0,0.0,0.9721,0.0279,0.178,1.0,462,5,Normal,normal
0.0,279.967,150.022,1.0,6.0,0.0,0.0,0.0,6.0,0.0,0.0,0.9833,0.0888,0.0,0.0,0.0,0.0,0.0,0.9788,0.0212,-0.991,1.0,463,1,Normal,normal
0.0,278.337,150.067,1.0,6.0,0.0,0.0,0.0,6.0,0.0,0.0,0.9833,0.0888,0.0,0.0,0.0,0.0,0.0,0.9721,0.0279,0.419,1.0,463,2,Normal,normal
0.0,277.312,150.077,1.0,6.0,0.0,0.0,0.0,6.0,0.0,0.0,0.9833,0.0888,0.0,0.0,0.0,0.0,0.0,0.9734,0.0266,0.421,1.0,463,3,Normal,normal
0.0,276.515,150.132,1.0,6.0,0.0,0.0,0.0,6.0,0.0,0.0,0.9833,0.0888,0.0,0.0,0.0,0.0,0.0,0.9758,0.0242,0.148,1.0,463,4,Normal,normal
0.0,275.727,150.069,1.0,6.0,0.0,0.0,0.0,6.0,0.0,0.0,0.9833,0.0888,0.0,0.0,0.0,0.0,0.0,0.9701,0.0299,0.186,1.0,463,5,Normal,normal
0.0,334.707,161.878,1.0,6.0,0.0,0.0,0.0,6.0,0.0,0.0,1.6452,0.1486,0.0,0.0,0.0,0.0,0.0,0.9763,0.0237,-0.993,1.0,464,1,Normal,normal
0.0,333.122,161.61,1.0,6.0,0.0,0.0,0.0,6.0,0.0,0.0,1.6452,0.1486,0.0,0.0,0.0,0.0,0.0,0.9767,0.0233,0.421,1.0,464,2,Normal,normal
0.0,332.098,161.21,1.0,6.0,0.0,0.0,0.0,6.0,0.0,0.0,1.6452,0.1486,0.0,0.0,0.0,0.0,0.0,0.9756,0.0244,0.424,1.0,464,3,Normal,normal
0.0,331.172,160.93,1.0,6.0,0.0,0.0,0.0,6.0,0.0,0.0,1.6452,0.1486,0.0,0.0,0.0,0.0,0.0,0.9747,0.0253,0.152,1.0,464,4,Normal,normal
0.0,330.372,160.783,1.0,6.0,0.0,0.0,0.0,6.0,0.0,0.0,1.6452,0.1486,0.0,0.0,0.0,0.0,0.0,0.9715,0.0285,0.189,1.0,464,5,Normal,normal
0.0,287.167,177.248,1.0,6.0,0.0,0.0,0.0,6.0,0.0,0.0,0.6712,0.0606,0.0,0.0,0.0,0.0,0.0,0.9773,0.0227,-1.004,1.0,465,1,Normal,normal
0.0,285.482,176.946,1.0,6.0,0.0,0.0,0.0,6.0,0.0,0.0,0.6712,0.0606,0.0,0.0,0.0,0.0,0.0,0.9734,0.0266,0.428,1.0,465,2,Normal,normal
0.0,284.385,176.563,1.0,6.0,0.0,0.0,0.0,6.0,0.0,0.0,0.6712,0.0606,0.0,0.0,0.0,0.0,0.0,0.9735,0.0265,0.429,1.0,465,3,Normal,normal
0.0,283.52,176.264,1.0,6.0,0.0,0.0,0.0,6.0,0.0,0.0,0.6712,0.0606,0.0,0.0,0.0,0.0,0.0,0.9769,0.0231,0.152,1.0,465,4,Normal,normal
0.0,282.857,176.149,1.0,6.0,0.0,0.0,0.0,6.0,0.0,0.0,0.6712,0.0606,0.0,0.0,0.0,0.0,0.0,0.9738,0.0262,0.181,1.0,465,5,Normal,normal
0.0,301.132,166.594,1.0,6.0,0.0,0.0,0.0,6.0,0.0,0.0,2.3964,0.2165,0.0,0.0,0.0,0.0,0.0,0.9768,0.0232,-1.016,1.0,466,1,Normal,normal
0.0,299.32,166.39,1.0,6.0,0.0,0.0,0.0,6.0,0.0,0.0,2.3964,0.2165,0.0,0.0,0.0,0.0,0.0,0.9734,0.0266,0.436,1.0,466,2,Normal,normal
0.0,298.065,166.111,1.0,6.0,0.0,0.0,0.0,6.0,0.0,0.0,2.3964,0.2165,0.0,0.0,0.0,0.0,0.0,0.972,0.028,0.43,1.0,466,3,Normal,normal
0.0,297.1,165.855,1.0,6.0,0.0,0.0,0.0,6.0,0.0,0.0,2.3964,0.2165,0.0,0.0,0.0,0.0,0.0,0.9784,0.0216,0.16,1.0,466,4,Normal,normal
0.0,296.405,165.751,1.0,6.0,0.0,0.0,0.0,6.0,0.0,0.0,2.3964,0.2165,0.0,0.0,0.0,0.0,0.0,0.9691,0.0309,0.184,1.0,466,5,Normal,normal
0.0,353.582,177.889,1.0,6.0,0.0,0.0,0.0,6.0,0.0,0.0,1.8242,0.1648,0.0,0.0,0.0,0.0,0.0,0.9781,0.0219,-1.021,1.0,467,1,Normal,normal
0.0,351.873,177.874,1.0,6.0,0.0,0.0,0.0,6.0,0.0,0.0,1.8242,0.1648,0.0,0.0,0.0,0.0,0.0,0.9719,0.0281,0.432,1.0,467,2,Normal,normal
0.0,350.512,177.8,1.0,6.0,0.0,0.0,0.0,6.0,0.0,0.0,1.8242,0.1648,0.0,0.0,0.0,0.0,0.0,0.9721,0.0279,0.429,1.0,467,3,Normal,normal
0.0,349.485,177.694,1.0,6.0,0.0,0.0,0.0,6.0,0.0,0.0,1.8242,0.1648,0.0,0.0,0.0,0.0,0.0,0.9738,0.0262,0.156,1.0,467,4,Normal,normal
0.0,348.647,177.619,1.0,6.0,0.0,0.0,0.0,6.0,0.0,0.0,1.8242,0.1648,0.0,0.0,0.0,0.0,0.0,0.9741,0.0259,0.195,1.0,467,5,Normal,normal
0.0,297.642,184.981,1.0,6.0,0.0,0.0,0.0,6.0,0.0,0.0,1.2385,0.1119,0.0,0.0,0.0,0.0,0.0,0.9775,0.0225,-1.028,1.0,468,1,Normal,normal
0.0,296.16,184.848,1.0,6.0,0.0,0.0,0.0,6.0,0.0,0.0,1.2385,0.1119,0.0,0.0,0.0,0.0,0.0,0.9728,0.0272,0.441,1.0,468,2,Normal,normal
0.0,295.265,184.641,1.0,6.0,0.0,0.0,0.0,6.0,0.0,0.0,1.2385,0.1119,0.0,0.0,0.0,0.0,0.0,0.9757,0.0243,0.438,1.0,468,3,Normal,normal
0.0,294.445,184.527,1.0,6.0,0.0,0.0,0.0,6.0,0.0,0.0,1.2385,0.1119,0.0,0.0,0.0,0.0,0.0,0.9779,0.0221,0.145,1.0,468,4,Normal,normal
0.0,293.643,184.431,1.0,6.0,0.0,0.0,0.0,6.0,0.0,0.0,1.2385,0.1119,0.0,0.0,0.0,0.0,0.0,0.9695,0.0305,0.188,1.0,468,5,Normal,normal
0.0,309.228,175.237,1.0,6.0,0.0,0.0,0.0,6.0,0.0,0.0,2.4605,0.2223,0.0,0.0,0.0,0.0,0.0,0.9794,0.0206,-1.029,1.0,469,1,Normal,normal
0.0,307.638,175.22,1.0,6.0,0.0,0.0,0.0,6.0,0.0,0.0,2.4605,0.2223,0.0,0.0,0.0,0.0,0.0,0.9731,0.0269,0.442,1.0,469,2,Normal,normal
0.0,306.75,175.02,1.0,6.0,0.0,0.0,0.0,6.0,0.0,0.0,2.4605,0.2223,0.0,0.0,0.0,0.0,0.0,0.971,0.029,0.442,1.0,469,3,Normal,normal
0.0,305.923,174.934,1.0,6.0,0.0,0.0,0.0,6.0,0.0,0.0,2.4605,0.2223,0.0,0.0,0.0,0.0,0.0,0.9777,0.0223,0.157,1.0,469,4,Normal,normal
0.0,305.127,174.847,1.0,6.0,0.0,0.0,0.0,6.0,0.0,0.0,2.4605,0.2223,0.0,0.0,0.0,0.0,0.0,0.9735,0.0265,0.193,1.0,469,5,Normal,normal
0.0,324.495,144.366,1.0,6.0,0.0,0.0,0.0,6.0,0.0,0.0,2.0783,0.1877,0.0,0.0,0.0,0.0,0.0,0.9879,0.0121,-0.603,1.0,470,1,Natural Fault,line_trip
0.0,322.64,143.98,1.0,6.0,0.0,0.0,0.0,6.0,0.0,0.0,2.0783,0.1877,0.0,0.0,0.0,0.0,0.0,0.0,1.0,-0.004,3.0,470,2,Natural Fault,line_trip
0.0,321.625,143.34,1.0,6.0,0.0,0.0,0.0,6.0,0.0,0.0,2.0783,0.1877,0.0,0.0,0.0,0.0,0.0,0.9816,0.0184,0.433,1.0,470,3,Natural Fault,line_trip
0.0,320.948,143.165,1.0,6.0,0.0,0.0,0.0,6.0,0.0,0.0,2.0783,0.1877,0.0,0.0,0.0,0.0,0.0,0.9872,0.0128,0.157,1.0,470,4,Natural Fault,line_trip
0.0,320.075,142.863,1.0,6.0,0.0,0.0,0.0,6.0,0.0,0.0,2.0783,0.1877,0.0,0.0,0.0,0.0,0.0,0.0,1.0,-0.001,3.0,470,5,Natural Fault,line_trip
0.0,260.737,147.116,1.0,6.0,0.0,0.0,0.0,6.0,0.0,0.0,2.5225,0.2279,0.0,0.0,0.0,0.0,0.0,0.9861,0.0139,-0.596,1.0,471,1,Natural Fault,line_trip
0.0,258.935,146.597,1.0,6.0,0.0,0.0,0.0,6.0,0.0,0.0,2.5225,0.2279,0.0,0.0,0.0,0.0,0.0,0.0,1.0,0.004,3.0,471,2,Natural Fault,line_trip
0.0,257.987,146.086,1.0,6.0,0.0,0.0,0.0,6.0,0.0,0.0,2.5225,0.2279,0.0,0.0,0.0,0.0,0.0,0.9819,0.0181,0.439,1.0,471,3,Natural Fault,line_trip
0.0,257.328,146.064,1.0,6.0,0.0,0.0,0.0,6.0,0.0,0.0,2.5225,0.2279,0.0,0.0,0.0,0.0,0.0,0.9861,0.0139,0.153,1.0,471,4,Natural Fault,line_trip
0.0,256.735,145.74,1.0,6.0,0.0,0.0,0.0,6.0,0.0,0.0,2.5225,0.2279,0.0,0.0,0.0,0.0,0.0,0.0,1.0,0.005,3.0,471,5,Natural Fault,line_trip
0.0,353.142,199.541,1.0,6.0,0.0,0.0,0.0,6.0,0.0,0.0,5.6036,0.5062,0.0,0.0,0.0,0.0,0.0,0.9843,0.0157,-0.605,1.0,472,1,Natural Fault,line_trip
0.0,351.335,199.29,1.0,6.0,0.0,0.0,0.0,6.0,0.0,0.0,5.6036,0.5062,0.0,0.0,0.0,0.0,0.0,0.0,1.0,0.01,3.0,472,2,Natural Fault,line_trip
0.0,350.335,199.102,1.0,6.0,0.0,0.0,0.0,6.0,0.0,0.0,5.6036,0.5062,0.0,0.0,0.0,0.0,0.0,0.9819,0.0181,0.442,1.0,472,3,Natural Fault,line_trip
0.0,349.66,198.983,1.0,6.0,0.0,0.0,0.0,6.0,0.0,0.0,5.6036,0.5062,0.0,0.0,0.0,0.0,0.0,0.9842,0.0158,0.163,1.0,472,4,Natural Fault,line_trip
0.0,349.045,198.576,1.0,6.0,0.0,0.0,0.0,6.0,0.0,0.0,5.6036,0.5062,0.0,0.0,0.0,0.0,0.0,0.0,1.0,0.004,3.0,472,5,Natural Fault,line_trip
0.0,416.387,196.356,1.0,6.0,0.0,0.0,0.0,6.0,0.0,0.0,10.932,0.9875,0.0,0.0,0.0,0.0,0.0,0.9895,0.0105,-0.606,1.0,473,1,Natural Fault,line_trip
0.0,414.757,196.304,1.0,6.0,0.0,0.0,0.0,6.0,0.0,0.0,10.932,0.9875,0.0,0.0,0.0,0.0,0.0,0.0,1.0,0.009,3.0,473,2,Natural Fault,line_trip
0.0,413.978,196.375,1.0,6.0,0.0,0.0,0.0,6.0,0.0,0.0,10.932,0.9875,0.0,0.0,0.0,0.0,0.0,0.9821,0.0179,0.443,1.0,473,3,Natural Fault,line_trip
0.0,413.3,196.326,1.0,6.0,0.0,0.0,0.0,6.0,0.0,0.0,10.932,0.9875,0.0,0.0,0.0,0.0,0.0,0.9884,0.0116,0.166,1.0,473,4,Natural Fault,line_trip
0.0,412.893,196.059,1.0,6.0,0.0,0.0,0.0,6.0,0.0,0.0,10.932,0.9875,0.0,0.0,0.0,0.0,0.0,0.0,1.0,0.01,3.0,473,5,Natural Fault,line_trip
0.0,402.398,199.601,1.0,6.0,0.0,0.0,0.0,6.0,72.6577,0.0,6339.4136,572.6402,1.0,13.938,0.0,1.0,1.0,0.9784,0.0216,-1.057,1.0,474,1,Normal,normal
0.0,400.822,199.58,1.0,6.0,0.0,0.0,0.0,6.0,72.6577,1.0,6339.4136,572.6402,1.0,72.6577,0.0,1.0,1.0,1.2339,0.2339,0.458,1.0,474,2,Cyber Intrusion,data_injection
0.0,400.055,199.672,1.0,6.0,0.0,0.0,0.0,6.0,72.6577,0.0,6339.4136,572.6402,1.0,15.0806,0.0,1.0,1.0,0.9718,0.0282,0.456,1.0,474,3,Normal,normal
0.0,399.203,199.676,1.0,6.0,0.0,0.0,0.0,6.0,72.6577,0.0,6339.4136,572.6402,1.0,14.289,0.0,1.0,1.0,0.9754,0.0246,0.16,1.0,474,4,Normal,normal
0.0,398.68,199.465,1.0,6.0,0.0,0.0,0.0,6.0,72.6577,0.0,6339.4136,572.6402,1.0,15.0923,0.0,1.0,1.0,0.9691,0.0309,0.204,1.0,474,5,Normal,normal
0.0,551.568,114.22,1.0,6.0,0.0,0.0,0.0,6.0,72.7185,0.0,6351.091,573.695,1.0,15.3486,0.0,1.0,1.0,0.9741,0.0259,-1.084,1.0,475,1,Normal,normal
0.0,549.87,114.328,1.0,6.0,0.0,0.0,0.0,6.0,72.7185,1.0,6351.091,573.695,1.0,72.7185,0.0,1.0,1.0,1.2339,0.2339,0.458,1.0,475,2,Cyber Intrusion,data_injection
0.0,548.963,114.363,1.0,6.0,0.0,0.0,0.0,6.0,72.7185,0.0,6351.091,573.695,1.0,14.4333,0.0,1.0,1.0,0.9737,0.0263,0.462,1.0,475,3,Normal,normal
0.0,547.903,114.454,1.0,6.0,0.0,0.0,0.0,6.0,72.7185,0.0,6351.091,573.695,1.0,14.9366,0.0,1.0,1.0,0.9733,0.0267,0.17,1.0,475,4,Normal,normal
0.0,547.077,114.467,1.0,6.0,0.0,0.0,0.0,6.0,72.7185,0.0,6351.091,573.695,1.0,13.6219,0.0,1.0,1.0,0.9733,0.0267,0.207,1.0,475,5,Normal,normal
0.0,495.448,113.129,1.0,6.0,0.0,0.0,0.0,6.0,0.0,0.0,2.3604,0.2132,0.0,0.0,0.0,0.0,0.0,0.9748,0.0252,-1.094,1.0,476,1,Normal,normal
0.0,493.81,113.047,1.0,6.0,0.0,0.0,0.0,6.0,0.0,0.0,2.3604,0.2132,0.0,0.0,0.0,0.0,0.0,0.9686,0.0314,0.464,1.0,476,2,Cyber Intrusion,data_injection
0.0,492.78,113.013,1.0,6.0,0.0,0.0,0.0,6.0,0.0,0.0,2.3604,0.2132,0.0,0.0,0.0,0.0,0.0,0.9736,0.0264,0.464,1.0,476,3,Normal,normal
0.0,491.78,113.004,1.0,6.0,0.0,0.0,0.0,6.0,0.0,0.0,2.3604,0.2132,0.0,0.0,0.0,0.0,0.0,0.9767,0.0233,0.168,1.0,476,4,Normal,normal
0.0,491.002,112.976,1.0,6.0,0.0,0.0,0.0,6.0,0.0,0.0,2.3604,0.2132,0.0,0.0,0.0,0.0,0.0,0.968,0.032,0.205,1.0,476,5,Normal,normal
0.0,401.71,194.794,1.0,6.0,0.0,0.0,0.0,6.0,0.0,0.0,2.0823,0.1881,0.0,0.0,0.0,0.0,0.0,0.978,0.022,-1.118,1.0,477,1,Normal,normal
0.0,400.387,194.421,1.0,6.0,0.0,0.0,0.0,6.0,0.0,0.0,2.0823,0.1881,0.0,0.0,0.0,0.0,0.0,0.9731,0.0269,0.471,1.0,477,2,Cyber Intrusion,data_injection
0.0,399.418,194.204,1.0,6.0,0.0,0.0,0.0,6.0,0.0,0.0,2.0823,0.1881,0.0,0.0,0.0,0.0,0.0,0.9697,0.0303,0.482,1.0,477,3,Normal,normal
0.0,398.525,194.002,1.0,6.0,0.0,0.0,0.0,6.0,0.0,0.0,2.0823,0.1881,0.0,0.0,0.0,0.0,0.0,0.9726,0.0274,0.167,1.0,477,4,Normal,normal
0.0,397.802,193.812,1.0,6.0,0.0,0.0,0.0,6.0,0.0,0.0,2.0823,0.1881,0.0,0.0,0.0,0.0,0.0,0.9681,0.0319,0.215,1.0,477,5,Normal,normal
0.0,330.118,185.154,1.0,6.0,0.0,0.0,0.0,6.0,0.0,0.0,1.3954,0.126,0.0,0.0,0.0,0.0,0.0,0.9733,0.0267,-1.141,1.0,478,1,Normal,normal
0.0,327.475,185.704,1.0,6.0,0.0,0.0,0.0,6.0,0.0,0.0,1.3954,0.126,0.0,0.0,0.0,0.0,0.0,0.973,0.027,0.488,1.0,478,2,Cyber Intrusion,data_injection
0.0,325.065,186.705,1.0,6.0,0.0,0.0,0.0,6.0,0.0,0.0,1.3954,0.126,0.0,0.0,0.0,0.0,0.0,0.9711,0.0289,0.489,1.0,478,3,Normal,normal
0.0,324.025,186.613,1.0,6.0,0.0,0.0,0.0,6.0,0.0,0.0,1.3954,0.126,0.0,0.0,0.0,0.0,0.0,0.9724,0.0276,0.174,1.0,478,4,Normal,normal
0.0,323.005,186.67,1.0,6.0,0.0,0.0,0.0,6.0,0.0,0.0,1.3954,0.126,0.0,0.0,0.0,0.0,0.0,0.9675,0.0325,0.209,1.0,478,5,Normal,normal
0.0,364.182,246.232,1.0,6.0,0.0,0.0,0.0,6.0,0.0,0.0,0.9962,0.09,0.0,0.0,0.0,0.0,0.0,0.919,0.081,-3.376,1.0,479,1,Natural Fault,short_circuit
0.0,361.953,247.253,1.0,6.0,0.0,0.0,0.0,6.0,0.0,0.0,0.9962,0.09,0.0,0.0,0.0,0.0,0.0,0.8945,0.1055,2.701,1.0,479,2,Natural Fault,short_circuit
0.0,359.688,248.349,1.0,6.0,0.0,0.0,0.0,6.0,0.0,0.0,0.9962,0.09,0.0,0.0,0.0,0.0,0.0,0.916,0.084,0.487,1.0,479,3,Natural Fault,short_circuit
0.0,358.715,248.354,1.0,6.0,0.0,0.0,0.0,6.0,0.0,0.0,0.9962,0.09,0.0,0.0,0.0,0.0,0.0,0.918,0.082,0.174,1.0,479,4,Natural Fault,short_circuit
0.0,357.742,248.373,1.0,6.0,0.0,0.0,0.0,6.0,0.0,0.0,0.9962,0.09,0.0,0.0,0.0,0.0,0.0,0.8723,0.1277,2.351,1.0,479,5,Natural Fault,short_circuit
0.0,326.025,260.336,1.0,6.0,0.0,0.0,0.0,6.0,0.0,0.0,2.1163,0.1912,0.0,0.0,0.0,0.0,0.0,0.917,0.083,-3.409,1.0,480,1,Natural Fault,short_circuit
0.0,323.778,261.133,1.0,6.0,0.0,0.0,0.0,6.0,0.0,0.0,2.1163,0.1912,0.0,0.0,0.0,0.0,0.0,0.8909,0.1091,2.715,1.0,480,2,Natural Fault,short_circuit
0.0,321.647,261.906,1.0,6.0,0.0,0.0,0.0,6.0,0.0,0.0,2.1163,0.1912,0.0,0.0,0.0,0.0,0.0,0.9149,0.0851,0.504,1.0,480,3,Natural Fault,short_circuit
0.0,320.697,261.86,1.0,6.0,0.0,0.0,0.0,6.0,0.0,0.0,2.1163,0.1912,0.0,0.0,0.0,0.0,0.0,0.9196,0.0804,0.187,1.0,480,4,Natural Fault,short_circuit
0.0,319.637,261.852,1.0,6.0,0.0,0.0,0.0,6.0,0.0,0.0,2.1163,0.1912,0.0,0.0,0.0,0.0,0.0,0.8695,0.1305,2.364,1.0,480,5,Natural Fault,short_circuit
0.0,341.488,249.762,1.0,6.0,0.0,0.0,0.0,6.0,0.0,0.0,1.9646,0.1775,0.0,0.0,0.0,0.0,0.0,0.9189,0.0811,-3.455,1.0,481,1,Natural Fault,short_circuit
0.0,339.075,250.761,1.0,6.0,0.0,0.0,0.0,6.0,0.0,0.0,1.9646,0.1775,0.0,0.0,0.0,0.0,0.0,0.8912,0.1088,2.73,1.0,481,2,Natural Fault,short_circuit
0.0,336.757,251.762,1.0,6.0,0.0,0.0,0.0,6.0,0.0,0.0,1.9646,0.1775,0.0,0.0,0.0,0.0,0.0,0.9146,0.0854,0.527,1.0,481,3,Natural Fault,short_circuit
0.0,335.565,251.861,1.0,6.0,0.0,0.0,0.0,6.0,0.0,0.0,1.9646,0.1775,0.0,0.0,0.0,0.0,0.0,0.9198,0.0802,0.19,1.0,481,4,Natural Fault,short_circuit
0.0,334.182,252.049,1.0,6.0,0.0,0.0,0.0,6.0,0.0,0.0,1.9646,0.1775,0.0,0.0,0.0,0.0,0.0,0.8684,0.1316,2.377,1.0,481,5,Natural Fault,short_circuit
0.0,352.447,174.904,1.0,6.0,0.0,0.0,0.0,6.0,0.0,0.0,1.0732,0.0969,0.0,0.0,0.0,0.0,0.0,0.9181,0.0819,-3.477,1.0,482,1,Natural Fault,short_circuit
0.0,351.042,174.771,1.0,6.0,0.0,0.0,0.0,6.0,0.0,0.0,1.0732,0.0969,0.0,0.0,0.0,0.0,0.0,0.8869,0.1131,2.738,1.0,482,2,Natural Fault,short_circuit
0.0,350.068,174.672,1.0,6.0,0.0,0.0,0.0,6.0,0.0,0.0,1.0732,0.0969,0.0,0.0,0.0,0.0,0.0,0.9147,0.0853,0.538,1.0,482,3,Natural Fault,short_circuit
0.0,349.113,174.851,1.0,6.0,0.0,0.0,0.0,6.0,0.0,0.0,1.0732,0.0969,0.0,0.0,0.0,0.0,0.0,0.9162,0.0838,0.191,1.0,482,4,Natural Fault,short_circuit
0.0,348.075,175.111,1.0,6.0,0.0,0.0,0.0,6.0,0.0,0.0,1.0732,0.0969,0.0,0.0,0.0,0.0,0.0,0.869,0.131,2.383,1.0,482,5,Natural Fault,short_circuit
0.0,294.525,176.234,1.0,6.0,0.0,0.0,0.0,6.0,0.0,0.0,0.2101,0.019,0.0,0.0,0.0,0.0,0.0,0.9157,0.0843,-3.532,1.0,483,1,Natural Fault,short_circuit
0.0,292.94,175.994,1.0,6.0,0.0,0.0,0.0,6.0,0.0,0.0,0.2101,0.019,0.0,0.0,0.0,0.0,0.0,0.8871,0.1129,2.77,1.0,483,2,Natural Fault,short_circuit
0.0,291.822,175.889,1.0,6.0,0.0,0.0,0.0,6.0,0.0,0.0,0.2101,0.019,0.0,0.0,0.0,0.0,0.0,0.9123,0.0877,0.556,1.0,483,3,Natural Fault,short_circuit
0.0,290.895,175.964,1.0,6.0,0.0,0.0,0.0,6.0,0.0,0.0,0.2101,0.019,0.0,0.0,0.0,0.0,0.0,0.9139,0.0861,0.2,1.0,483,4,Natural Fault,short_circuit
0.0,289.852,176.02,1.0,6.0,0.0,0.0,0.0,6.0,0.0,0.0,0.2101,0.019,0.0,0.0,0.0,0.0,0.0,0.8673,0.1327,2.386,1.0,483,5,Natural Fault,short_circuit
0.0,303.217,168.889,1.0,6.0,0.0,0.0,0.0,6.0,0.0,0.0,1.9795,0.1788,0.0,0.0,0.0,0.0,0.0,0.9688,0.0312,-1.352,1.0,484,1,Natural Fault,short_circuit
0.0,301.665,168.641,1.0,6.0,0.0,0.0,0.0,6.0,0.0,0.0,1.9795,0.1788,0.0,0.0,0.0,0.0,0.0,0.9599,0.0401,0.575,1.0,484,2,Natural Fault,short_circuit
0.0,300.57,168.544,1.0,6.0,0.0,0.0,0.0,6.0,0.0,0.0,1.9795,0.1788,0.0,0.0,0.0,0.0,0.0,0.9656,0.0344,0.572,1.0,484,3,Natural Fault,short_circuit
0.0,299.633,168.648,1.0,6.0,0.0,0.0,0.0,6.0,0.0,0.0,1.9795,0.1788,0.0,0.0,0.0,0.0,0.0,0.9652,0.0348,0.203,1.0,484,4,Natural Fault,short_circuit
0.0,298.65,168.682,1.0,6.0,0.0,0.0,0.0,6.0,0.0,0.0,1.9795,0.1788,0.0,0.0,0.0,0.0,0.0,0.963,0.037,0.257,1.0,484,5,Natural Fault,short_circuit
0.0,344.663,172.785,1.0,6.0,0.0,0.0,0.0,6.0,0.0,0.0,2.3127,0.2089,0.0,0.0,0.0,0.0,0.0,0.9678,0.0322,-1.384,1.0,485,1,Natural Fault,short_circuit
0.0,343.087,172.32,1.0,6.0,0.0,0.0,0.0,6.0,0.0,0.0,2.3127,0.2089,0.0,0.0,0.0,0.0,0.0,0.9631,0.0369,0.586,1.0,485,2,Natural Fault,short_circuit
0.0,341.987,172.039,1.0,6.0,0.0,0.0,0.0,6.0,0.0,0.0,2.3127,0.2089,0.0,0.0,0.0,0.0,0.0,0.9646,0.0354,0.597,1.0,485,3,Natural Fault,short_circuit
0.0,341.122,171.918,1.0,6.0,0.0,0.0,0.0,6.0,0.0,0.0,2.3127,0.2089,0.0,0.0,0.0,0.0,0.0,0.9648,0.0352,0.208,1.0,485,4,Natural Fault,short_circuit
0.0,340.403,171.715,1.0,6.0,0.0,0.0,0.0,6.0,0.0,0.0,2.3127,0.2089,0.0,0.0,0.0,0.0,0.0,0.9651,0.0349,0.256,1.0,485,5,Natural Fault,short_circuit
0.0,274.405,171.961,1.0,6.0,0.0,0.0,0.0,6.0,0.0,0.0,0.7581,0.0685,0.0,0.0,0.0,0.0,0.0,0.9653,0.0347,-1.427,1.0,486,1,Natural Fault,short_circuit
0.0,273.002,171.512,1.0,6.0,0.0,0.0,0.0,6.0,0.0,0.0,0.7581,0.0685,0.0,0.0,0.0,0.0,0.0,0.9607,0.0393,0.596,1.0,486,2,Natural Fault,short_circuit
0.0,272.068,171.184,1.0,6.0,0.0,0.0,0.0,6.0,0.0,0.0,0.7581,0.0685,0.0,0.0,0.0,0.0,0.0,0.9623,0.0377,0.612,1.0,486,3,Natural Fault,short_circuit
0.0,271.248,170.993,1.0,6.0,0.0,0.0,0.0,6.0,0.0,0.0,0.7581,0.0685,0.0,0.0,0.0,0.0,0.0,0.9632,0.0368,0.222,1.0,486,4,Natural Fault,short_circuit
0.0,270.557,171.002,1.0,6.0,0.0,0.0,0.0,6.0,0.0,0.0,0.7581,0.0685,0.0,0.0,0.0,0.0,0.0,0.9594,0.0406,0.261,1.0,486,5,Natural Fault,short_circuit
0.0,283.795,165.118,1.0,6.0,0.0,0.0,0.0,6.0,0.0,0.0,8.9542,0.8088,0.0,0.0,0.0,0.0,0.0,0.9712,0.0288,-1.478,1.0,487,1,Natural Fault,short_circuit
0.0,282.395,164.667,1.0,6.0,0.0,0.0,0.0,6.0,0.0,0.0,8.9542,0.8088,0.0,0.0,0.0,0.0,0.0,0.9553,0.0447,0.624,1.0,487,2,Natural Fault,short_circuit
0.0,281.46,164.332,1.0,6.0,0.0,0.0,0.0,6.0,0.0,0.0,8.9542,0.8088,0.0,0.0,0.0,0.0,0.0,0.9636,0.0364,0.624,1.0,487,3,Natural Fault,short_circuit
0.0,280.605,164.17,1.0,6.0,0.0,0.0,0.0,6.0,0.0,0.0,8.9542,0.8088,0.0,0.0,0.0,0.0,0.0,0.9689,0.0311,0.231,1.0,487,4,Natural Fault,short_circuit
0.0,279.882,164.213,1.0,6.0,0.0,0.0,0.0,6.0,0.0,0.0,8.9542,0.8088,0.0,0.0,0.0,0.0,0.0,0.9552,0.0448,0.272,1.0,487,5,Natural Fault,short_circuit
0.0,321.103,158.222,1.0,6.0,0.0,0.0,0.0,6.0,0.0,0.0,1.5463,0.1397,0.0,0.0,0.0,0.0,0.0,0.9671,0.0329,-1.496,1.0,488,1,Normal,normal
0.0,319.858,158.201,1.0,6.0,0.0,0.0,0.0,6.0,0.0,0.0,1.5463,0.1397,0.0,0.0,0.0,0.0,0.0,0.9615,0.0385,0.633,1.0,488,2,Normal,normal
0.0,318.95,158.067,1.0,6.0,0.0,0.0,0.0,6.0,0.0,0.0,1.5463,0.1397,0.0,0.0,0.0,0.0,0.0,0.964,0.036,0.624,1.0,488,3,Normal,normal
0.0,318.138,157.987,1.0,6.0,0.0,0.0,0.0,6.0,0.0,0.0,1.5463,0.1397,0.0,0.0,0.0,0.0,0.0,0.9632,0.0368,0.227,1.0,488,4,Normal,normal
0.0,317.408,158.104,1.0,6.0,0.0,0.0,0.0,6.0,0.0,0.0,1.5463,0.1397,0.0,0.0,0.0,0.0,0.0,0.9552,0.0448,0.272,1.0,488,5,Cyber Intrusion,replay
0.0,270.635,163.192,1.0,6.0,0.0,0.0,0.0,6.0,0.0,0.0,2.6141,0.2361,0.0,0.0,0.0,0.0,0.0,0.9674,0.0326,-1.521,1.0,489,1,Normal,normal
0.0,269.47,163.162,1.0,6.0,0.0,0.0,0.0,6.0,0.0,0.0,2.6141,0.2361,0.0,0.0,0.0,0.0,0.0,0.9638,0.0362,0.641,1.0,489,2,Normal,normal
0.0,268.64,163.074,1.0,6.0,0.0,0.0,0.0,6.0,0.0,0.0,2.6141,0.2361,0.0,0.0,0.0,0.0,0.0,0.9616,0.0384,0.64,1.0,489,3,Normal,normal
0.0,268.017,163.096,1.0,6.0,0.0,0.0,0.0,6.0,0.0,0.0,2.6141,0.2361,0.0,0.0,0.0,0.0,0.0,0.9623,0.0377,0.237,1.0,489,4,Normal,normal
0.0,267.377,163.198,1.0,6.0,0.0,0.0,0.0,6.0,0.0,0.0,2.6141,0.2361,0.0,0.0,0.0,0.0,0.0,0.9552,0.0448,0.272,1.0,489,5,Cyber Intrusion,replay
0.0,279.845,156.019,1.0,6.0,0.0,0.0,0.0,6.0,0.0,0.0,1.3685,0.1236,0.0,0.0,0.0,0.0,0.0,0.9646,0.0354,-1.544,1.0,490,1,Normal,normal
0.0,278.618,156.018,1.0,6.0,0.0,0.0,0.0,6.0,0.0,0.0,1.3685,0.1236,0.0,0.0,0.0,0.0,0.0,0.9614,0.0386,0.656,1.0,490,2,Normal,normal
0.0,277.797,155.911,1.0,6.0,0.0,0.0,0.0,6.0,0.0,0.0,1.3685,0.1236,0.0,0.0,0.0,0.0,0.0,0.959,0.041,0.649,1.0,490,3,Normal,normal
0.0,277.207,155.904,1.0,6.0,0.0,0.0,0.0,6.0,0.0,0.0,1.3685,0.1236,0.0,0.0,0.0,0.0,0.0,0.9623,0.0377,0.238,1.0,490,4,Normal,normal
0.0,276.698,155.881,1.0,6.0,0.0,0.0,0.0,6.0,0.0,0.0,1.3685,0.1236,0.0,0.0,0.0,0.0,0.0,0.9552,0.0448,0.272,1.0,490,5,Cyber Intrusion,replay
0.0,323.083,168.243,1.0,6.0,0.0,0.0,0.0,6.0,0.0,0.0,1.3712,0.1239,0.0,0.0,0.0,0.0,0.0,0.9677,0.0323,-1.55,1.0,491,1,Normal,normal
0.0,321.718,168.151,1.0,6.0,0.0,0.0,0.0,6.0,0.0,0.0,1.3712,0.1239,0.0,0.0,0.0,0.0,0.0,0.9586,0.0414,0.653,1.0,491,2,Normal,normal
0.0,320.943,168.137,1.0,6.0,0.0,0.0,0.0,6.0,0.0,0.0,1.3712,0.1239,0.0,0.0,0.0,0.0,0.0,0.9608,0.0392,0.658,1.0,491,3,Normal,normal
0.0,320.33,168.14,1.0,6.0,0.0,0.0,0.0,6.0,0.0,0.0,1.3712,0.1239,0.0,0.0,0.0,0.0,0.0,0.9651,0.0349,0.239,1.0,491,4,Normal,normal
0.0,319.743,168.103,1.0,6.0,0.0,0.0,0.0,6.0,0.0,0.0,1.3712,0.1239,0.0,0.0,0.0,0.0,0.0,0.9552,0.0448,0.272,1.0,491,5,Cyber Intrusion,replay
0.0,275.802,173.482,1.0,6.0,0.0,0.0,0.0,6.0,0.0,0.0,0.6846,0.0618,0.0,0.0,0.0,0.0,0.0,0.9649,0.0351,-1.566,1.0,492,1,Normal,normal
0.0,274.32,173.376,1.0,6.0,0.0,0.0,0.0,6.0,0.0,0.0,0.6846,0.0618,0.0,0.0,0.0,0.0,0.0,0.9575,0.0425,0.666,1.0,492,2,Normal,normal
0.0,273.542,173.305,1.0,6.0,0.0,0.0,0.0,6.0,0.0,0.0,0.6846,0.0618,0.0,0.0,0.0,0.0,0.0,0.9574,0.0426,0.66,1.0,492,3,Normal,normal
0.0,272.772,173.304,1.0,6.0,0.0,0.0,0.0,6.0,0.0,0.0,0.6846,0.0618,0.0,0.0,0.0,0.0,0.0,0.9617,0.0383,0.236,1.0,492,4,Normal,normal
0.0,272.017,173.266,1.0,6.0,0.0,0.0,0.0,6.0,0.0,0.0,0.6846,0.0618,0.0,0.0,0.0,0.0,0.0,0.9552,0.0448,0.272,1.0,492,5,Cyber Intrusion,replay
0.0,279.928,169.981,1.0,6.0,0.0,0.0,0.0,6.0,0.0,0.0,0.9178,0.0829,0.0,0.0,0.0,0.0,0.0,0.9636,0.0364,-1.548,1.0,493,1,Normal,normal
0.0,278.378,169.933,1.0,6.0,0.0,0.0,0.0,6.0,0.0,0.0,0.9178,0.0829,0.0,0.0,0.0,0.0,0.0,0.9559,0.0441,0.662,1.0,493,2,Normal,normal
0.0,277.528,169.921,1.0,6.0,0.0,0.0,0.0,6.0,0.0,0.0,0.9178,0.0829,0.0,0.0,0.0,0.0,0.0,0.9607,0.0393,0.659,1.0,493,3,Normal,normal
0.0,276.595,170.054,1.0,6.0,0.0,0.0,0.0,6.0,0.0,0.0,0.9178,0.0829,0.0,0.0,0.0,0.0,0.0,0.9598,0.0402,0.241,1.0,493,4,Normal,normal
0.0,275.747,170.098,1.0,6.0,0.0,0.0,0.0,6.0,0.0,0.0,0.9178,0.0829,0.0,0.0,0.0,0.0,0.0,0.9552,0.0448,0.272,1.0,493,5,Cyber Intrusion,replay
0.0,299.24,143.251,1.0,6.0,0.0,0.0,0.0,6.0,0.0,0.0,2.7878,0.2518,0.0,0.0,0.0,0.0,0.0,0.9641,0.0359,-1.547,1.0,494,1,Normal,normal
0.0,297.66,143.14,1.0,6.0,0.0,0.0,0.0,6.0,0.0,0.0,2.7878,0.2518,0.0,0.0,0.0,0.0,0.0,0.9598,0.0402,0.656,1.0,494,2,Normal,normal
0.0,296.66,142.986,1.0,6.0,0.0,0.0,0.0,6.0,0.0,0.0,2.7878,0.2518,0.0,0.0,0.0,0.0,0.0,0.9556,0.0444,0.655,1.0,494,3,Normal,normal
0.0,295.623,143.131,1.0,6.0,0.0,0.0,0.0,6.0,0.0,0.0,2.7878,0.2518,0.0,0.0,0.0,0.0,0.0,0.9595,0.0405,0.239,1.0,494,4,Normal,normal
0.0,294.725,143.185,1.0,6.0,0.0,0.0,0.0,6.0,0.0,0.0,2.7878,0.2518,0.0,0.0,0.0,0.0,0.0,0.956,0.044,0.291,1.0,494,5,Cyber Intrusion,replay
0.0,247.973,151.591,1.0,6.0,0.0,0.0,0.0,6.0,0.0,0.0,2.1498,0.1942,0.0,0.0,0.0,0.0,0.0,0.9615,0.0385,-1.53,1.0,495,1,Normal,normal
0.0,246.312,151.469,1.0,6.0,0.0,0.0,0.0,6.0,0.0,0.0,2.1498,0.1942,0.0,0.0,0.0,0.0,0.0,0.957,0.043,0.643,1.0,495,2,Normal,normal
0.0,245.363,151.246,1.0,6.0,0.0,0.0,0.0,6.0,0.0,0.0,2.1498,0.1942,0.0,0.0,0.0,0.0,0.0,0.9606,0.0394,0.649,1.0,495,3,Normal,normal
0.0,244.495,151.309,1.0,6.0,0.0,0.0,0.0,6.0,0.0,0.0,2.1498,0.1942,0.0,0.0,0.0,0.0,0.0,0.9595,0.0405,0.235,1.0,495,4,Normal,normal
0.0,243.82,151.337,1.0,6.0,0.0,0.0,0.0,6.0,0.0,0.0,2.1498,0.1942,0.0,0.0,0.0,0.0,0.0,0.9572,0.0428,0.282,1.0,495,5,Cyber Intrusion,replay
0.0,331.798,192.019,1.0,6.0,0.0,0.0,0.0,6.0,0.0,0.0,2.5539,0.2307,0.0,0.0,0.0,0.0,0.0,0.9691,0.0309,-1.495,1.0,496,1,Normal,normal
0.0,330.19,192.214,1.0,6.0,0.0,0.0,0.0,6.0,0.0,0.0,2.5539,0.2307,0.0,0.0,0.0,0.0,0.0,0.9608,0.0392,0.641,1.0,496,2,Normal,normal
0.0,329.247,192.22,1.0,6.0,0.0,0.0,0.0,6.0,0.0,0.0,2.5539,0.2307,0.0,0.0,0.0,0.0,0.0,0.9587,0.0413,0.634,1.0,496,3,Normal,normal
0.0,328.43,192.43,1.0,6.0,0.0,0.0,0.0,6.0,0.0,0.0,2.5539,0.2307,0.0,0.0,0.0,0.0,0.0,0.9656,0.0344,0.233,1.0,496,4,Normal,normal
0.0,327.827,192.486,1.0,6.0,0.0,0.0,0.0,6.0,0.0,0.0,2.5539,0.2307,0.0,0.0,0.0,0.0,0.0,0.9566,0.0434,0.278,1.0,496,5,Cyber Intrusion,replay
0.0,392.568,194.297,1.0,6.0,0.0,0.0,0.0,6.0,0.0,0.0,0.411,0.0371,0.0,0.0,0.0,0.0,0.0,0.9668,0.0332,-1.476,1.0,497,1,Normal,normal
0.0,391.068,194.605,1.0,6.0,0.0,0.0,0.0,6.0,0.0,0.0,0.411,0.0371,0.0,0.0,0.0,0.0,0.0,0.9621,0.0379,0.629,1.0,497,2,Normal,normal
0.0,390.163,194.609,1.0,6.0,0.0,0.0,0.0,6.0,0.0,0.0,0.411,0.0371,0.0,0.0,0.0,0.0,0.0,0.9646,0.0354,0.621,1.0,497,3,Normal,normal
0.0,389.492,194.606,1.0,6.0,0.0,0.0,0.0,6.0,0.0,0.0,0.411,0.0371,0.0,0.0,0.0,0.0,0.0,0.9656,0.0344,0.222,1.0,497,4,Normal,normal
0.0,388.88,194.624,1.0,6.0,0.0,0.0,0.0,6.0,0.0,0.0,0.411,0.0371,0.0,0.0,0.0,0.0,0.0,0.959,0.041,0.271,1.0,497,5,Cyber Intrusion,replay
0.0,356.332,215.361,1.0,6.0,0.0,0.0,0.0,6.0,0.0,0.0,3.532,0.319,0.0,0.0,0.0,0.0,0.0,0.9671,0.0329,-1.43,1.0,498,1,Normal,normal
0.0,355.042,215.496,1.0,6.0,0.0,0.0,0.0,6.0,0.0,0.0,3.532,0.319,0.0,0.0,0.0,0.0,0.0,0.9662,0.0338,0.612,1.0,498,2,Normal,normal
0.0,354.338,215.441,1.0,6.0,0.0,0.0,0.0,6.0,0.0,0.0,3.532,0.319,0.0,0.0,0.0,0.0,0.0,0.9618,0.0382,0.611,1.0,498,3,Normal,normal
0.0,353.802,215.392,1.0,6.0,0.0,0.0,0.0,6.0,0.0,0.0,3.532,0.319,0.0,0.0,0.0,0.0,0.0,0.9623,0.0377,0.221,1.0,498,4,Normal,normal
0.0,353.113,215.466,1.0,6.0,0.0,0.0,0.0,6.0,0.0,0.0,3.532,0.319,0.0,0.0,0.0,0.0,0.0,0.9591,0.0409,0.271,1.0,498,5,Cyber Intrusion,replay
0.0,362.935,208.343,1.0,6.0,0.0,0.0,0.0,6.0,0.0,0.0,1.7765,0.1605,0.0,0.0,0.0,0.0,0.0,0.9664,0.0336,-1.375,1.0,499,1,Normal,normal
0.0,361.555,208.575,1.0,6.0,0.0,0.0,0.0,6.0,0.0,0.0,1.7765,0.1605,0.0,0.0,0.0,0.0,0.0,0.9642,0.0358,0.59,1.0,499,2,Normal,normal
0.0,360.798,208.579,1.0,6.0,0.0,0.0,0.0,6.0,0.0,0.0,1.7765,0.1605,0.0,0.0,0.0,0.0,0.0,0.9658,0.0342,0.587,1.0,499,3,Normal,normal
0.0,360.228,208.565,1.0,6.0,0.0,0.0,0.0,6.0,0.0,0.0,1.7765,0.1605,0.0,0.0,0.0,0.0,0.0,0.9655,0.0345,0.208,1.0,499,4,Normal,normal
0.0,359.488,208.702,1.0,6.0,0.0,0.0,0.0,6.0,0.0,0.0,1.7765,0.1605,0.0,0.0,0.0,0.0,0.0,0.9582,0.0418,0.262,1.0,499,5,Normal,normal
0.0,319.742,158.276,1.0,6.0,0.0,0.0,0.0,6.0,0.0,0.0,0.6887,0.0622,0.0,0.0,0.0,0.0,0.0,0.9715,0.0285,-1.351,1.0,500,1,Normal,normal
0.0,318.195,158.28,1.0,6.0,0.0,0.0,0.0,6.0,0.0,0.0,0.6887,0.0622,0.0,0.0,0.0,0.0,0.0,0.9624,0.0376,0.572,1.0,500,2,Normal,normal
0.0,317.515,158.395,1.0,6.0,0.0,0.0,0.0,6.0,0.0,0.0,0.6887,0.0622,0.0,0.0,0.0,0.0,0.0,0.9658,0.0342,0.574,1.0,500,3,Normal,normal
0.0,316.977,158.421,1.0,6.0,0.0,0.0,0.0,6.0,0.0,0.0,0.6887,0.0622,0.0,0.0,0.0,0.0,0.0,0.9677,0.0323,0.203,1.0,500,4,Normal,normal
0.0,316.195,158.436,1.0,6.0,0.0,0.0,0.0,6.0,0.0,0.0,0.6887,0.0622,0.0,0.0,0.0,0.0,0.0,0.963,0.037,0.256,1.0,500,5,Normal,normal
0.0,274.14,168.911,1.0,6.0,0.0,0.0,0.0,6.0,0.0,0.0,3.5506,0.3207,0.0,0.0,0.0,0.0,0.0,0.9728,0.0272,-1.297,1.0,501,1,Normal,normal
0.0,272.67,168.89,1.0,6.0,0.0,0.0,0.0,6.0,0.0,0.0,3.5506,0.3207,0.0,0.0,0.0,0.0,0.0,0.9604,0.0396,0.549,1.0,501,2,Normal,normal
0.0,272.077,169.028,1.0,6.0,0.0,0.0,0.0,6.0,0.0,0.0,3.5506,0.3207,0.0,0.0,0.0,0.0,0.0,0.9651,0.0349,0.55,1.0,501,3,Normal,normal
0.0,271.572,169.04,1.0,6.0,0.0,0.0,0.0,6.0,0.0,0.0,3.5506,0.3207,0.0,0.0,0.0,0.0,0.0,0.9697,0.0303,0.188,1.0,501,4,Normal,normal
0.0,271.087,169.005,1.0,6.0,0.0,0.0,0.0,6.0,0.0,0.0,3.5506,0.3207,0.0,0.0,0.0,0.0,0.0,0.9627,0.0373,0.244,1.0,501,5,Normal,normal
0.0,283.532,161.742,1.0,6.0,0.0,0.0,0.0,6.0,0.0,0.0,1.2913,0.1166,0.0,0.0,0.0,0.0,0.0,0.9741,0.0259,-1.238,1.0,502,1,Normal,normal
0.0,282.008,161.775,1.0,6.0,0.0,0.0,0.0,6.0,0.0,0.0,1.2913,0.1166,0.0,0.0,0.0,0.0,0.0,0.967,0.033,0.524,1.0,502,2,Normal,normal
0.0,281.37,161.95,1.0,6.0,0.0,0.0,0.0,6.0,0.0,0.0,1.2913,0.1166,0.0,0.0,0.0,0.0,0.0,0.9715,0.0285,0.529,1.0,502,3,Normal,normal
0.0,280.835,161.988,1.0,6.0,0.0,0.0,0.0,6.0,0.0,0.0,1.2913,0.1166,0.0,0.0,0.0,0.0,0.0,0.9689,0.0311,0.192,1.0,502,4,Normal,normal
0.0,280.275,162.001,1.0,6.0,0.0,0.0,0.0,6.0,0.0,0.0,1.2913,0.1166,0.0,0.0,0.0,0.0,0.0,0.9646,0.0354,0.233,1.0,502,5,Normal,normal
0.0,315.128,144.629,1.0,6.0,0.0,0.0,0.0,6.0,0.0,0.0,1.4743,0.1332,0.0,0.0,0.0,0.0,0.0,0.9743,0.0257,-1.21,1.0,503,1,Normal,normal
0.0,313.692,144.684,1.0,6.0,0.0,0.0,0.0,6.0,0.0,0.0,1.4743,0.1332,0.0,0.0,0.0,0.0,0.0,0.9688,0.0312,0.51,1.0,503,2,Normal,normal
0.0,313.037,144.751,1.0,6.0,0.0,0.0,0.0,6.0,0.0,0.0,1.4743,0.1332,0.0,0.0,0.0,0.0,0.0,0.9693,0.0307,0.514,1.0,503,3,Normal,normal
0.0,312.475,144.712,1.0,6.0,0.0,0.0,0.0,6.0,0.0,0.0,1.4743,0.1332,0.0,0.0,0.0,0.0,0.0,0.9715,0.0285,0.187,1.0,503,4,Normal,normal
0.0,311.865,144.562,1.0,6.0,0.0,0.0,0.0,6.0,0.0,0.0,1.4743,0.1332,0.0,0.0,0.0,0.0,0.0,0.9707,0.0293,0.222,1.0,503,5,Normal,normal
0.0,265.522,145.193,1.0,6.0,0.0,0.0,0.0,6.0,0.0,0.0,0.5716,0.0516,0.0,0.0,0.0,0.0,0.0,0.9733,0.0267,-1.152,1.0,504,1,Normal,normal
0.0,264.102,145.274,1.0,6.0,0.0,0.0,0.0,6.0,0.0,0.0,0.5716,0.0516,0.0,0.0,0.0,0.0,0.0,0.9689,0.0311,0.492,1.0,504,2,Normal,normal
0.0,263.432,145.406,1.0,6.0,0.0,0.0,0.0,6.0,0.0,0.0,0.5716,0.0516,0.0,0.0,0.0,0.0,0.0,0.9709,0.0291,0.492,1.0,504,3,Normal,normal
0.0,262.818,145.368,1.0,6.0,0.0,0.0,0.0,6.0,0.0,0.0,0.5716,0.0516,0.0,0.0,0.0,0.0,0.0,0.9703,0.0297,0.168,1.0,504,4,Normal,normal
0.0,262.177,145.148,1.0,6.0,0.0,0.0,0.0,6.0,0.0,0.0,0.5716,0.0516,0.0,0.0,0.0,0.0,0.0,0.9661,0.0339,0.216,1.0,504,5,Normal,normal
0.0,273.073,138.93,1.0,6.0,0.0,0.0,0.0,6.0,0.0,0.0,1.1929,0.1078,0.0,0.0,0.0,0.0,0.0,0.9749,0.0251,-1.097,1.0,505,1,Normal,normal
0.0,271.6,139.057,1.0,6.0,0.0,0.0,0.0,6.0,0.0,0.0,1.1929,0.1078,0.0,0.0,0.0,0.0,0.0,0.9676,0.0324,0.469,1.0,505,2,Normal,normal
0.0,270.807,139.279,1.0,6.0,0.0,0.0,0.0,6.0,0.0,0.0,1.1929,0.1078,0.0,0.0,0.0,0.0,0.0,0.9716,0.0284,0.468,1.0,505,3,Normal,normal
0.0,270.138,139.275,1.0,6.0,0.0,0.0,0.0,6.0,0.0,0.0,1.1929,0.1078,0.0,0.0,0.0,0.0,0.0,0.9738,0.0262,0.171,1.0,505,4,Normal,normal
0.0,269.412,139.117,1.0,6.0,0.0,0.0,0.0,6.0,0.0,0.0,1.1929,0.1078,0.0,0.0,0.0,0.0,0.0,0.9678,0.0322,0.203,1.0,505,5,Normal,normal
0.0,310.16,135.229,1.0,6.0,0.0,0.0,0.0,6.0,0.0,0.0,1.3802,0.1247,0.0,0.0,0.0,0.0,0.0,0.9743,0.0257,-1.07,1.0,506,1,Normal,normal
0.0,308.777,135.46,1.0,6.0,0.0,0.0,0.0,6.0,0.0,0.0,1.3802,0.1247,0.0,0.0,0.0,0.0,0.0,0.9691,0.0309,0.459,1.0,506,2,Normal,normal
0.0,307.983,135.663,1.0,6.0,0.0,0.0,0.0,6.0,0.0,0.0,1.3802,0.1247,0.0,0.0,0.0,0.0,0.0,0.9724,0.0276,0.462,1.0,506,3,Normal,normal
0.0,307.335,135.727,1.0,6.0,0.0,0.0,0.0,6.0,0.0,0.0,1.3802,0.1247,0.0,0.0,0.0,0.0,0.0,0.9729,0.0271,0.162,1.0,506,4,Normal,normal
0.0,306.718,135.672,1.0,6.0,0.0,0.0,0.0,6.0,0.0,0.0,1.3802,0.1247,0.0,0.0,0.0,0.0,0.0,0.9716,0.0284,0.199,1.0,506,5,Normal,normal
0.0,264.503,147.035,1.0,6.0,0.0,0.0,0.0,6.0,0.0,0.0,0.6379,0.0576,0.0,0.0,0.0,0.0,0.0,0.9778,0.0222,-1.029,1.0,507,1,Normal,normal
0.0,263.02,147.286,1.0,6.0,0.0,0.0,0.0,6.0,0.0,0.0,0.6379,0.0576,0.0,0.0,0.0,0.0,0.0,0.9718,0.0282,0.441,1.0,507,2,Normal,normal
0.0,262.093,147.476,1.0,6.0,0.0,0.0,0.0,6.0,0.0,0.0,0.6379,0.0576,0.0,0.0,0.0,0.0,0.0,0.9734,0.0266,0.438,1.0,507,3,Normal,normal
0.0,261.285,147.578,1.0,6.0,0.0,0.0,0.0,6.0,0.0,0.0,0.6379,0.0576,0.0,0.0,0.0,0.0,0.0,0.9772,0.0228,0.153,1.0,507,4,Normal,normal
0.0,260.51,147.539,1.0,6.0,0.0,0.0,0.0,6.0,0.0,0.0,0.6379,0.0576,0.0,0.0,0.0,0.0,0.0,0.9717,0.0283,0.198,1.0,507,5,Normal,normal
0.0,272.91,140.383,1.0,6.0,0.0,0.0,0.0,6.0,0.0,0.0,0.8402,0.0759,0.0,0.0,0.0,0.0,0.0,0.9776,0.0224,-0.994,1.0,508,1,Normal,normal
0.0,271.362,140.682,1.0,6.0,0.0,0.0,0.0,6.0,0.0,0.0,0.8402,0.0759,0.0,0.0,0.0,0.0,0.0,0.9728,0.0272,0.417,1.0,508,2,Normal,normal
0.0,270.442,140.877,1.0,6.0,0.0,0.0,0.0,6.0,0.0,0.0,0.8402,0.0759,0.0,0.0,0.0,0.0,0.0,0.9733,0.0267,0.423,1.0,508,3,Normal,normal
0.0,269.422,141.133,1.0,6.0,0.0,0.0,0.0,6.0,0.0,0.0,0.8402,0.0759,0.0,0.0,0.0,0.0,0.0,0.9776,0.0224,0.151,1.0,508,4,Normal,normal
0.0,268.458,141.237,1.0,6.0,0.0,0.0,0.0,6.0,0.0,0.0,0.8402,0.0759,0.0,0.0,0.0,0.0,0.0,0.9731,0.0269,0.194,1.0,508,5,Normal,normal
0.0,330.555,161.195,1.0,6.0,0.0,0.0,0.0,6.0,0.0,0.0,1.034,0.0934,0.0,0.0,0.0,0.0,0.0,0.9781,0.0219,-0.984,1.0,509,1,Normal,normal
0.0,328.833,161.198,1.0,6.0,0.0,0.0,0.0,6.0,0.0,0.0,1.034,0.0934,0.0,0.0,0.0,0.0,0.0,0.9722,0.0278,0.415,1.0,509,2,Normal,normal
0.0,327.905,161.141,1.0,6.0,0.0,0.0,0.0,6.0,0.0,0.0,1.034,0.0934,0.0,0.0,0.0,0.0,0.0,0.9765,0.0235,0.412,1.0,509,3,Normal,normal
0.0,326.858,161.362,1.0,6.0,0.0,0.0,0.0,6.0,0.0,0.0,1.034,0.0934,0.0,0.0,0.0,0.0,0.0,0.9778,0.0222,0.15,1.0,509,4,Normal,normal
0.0,325.875,161.408,1.0,6.0,0.0,0.0,0.0,6.0,0.0,0.0,1.034,0.0934,0.0,0.0,0.0,0.0,0.0,0.9715,0.0285,0.184,1.0,509,5,Normal,normal
0.0,281.143,167.54,1.0,6.0,0.0,0.0,0.0,6.0,0.0,0.0,2.3587,0.2131,0.0,0.0,0.0,0.0,0.0,0.9811,0.0189,-0.958,1.0,510,1,Normal,normal
0.0,279.473,167.346,1.0,6.0,0.0,0.0,0.0,6.0,0.0,0.0,2.3587,0.2131,0.0,0.0,0.0,0.0,0.0,0.9758,0.0242,0.409,1.0,510,2,Normal,normal
0.0,278.453,167.328,1.0,6.0,0.0,0.0,0.0,6.0,0.0,0.0,2.3587,0.2131,0.0,0.0,0.0,0.0,0.0,0.9729,0.0271,0.406,1.0,510,3,Normal,normal
0.0,277.058,167.774,1.0,6.0,0.0,0.0,0.0,6.0,0.0,0.0,2.3587,0.2131,0.0,0.0,0.0,0.0,0.0,0.9747,0.0253,0.14,1.0,510,4,Normal,normal
0.0,276.02,167.722,1.0,6.0,0.0,0.0,0.0,6.0,0.0,0.0,2.3587,0.2131,0.0,0.0,0.0,0.0,0.0,0.9728,0.0272,0.177,1.0,510,5,Normal,normal
0.0,292.058,159.07,1.0,6.0,0.0,0.0,0.0,6.0,0.0,0.0,2.6895,0.2429,0.0,0.0,0.0,0.0,0.0,0.9769,0.0231,-0.942,1.0,511,1,Normal,normal
0.0,290.207,159.006,1.0,6.0,0.0,0.0,0.0,6.0,0.0,0.0,2.6895,0.2429,0.0,0.0,0.0,0.0,0.0,0.975,0.025,0.407,1.0,511,2,Normal,normal
0.0,288.998,159.112,1.0,6.0,0.0,0.0,0.0,6.0,0.0,0.0,2.6895,0.2429,0.0,0.0,0.0,0.0,0.0,0.9764,0.0236,0.405,1.0,511,3,Normal,normal
0.0,287.463,159.704,1.0,6.0,0.0,0.0,0.0,6.0,0.0,0.0,2.6895,0.2429,0.0,0.0,0.0,0.0,0.0,0.9741,0.0259,0.146,1.0,511,4,Normal,normal
0.0,286.247,159.781,1.0,6.0,0.0,0.0,0.0,6.0,0.0,0.0,2.6895,0.2429,0.0,0.0,0.0,0.0,0.0,0.9765,0.0235,0.172,1.0,511,5,Normal,normal
0.0,305.505,135.092,1.0,6.0,0.0,0.0,0.0,6.0,0.0,0.0,0.9386,0.0848,0.0,0.0,0.0,0.0,0.0,0.9822,0.0178,-0.942,1.0,512,1,Normal,normal
0.0,303.832,135.118,1.0,6.0,0.0,0.0,0.0,6.0,0.0,0.0,0.9386,0.0848,0.0,0.0,0.0,0.0,0.0,0.9768,0.0232,0.401,1.0,512,2,Normal,normal
0.0,302.738,135.392,1.0,6.0,0.0,0.0,0.0,6.0,0.0,0.0,0.9386,0.0848,0.0,0.0,0.0,0.0,0.0,0.9789,0.0211,0.397,1.0,512,3,Normal,normal
0.0,301.445,135.959,1.0,6.0,0.0,0.0,0.0,6.0,0.0,0.0,0.9386,0.0848,0.0,0.0,0.0,0.0,0.0,0.9768,0.0232,0.146,1.0,512,4,Normal,normal
0.0,300.488,136.105,1.0,6.0,0.0,0.0,0.0,6.0,0.0,0.0,0.9386,0.0848,0.0,0.0,0.0,0.0,0.0,0.9745,0.0255,0.178,1.0,512,5,Normal,normal
0.0,245.783,132.716,1.0,6.0,0.0,0.0,0.0,6.0,0.0,0.0,5.104,0.461,0.0,0.0,0.0,0.0,0.0,0.9747,0.0253,-0.932,1.0,513,1,Normal,normal
0.0,244.208,132.632,1.0,6.0,0.0,0.0,0.0,6.0,0.0,0.0,5.104,0.461,0.0,0.0,0.0,0.0,0.0,0.9747,0.0253,0.397,1.0,513,2,Normal,normal
0.0,243.232,132.716,1.0,6.0,0.0,0.0,0.0,6.0,0.0,0.0,5.104,0.461,0.0,0.0,0.0,0.0,0.0,0.9804,0.0196,0.395,1.0,513,3,Normal,normal
0.0,242.123,133.061,1.0,6.0,0.0,0.0,0.0,6.0,0.0,0.0,5.104,0.461,0.0,0.0,0.0,0.0,0.0,0.9757,0.0243,0.142,1.0,513,4,Normal,normal
0.0,241.32,133.086,1.0,6.0,0.0,0.0,0.0,6.0,0.0,0.0,5.104,0.461,0.0,0.0,0.0,0.0,0.0,0.9761,0.0239,0.177,1.0,513,5,Normal,normal
0.0,249.112,129.904,1.0,6.0,0.0,0.0,0.0,6.0,49.0787,1.0,2887.394,260.8188,1.0,49.0787,0.0,1.0,1.0,0.8031,0.1969,-0.929,1.0,514,1,Cyber Intrusion,data_injection
0.0,247.437,129.9,1.0,6.0,0.0,0.0,0.0,6.0,49.0787,0.0,2887.394,260.8188,1.0,10.1563,0.0,1.0,1.0,0.9767,0.0233,0.398,1.0,514,2,Normal,normal
0.0,246.538,129.918,1.0,6.0,0.0,0.0,0.0,6.0,49.0787,0.0,2887.394,260.8188,1.0,9.428,0.0,1.0,1.0,0.9757,0.0243,0.396,1.0,514,3,Normal,normal
0.0,245.843,129.893,1.0,6.0,0.0,0.0,0.0,6.0,49.0787,0.0,2887.394,260.8188,1.0,9.4613,0.0,1.0,1.0,0.9769,0.0231,0.141,1.0,514,4,Normal,normal
0.0,245.055,129.913,1.0,6.0,0.0,0.0,0.0,6.0,49.0787,0.0,2887.394,260.8188,1.0,9.839,0.0,1.0,1.0,0.9743,0.0257,0.173,1.0,514,5,Normal,normal
0.0,285.155,151.009,1.0,6.0,0.0,0.0,0.0,6.0,49.1857,1.0,2900.0588,261.9628,1.0,49.1857,0.0,1.0,1.0,0.8031,0.1969,-0.938,1.0,515,1,Cyber Intrusion,data_injection
0.0,283.675,151.012,1.0,6.0,0.0,0.0,0.0,6.0,49.1857,0.0,2900.0588,261.9628,1.0,9.3622,0.0,1.0,1.0,0.9747,0.0253,0.397,1.0,515,2,Normal,normal
0.0,283.058,150.966,1.0,6.0,0.0,0.0,0.0,6.0,49.1857,0.0,2900.0588,261.9628,1.0,9.803,0.0,1.0,1.0,0.9771,0.0229,0.4,1.0,515,3,Normal,normal
0.0,282.615,150.921,1.0,6.0,0.0,0.0,0.0,6.0,49.1857,0.0,2900.0588,261.9628,1.0,10.2732,0.0,1.0,1.0,0.9796,0.0204,0.144,1.0,515,4,Normal,normal
0.0,282.127,150.971,1.0,6.0,0.0,0.0,0.0,6.0,49.1857,0.0,2900.0588,261.9628,1.0,9.6698,0.0,1.0,1.0,0.9742,0.0258,0.177,1.0,515,5,Normal,normal
0.0,253.415,160.021,1.0,6.0,0.0,0.0,0.0,6.0,0.0,0.0,5.0246,0.4539,0.0,0.0,0.0,0.0,0.0,0.9781,0.0219,-0.946,1.0,516,1,Cyber Intrusion,data_injection
0.0,251.933,159.987,1.0,6.0,0.0,0.0,0.0,6.0,0.0,0.0,5.0246,0.4539,0.0,0.0,0.0,0.0,0.0,0.9731,0.0269,0.398,1.0,516,2,Normal,normal
0.0,251.292,159.941,1.0,6.0,0.0,0.0,0.0,6.0,0.0,0.0,5.0246,0.4539,0.0,0.0,0.0,0.0,0.0,0.9781,0.0219,0.398,1.0,516,3,Normal,normal
0.0,250.835,159.883,1.0,6.0,0.0,0.0,0.0,6.0,0.0,0.0,5.0246,0.4539,0.0,0.0,0.0,0.0,0.0,0.9839,0.0161,0.147,1.0,516,4,Normal,normal
0.0,250.355,159.911,1.0,6.0,0.0,0.0,0.0,6.0,0.0,0.0,5.0246,0.4539,0.0,0.0,0.0,0.0,0.0,0.9754,0.0246,0.175,1.0,516,5,Normal,normal
0.0,268.61,151.112,1.0,6.0,0.0,0.0,0.0,6.0,0.0,0.0,3.7568,0.3394,0.0,0.0,0.0,0.0,0.0,0.9797,0.0203,-0.964,1.0,517,1,Cyber Intrusion,data_injection
0.0,267.088,151.126,1.0,6.0,0.0,0.0,0.0,6.0,0.0,0.0,3.7568,0.3394,0.0,0.0,0.0,0.0,0.0,0.9719,0.0281,0.414,1.0,517,2,Normal,normal
0.0,266.468,151.077,1.0,6.0,0.0,0.0,0.0,6.0,0.0,0.0,3.7568,0.3394,0.0,0.0,0.0,0.0,0.0,0.9756,0.0244,0.402,1.0,517,3,Normal,normal
0.0,266.028,151.014,1.0,6.0,0.0,0.0,0.0,6.0,0.0,0.0,3.7568,0.3394,0.0,0.0,0.0,0.0,0.0,0.9816,0.0184,0.149,1.0,517,4,Normal,normal
0.0,265.613,150.996,1.0,6.0,0.0,0.0,0.0,6.0,0.0,0.0,3.7568,0.3394,0.0,0.0,0.0,0.0,0.0,0.9764,0.0236,0.183,1.0,517,5,Normal,normal
0.0,315.722,144.225,1.0,6.0,0.0,0.0,0.0,6.0,0.0,0.0,1.3661,0.1234,0.0,0.0,0.0,0.0,0.0,0.9793,0.0207,-0.963,1.0,518,1,Cyber Intrusion,data_injection
0.0,314.405,144.284,1.0,6.0,0.0,0.0,0.0,6.0,0.0,0.0,1.3661,0.1234,0.0,0.0,0.0,0.0,0.0,0.973,0.027,0.409,1.0,518,2,Normal,normal
0.0,313.812,144.227,1.0,6.0,0.0,0.0,0.0,6.0,0.0,0.0,1.3661,0.1234,0.0,0.0,0.0,0.0,0.0,0.9729,0.0271,0.417,1.0,518,3,Normal,normal
0.0,313.248,143.994,1.0,6.0,0.0,0.0,0.0,6.0,0.0,0.0,1.3661,0.1234,0.0,0.0,0.0,0.0,0.0,0.9773,0.0227,0.14,1.0,518,4,Normal,normal
0.0,312.77,143.863,1.0,6.0,0.0,0.0,0.0,6.0,0.0,0.0,1.3661,0.1234,0.0,0.0,0.0,0.0,0.0,0.974,0.026,0.176,1.0,518,5,Normal,normal
0.0,277.432,160.75,1.0,6.0,0.0,0.0,0.0,6.0,0.0,0.0,1.2625,0.114,0.0,0.0,0.0,0.0,0.0,0.9892,0.0108,-0.559,1.0,519,1,Natural Fault,line_trip
0.0,276.153,160.796,1.0,6.0,0.0,0.0,0.0,6.0,0.0,0.0,1.2625,0.114,0.0,0.0,0.0,0.0,0.0,0.0,1.0,0.001,3.0,519,2,Natural Fault,line_trip
0.0,275.448,160.83,1.0,6.0,0.0,0.0,0.0,6.0,0.0,0.0,1.2625,0.114,0.0,0.0,0.0,0.0,0.0,0.9873,0.0127,0.402,1.0,519,3,Natural Fault,line_trip
0.0,274.773,160.69,1.0,6.0,0.0,0.0,0.0,6.0,0.0,0.0,1.2625,0.114,0.0,0.0,0.0,0.0,0.0,0.9882,0.0118,0.143,1.0,519,4,Natural Fault,line_trip
0.0,274.182,160.671,1.0,6.0,0.0,0.0,0.0,6.0,0.0,0.0,1.2625,0.114,0.0,0.0,0.0,0.0,0.0,0.0,1.0,-0.003,3.0,519,5,Natural Fault,line_trip
0.0,285.663,153.98,1.0,6.0,0.0,0.0,0.0,6.0,0.0,0.0,4.0941,0.3698,0.0,0.0,0.0,0.0,0.0,0.9831,0.0169,-0.562,1.0,520,1,Natural Fault,line_trip
0.0,284.247,154.121,1.0,6.0,0.0,0.0,0.0,6.0,0.0,0.0,4.0941,0.3698,0.0,0.0,0.0,0.0,0.0,0.0,1.0,-0.004,3.0,520,2,Natural Fault,line_trip
0.0,283.418,154.248,1.0,6.0,0.0,0.0,0.0,6.0,0.0,0.0,4.0941,0.3698,0.0,0.0,0.0,0.0,0.0,0.9848,0.0152,0.415,1.0,520,3,Natural Fault,line_trip
0.0,282.532,154.27,1.0,6.0,0.0,0.0,0.0,6.0,0.0,0.0,4.0941,0.3698,0.0,0.0,0.0,0.0,0.0,0.9853,0.0147,0.149,1.0,520,4,Natural Fault,line_trip
0.0,281.845,154.329,1.0,6.0,0.0,0.0,0.0,6.0,0.0,0.0,4.0941,0.3698,0.0,0.0,0.0,0.0,0.0,0.0,1.0,0.001,3.0,520,5,Natural Fault,line_trip
0.0,327.885,167.605,1.0,6.0,0.0,0.0,0.0,6.0,0.0,0.0,1.3485,0.1218,0.0,0.0,0.0,0.0,0.0,0.9869,0.0131,-0.571,1.0,521,1,Natural Fault,line_trip
0.0,326.397,167.668,1.0,6.0,0.0,0.0,0.0,6.0,0.0,0.0,1.3485,0.1218,0.0,0.0,0.0,0.0,0.0,0.0,1.0,0.002,3.0,521,2,Natural Fault,line_trip
0.0,325.5,167.817,1.0,6.0,0.0,0.0,0.0,6.0,0.0,0.0,1.3485,0.1218,0.0,0.0,0.0,0.0,0.0,0.9847,0.0153,0.423,1.0,521,3,Natural Fault,line_trip
0.0,324.657,168.013,1.0,6.0,0.0,0.0,0.0,6.0,0.0,0.0,1.3485,0.1218,0.0,0.0,0.0,0.0,0.0,0.9882,0.0118,0.157,1.0,521,4,Natural Fault,line_trip
0.0,323.94,168.127,1.0,6.0,0.0,0.0,0.0,6.0,0.0,0.0,1.3485,0.1218,0.0,0.0,0.0,0.0,0.0,0.0,1.0,0.001,3.0,521,5,Natural Fault,line_trip
0.0,264.118,164.148,1.0,6.0,0.0,0.0,0.0,6.0,0.0,0.0,3.7339,0.3373,0.0,0.0,0.0,0.0,0.0,0.9862,0.0138,-0.577,1.0,522,1,Natural Fault,line_trip
0.0,262.595,164.191,1.0,6.0,0.0,0.0,0.0,6.0,0.0,0.0,3.7339,0.3373,0.0,0.0,0.0,0.0,0.0,0.0,1.0,-0.003,3.0,522,2,Natural Fault,line_trip
0.0,261.707,164.332,1.0,6.0,0.0,0.0,0.0,6.0,0.0,0.0,3.7339,0.3373,0.0,0.0,0.0,0.0,0.0,0.9849,0.0151,0.425,1.0,522,3,Natural Fault,line_trip
0.0,260.898,164.473,1.0,6.0,0.0,0.0,0.0,6.0,0.0,0.0,3.7339,0.3373,0.0,0.0,0.0,0.0,0.0,0.9855,0.0145,0.16,1.0,522,4,Natural Fault,line_trip
0.0,260.17,164.535,1.0,6.0,0.0,0.0,0.0,6.0,0.0,0.0,3.7339,0.3373,0.0,0.0,0.0,0.0,0.0,0.0,1.0,-0.006,3.0,522,5,Natural Fault,line_trip
0.0,270.613,158.989,1.0,6.0,0.0,0.0,0.0,6.0,0.0,0.0,3.1913,0.2883,0.0,0.0,0.0,0.0,0.0,0.9844,0.0156,-0.584,1.0,523,1,Natural Fault,line_trip
0.0,269.058,159.067,1.0,6.0,0.0,0.0,0.0,6.0,0.0,0.0,3.1913,0.2883,0.0,0.0,0.0,0.0,0.0,0.0,1.0,0.001,3.0,523,2,Natural Fault,line_trip
0.0,268.25,159.145,1.0,6.0,0.0,0.0,0.0,6.0,0.0,0.0,3.1913,0.2883,0.0,0.0,0.0,0.0,0.0,0.9852,0.0148,0.424,1.0,523,3,Natural Fault,line_trip
0.0,267.525,159.228,1.0,6.0,0.0,0.0,0.0,6.0,0.0,0.0,3.1913,0.2883,0.0,0.0,0.0,0.0,0.0,0.9856,0.0144,0.155,1.0,523,4,Natural Fault,line_trip
0.0,266.867,159.225,1.0,6.0,0.0,0.0,0.0,6.0,0.0,0.0,3.1913,0.2883,0.0,0.0,0.0,0.0,0.0,0.0,1.0,-0.005,3.0,523,5,Natural Fault,line_trip
0.0,313.352,163.442,1.0,6.0,0.0,0.0,0.0,6.0,0.0,0.0,3.1584,0.2853,0.0,0.0,0.0,0.0,0.0,0.9828,0.0172,-0.582,1.0,524,1,Natural Fault,line_trip
0.0,311.76,163.277,1.0,6.0,0.0,0.0,0.0,6.0,0.0,0.0,3.1584,0.2853,0.0,0.0,0.0,0.0,0.0,0.0,1.0,0.003,3.0,524,2,Natural Fault,line_trip
0.0,310.928,163.174,1.0,6.0,0.0,0.0,0.0,6.0,0.0,0.0,3.1584,0.2853,0.0,0.0,0.0,0.0,0.0,0.9799,0.0201,0.426,1.0,524,3,Natural Fault,line_trip
0.0,310.37,163.173,1.0,6.0,0.0,0.0,0.0,6.0,0.0,0.0,3.1584,0.2853,0.0,0.0,0.0,0.0,0.0,0.9856,0.0144,0.154,1.0,524,4,Natural Fault,line_trip
0.0,309.773,163.128,1.0,6.0,0.0,0.0,0.0,6.0,0.0,0.0,3.1584,0.2853,0.0,0.0,0.0,0.0,0.0,0.0,1.0,0.0,3.0,524,5,Natural Fault,line_trip
0.0,275.512,160.864,1.0,6.0,0.0,0.0,0.0,6.0,0.0,0.0,8.4881,0.7667,0.0,0.0,0.0,0.0,0.0,0.9901,0.0099,-0.587,1.0,525,1,Natural Fault,line_trip
0.0,273.917,160.646,1.0,6.0,0.0,0.0,0.0,6.0,0.0,0.0,8.4881,0.7667,0.0,0.0,0.0,0.0,0.0,0.0,1.0,-0.007,3.0,525,2,Natural Fault,line_trip
0.0,273.11,160.492,1.0,6.0,0.0,0.0,0.0,6.0,0.0,0.0,8.4881,0.7667,0.0,0.0,0.0,0.0,0.0,0.9816,0.0184,0.436,1.0,525,3,Natural Fault,line_trip
0.0,272.543,160.456,1.0,6.0,0.0,0.0,0.0,6.0,0.0,0.0,8.4881,0.7667,0.0,0.0,0.0,0.0,0.0,0.9855,0.0145,0.153,1.0,525,4,Natural Fault,line_trip
0.0,271.993,160.39,1.0,6.0,0.0,0.0,0.0,6.0,0.0,0.0,8.4881,0.7667,0.0,0.0,0.0,0.0,0.0,0.0,1.0,0.011,3.0,525,5,Natural Fault,line_trip
0.0,406.76,171.4,1.0,6.0,0.0,0.0,0.0,6.0,0.0,0.0,3.4999,0.3161,0.0,0.0,0.0,0.0,0.0,0.9841,0.0159,-0.601,1.0,526,1,Natural Fault,line_trip
0.0,405.137,171.281,1.0,6.0,0.0,0.0,0.0,6.0,0.0,0.0,3.4999,0.3161,0.0,0.0,0.0,0.0,0.0,0.0,1.0,-0.003,3.0,526,2,Natural Fault,line_trip
0.0,404.245,171.106,1.0,6.0,0.0,0.0,0.0,6.0,0.0,0.0,3.4999,0.3161,0.0,0.0,0.0,0.0,0.0,0.984,0.016,0.44,1.0,526,3,Natural Fault,line_trip
0.0,403.572,170.942,1.0,6.0,0.0,0.0,0.0,6.0,0.0,0.0,3.4999,0.3161,0.0,0.0,0.0,0.0,0.0,0.9871,0.0129,0.159,1.0,526,4,Natural Fault,line_trip
0.0,402.958,170.888,1.0,6.0,0.0,0.0,0.0,6.0,0.0,0.0,3.4999,0.3161,0.0,0.0,0.0,0.0,0.0,0.0,1.0,0.005,3.0,526,5,Natural Fault,line_trip
0.0,422.417,126.481,1.0,6.0,0.0,0.0,0.0,6.0,0.0,0.0,5.0091,0.4525,0.0,0.0,0.0,0.0,0.0,0.9878,0.0122,-0.597,1.0,527,1,Natural Fault,line_trip
0.0,420.967,126.365,1.0,6.0,0.0,0.0,0.0,6.0,0.0,0.0,5.0091,0.4525,0.0,0.0,0.0,0.0,0.0,0.0,1.0,-0.005,3.0,527,2,Natural Fault,line_trip
0.0,420.125,126.203,1.0,6.0,0.0,0.0,0.0,6.0,0.0,0.0,5.0091,0.4525,0.0,0.0,0.0,0.0,0.0,0.9856,0.0144,0.433,1.0,527,3,Natural Fault,line_trip
0.0,419.352,126.073,1.0,6.0,0.0,0.0,0.0,6.0,0.0,0.0,5.0091,0.4525,0.0,0.0,0.0,0.0,0.0,0.9856,0.0144,0.16,1.0,527,4,Natural Fault,line_trip
0.0,418.662,126.047,1.0,6.0,0.0,0.0,0.0,6.0,0.0,0.0,5.0091,0.4525,0.0,0.0,0.0,0.0,0.0,0.0,1.0,0.008,3.0,527,5,Natural Fault,line_trip
0.0,376.155,164.191,1.0,6.0,0.0,0.0,0.0,6.0,0.0,0.0,0.2935,0.0265,0.0,0.0,0.0,0.0,0.0,0.9775,0.0225,-1.036,1.0,528,1,Normal,normal
0.0,374.92,163.963,1.0,6.0,0.0,0.0,0.0,6.0,0.0,0.0,0.2935,0.0265,0.0,0.0,0.0,0.0,0.0,0.9722,0.0278,0.44,1.0,528,2,Normal,normal
0.0,374.24,163.762,1.0,6.0,0.0,0.0,0.0,6.0,0.0,0.0,0.2935,0.0265,0.0,0.0,0.0,0.0,0.0,0.9754,0.0246,0.442,1.0,528,3,Normal,normal
0.0,373.5,163.627,1.0,6.0,0.0,0.0,0.0,6.0,0.0,0.0,0.2935,0.0265,0.0,0.0,0.0,0.0,0.0,0.9761,0.0239,0.154,1.0,528,4,Normal,normal
0.0,372.728,163.656,1.0,6.0,0.0,0.0,0.0,6.0,0.0,0.0,0.2935,0.0265,0.0,0.0,0.0,0.0,0.0,0.9709,0.0291,0.189,1.0,528,5,Normal,normal
0.0,302.047,152.658,1.0,6.0,0.0,0.0,0.0,6.0,0.0,0.0,1.9809,0.1789,0.0,0.0,0.0,0.0,0.0,0.9744,0.0256,-1.042,1.0,529,1,Normal,normal
0.0,300.957,152.559,1.0,6.0,0.0,0.0,0.0,6.0,0.0,0.0,1.9809,0.1789,0.0,0.0,0.0,0.0,0.0,0.9692,0.0308,0.438,1.0,529,2,Normal,normal
0.0,300.403,152.471,1.0,6.0,0.0,0.0,0.0,6.0,0.0,0.0,1.9809,0.1789,0.0,0.0,0.0,0.0,0.0,0.9719,0.0281,0.438,1.0,529,3,Normal,normal
0.0,299.785,152.431,1.0,6.0,0.0,0.0,0.0,6.0,0.0,0.0,1.9809,0.1789,0.0,0.0,0.0,0.0,0.0,0.9762,0.0238,0.157,1.0,529,4,Normal,normal
0.0,299.005,152.339,1.0,6.0,0.0,0.0,0.0,6.0,0.0,0.0,1.9809,0.1789,0.0,0.0,0.0,0.0,0.0,0.9689,0.0311,0.189,1.0,529,5,Normal,normal
0.0,264.095,111.735,1.0,6.0,0.0,0.0,0.0,6.0,0.0,0.0,2.4687,0.223,0.0,0.0,0.0,0.0,0.0,0.9755,0.0245,-1.051,1.0,530,1,Normal,normal
0.0,262.95,111.638,1.0,6.0,0.0,0.0,0.0,6.0,0.0,0.0,2.4687,0.223,0.0,0.0,0.0,0.0,0.0,0.9745,0.0255,0.442,1.0,530,2,Normal,normal
0.0,262.363,111.513,1.0,6.0,0.0,0.0,0.0,6.0,0.0,0.0,2.4687,0.223,0.0,0.0,0.0,0.0,0.0,0.9733,0.0267,0.447,1.0,530,3,Normal,normal
0.0,261.625,111.324,1.0,6.0,0.0,0.0,0.0,6.0,0.0,0.0,2.4687,0.223,0.0,0.0,0.0,0.0,0.0,0.9795,0.0205,0.16,1.0,530,4,Normal,normal
0.0,260.875,111.213,1.0,6.0,0.0,0.0,0.0,6.0,0.0,0.0,2.4687,0.223,0.0,0.0,0.0,0.0,0.0,0.9724,0.0276,0.194,1.0,530,5,Normal,normal
0.0,223.962,115.546,1.0,6.0,0.0,0.0,0.0,6.0,0.0,0.0,2.8982,0.2618,0.0,0.0,0.0,0.0,0.0,0.9739,0.0261,-1.05,1.0,531,1,Normal,normal
0.0,222.845,115.369,1.0,6.0,0.0,0.0,0.0,6.0,0.0,0.0,2.8982,0.2618,0.0,0.0,0.0,0.0,0.0,0.9729,0.0271,0.448,1.0,531,2,Normal,normal
0.0,222.308,115.243,1.0,6.0,0.0,0.0,0.0,6.0,0.0,0.0,2.8982,0.2618,0.0,0.0,0.0,0.0,0.0,0.9739,0.0261,0.454,1.0,531,3,Normal,normal
0.0,221.713,115.031,1.0,6.0,0.0,0.0,0.0,6.0,0.0,0.0,2.8982,0.2618,0.0,0.0,0.0,0.0,0.0,0.9788,0.0212,0.157,1.0,531,4,Normal,normal
0.0,221.138,114.946,1.0,6.0,0.0,0.0,0.0,6.0,0.0,0.0,2.8982,0.2618,0.0,0.0,0.0,0.0,0.0,0.9697,0.0303,0.192,1.0,531,5,Normal,normal
0.0,230.245,110.837,1.0,6.0,0.0,0.0,0.0,6.0,0.0,0.0,2.0143,0.182,0.0,0.0,0.0,0.0,0.0,0.9762,0.0238,-1.074,1.0,532,1,Normal,normal
0.0,228.952,110.772,1.0,6.0,0.0,0.0,0.0,6.0,0.0,0.0,2.0143,0.182,0.0,0.0,0.0,0.0,0.0,0.9754,0.0246,0.458,1.0,532,2,Normal,normal
0.0,228.267,110.742,1.0,6.0,0.0,0.0,0.0,6.0,0.0,0.0,2.0143,0.182,0.0,0.0,0.0,0.0,0.0,0.975,0.025,0.452,1.0,532,3,Normal,normal
0.0,227.563,110.6,1.0,6.0,0.0,0.0,0.0,6.0,0.0,0.0,2.0143,0.182,0.0,0.0,0.0,0.0,0.0,0.9726,0.0274,0.163,1.0,532,4,Normal,normal
0.0,226.943,110.543,1.0,6.0,0.0,0.0,0.0,6.0,0.0,0.0,2.0143,0.182,0.0,0.0,0.0,0.0,0.0,0.9725,0.0275,0.197,1.0,532,5,Normal,normal
0.0,278.498,124.093,1.0,6.0,0.0,0.0,0.0,6.0,0.0,0.0,2.6537,0.2397,0.0,0.0,0.0,0.0,0.0,0.9799,0.0201,-1.082,1.0,533,1,Normal,normal
0.0,277.228,124.186,1.0,6.0,0.0,0.0,0.0,6.0,0.0,0.0,2.6537,0.2397,0.0,0.0,0.0,0.0,0.0,0.9723,0.0277,0.454,1.0,533,2,Normal,normal
0.0,276.525,124.223,1.0,6.0,0.0,0.0,0.0,6.0,0.0,0.0,2.6537,0.2397,0.0,0.0,0.0,0.0,0.0,0.974,0.026,0.464,1.0,533,3,Normal,normal
0.0,275.887,124.256,1.0,6.0,0.0,0.0,0.0,6.0,0.0,0.0,2.6537,0.2397,0.0,0.0,0.0,0.0,0.0,0.9741,0.0259,0.165,1.0,533,4,Normal,normal
0.0,275.353,124.338,1.0,6.0,0.0,0.0,0.0,6.0,0.0,0.0,2.6537,0.2397,0.0,0.0,0.0,0.0,0.0,0.9669,0.0331,0.201,1.0,533,5,Normal,normal
0.0,255.57,125.865,1.0,6.0,0.0,0.0,0.0,6.0,0.0,0.0,4.2587,0.3847,0.0,0.0,0.0,0.0,0.0,0.9765,0.0235,-1.101,1.0,534,1,Normal,normal
0.0,254.28,126.046,1.0,6.0,0.0,0.0,0.0,6.0,0.0,0.0,4.2587,0.3847,0.0,0.0,0.0,0.0,0.0,0.9689,0.0311,0.467,1.0,534,2,Normal,normal
0.0,253.555,126.093,1.0,6.0,0.0,0.0,0.0,6.0,0.0,0.0,4.2587,0.3847,0.0,0.0,0.0,0.0,0.0,0.9672,0.0328,0.471,1.0,534,3,Normal,normal
0.0,252.903,126.197,1.0,6.0,0.0,0.0,0.0,6.0,0.0,0.0,4.2587,0.3847,0.0,0.0,0.0,0.0,0.0,0.9707,0.0293,0.172,1.0,534,4,Normal,normal
0.0,252.313,126.32,1.0,6.0,0.0,0.0,0.0,6.0,0.0,0.0,4.2587,0.3847,0.0,0.0,0.0,0.0,0.0,0.9716,0.0284,0.207,1.0,534,5,Normal,normal
0.0,371.752,143.624,1.0,6.0,0.0,0.0,0.0,6.0,0.0,0.0,1.5961,0.1442,0.0,0.0,0.0,0.0,0.0,0.9739,0.0261,-1.127,1.0,535,1,Normal,normal
0.0,370.398,144.003,1.0,6.0,0.0,0.0,0.0,6.0,0.0,0.0,1.5961,0.1442,0.0,0.0,0.0,0.0,0.0,0.9682,0.0318,0.485,1.0,535,2,Normal,normal
0.0,369.423,144.009,1.0,6.0,0.0,0.0,0.0,6.0,0.0,0.0,1.5961,0.1442,0.0,0.0,0.0,0.0,0.0,0.9729,0.0271,0.474,1.0,535,3,Normal,normal
0.0,368.765,144.278,1.0,6.0,0.0,0.0,0.0,6.0,0.0,0.0,1.5961,0.1442,0.0,0.0,0.0,0.0,0.0,0.9696,0.0304,0.177,1.0,535,4,Normal,normal
0.0,368.158,144.437,1.0,6.0,0.0,0.0,0.0,6.0,0.0,0.0,1.5961,0.1442,0.0,0.0,0.0,0.0,0.0,0.9676,0.0324,0.211,1.0,535,5,Normal,normal
0.0,408.302,108.757,1.0,6.0,0.0,0.0,0.0,6.0,0.0,0.0,1.6951,0.1531,0.0,0.0,0.0,0.0,0.0,0.9727,0.0273,-1.149,1.0,536,1,Normal,normal
0.0,407.01,108.972,1.0,6.0,0.0,0.0,0.0,6.0,0.0,0.0,1.6951,0.1531,0.0,0.0,0.0,0.0,0.0,0.9662,0.0338,0.484,1.0,536,2,Normal,normal
0.0,406.142,108.863,1.0,6.0,0.0,0.0,0.0,6.0,0.0,0.0,1.6951,0.1531,0.0,0.0,0.0,0.0,0.0,0.969,0.031,0.49,1.0,536,3,Normal,normal
0.0,405.552,109.072,1.0,6.0,0.0,0.0,0.0,6.0,0.0,0.0,1.6951,0.1531,0.0,0.0,0.0,0.0,0.0,0.9733,0.0267,0.177,1.0,536,4,Normal,normal
0.0,404.993,109.198,1.0,6.0,0.0,0.0,0.0,6.0,0.0,0.0,1.6951,0.1531,0.0,0.0,0.0,0.0,0.0,0.9674,0.0326,0.221,1.0,536,5,Normal,normal
0.0,361.85,149.348,1.0,6.0,0.0,0.0,0.0,6.0,0.0,0.0,4.1945,0.3789,0.0,0.0,0.0,0.0,0.0,0.9716,0.0284,-1.188,1.0,537,1,Normal,normal
0.0,360.497,149.513,1.0,6.0,0.0,0.0,0.0,6.0,0.0,0.0,4.1945,0.3789,0.0,0.0,0.0,0.0,0.0,0.9698,0.0302,0.504,1.0,537,2,Normal,normal
0.0,359.677,149.317,1.0,6.0,0.0,0.0,0.0,6.0,0.0,0.0,4.1945,0.3789,0.0,0.0,0.0,0.0,0.0,0.9703,0.0297,0.506,1.0,537,3,Normal,normal
0.0,359.087,149.474,1.0,6.0,0.0,0.0,0.0,6.0,0.0,0.0,4.1945,0.3789,0.0,0.0,0.0,0.0,0.0,0.9715,0.0285,0.183,1.0,537,4,Normal,normal
0.0,358.542,149.507,1.0,6.0,0.0,0.0,0.0,6.0,0.0,0.0,4.1945,0.3789,0.0,0.0,0.0,0.0,0.0,0.973,0.027,0.22,1.0,537,5,Normal,normal
0.0,305.992,148.458,1.0,6.0,0.0,0.0,0.0,6.0,0.0,0.0,5.2876,0.4776,0.0,0.0,0.0,0.0,0.0,0.9747,0.0253,-1.209,1.0,538,1,Normal,normal
0.0,304.622,148.438,1.0,6.0,0.0,0.0,0.0,6.0,0.0,0.0,5.2876,0.4776,0.0,0.0,0.0,0.0,0.0,0.9648,0.0352,0.516,1.0,538,2,Normal,normal
0.0,303.757,148.146,1.0,6.0,0.0,0.0,0.0,6.0,0.0,0.0,5.2876,0.4776,0.0,0.0,0.0,0.0,0.0,0.9657,0.0343,0.519,1.0,538,3,Normal,normal
0.0,303.128,148.261,1.0,6.0,0.0,0.0,0.0,6.0,0.0,0.0,5.2876,0.4776,0.0,0.0,0.0,0.0,0.0,0.9733,0.0267,0.191,1.0,538,4,Normal,normal
0.0,302.555,148.266,1.0,6.0,0.0,0.0,0.0,6.0,0.0,0.0,5.2876,0.4776,0.0,0.0,0.0,0.0,0.0,0.9612,0.0388,0.231,1.0,538,5,Normal,normal
0.0,280.743,122.388,1.0,6.0,0.0,0.0,0.0,6.0,0.0,0.0,1.7245,0.1558,0.0,0.0,0.0,0.0,0.0,0.9727,0.0273,-1.252,1.0,539,1,Normal,normal
0.0,279.422,122.406,1.0,6.0,0.0,0.0,0.0,6.0,0.0,0.0,1.7245,0.1558,0.0,0.0,0.0,0.0,0.0,0.9645,0.0355,0.52,1.0,539,2,Normal,normal
0.0,278.5,122.23,1.0,6.0,0.0,0.0,0.0,6.0,0.0,0.0,1.7245,0.1558,0.0,0.0,0.0,0.0,0.0,0.9667,0.0333,0.538,1.0,539,3,Normal,normal
0.0,277.707,122.25,1.0,6.0,0.0,0.0,0.0,6.0,0.0,0.0,1.7245,0.1558,0.0,0.0,0.0,0.0,0.0,0.9723,0.0277,0.183,1.0,539,4,Normal,normal
0.0,277.112,122.292,1.0,6.0,0.0,0.0,0.0,6.0,0.0,0.0,1.7245,0.1558,0.0,0.0,0.0,0.0,0.0,0.9651,0.0349,0.228,1.0,539,5,Normal,normal
0.0,234.602,125.432,1.0,6.0,0.0,0.0,0.0,6.0,0.0,0.0,2.1103,0.1906,0.0,0.0,0.0,0.0,0.0,0.9711,0.0289,-1.293,1.0,540,1,Normal,normal
0.0,233.207,125.47,1.0,6.0,0.0,0.0,0.0,6.0,0.0,0.0,2.1103,0.1906,0.0,0.0,0.0,0.0,0.0,0.9682,0.0318,0.548,1.0,540,2,Normal,normal
0.0,232.237,125.292,1.0,6.0,0.0,0.0,0.0,6.0,0.0,0.0,2.1103,0.1906,0.0,0.0,0.0,0.0,0.0,0.9642,0.0358,0.546,1.0,540,3,Normal,normal
0.0,231.218,125.462,1.0,6.0,0.0,0.0,0.0,6.0,0.0,0.0,2.1103,0.1906,0.0,0.0,0.0,0.0,0.0,0.9669,0.0331,0.197,1.0,540,4,Normal,normal
0.0,230.665,125.438,1.0,6.0,0.0,0.0,0.0,6.0,0.0,0.0,2.1103,0.1906,0.0,0.0,0.0,0.0,0.0,0.9637,0.0363,0.241,1.0,540,5,Normal,normal
0.0,248.567,115.727,1.0,6.0,0.0,0.0,0.0,6.0,0.0,0.0,2.6513,0.2395,0.0,0.0,0.0,0.0,0.0,0.9669,0.0331,-1.338,1.0,541,1,Normal,normal
0.0,247.208,115.755,1.0,6.0,0.0,0.0,0.0,6.0,0.0,0.0,2.6513,0.2395,0.0,0.0,0.0,0.0,0.0,0.9631,0.0369,0.571,1.0,541,2,Normal,normal
0.0,246.275,115.573,1.0,6.0,0.0,0.0,0.0,6.0,0.0,0.0,2.6513,0.2395,0.0,0.0,0.0,0.0,0.0,0.9647,0.0353,0.565,1.0,541,3,Normal,normal
0.0,245.342,115.7,1.0,6.0,0.0,0.0,0.0,6.0,0.0,0.0,2.6513,0.2395,0.0,0.0,0.0,0.0,0.0,0.9703,0.0297,0.198,1.0,541,4,Normal,normal
0.0,244.792,115.661,1.0,6.0,0.0,0.0,0.0,6.0,0.0,0.0,2.6513,0.2395,0.0,0.0,0.0,0.0,0.0,0.9639,0.0361,0.252,1.0,541,5,Normal,normal
0.0,278.498,121.651,1.0,6.0,0.0,0.0,0.0,6.0,0.0,0.0,2.9129,0.2631,0.0,0.0,0.0,0.0,0.0,0.9707,0.0293,-1.362,1.0,542,1,Normal,normal
0.0,277.185,121.897,1.0,6.0,0.0,0.0,0.0,6.0,0.0,0.0,2.9129,0.2631,0.0,0.0,0.0,0.0,0.0,0.9643,0.0357,0.578,1.0,542,2,Normal,normal
0.0,276.288,121.794,1.0,6.0,0.0,0.0,0.0,6.0,0.0,0.0,2.9129,0.2631,0.0,0.0,0.0,0.0,0.0,0.9636,0.0364,0.574,1.0,542,3,Normal,normal
0.0,275.323,121.92,1.0,6.0,0.0,0.0,0.0,6.0,0.0,0.0,2.9129,0.2631,0.0,0.0,0.0,0.0,0.0,0.9667,0.0333,0.21,1.0,542,4,Normal,normal
0.0,274.597,121.587,1.0,6.0,0.0,0.0,0.0,6.0,0.0,0.0,2.9129,0.2631,0.0,0.0,0.0,0.0,0.0,0.9567,0.0433,0.259,1.0,542,5,Normal,normal
0.0,251.73,120.594,1.0,6.0,0.0,0.0,0.0,6.0,0.0,0.0,1.1784,0.1064,0.0,0.0,0.0,0.0,0.0,0.9685,0.0315,-1.408,1.0,543,1,Normal,normal
0.0,250.432,120.796,1.0,6.0,0.0,0.0,0.0,6.0,0.0,0.0,1.1784,0.1064,0.0,0.0,0.0,0.0,0.0,0.961,0.039,0.59,1.0,543,2,Normal,normal
0.0,249.757,120.811,1.0,6.0,0.0,0.0,0.0,6.0,0.0,0.0,1.1784,0.1064,0.0,0.0,0.0,0.0,0.0,0.9619,0.0381,0.599,1.0,543,3,Normal,normal
0.0,248.93,120.971,1.0,6.0,0.0,0.0,0.0,6.0,0.0,0.0,1.1784,0.1064,0.0,0.0,0.0,0.0,0.0,0.9673,0.0327,0.218,1.0,543,4,Normal,normal
0.0,248.3,120.623,1.0,6.0,0.0,0.0,0.0,6.0,0.0,0.0,1.1784,0.1064,0.0,0.0,0.0,0.0,0.0,0.959,0.041,0.259,1.0,543,5,Normal,normal
0.0,374.112,146.615,1.0,6.0,0.0,0.0,0.0,6.0,0.0,0.0,0.7102,0.0642,0.0,0.0,0.0,0.0,0.0,0.9671,0.0329,-1.452,1.0,544,1,Normal,normal
0.0,373.035,146.662,1.0,6.0,0.0,0.0,0.0,6.0,0.0,0.0,0.7102,0.0642,0.0,0.0,0.0,0.0,0.0,0.9599,0.0401,0.622,1.0,544,2,Normal,normal
0.0,372.39,146.6,1.0,6.0,0.0,0.0,0.0,6.0,0.0,0.0,0.7102,0.0642,0.0,0.0,0.0,0.0,0.0,0.9643,0.0357,0.62,1.0,544,3,Normal,normal
0.0,371.76,146.602,1.0,6.0,0.0,0.0,0.0,6.0,0.0,0.0,0.7102,0.0642,0.0,0.0,0.0,0.0,0.0,0.9662,0.0338,0.215,1.0,544,4,Normal,normal
0.0,371.095,146.467,1.0,6.0,0.0,0.0,0.0,6.0,0.0,0.0,0.7102,0.0642,0.0,0.0,0.0,0.0,0.0,0.9583,0.0417,0.277,1.0,544,5,Normal,normal
0.0,405.247,122.184,1.0,6.0,0.0,0.0,0.0,6.0,0.0,0.0,0.8028,0.0725,0.0,0.0,0.0,0.0,0.0,0.9654,0.0346,-1.472,1.0,545,1,Normal,normal
0.0,404.068,122.158,1.0,6.0,0.0,0.0,0.0,6.0,0.0,0.0,0.8028,0.0725,0.0,0.0,0.0,0.0,0.0,0.9612,0.0388,0.621,1.0,545,2,Normal,normal
0.0,403.363,122.08,1.0,6.0,0.0,0.0,0.0,6.0,0.0,0.0,0.8028,0.0725,0.0,0.0,0.0,0.0,0.0,0.9617,0.0383,0.625,1.0,545,3,Normal,normal
0.0,402.71,122.041,1.0,6.0,0.0,0.0,0.0,6.0,0.0,0.0,0.8028,0.0725,0.0,0.0,0.0,0.0,0.0,0.9626,0.0374,0.229,1.0,545,4,Normal,normal
0.0,402.15,121.973,1.0,6.0,0.0,0.0,0.0,6.0,0.0,0.0,0.8028,0.0725,0.0,0.0,0.0,0.0,0.0,0.9561,0.0439,0.274,1.0,545,5,Normal,normal
0.0,377.397,155.996,1.0,6.0,0.0,0.0,0.0,6.0,0.0,0.0,1.0031,0.0906,0.0,0.0,0.0,0.0,0.0,0.9665,0.0335,-1.512,1.0,546,1,Normal,normal
0.0,376.018,156.207,1.0,6.0,0.0,0.0,0.0,6.0,0.0,0.0,1.0031,0.0906,0.0,0.0,0.0,0.0,0.0,0.9581,0.0419,0.639,1.0,546,2,Normal,normal
0.0,375.223,156.235,1.0,6.0,0.0,0.0,0.0,6.0,0.0,0.0,1.0031,0.0906,0.0,0.0,0.0,0.0,0.0,0.963,0.037,0.635,1.0,546,3,Normal,normal
0.0,374.568,156.179,1.0,6.0,0.0,0.0,0.0,6.0,0.0,0.0,1.0031,0.0906,0.0,0.0,0.0,0.0,0.0,0.9621,0.0379,0.229,1.0,546,4,Normal,normal
0.0,373.993,156.152,1.0,6.0,0.0,0.0,0.0,6.0,0.0,0.0,1.0031,0.0906,0.0,0.0,0.0,0.0,0.0,0.9591,0.0409,0.282,1.0,546,5,Normal,normal
0.0,312.26,154.227,1.0,6.0,0.0,0.0,0.0,6.0,0.0,0.0,1.2046,0.1088,0.0,0.0,0.0,0.0,0.0,0.9636,0.0364,-1.532,1.0,547,1,Normal,normal
0.0,310.67,154.364,1.0,6.0,0.0,0.0,0.0,6.0,0.0,0.0,1.2046,0.1088,0.0,0.0,0.0,0.0,0.0,0.9563,0.0437,0.652,1.0,547,2,Normal,normal
0.0,309.855,154.33,1.0,6.0,0.0,0.0,0.0,6.0,0.0,0.0,1.2046,0.1088,0.0,0.0,0.0,0.0,0.0,0.9607,0.0393,0.647,1.0,547,3,Normal,normal
0.0,309.182,154.205,1.0,6.0,0.0,0.0,0.0,6.0,0.0,0.0,1.2046,0.1088,0.0,0.0,0.0,0.0,0.0,0.9637,0.0363,0.233,1.0,547,4,Normal,normal
0.0,308.593,154.156,1.0,6.0,0.0,0.0,0.0,6.0,0.0,0.0,1.2046,0.1088,0.0,0.0,0.0,0.0,0.0,0.9566,0.0434,0.288,1.0,547,5,Normal,normal
0.0,277.387,124.536,1.0,6.0,0.0,0.0,0.0,6.0,0.0,0.0,0.4833,0.0437,0.0,0.0,0.0,0.0,0.0,0.9655,0.0345,-1.54,1.0,548,1,Normal,normal
0.0,275.79,124.631,1.0,6.0,0.0,0.0,0.0,6.0,0.0,0.0,0.4833,0.0437,0.0,0.0,0.0,0.0,0.0,0.9584,0.0416,0.658,1.0,548,2,Normal,normal
0.0,275.053,124.658,1.0,6.0,0.0,0.0,0.0,6.0,0.0,0.0,0.4833,0.0437,0.0,0.0,0.0,0.0,0.0,0.9616,0.0384,0.646,1.0,548,3,Normal,normal
0.0,274.26,124.301,1.0,6.0,0.0,0.0,0.0,6.0,0.0,0.0,0.4833,0.0437,0.0,0.0,0.0,0.0,0.0,0.9639,0.0361,0.229,1.0,548,4,Normal,normal
0.0,273.603,124.095,1.0,6.0,0.0,0.0,0.0,6.0,0.0,0.0,0.4833,0.0437,0.0,0.0,0.0,0.0,0.0,0.9552,0.0448,0.283,1.0,548,5,Normal,normal
0.0,227.923,120.807,1.0,6.0,0.0,0.0,0.0,6.0,0.0,0.0,0.2998,0.0271,0.0,0.0,0.0,0.0,0.0,0.9652,0.0348,-1.557,1.0,549,1,Normal,normal
0.0,226.368,120.763,1.0,6.0,0.0,0.0,0.0,6.0,0.0,0.0,0.2998,0.0271,0.0,0.0,0.0,0.0,0.0,0.9605,0.0395,0.662,1.0,549,2,Normal,normal
0.0,225.62,120.731,1.0,6.0,0.0,0.0,0.0,6.0,0.0,0.0,0.2998,0.0271,0.0,0.0,0.0,0.0,0.0,0.9607,0.0393,0.661,1.0,549,3,Normal,normal
0.0,224.782,120.269,1.0,6.0,0.0,0.0,0.0,6.0,0.0,0.0,0.2998,0.0271,0.0,0.0,0.0,0.0,0.0,0.9627,0.0373,0.24,1.0,549,4,Normal,normal
0.0,224.078,120.066,1.0,6.0,0.0,0.0,0.0,6.0,0.0,0.0,0.2998,0.0271,0.0,0.0,0.0,0.0,0.0,0.9573,0.0427,0.289,1.0,549,5,Normal,normal
0.0,231.512,118.089,1.0,6.0,0.0,0.0,0.0,6.0,0.0,0.0,1.6044,0.1449,0.0,0.0,0.0,0.0,0.0,0.9631,0.0369,-1.556,1.0,550,1,Normal,normal
0.0,229.938,118.064,1.0,6.0,0.0,0.0,0.0,6.0,0.0,0.0,1.6044,0.1449,0.0,0.0,0.0,0.0,0.0,0.9591,0.0409,0.669,1.0,550,2,Normal,normal
0.0,229.263,117.98,1.0,6.0,0.0,0.0,0.0,6.0,0.0,0.0,1.6044,0.1449,0.0,0.0,0.0,0.0,0.0,0.961,0.039,0.664,1.0,550,3,Normal,normal
0.0,228.432,117.513,1.0,6.0,0.0,0.0,0.0,6.0,0.0,0.0,1.6044,0.1449,0.0,0.0,0.0,0.0,0.0,0.964,0.036,0.239,1.0,550,4,Normal,normal
0.0,227.728,117.31,1.0,6.0,0.0,0.0,0.0,6.0,0.0,0.0,1.6044,0.1449,0.0,0.0,0.0,0.0,0.0,0.9537,0.0463,0.293,1.0,550,5,Normal,normal
0.0,262.437,114.765,1.0,6.0,0.0,0.0,0.0,6.0,0.0,0.0,2.2696,0.205,0.0,0.0,0.0,0.0,0.0,0.9639,0.0361,-1.568,1.0,551,1,Normal,normal
0.0,260.852,114.633,1.0,6.0,0.0,0.0,0.0,6.0,0.0,0.0,2.2696,0.205,0.0,0.0,0.0,0.0,0.0,0.9567,0.0433,0.665,1.0,551,2,Normal,normal
0.0,260.12,114.515,1.0,6.0,0.0,0.0,0.0,6.0,0.0,0.0,2.2696,0.205,0.0,0.0,0.0,0.0,0.0,0.9621,0.0379,0.655,1.0,551,3,Normal,normal
0.0,259.453,114.426,1.0,6.0,0.0,0.0,0.0,6.0,0.0,0.0,2.2696,0.205,0.0,0.0,0.0,0.0,0.0,0.9658,0.0342,0.24,1.0,551,4,Normal,normal
0.0,258.815,114.426,1.0,6.0,0.0,0.0,0.0,6.0,0.0,0.0,2.2696,0.205,0.0,0.0,0.0,0.0,0.0,0.9559,0.0441,0.287,1.0,551,5,Normal,normal
0.0,233.56,121.19,1.0,6.0,0.0,0.0,0.0,6.0,0.0,0.0,2.5014,0.226,0.0,0.0,0.0,0.0,0.0,0.9609,0.0391,-1.542,1.0,552,1,Normal,normal
0.0,231.843,121.045,1.0,6.0,0.0,0.0,0.0,6.0,0.0,0.0,2.5014,0.226,0.0,0.0,0.0,0.0,0.0,0.9585,0.0415,0.65,1.0,552,2,Normal,normal
0.0,231.092,120.905,1.0,6.0,0.0,0.0,0.0,6.0,0.0,0.0,2.5014,0.226,0.0,0.0,0.0,0.0,0.0,0.96,0.04,0.659,1.0,552,3,Normal,normal
0.0,230.417,120.823,1.0,6.0,0.0,0.0,0.0,6.0,0.0,0.0,2.5014,0.226,0.0,0.0,0.0,0.0,0.0,0.9583,0.0417,0.229,1.0,552,4,Normal,normal
0.0,229.8,120.768,1.0,6.0,0.0,0.0,0.0,6.0,0.0,0.0,2.5014,0.226,0.0,0.0,0.0,0.0,0.0,0.9542,0.0458,0.274,1.0,552,5,Normal,normal
0.0,242.283,114.659,1.0,6.0,0.0,0.0,0.0,6.0,0.0,0.0,2.0164,0.1821,0.0,0.0,0.0,0.0,0.0,0.9663,0.0337,-1.518,1.0,553,1,Normal,normal
0.0,240.573,114.507,1.0,6.0,0.0,0.0,0.0,6.0,0.0,0.0,2.0164,0.1821,0.0,0.0,0.0,0.0,0.0,0.9628,0.0372,0.648,1.0,553,2,Normal,normal
0.0,239.807,114.359,1.0,6.0,0.0,0.0,0.0,6.0,0.0,0.0,2.0164,0.1821,0.0,0.0,0.0,0.0,0.0,0.9626,0.0374,0.644,1.0,553,3,Normal,normal
0.0,239.095,114.296,1.0,6.0,0.0,0.0,0.0,6.0,0.0,0.0,2.0164,0.1821,0.0,0.0,0.0,0.0,0.0,0.9618,0.0382,0.225,1.0,553,4,Normal,normal
0.0,238.387,114.293,1.0,6.0,0.0,0.0,0.0,6.0,0.0,0.0,2.0164,0.1821,0.0,0.0,0.0,0.0,0.0,0.9552,0.0448,0.277,1.0,553,5,Normal,normal
0.0,318.227,164.477,1.0,6.0,0.0,0.0,0.0,6.0,0.0,0.0,4.1388,0.3739,0.0,0.0,0.0,0.0,0.0,0.9711,0.0289,-1.497,1.0,554,1,Normal,normal
0.0,316.325,164.279,1.0,6.0,0.0,0.0,0.0,6.0,0.0,0.0,4.1388,0.3739,0.0,0.0,0.0,0.0,0.0,0.9572,0.0428,0.628,1.0,554,2,Normal,normal
0.0,315.298,164.049,1.0,6.0,0.0,0.0,0.0,6.0,0.0,0.0,4.1388,0.3739,0.0,0.0,0.0,0.0,0.0,0.9643,0.0357,0.636,1.0,554,3,Normal,normal
0.0,314.542,164.024,1.0,6.0,0.0,0.0,0.0,6.0,0.0,0.0,4.1388,0.3739,0.0,0.0,0.0,0.0,0.0,0.9646,0.0354,0.226,1.0,554,4,Normal,normal
0.0,313.742,164.004,1.0,6.0,0.0,0.0,0.0,6.0,0.0,0.0,4.1388,0.3739,0.0,0.0,0.0,0.0,0.0,0.9561,0.0439,0.284,1.0,554,5,Normal,normal
0.0,283.145,175.332,1.0,6.0,0.0,0.0,0.0,6.0,0.0,0.0,4.3937,0.3969,0.0,0.0,0.0,0.0,0.0,0.9696,0.0304,-1.459,1.0,555,1,Normal,normal
0.0,281.425,175.074,1.0,6.0,0.0,0.0,0.0,6.0,0.0,0.0,4.3937,0.3969,0.0,0.0,0.0,0.0,0.0,0.9567,0.0433,0.613,1.0,555,2,Normal,normal
0.0,280.102,174.959,1.0,6.0,0.0,0.0,0.0,6.0,0.0,0.0,4.3937,0.3969,0.0,0.0,0.0,0.0,0.0,0.9633,0.0367,0.624,1.0,555,3,Normal,normal
0.0,278.728,175.409,1.0,6.0,0.0,0.0,0.0,6.0,0.0,0.0,4.3937,0.3969,0.0,0.0,0.0,0.0,0.0,0.9638,0.0362,0.224,1.0,555,4,Normal,normal
0.0,277.84,175.497,1.0,6.0,0.0,0.0,0.0,6.0,0.0,0.0,4.3937,0.3969,0.0,0.0,0.0,0.0,0.0,0.9627,0.0373,0.276,1.0,555,5,Normal,normal
0.0,286.288,172.696,1.0,6.0,0.0,0.0,0.0,6.0,0.0,0.0,2.0905,0.1888,0.0,0.0,0.0,0.0,0.0,0.9678,0.0322,-1.406,1.0,556,1,Normal,normal
0.0,284.53,172.47,1.0,6.0,0.0,0.0,0.0,6.0,0.0,0.0,2.0905,0.1888,0.0,0.0,0.0,0.0,0.0,0.9623,0.0377,0.604,1.0,556,2,Normal,normal
0.0,283.132,172.425,1.0,6.0,0.0,0.0,0.0,6.0,0.0,0.0,2.0905,0.1888,0.0,0.0,0.0,0.0,0.0,0.9605,0.0395,0.598,1.0,556,3,Normal,normal
0.0,281.758,172.888,1.0,6.0,0.0,0.0,0.0,6.0,0.0,0.0,2.0905,0.1888,0.0,0.0,0.0,0.0,0.0,0.9672,0.0328,0.217,1.0,556,4,Normal,normal
0.0,280.783,173.051,1.0,6.0,0.0,0.0,0.0,6.0,0.0,0.0,2.0905,0.1888,0.0,0.0,0.0,0.0,0.0,0.9618,0.0382,0.266,1.0,556,5,Normal,normal
0.0,290.323,128.671,1.0,6.0,0.0,0.0,0.0,6.0,0.0,0.0,3.2801,0.2963,0.0,0.0,0.0,0.0,0.0,0.9705,0.0295,-1.375,1.0,557,1,Normal,normal
0.0,288.593,128.464,1.0,6.0,0.0,0.0,0.0,6.0,0.0,0.0,3.2801,0.2963,0.0,0.0,0.0,0.0,0.0,0.9665,0.0335,0.585,1.0,557,2,Normal,normal
0.0,287.285,128.535,1.0,6.0,0.0,0.0,0.0,6.0,0.0,0.0,3.2801,0.2963,0.0,0.0,0.0,0.0,0.0,0.9652,0.0348,0.589,1.0,557,3,Normal,normal
0.0,286.042,129.276,1.0,6.0,0.0,0.0,0.0,6.0,0.0,0.0,3.2801,0.2963,0.0,0.0,0.0,0.0,0.0,0.9642,0.0358,0.212,1.0,557,4,Normal,normal
0.0,285.207,129.468,1.0,6.0,0.0,0.0,0.0,6.0,0.0,0.0,3.2801,0.2963,0.0,0.0,0.0,0.0,0.0,0.9578,0.0422,0.253,1.0,557,5,Normal,normal
0.0,230.098,119.207,1.0,6.0,0.0,0.0,0.0,6.0,0.0,0.0,1.5223,0.1375,0.0,0.0,0.0,0.0,0.0,0.9671,0.0329,-1.322,1.0,558,1,Normal,normal
0.0,228.522,119.148,1.0,6.0,0.0,0.0,0.0,6.0,0.0,0.0,1.5223,0.1375,0.0,0.0,0.0,0.0,0.0,0.9636,0.0364,0.572,1.0,558,2,Normal,normal
0.0,227.763,119.147,1.0,6.0,0.0,0.0,0.0,6.0,0.0,0.0,1.5223,0.1375,0.0,0.0,0.0,0.0,0.0,0.9676,0.0324,0.564,1.0,558,3,Normal,normal
0.0,226.73,119.624,1.0,6.0,0.0,0.0,0.0,6.0,0.0,0.0,1.5223,0.1375,0.0,0.0,0.0,0.0,0.0,0.9682,0.0318,0.204,1.0,558,4,Normal,normal
0.0,226.087,119.78,1.0,6.0,0.0,0.0,0.0,6.0,0.0,0.0,1.5223,0.1375,0.0,0.0,0.0,0.0,0.0,0.9624,0.0376,0.253,1.0,558,5,Normal,normal
0.0,239.677,112.631,1.0,6.0,0.0,0.0,0.0,6.0,0.0,0.0,0.8711,0.0787,0.0,0.0,0.0,0.0,0.0,0.9728,0.0272,-1.27,1.0,559,1,Normal,normal
0.0,238.057,112.598,1.0,6.0,0.0,0.0,0.0,6.0,0.0,0.0,0.8711,0.0787,0.0,0.0,0.0,0.0,0.0,0.9653,0.0347,0.539,1.0,559,2,Normal,normal
0.0,237.317,112.597,1.0,6.0,0.0,0.0,0.0,6.0,0.0,0.0,0.8711,0.0787,0.0,0.0,0.0,0.0,0.0,0.966,0.034,0.544,1.0,559,3,Normal,normal
0.0,236.787,112.637,1.0,6.0,0.0,0.0,0.0,6.0,0.0,0.0,0.8711,0.0787,0.0,0.0,0.0,0.0,0.0,0.9705,0.0295,0.193,1.0,559,4,Normal,normal
0.0,236.233,112.708,1.0,6.0,0.0,0.0,0.0,6.0,0.0,0.0,0.8711,0.0787,0.0,0.0,0.0,0.0,0.0,0.9649,0.0351,0.235,1.0,559,5,Normal,normal
0.0,285.057,126.901,1.0,6.0,0.0,0.0,0.0,6.0,0.0,0.0,1.6912,0.1528,0.0,0.0,0.0,0.0,0.0,0.9723,0.0277,-1.244,1.0,560,1,Normal,normal
0.0,283.482,126.911,1.0,6.0,0.0,0.0,0.0,6.0,0.0,0.0,1.6912,0.1528,0.0,0.0,0.0,0.0,0.0,0.9634,0.0366,0.522,1.0,560,2,Normal,normal
0.0,282.762,126.809,1.0,6.0,0.0,0.0,0.0,6.0,0.0,0.0,1.6912,0.1528,0.0,0.0,0.0,0.0,0.0,0.969,0.031,0.517,1.0,560,3,Normal,normal
0.0,282.298,126.786,1.0,6.0,0.0,0.0,0.0,6.0,0.0,0.0,1.6912,0.1528,0.0,0.0,0.0,0.0,0.0,0.971,0.029,0.188,1.0,560,4,Normal,normal
0.0,281.812,126.705,1.0,6.0,0.0,0.0,0.0,6.0,0.0,0.0,1.6912,0.1528,0.0,0.0,0.0,0.0,0.0,0.9642,0.0358,0.228,1.0,560,5,Normal,normal
0.0,243.457,130.871,1.0,6.0,0.0,0.0,0.0,6.0,0.0,0.0,0.9392,0.0848,0.0,0.0,0.0,0.0,0.0,0.972,0.028,-1.18,1.0,561,1,Normal,normal
0.0,241.965,130.915,1.0,6.0,0.0,0.0,0.0,6.0,0.0,0.0,0.9392,0.0848,0.0,0.0,0.0,0.0,0.0,0.97,0.03,0.507,1.0,561,2,Normal,normal
0.0,241.123,130.93,1.0,6.0,0.0,0.0,0.0,6.0,0.0,0.0,0.9392,0.0848,0.0,0.0,0.0,0.0,0.0,0.9702,0.0298,0.494,1.0,561,3,Normal,normal
0.0,240.632,130.934,1.0,6.0,0.0,0.0,0.0,6.0,0.0,0.0,0.9392,0.0848,0.0,0.0,0.0,0.0,0.0,0.9704,0.0296,0.183,1.0,561,4,Normal,normal
0.0,239.97,130.926,1.0,6.0,0.0,0.0,0.0,6.0,0.0,0.0,0.9392,0.0848,0.0,0.0,0.0,0.0,0.0,0.9652,0.0348,0.216,1.0,561,5,Normal,normal
0.0,261.447,118.991,1.0,6.0,0.0,0.0,0.0,6.0,0.0,0.0,1.3711,0.1239,0.0,0.0,0.0,0.0,0.0,0.979,0.021,-1.122,1.0,562,1,Normal,normal
0.0,259.993,119.044,1.0,6.0,0.0,0.0,0.0,6.0,0.0,0.0,1.3711,0.1239,0.0,0.0,0.0,0.0,0.0,0.9695,0.0305,0.479,1.0,562,2,Normal,normal
0.0,259.163,119.081,1.0,6.0,0.0,0.0,0.0,6.0,0.0,0.0,1.3711,0.1239,0.0,0.0,0.0,0.0,0.0,0.9724,0.0276,0.479,1.0,562,3,Normal,normal
0.0,258.672,119.11,1.0,6.0,0.0,0.0,0.0,6.0,0.0,0.0,1.3711,0.1239,0.0,0.0,0.0,0.0,0.0,0.9748,0.0252,0.167,1.0,562,4,Normal,normal
0.0,257.942,119.177,1.0,6.0,0.0,0.0,0.0,6.0,0.0,0.0,1.3711,0.1239,0.0,0.0,0.0,0.0,0.0,0.9702,0.0298,0.21,1.0,562,5,Normal,normal
0.0,295.148,123.942,1.0,6.0,0.0,0.0,0.0,6.0,0.0,0.0,0.2558,0.0231,0.0,0.0,0.0,0.0,0.0,0.9765,0.0235,-1.096,1.0,563,1,Normal,normal
0.0,293.582,123.698,1.0,6.0,0.0,0.0,0.0,6.0,0.0,0.0,0.2558,0.0231,0.0,0.0,0.0,0.0,0.0,0.9711,0.0289,0.468,1.0,563,2,Normal,normal
0.0,292.673,123.747,1.0,6.0,0.0,0.0,0.0,6.0,0.0,0.0,0.2558,0.0231,0.0,0.0,0.0,0.0,0.0,0.9714,0.0286,0.467,1.0,563,3,Normal,normal
0.0,292.018,123.645,1.0,6.0,0.0,0.0,0.0,6.0,0.0,0.0,0.2558,0.0231,0.0,0.0,0.0,0.0,0.0,0.9736,0.0264,0.172,1.0,563,4,Normal,normal
0.0,291.285,123.768,1.0,6.0,0.0,0.0,0.0,6.0,0.0,0.0,0.2558,0.0231,0.0,0.0,0.0,0.0,0.0,0.9687,0.0313,0.211,1.0,563,5,Normal,normal
0.0,272.553,124.487,1.0,6.0,0.0,0.0,0.0,6.0,0.0,0.0,1.4008,0.1265,0.0,0.0,0.0,0.0,0.0,0.9779,0.0221,-1.059,1.0,564,1,Normal,normal
0.0,270.99,124.236,1.0,6.0,0.0,0.0,0.0,6.0,0.0,0.0,1.4008,0.1265,0.0,0.0,0.0,0.0,0.0,0.975,0.025,0.447,1.0,564,2,Normal,normal
0.0,270.095,124.279,1.0,6.0,0.0,0.0,0.0,6.0,0.0,0.0,1.4008,0.1265,0.0,0.0,0.0,0.0,0.0,0.9729,0.0271,0.438,1.0,564,3,Normal,normal
0.0,269.422,124.185,1.0,6.0,0.0,0.0,0.0,6.0,0.0,0.0,1.4008,0.1265,0.0,0.0,0.0,0.0,0.0,0.9751,0.0249,0.159,1.0,564,4,Normal,normal
0.0,268.668,124.285,1.0,6.0,0.0,0.0,0.0,6.0,0.0,0.0,1.4008,0.1265,0.0,0.0,0.0,0.0,0.0,0.9687,0.0313,0.199,1.0,564,5,Normal,normal
0.0,439.133,186.687,1.0,6.0,0.0,0.0,0.0,6.0,0.0,0.0,3.2879,0.297,0.0,0.0,0.0,0.0,0.0,0.9754,0.0246,-1.016,1.0,565,1,Normal,normal
0.0,437.595,186.627,1.0,6.0,0.0,0.0,0.0,6.0,0.0,0.0,3.2879,0.297,0.0,0.0,0.0,0.0,0.0,0.9731,0.0269,0.428,1.0,565,2,Normal,normal
0.0,436.778,186.603,1.0,6.0,0.0,0.0,0.0,6.0,0.0,0.0,3.2879,0.297,0.0,0.0,0.0,0.0,0.0,0.9702,0.0298,0.43,1.0,565,3,Normal,normal
0.0,436.08,186.625,1.0,6.0,0.0,0.0,0.0,6.0,0.0,0.0,3.2879,0.297,0.0,0.0,0.0,0.0,0.0,0.9742,0.0258,0.16,1.0,565,4,Normal,normal
0.0,435.327,186.576,1.0,6.0,0.0,0.0,0.0,6.0,0.0,0.0,3.2879,0.297,0.0,0.0,0.0,0.0,0.0,0.9745,0.0255,0.195,1.0,565,5,Normal,normal
0.0,456.562,177.568,1.0,6.0,0.0,0.0,0.0,6.0,0.0,0.0,4.3255,0.3907,0.0,0.0,0.0,0.0,0.0,0.9781,0.0219,-1.0,1.0,566,1,Normal,normal
0.0,455.075,177.653,1.0,6.0,0.0,0.0,0.0,6.0,0.0,0.0,4.3255,0.3907,0.0,0.0,0.0,0.0,0.0,0.9708,0.0292,0.427,1.0,566,2,Normal,normal
0.0,454.203,177.724,1.0,6.0,0.0,0.0,0.0,6.0,0.0,0.0,4.3255,0.3907,0.0,0.0,0.0,0.0,0.0,0.9766,0.0234,0.424,1.0,566,3,Normal,normal
0.0,453.312,177.89,1.0,6.0,0.0,0.0,0.0,6.0,0.0,0.0,4.3255,0.3907,0.0,0.0,0.0,0.0,0.0,0.9793,0.0207,0.161,1.0,566,4,Normal,normal
0.0,452.372,177.816,1.0,6.0,0.0,0.0,0.0,6.0,0.0,0.0,4.3255,0.3907,0.0,0.0,0.0,0.0,0.0,0.9681,0.0319,0.177,1.0,566,5,Normal,normal
0.0,415.38,217.588,1.0,6.0,0.0,0.0,0.0,6.0,0.0,0.0,6.622,0.5982,0.0,0.0,0.0,0.0,0.0,0.9868,0.0132,-0.563,1.0,567,1,Natural Fault,line_trip
0.0,413.932,217.614,1.0,6.0,0.0,0.0,0.0,6.0,0.0,0.0,6.622,0.5982,0.0,0.0,0.0,0.0,0.0,0.9903,0.0097,0.414,1.0,567,2,Natural Fault,line_trip
0.0,413.077,217.661,1.0,6.0,0.0,0.0,0.0,6.0,0.0,0.0,6.622,0.5982,0.0,0.0,0.0,0.0,0.0,0.0,1.0,0.002,3.0,567,3,Natural Fault,line_trip
0.0,412.29,217.742,1.0,6.0,0.0,0.0,0.0,6.0,0.0,0.0,6.622,0.5982,0.0,0.0,0.0,0.0,0.0,0.9867,0.0133,0.155,1.0,567,4,Natural Fault,line_trip
0.0,411.365,217.658,1.0,6.0,0.0,0.0,0.0,6.0,0.0,0.0,6.622,0.5982,0.0,0.0,0.0,0.0,0.0,0.9811,0.0189,0.182,1.0,567,5,Natural Fault,line_trip
0.0,326.592,205.133,1.0,6.0,0.0,0.0,0.0,6.0,0.0,0.0,1.7887,0.1616,0.0,0.0,0.0,0.0,0.0,0.9895,0.0105,-0.547,1.0,568,1,Natural Fault,line_trip
0.0,325.123,205.141,1.0,6.0,0.0,0.0,0.0,6.0,0.0,0.0,1.7887,0.1616,0.0,0.0,0.0,0.0,0.0,0.9846,0.0154,0.402,1.0,568,2,Natural Fault,line_trip
0.0,324.257,205.087,1.0,6.0,0.0,0.0,0.0,6.0,0.0,0.0,1.7887,0.1616,0.0,0.0,0.0,0.0,0.0,0.0,1.0,0.001,3.0,568,3,Natural Fault,line_trip
0.0,323.505,205.047,1.0,6.0,0.0,0.0,0.0,6.0,0.0,0.0,1.7887,0.1616,0.0,0.0,0.0,0.0,0.0,0.9867,0.0133,0.15,1.0,568,4,Natural Fault,line_trip
0.0,322.598,204.761,1.0,6.0,0.0,0.0,0.0,6.0,0.0,0.0,1.7887,0.1616,0.0,0.0,0.0,0.0,0.0,0.9835,0.0165,0.177,1.0,568,5,Natural Fault,line_trip
0.0,273.98,131.892,1.0,6.0,0.0,0.0,0.0,6.0,0.0,0.0,3.5827,0.3236,0.0,0.0,0.0,0.0,0.0,0.9869,0.0131,-0.543,1.0,569,1,Natural Fault,line_trip
0.0,272.357,131.678,1.0,6.0,0.0,0.0,0.0,6.0,0.0,0.0,3.5827,0.3236,0.0,0.0,0.0,0.0,0.0,0.9823,0.0177,0.395,1.0,569,2,Natural Fault,line_trip
0.0,271.5,131.629,1.0,6.0,0.0,0.0,0.0,6.0,0.0,0.0,3.5827,0.3236,0.0,0.0,0.0,0.0,0.0,0.0,1.0,-0.005,3.0,569,3,Natural Fault,line_trip
0.0,270.827,131.653,1.0,6.0,0.0,0.0,0.0,6.0,0.0,0.0,3.5827,0.3236,0.0,0.0,0.0,0.0,0.0,0.9835,0.0165,0.143,1.0,569,4,Natural Fault,line_trip
0.0,270.202,131.722,1.0,6.0,0.0,0.0,0.0,6.0,0.0,0.0,3.5827,0.3236,0.0,0.0,0.0,0.0,0.0,0.9836,0.0164,0.174,1.0,569,5,Natural Fault,line_trip
0.0,253.077,141.724,1.0,6.0,0.0,0.0,0.0,6.0,0.0,0.0,3.5235,0.3183,0.0,0.0,0.0,0.0,0.0,0.9862,0.0138,-0.54,1.0,570,1,Natural Fault,line_trip
0.0,251.345,141.588,1.0,6.0,0.0,0.0,0.0,6.0,0.0,0.0,3.5235,0.3183,0.0,0.0,0.0,0.0,0.0,0.9862,0.0138,0.398,1.0,570,2,Natural Fault,line_trip
0.0,250.52,141.562,1.0,6.0,0.0,0.0,0.0,6.0,0.0,0.0,3.5235,0.3183,0.0,0.0,0.0,0.0,0.0,0.0,1.0,-0.001,3.0,570,3,Natural Fault,line_trip
0.0,249.828,141.651,1.0,6.0,0.0,0.0,0.0,6.0,0.0,0.0,3.5235,0.3183,0.0,0.0,0.0,0.0,0.0,0.9847,0.0153,0.139,1.0,570,4,Natural Fault,line_trip
0.0,249.137,141.782,1.0,6.0,0.0,0.0,0.0,6.0,0.0,0.0,3.5235,0.3183,0.0,0.0,0.0,0.0,0.0,0.9793,0.0207,0.181,1.0,570,5,Natural Fault,line_trip
0.0,255.022,139.98,1.0,6.0,0.0,0.0,0.0,6.0,0.0,0.0,2.3029,0.208,0.0,0.0,0.0,0.0,0.0,0.9871,0.0129,-0.533,1.0,571,1,Natural Fault,line_trip
0.0,253.327,139.817,1.0,6.0,0.0,0.0,0.0,6.0,0.0,0.0,2.3029,0.208,0.0,0.0,0.0,0.0,0.0,0.9846,0.0154,0.393,1.0,571,2,Natural Fault,line_trip
0.0,252.482,139.808,1.0,6.0,0.0,0.0,0.0,6.0,0.0,0.0,2.3029,0.208,0.0,0.0,0.0,0.0,0.0,0.0,1.0,0.0,3.0,571,3,Natural Fault,line_trip
0.0,251.79,139.896,1.0,6.0,0.0,0.0,0.0,6.0,0.0,0.0,2.3029,0.208,0.0,0.0,0.0,0.0,0.0,0.9846,0.0154,0.143,1.0,571,4,Natural Fault,line_trip
0.0,251.167,139.968,1.0,6.0,0.0,0.0,0.0,6.0,0.0,0.0,2.3029,0.208,0.0,0.0,0.0,0.0,0.0,0.9814,0.0186,0.17,1.0,571,5,Natural Fault,line_trip
0.0,293.07,131.935,1.0,6.0,0.0,0.0,0.0,6.0,0.0,0.0,4.2123,0.3805,0.0,0.0,0.0,0.0,0.0,0.9902,0.0098,-0.533,1.0,572,1,Natural Fault,line_trip
0.0,291.522,131.963,1.0,6.0,0.0,0.0,0.0,6.0,0.0,0.0,4.2123,0.3805,0.0,0.0,0.0,0.0,0.0,0.9886,0.0114,0.392,1.0,572,2,Natural Fault,line_trip
0.0,290.7,132.076,1.0,6.0,0.0,0.0,0.0,6.0,0.0,0.0,4.2123,0.3805,0.0,0.0,0.0,0.0,0.0,0.0,1.0,-0.003,3.0,572,3,Natural Fault,line_trip
0.0,289.998,132.28,1.0,6.0,0.0,0.0,0.0,6.0,0.0,0.0,4.2123,0.3805,0.0,0.0,0.0,0.0,0.0,0.985,0.015,0.142,1.0,572,4,Natural Fault,line_trip
0.0,289.355,132.421,1.0,6.0,0.0,0.0,0.0,6.0,0.0,0.0,4.2123,0.3805,0.0,0.0,0.0,0.0,0.0,0.9843,0.0157,0.17,1.0,572,5,Natural Fault,line_trip
0.0,229.528,129.144,1.0,6.0,0.0,0.0,0.0,6.0,0.0,0.0,2.8164,0.2544,0.0,0.0,0.0,0.0,0.0,0.987,0.013,-0.545,1.0,573,1,Natural Fault,line_trip
0.0,228.242,129.058,1.0,6.0,0.0,0.0,0.0,6.0,0.0,0.0,2.8164,0.2544,0.0,0.0,0.0,0.0,0.0,0.987,0.013,0.394,1.0,573,2,Natural Fault,line_trip
0.0,227.49,129.084,1.0,6.0,0.0,0.0,0.0,6.0,0.0,0.0,2.8164,0.2544,0.0,0.0,0.0,0.0,0.0,0.0,1.0,-0.002,3.0,573,3,Natural Fault,line_trip
0.0,226.83,129.248,1.0,6.0,0.0,0.0,0.0,6.0,0.0,0.0,2.8164,0.2544,0.0,0.0,0.0,0.0,0.0,0.9859,0.0141,0.137,1.0,573,4,Natural Fault,line_trip
0.0,226.287,129.302,1.0,6.0,0.0,0.0,0.0,6.0,0.0,0.0,2.8164,0.2544,0.0,0.0,0.0,0.0,0.0,0.9826,0.0174,0.173,1.0,573,5,Natural Fault,line_trip
0.0,235.557,124.842,1.0,6.0,0.0,0.0,0.0,6.0,0.0,0.0,2.392,0.2161,0.0,0.0,0.0,0.0,0.0,0.9785,0.0215,-0.953,1.0,574,1,Normal,normal
0.0,234.407,124.637,1.0,6.0,0.0,0.0,0.0,6.0,0.0,0.0,2.392,0.2161,0.0,0.0,0.0,0.0,0.0,0.9757,0.0243,0.405,1.0,574,2,Normal,normal
0.0,233.738,124.604,1.0,6.0,0.0,0.0,0.0,6.0,0.0,0.0,2.392,0.2161,0.0,0.0,0.0,0.0,0.0,0.9745,0.0255,0.399,1.0,574,3,Normal,normal
0.0,233.162,124.711,1.0,6.0,0.0,0.0,0.0,6.0,0.0,0.0,2.392,0.2161,0.0,0.0,0.0,0.0,0.0,0.9766,0.0234,0.148,1.0,574,4,Normal,normal
0.0,232.685,124.704,1.0,6.0,0.0,0.0,0.0,6.0,0.0,0.0,2.392,0.2161,0.0,0.0,0.0,0.0,0.0,0.9778,0.0222,0.176,1.0,574,5,Normal,normal
0.0,269.585,118.269,1.0,6.0,0.0,0.0,0.0,6.0,0.0,0.0,1.7562,0.1586,0.0,0.0,0.0,0.0,0.0,0.9761,0.0239,-0.955,1.0,575,1,Normal,normal
0.0,268.628,118.306,1.0,6.0,0.0,0.0,0.0,6.0,0.0,0.0,1.7562,0.1586,0.0,0.0,0.0,0.0,0.0,0.9762,0.0238,0.409,1.0,575,2,Normal,normal
0.0,267.947,118.139,1.0,6.0,0.0,0.0,0.0,6.0,0.0,0.0,1.7562,0.1586,0.0,0.0,0.0,0.0,0.0,0.9739,0.0261,0.406,1.0,575,3,Normal,normal
0.0,267.365,118.11,1.0,6.0,0.0,0.0,0.0,6.0,0.0,0.0,1.7562,0.1586,0.0,0.0,0.0,0.0,0.0,0.9779,0.0221,0.142,1.0,575,4,Normal,normal
0.0,266.84,118.038,1.0,6.0,0.0,0.0,0.0,6.0,0.0,0.0,1.7562,0.1586,0.0,0.0,0.0,0.0,0.0,0.9741,0.0259,0.177,1.0,575,5,Normal,normal
0.0,228.972,118.349,1.0,6.0,0.0,0.0,0.0,6.0,0.0,0.0,0.9935,0.0897,0.0,0.0,0.0,0.0,0.0,0.9801,0.0199,-0.964,1.0,576,1,Normal,normal
0.0,227.885,118.504,1.0,6.0,0.0,0.0,0.0,6.0,0.0,0.0,0.9935,0.0897,0.0,0.0,0.0,0.0,0.0,0.9766,0.0234,0.41,1.0,576,2,Normal,normal
0.0,227.238,118.443,1.0,6.0,0.0,0.0,0.0,6.0,0.0,0.0,0.9935,0.0897,0.0,0.0,0.0,0.0,0.0,0.9789,0.0211,0.406,1.0,576,3,Normal,normal
0.0,226.7,118.408,1.0,6.0,0.0,0.0,0.0,6.0,0.0,0.0,0.9935,0.0897,0.0,0.0,0.0,0.0,0.0,0.9776,0.0224,0.15,1.0,576,4,Normal,normal
0.0,226.265,118.322,1.0,6.0,0.0,0.0,0.0,6.0,0.0,0.0,0.9935,0.0897,0.0,0.0,0.0,0.0,0.0,0.9772,0.0228,0.175,1.0,576,5,Normal,normal
0.0,233.182,114.569,1.0,6.0,0.0,0.0,0.0,6.0,0.0,0.0,0.9807,0.0886,0.0,0.0,0.0,0.0,0.0,0.9779,0.0221,-0.989,1.0,577,1,Normal,normal
0.0,231.912,114.884,1.0,6.0,0.0,0.0,0.0,6.0,0.0,0.0,0.9807,0.0886,0.0,0.0,0.0,0.0,0.0,0.9769,0.0231,0.417,1.0,577,2,Normal,normal
0.0,231.282,114.807,1.0,6.0,0.0,0.0,0.0,6.0,0.0,0.0,0.9807,0.0886,0.0,0.0,0.0,0.0,0.0,0.9775,0.0225,0.411,1.0,577,3,Normal,normal
0.0,230.755,114.754,1.0,6.0,0.0,0.0,0.0,6.0,0.0,0.0,0.9807,0.0886,0.0,0.0,0.0,0.0,0.0,0.9767,0.0233,0.148,1.0,577,4,Normal,normal
0.0,230.263,114.715,1.0,6.0,0.0,0.0,0.0,6.0,0.0,0.0,0.9807,0.0886,0.0,0.0,0.0,0.0,0.0,0.9723,0.0277,0.177,1.0,577,5,Normal,normal
0.0,266.648,121.583,1.0,6.0,0.0,0.0,0.0,6.0,0.0,0.0,2.7562,0.249,0.0,0.0,0.0,0.0,0.0,0.9755,0.0245,-0.987,1.0,578,1,Normal,normal
0.0,265.273,121.856,1.0,6.0,0.0,0.0,0.0,6.0,0.0,0.0,2.7562,0.249,0.0,0.0,0.0,0.0,0.0,0.9734,0.0266,0.414,1.0,578,2,Normal,normal
0.0,264.515,121.646,1.0,6.0,0.0,0.0,0.0,6.0,0.0,0.0,2.7562,0.249,0.0,0.0,0.0,0.0,0.0,0.9735,0.0265,0.421,1.0,578,3,Normal,normal
0.0,264.003,121.615,1.0,6.0,0.0,0.0,0.0,6.0,0.0,0.0,2.7562,0.249,0.0,0.0,0.0,0.0,0.0,0.9797,0.0203,0.155,1.0,578,4,Normal,normal
0.0,263.545,121.57,1.0,6.0,0.0,0.0,0.0,6.0,0.0,0.0,2.7562,0.249,0.0,0.0,0.0,0.0,0.0,0.9739,0.0261,0.182,1.0,578,5,Normal,normal
0.0,230.472,124.047,1.0,6.0,0.0,0.0,0.0,6.0,0.0,0.0,1.5331,0.1385,0.0,0.0,0.0,0.0,0.0,0.9754,0.0246,-0.998,1.0,579,1,Normal,normal
0.0,229.09,124.149,1.0,6.0,0.0,0.0,0.0,6.0,0.0,0.0,1.5331,0.1385,0.0,0.0,0.0,0.0,0.0,0.9751,0.0249,0.425,1.0,579,2,Normal,normal
0.0,228.372,123.865,1.0,6.0,0.0,0.0,0.0,6.0,0.0,0.0,1.5331,0.1385,0.0,0.0,0.0,0.0,0.0,0.9768,0.0232,0.423,1.0,579,3,Normal,normal
0.0,227.803,123.822,1.0,6.0,0.0,0.0,0.0,6.0,0.0,0.0,1.5331,0.1385,0.0,0.0,0.0,0.0,0.0,0.9756,0.0244,0.145,1.0,579,4,Normal,normal
0.0,227.298,123.792,1.0,6.0,0.0,0.0,0.0,6.0,0.0,0.0,1.5331,0.1385,0.0,0.0,0.0,0.0,0.0,0.9735,0.0265,0.187,1.0,579,5,Normal,normal
0.0,235.69,120.11,1.0,6.0,0.0,0.0,0.0,6.0,0.0,0.0,0.8965,0.081,0.0,0.0,0.0,0.0,0.0,0.9786,0.0214,-1.005,1.0,580,1,Normal,normal
0.0,234.363,120.177,1.0,6.0,0.0,0.0,0.0,6.0,0.0,0.0,0.8965,0.081,0.0,0.0,0.0,0.0,0.0,0.9726,0.0274,0.43,1.0,580,2,Normal,normal
0.0,233.615,119.9,1.0,6.0,0.0,0.0,0.0,6.0,0.0,0.0,0.8965,0.081,0.0,0.0,0.0,0.0,0.0,0.9753,0.0247,0.424,1.0,580,3,Normal,normal
0.0,232.972,119.909,1.0,6.0,0.0,0.0,0.0,6.0,0.0,0.0,0.8965,0.081,0.0,0.0,0.0,0.0,0.0,0.9776,0.0224,0.148,1.0,580,4,Normal,normal
0.0,232.422,119.915,1.0,6.0,0.0,0.0,0.0,6.0,0.0,0.0,0.8965,0.081,0.0,0.0,0.0,0.0,0.0,0.9749,0.0251,0.19,1.0,580,5,Normal,normal
0.0,302.417,154.099,1.0,6.0,0.0,0.0,0.0,6.0,0.0,0.0,2.6058,0.2354,0.0,0.0,0.0,0.0,0.0,0.9754,0.0246,-1.01,1.0,581,1,Normal,normal
0.0,301.13,153.952,1.0,6.0,0.0,0.0,0.0,6.0,0.0,0.0,2.6058,0.2354,0.0,0.0,0.0,0.0,0.0,0.9701,0.0299,0.435,1.0,581,2,Normal,normal
0.0,300.442,153.842,1.0,6.0,0.0,0.0,0.0,6.0,0.0,0.0,2.6058,0.2354,0.0,0.0,0.0,0.0,0.0,0.9737,0.0263,0.427,1.0,581,3,Normal,normal
0.0,299.805,153.852,1.0,6.0,0.0,0.0,0.0,6.0,0.0,0.0,2.6058,0.2354,0.0,0.0,0.0,0.0,0.0,0.9768,0.0232,0.155,1.0,581,4,Normal,normal
0.0,299.225,153.781,1.0,6.0,0.0,0.0,0.0,6.0,0.0,0.0,2.6058,0.2354,0.0,0.0,0.0,0.0,0.0,0.9743,0.0257,0.183,1.0,581,5,Normal,normal
0.0,274.483,163.943,1.0,6.0,0.0,0.0,0.0,6.0,0.0,0.0,0.962,0.0869,0.0,0.0,0.0,0.0,0.0,0.9768,0.0232,-1.023,1.0,582,1,Normal,normal
0.0,273.17,163.824,1.0,6.0,0.0,0.0,0.0,6.0,0.0,0.0,0.962,0.0869,0.0,0.0,0.0,0.0,0.0,0.9731,0.0269,0.43,1.0,582,2,Normal,normal
0.0,272.362,163.718,1.0,6.0,0.0,0.0,0.0,6.0,0.0,0.0,0.962,0.0869,0.0,0.0,0.0,0.0,0.0,0.9738,0.0262,0.435,1.0,582,3,Normal,normal
0.0,271.707,163.677,1.0,6.0,0.0,0.0,0.0,6.0,0.0,0.0,0.962,0.0869,0.0,0.0,0.0,0.0,0.0,0.9771,0.0229,0.158,1.0,582,4,Normal,normal
0.0,271.038,163.6,1.0,6.0,0.0,0.0,0.0,6.0,0.0,0.0,0.962,0.0869,0.0,0.0,0.0,0.0,0.0,0.9743,0.0257,0.185,1.0,582,5,Normal,normal
0.0,276.938,161.752,1.0,6.0,0.0,0.0,0.0,6.0,0.0,0.0,1.5996,0.1445,0.0,0.0,0.0,0.0,0.0,0.9762,0.0238,-1.029,1.0,583,1,Normal,normal
0.0,275.527,161.721,1.0,6.0,0.0,0.0,0.0,6.0,0.0,0.0,1.5996,0.1445,0.0,0.0,0.0,0.0,0.0,0.9758,0.0242,0.44,1.0,583,2,Normal,normal
0.0,274.685,161.648,1.0,6.0,0.0,0.0,0.0,6.0,0.0,0.0,1.5996,0.1445,0.0,0.0,0.0,0.0,0.0,0.9747,0.0253,0.429,1.0,583,3,Normal,normal
0.0,274.07,161.573,1.0,6.0,0.0,0.0,0.0,6.0,0.0,0.0,1.5996,0.1445,0.0,0.0,0.0,0.0,0.0,0.9739,0.0261,0.149,1.0,583,4,Normal,normal
0.0,273.45,161.454,1.0,6.0,0.0,0.0,0.0,6.0,0.0,0.0,1.5996,0.1445,0.0,0.0,0.0,0.0,0.0,0.97,0.03,0.196,1.0,583,5,Normal,normal
0.0,303.155,138.469,1.0,6.0,0.0,0.0,0.0,6.0,0.0,0.0,2.5633,0.2315,0.0,0.0,0.0,0.0,0.0,0.9783,0.0217,-1.026,1.0,584,1,Normal,normal
0.0,301.78,138.535,1.0,6.0,0.0,0.0,0.0,6.0,0.0,0.0,2.5633,0.2315,0.0,0.0,0.0,0.0,0.0,0.9765,0.0235,0.436,1.0,584,2,Normal,normal
0.0,300.862,138.357,1.0,6.0,0.0,0.0,0.0,6.0,0.0,0.0,2.5633,0.2315,0.0,0.0,0.0,0.0,0.0,0.9728,0.0272,0.432,1.0,584,3,Normal,normal
0.0,300.277,138.179,1.0,6.0,0.0,0.0,0.0,6.0,0.0,0.0,2.5633,0.2315,0.0,0.0,0.0,0.0,0.0,0.9757,0.0243,0.153,1.0,584,4,Normal,normal
0.0,299.673,138.047,1.0,6.0,0.0,0.0,0.0,6.0,0.0,0.0,2.5633,0.2315,0.0,0.0,0.0,0.0,0.0,0.9687,0.0313,0.196,1.0,584,5,Normal,normal
0.0,260.227,122.859,1.0,6.0,0.0,0.0,0.0,6.0,33.4577,0.0,1343.7982,121.3855,1.0,5.913,0.0,1.0,1.0,0.9804,0.0196,-1.031,1.0,585,1,Normal,normal
0.0,258.717,123.049,1.0,6.0,0.0,0.0,0.0,6.0,33.4577,0.0,1343.7982,121.3855,1.0,6.884,0.0,1.0,1.0,0.9732,0.0268,0.435,1.0,585,2,Normal,normal
0.0,257.778,122.783,1.0,6.0,0.0,0.0,0.0,6.0,33.4577,0.0,1343.7982,121.3855,1.0,6.9895,0.0,1.0,1.0,0.9741,0.0259,0.435,1.0,585,3,Normal,normal
0.0,257.282,122.677,1.0,6.0,0.0,0.0,0.0,6.0,33.4577,1.0,1343.7982,121.3855,1.0,33.4577,0.0,1.0,1.0,1.0966,0.0966,0.155,1.0,585,4,Cyber Intrusion,data_injection
0.0,256.762,122.64,1.0,6.0,0.0,0.0,0.0,6.0,33.4577,0.0,1343.7982,121.3855,1.0,6.8697,0.0,1.0,1.0,0.9717,0.0283,0.19,1.0,585,5,Normal,normal
0.0,371.692,150.628,1.0,6.0,0.0,0.0,0.0,6.0,33.8666,0.0,1377.219,124.4044,1.0,7.2042,0.0,1.0,1.0,0.9753,0.0247,-1.04,1.0,586,1,Normal,normal
0.0,370.365,150.999,1.0,6.0,0.0,0.0,0.0,6.0,33.8666,0.0,1377.219,124.4044,1.0,7.2264,0.0,1.0,1.0,0.9709,0.0291,0.433,1.0,586,2,Normal,normal
0.0,369.437,150.912,1.0,6.0,0.0,0.0,0.0,6.0,33.8666,0.0,1377.219,124.4044,1.0,6.0352,0.0,1.0,1.0,0.9757,0.0243,0.435,1.0,586,3,Normal,normal
0.0,368.875,150.807,1.0,6.0,0.0,0.0,0.0,6.0,33.8666,1.0,1377.219,124.4044,1.0,33.8666,0.0,1.0,1.0,1.0966,0.0966,0.157,1.0,586,4,Cyber Intrusion,data_injection
0.0,368.42,150.792,1.0,6.0,0.0,0.0,0.0,6.0,33.8666,0.0,1377.219,124.4044,1.0,6.9733,0.0,1.0,1.0,0.9701,0.0299,0.201,1.0,586,5,Normal,normal
0.0,415.873,111.946,1.0,6.0,0.0,0.0,0.0,6.0,34.1253,0.0,1398.6486,126.3401,1.0,6.9461,0.0,1.0,1.0,0.9753,0.0247,-1.045,1.0,587,1,Normal,normal
0.0,414.492,112.394,1.0,6.0,0.0,0.0,0.0,6.0,34.1253,0.0,1398.6486,126.3401,1.0,7.5512,0.0,1.0,1.0,0.9691,0.0309,0.439,1.0,587,2,Normal,normal
0.0,413.585,112.472,1.0,6.0,0.0,0.0,0.0,6.0,34.1253,0.0,1398.6486,126.3401,1.0,6.2542,0.0,1.0,1.0,0.9742,0.0258,0.442,1.0,587,3,Normal,normal
0.0,412.808,112.469,1.0,6.0,0.0,0.0,0.0,6.0,34.1253,1.0,1398.6486,126.3401,1.0,34.1253,0.0,1.0,1.0,1.0966,0.0966,0.156,1.0,587,4,Cyber Intrusion,data_injection
0.0,412.255,112.529,1.0,6.0,0.0,0.0,0.0,6.0,34.1253,0.0,1398.6486,126.3401,1.0,7.1938,0.0,1.0,1.0,0.9686,0.0314,0.199,1.0,587,5,Normal,normal
0.0,371.753,151.455,1.0,6.0,0.0,0.0,0.0,6.0,33.8607,0.0,1376.7133,124.3587,1.0,6.0729,0.0,1.0,1.0,0.9787,0.0213,-1.049,1.0,588,1,Normal,normal
0.0,370.443,151.593,1.0,6.0,0.0,0.0,0.0,6.0,33.8607,0.0,1376.7133,124.3587,1.0,7.5351,0.0,1.0,1.0,0.9699,0.0301,0.448,1.0,588,2,Normal,normal
0.0,369.558,151.592,1.0,6.0,0.0,0.0,0.0,6.0,33.8607,0.0,1376.7133,124.3587,1.0,6.8486,0.0,1.0,1.0,0.9732,0.0268,0.452,1.0,588,3,Normal,normal
0.0,368.86,151.491,1.0,6.0,0.0,0.0,0.0,6.0,33.8607,1.0,1376.7133,124.3587,1.0,33.8607,0.0,1.0,1.0,1.0966,0.0966,0.16,1.0,588,4,Cyber Intrusion,data_injection
0.0,368.273,151.608,1.0,6.0,0.0,0.0,0.0,6.0,33.8607,0.0,1376.7133,124.3587,1.0,6.8817,0.0,1.0,1.0,0.9703,0.0297,0.199,1.0,588,5,Normal,normal
0.0,306.08,145.129,1.0,6.0,0.0,0.0,0.0,6.0,33.5768,0.0,1353.0472,122.221,1.0,6.1444,0.0,1.0,1.0,0.9795,0.0205,-1.067,1.0,589,1,Normal,normal
0.0,304.85,145.137,1.0,6.0,0.0,0.0,0.0,6.0,33.5768,0.0,1353.0472,122.221,1.0,6.9045,0.0,1.0,1.0,0.9728,0.0272,0.45,1.0,589,2,Normal,normal
0.0,303.958,144.982,1.0,6.0,0.0,0.0,0.0,6.0,33.5768,0.0,1353.0472,122.221,1.0,6.7882,0.0,1.0,1.0,0.9744,0.0256,0.454,1.0,589,3,Normal,normal
0.0,303.303,144.77,1.0,6.0,0.0,0.0,0.0,6.0,33.5768,1.0,1353.0472,122.221,1.0,33.5768,0.0,1.0,1.0,1.0966,0.0966,0.171,1.0,589,4,Cyber Intrusion,data_injection
0.0,302.767,144.743,1.0,6.0,0.0,0.0,0.0,6.0,33.5768,0.0,1353.0472,122.221,1.0,6.775,0.0,1.0,1.0,0.9716,0.0284,0.202,1.0,589,5,Normal,normal
0.0,283.8,123.429,1.0,6.0,0.0,0.0,0.0,6.0,33.9267,0.0,1381.3109,124.774,1.0,6.324,0.0,1.0,1.0,0.9778,0.0222,-1.068,1.0,590,1,Normal,normal
0.0,282.52,123.371,1.0,6.0,0.0,0.0,0.0,6.0,33.9267,0.0,1381.3109,124.774,1.0,7.0995,0.0,1.0,1.0,0.971,0.029,0.455,1.0,590,2,Normal,normal
0.0,281.783,123.377,1.0,6.0,0.0,0.0,0.0,6.0,33.9267,0.0,1381.3109,124.774,1.0,6.861,0.0,1.0,1.0,0.973,0.027,0.449,1.0,590,3,Normal,normal
0.0,281.178,123.202,1.0,6.0,0.0,0.0,0.0,6.0,33.9267,1.0,1381.3109,124.774,1.0,33.9267,0.0,1.0,1.0,1.0966,0.0966,0.159,1.0,590,4,Cyber Intrusion,data_injection
0.0,280.518,123.091,1.0,6.0,0.0,0.0,0.0,6.0,33.9267,0.0,1381.3109,124.774,1.0,6.9973,0.0,1.0,1.0,0.9697,0.0303,0.201,1.0,590,5,Normal,normal
0.0,240.415,129.601,1.0,6.0,0.0,0.0,0.0,6.0,0.0,0.0,3.8835,0.3508,0.0,0.0,0.0,0.0,0.0,0.9776,0.0224,-1.087,1.0,591,1,Normal,normal
0.0,239.258,129.616,1.0,6.0,0.0,0.0,0.0,6.0,0.0,0.0,3.8835,0.3508,0.0,0.0,0.0,0.0,0.0,0.9681,0.0319,0.463,1.0,591,2,Normal,normal
0.0,238.512,129.875,1.0,6.0,0.0,0.0,0.0,6.0,0.0,0.0,3.8835,0.3508,0.0,0.0,0.0,0.0,0.0,0.9694,0.0306,0.457,1.0,591,3,Normal,normal
0.0,237.96,129.884,1.0,6.0,0.0,0.0,0.0,6.0,0.0,0.0,3.8835,0.3508,0.0,0.0,0.0,0.0,0.0,0.9764,0.0236,0.166,1.0,591,4,Cyber Intrusion,data_injection
0.0,237.2,129.839,1.0,6.0,0.0,0.0,0.0,6.0,0.0,0.0,3.8835,0.3508,0.0,0.0,0.0,0.0,0.0,0.9718,0.0282,0.197,1.0,591,5,Normal,normal
0.0,247.805,124.143,1.0,6.0,0.0,0.0,0.0,6.0,0.0,0.0,2.2044,0.1991,0.0,0.0,0.0,0.0,0.0,0.9782,0.0218,-1.116,1.0,592,1,Normal,normal
0.0,246.547,124.195,1.0,6.0,0.0,0.0,0.0,6.0,0.0,0.0,2.2044,0.1991,0.0,0.0,0.0,0.0,0.0,0.9699,0.0301,0.47,1.0,592,2,Normal,normal
0.0,245.732,124.502,1.0,6.0,0.0,0.0,0.0,6.0,0.0,0.0,2.2044,0.1991,0.0,0.0,0.0,0.0,0.0,0.9705,0.0295,0.465,1.0,592,3,Normal,normal
0.0,245.117,124.56,1.0,6.0,0.0,0.0,0.0,6.0,0.0,0.0,2.2044,0.1991,0.0,0.0,0.0,0.0,0.0,0.9703,0.0297,0.171,1.0,592,4,Cyber Intrusion,data_injection
0.0,244.365,124.496,1.0,6.0,0.0,0.0,0.0,6.0,0.0,0.0,2.2044,0.1991,0.0,0.0,0.0,0.0,0.0,0.9678,0.0322,0.208,1.0,592,5,Normal,normal
0.0,317.405,164.278,1.0,6.0,0.0,0.0,0.0,6.0,0.0,0.0,0.574,0.0518,0.0,0.0,0.0,0.0,0.0,0.9753,0.0247,-1.127,1.0,593,1,Normal,normal
0.0,315.725,164.02,1.0,6.0,0.0,0.0,0.0,6.0,0.0,0.0,0.574,0.0518,0.0,0.0,0.0,0.0,0.0,0.9699,0.0301,0.466,1.0,593,2,Normal,normal
0.0,314.69,164.088,1.0,6.0,0.0,0.0,0.0,6.0,0.0,0.0,0.574,0.0518,0.0,0.0,0.0,0.0,0.0,0.9708,0.0292,0.475,1.0,593,3,Normal,normal
0.0,313.857,163.987,1.0,6.0,0.0,0.0,0.0,6.0,0.0,0.0,0.574,0.0518,0.0,0.0,0.0,0.0,0.0,0.975,0.025,0.17,1.0,593,4,Cyber Intrusion,data_injection
0.0,312.707,163.615,1.0,6.0,0.0,0.0,0.0,6.0,0.0,0.0,0.574,0.0518,0.0,0.0,0.0,0.0,0.0,0.9686,0.0314,0.205,1.0,593,5,Normal,normal
0.0,281.47,176.508,1.0,6.0,0.0,0.0,0.0,6.0,0.0,0.0,2.7392,0.2474,0.0,0.0,0.0,0.0,0.0,0.9722,0.0278,-1.164,1.0,594,1,Normal,normal
0.0,279.743,176.188,1.0,6.0,0.0,0.0,0.0,6.0,0.0,0.0,2.7392,0.2474,0.0,0.0,0.0,0.0,0.0,0.9735,0.0265,0.494,1.0,594,2,Normal,normal
0.0,278.715,176.155,1.0,6.0,0.0,0.0,0.0,6.0,0.0,0.0,2.7392,0.2474,0.0,0.0,0.0,0.0,0.0,0.9706,0.0294,0.489,1.0,594,3,Normal,normal
0.0,277.808,176.128,1.0,6.0,0.0,0.0,0.0,6.0,0.0,0.0,2.7392,0.2474,0.0,0.0,0.0,0.0,0.0,0.9706,0.0294,0.183,1.0,594,4,Cyber Intrusion,data_injection
0.0,276.898,175.668,1.0,6.0,0.0,0.0,0.0,6.0,0.0,0.0,2.7392,0.2474,0.0,0.0,0.0,0.0,0.0,0.9686,0.0314,0.224,1.0,594,5,Normal,normal
0.0,286.378,172.357,1.0,6.0,0.0,0.0,0.0,6.0,0.0,0.0,2.0324,0.1836,0.0,0.0,0.0,0.0,0.0,0.9726,0.0274,-1.205,1.0,595,1,Normal,normal
0.0,284.638,172.057,1.0,6.0,0.0,0.0,0.0,6.0,0.0,0.0,2.0324,0.1836,0.0,0.0,0.0,0.0,0.0,0.9721,0.0279,0.511,1.0,595,2,Normal,normal
0.0,283.765,171.884,1.0,6.0,0.0,0.0,0.0,6.0,0.0,0.0,2.0324,0.1836,0.0,0.0,0.0,0.0,0.0,0.9684,0.0316,0.509,1.0,595,3,Normal,normal
0.0,282.908,171.82,1.0,6.0,0.0,0.0,0.0,6.0,0.0,0.0,2.0324,0.1836,0.0,0.0,0.0,0.0,0.0,0.9729,0.0271,0.179,1.0,595,4,Cyber Intrusion,data_injection
0.0,282.032,171.329,1.0,6.0,0.0,0.0,0.0,6.0,0.0,0.0,2.0324,0.1836,0.0,0.0,0.0,0.0,0.0,0.9661,0.0339,0.229,1.0,595,5,Normal,normal
0.0,301.473,144.791,1.0,6.0,0.0,0.0,0.0,6.0,0.0,0.0,5.0378,0.4551,0.0,0.0,0.0,0.0,0.0,0.9679,0.0321,-1.228,1.0,596,1,Normal,normal
0.0,300.088,144.675,1.0,6.0,0.0,0.0,0.0,6.0,0.0,0.0,5.0378,0.4551,0.0,0.0,0.0,0.0,0.0,0.9716,0.0284,0.52,1.0,596,2,Normal,normal
0.0,299.427,144.6,1.0,6.0,0.0,0.0,0.0,6.0,0.0,0.0,5.0378,0.4551,0.0,0.0,0.0,0.0,0.0,0.9698,0.0302,0.519,1.0,596,3,Normal,normal
0.0,298.647,144.664,1.0,6.0,0.0,0.0,0.0,6.0,0.0,0.0,5.0378,0.4551,0.0,0.0,0.0,0.0,0.0,0.9727,0.0273,0.185,1.0,596,4,Cyber Intrusion,data_injection
0.0,298.107,144.598,1.0,6.0,0.0,0.0,0.0,6.0,0.0,0.0,5.0378,0.4551,0.0,0.0,0.0,0.0,0.0,0.9672,0.0328,0.231,1.0,596,5,Normal,normal
0.0,243.828,136.227,1.0,6.0,0.0,0.0,0.0,6.0,51.4637,0.0,3180.9878,287.3391,1.0,10.4679,0.0,1.0,1.0,0.9735,0.0265,-1.263,1.0,597,1,Normal,normal
0.0,242.647,136.284,1.0,6.0,0.0,0.0,0.0,6.0,51.4637,1.0,3180.9878,287.3391,1.0,51.4637,0.0,1.0,1.0,0.7821,0.2179,0.536,1.0,597,2,Cyber Intrusion,data_injection
0.0,241.893,136.444,1.0,6.0,0.0,0.0,0.0,6.0,51.4637,0.0,3180.9878,287.3391,1.0,10.6737,0.0,1.0,1.0,0.9701,0.0299,0.535,1.0,597,3,Normal,normal
0.0,241.142,136.557,1.0,6.0,0.0,0.0,0.0,6.0,51.4637,0.0,3180.9878,287.3391,1.0,9.9468,0.0,1.0,1.0,0.9694,0.0306,0.189,1.0,597,4,Normal,normal
0.0,240.462,136.565,1.0,6.0,0.0,0.0,0.0,6.0,51.4637,0.0,3180.9878,287.3391,1.0,10.2842,0.0,1.0,1.0,0.9654,0.0346,0.228,1.0,597,5,Normal,normal
0.0,248.118,132.6,1.0,6.0,0.0,0.0,0.0,6.0,51.0003,0.0,3124.9047,282.2731,1.0,10.9206,0.0,1.0,1.0,0.9737,0.0263,-1.309,1.0,598,1,Normal,normal
0.0,246.92,132.675,1.0,6.0,0.0,0.0,0.0,6.0,51.0003,1.0,3124.9047,282.2731,1.0,51.0003,0.0,1.0,1.0,0.7821,0.2179,0.557,1.0,598,2,Cyber Intrusion,data_injection
0.0,246.152,132.857,1.0,6.0,0.0,0.0,0.0,6.0,51.0003,0.0,3124.9047,282.2731,1.0,9.7216,0.0,1.0,1.0,0.9659,0.0341,0.559,1.0,598,3,Normal,normal
0.0,245.517,132.859,1.0,6.0,0.0,0.0,0.0,6.0,51.0003,0.0,3124.9047,282.2731,1.0,10.5136,0.0,1.0,1.0,0.9699,0.0301,0.202,1.0,598,4,Normal,normal
0.0,244.832,132.876,1.0,6.0,0.0,0.0,0.0,6.0,51.0003,0.0,3124.9047,282.2731,1.0,9.7357,0.0,1.0,1.0,0.9622,0.0378,0.254,1.0,598,5,Normal,normal
0.0,273.147,116.605,1.0,6.0,0.0,0.0,0.0,6.0,50.7154,0.0,3089.9454,279.1153,1.0,10.1319,0.0,1.0,1.0,0.9706,0.0294,-1.337,1.0,599,1,Normal,normal
0.0,271.9,116.596,1.0,6.0,0.0,0.0,0.0,6.0,50.7154,1.0,3089.9454,279.1153,1.0,50.7154,0.0,1.0,1.0,0.7821,0.2179,0.567,1.0,599,2,Cyber Intrusion,data_injection
0.0,271.19,116.853,1.0,6.0,0.0,0.0,0.0,6.0,50.7154,0.0,3089.9454,279.1153,1.0,10.7739,0.0,1.0,1.0,0.9683,0.0317,0.567,1.0,599,3,Normal,normal
0.0,270.555,116.919,1.0,6.0,0.0,0.0,0.0,6.0,50.7154,0.0,3089.9454,279.1153,1.0,10.2044,0.0,1.0,1.0,0.9682,0.0318,0.201,1.0,599,4,Normal,normal
0.0,269.9,117.037,1.0,6.0,0.0,0.0,0.0,6.0,50.7154,0.0,3089.9454,279.1153,1.0,9.4608,0.0,1.0,1.0,0.9605,0.0395,0.251,1.0,599,5,Normal,normal
0.0,229.588,124.576,1.0,6.0,0.0,0.0,0.0,6.0,50.0026,0.0,3003.3991,271.2975,1.0,9.618,0.0,1.0,1.0,0.9671,0.0329,-1.39,1.0,600,1,Normal,normal
0.0,228.493,124.51,1.0,6.0,0.0,0.0,0.0,6.0,50.0026,1.0,3003.3991,271.2975,1.0,50.0026,0.0,1.0,1.0,0.7821,0.2179,0.59,1.0,600,2,Cyber Intrusion,data_injection
0.0,227.795,124.72,1.0,6.0,0.0,0.0,0.0,6.0,50.0026,0.0,3003.3991,271.2975,1.0,9.9043,0.0,1.0,1.0,0.9635,0.0365,0.594,1.0,600,3,Normal,normal
0.0,227.198,124.804,1.0,6.0,0.0,0.0,0.0,6.0,50.0026,0.0,3003.3991,271.2975,1.0,10.3059,0.0,1.0,1.0,0.9664,0.0336,0.219,1.0,600,4,Normal,normal
0.0,226.607,124.931,1.0,6.0,0.0,0.0,0.0,6.0,50.0026,0.0,3003.3991,271.2975,1.0,9.7242,0.0,1.0,1.0,0.9591,0.0409,0.256,1.0,600,5,Normal,normal
0.0,232.657,122.126,1.0,6.0,0.0,0.0,0.0,6.0,49.6976,0.0,2968.0036,268.1002,1.0,9.7384,0.0,1.0,1.0,0.9668,0.0332,-1.433,1.0,601,1,Normal,normal
0.0,231.493,122.11,1.0,6.0,0.0,0.0,0.0,6.0,49.6976,1.0,2968.0036,268.1002,1.0,49.6976,0.0,1.0,1.0,0.7821,0.2179,0.607,1.0,601,2,Cyber Intrusion,data_injection
0.0,230.898,122.227,1.0,6.0,0.0,0.0,0.0,6.0,49.6976,0.0,2968.0036,268.1002,1.0,9.0662,0.0,1.0,1.0,0.9602,0.0398,0.609,1.0,601,3,Normal,normal
0.0,230.305,122.31,1.0,6.0,0.0,0.0,0.0,6.0,49.6976,0.0,2968.0036,268.1002,1.0,10.7116,0.0,1.0,1.0,0.9669,0.0331,0.218,1.0,601,4,Normal,normal
0.0,229.765,122.397,1.0,6.0,0.0,0.0,0.0,6.0,49.6976,0.0,2968.0036,268.1002,1.0,9.8874,0.0,1.0,1.0,0.9586,0.0414,0.265,1.0,601,5,Normal,normal
0.0,273.825,129.382,1.0,6.0,0.0,0.0,0.0,6.0,0.0,0.0,3.9586,0.3576,0.0,0.0,0.0,0.0,0.0,0.963,0.037,-1.453,1.0,602,1,Normal,normal
0.0,272.638,129.341,1.0,6.0,0.0,0.0,0.0,6.0,0.0,0.0,3.9586,0.3576,0.0,0.0,0.0,0.0,0.0,0.9596,0.0404,0.617,1.0,602,2,Cyber Intrusion,data_injection
0.0,272.04,129.41,1.0,6.0,0.0,0.0,0.0,6.0,0.0,0.0,3.9586,0.3576,0.0,0.0,0.0,0.0,0.0,0.9612,0.0388,0.614,1.0,602,3,Normal,normal
0.0,271.515,129.499,1.0,6.0,0.0,0.0,0.0,6.0,0.0,0.0,3.9586,0.3576,0.0,0.0,0.0,0.0,0.0,0.9657,0.0343,0.218,1.0,602,4,Normal,normal
0.0,271.01,129.615,1.0,6.0,0.0,0.0,0.0,6.0,0.0,0.0,3.9586,0.3576,0.0,0.0,0.0,0.0,0.0,0.9622,0.0378,0.274,1.0,602,5,Normal,normal
0.0,234.95,135.871,1.0,6.0,0.0,0.0,0.0,6.0,0.0,0.0,0.103,0.0093,0.0,0.0,0.0,0.0,0.0,0.9672,0.0328,-1.49,1.0,603,1,Normal,normal
0.0,233.723,135.826,1.0,6.0,0.0,0.0,0.0,6.0,0.0,0.0,0.103,0.0093,0.0,0.0,0.0,0.0,0.0,0.9596,0.0404,0.634,1.0,603,2,Cyber Intrusion,data_injection
0.0,233.01,135.918,1.0,6.0,0.0,0.0,0.0,6.0,0.0,0.0,0.103,0.0093,0.0,0.0,0.0,0.0,0.0,0.9622,0.0378,0.635,1.0,603,3,Normal,normal
0.0,232.522,136.064,1.0,6.0,0.0,0.0,0.0,6.0,0.0,0.0,0.103,0.0093,0.0,0.0,0.0,0.0,0.0,0.9638,0.0362,0.233,1.0,603,4,Normal,normal
0.0,232.038,136.199,1.0,6.0,0.0,0.0,0.0,6.0,0.0,0.0,0.103,0.0093,0.0,0.0,0.0,0.0,0.0,0.9579,0.0421,0.273,1.0,603,5,Normal,normal
0.0,246.308,127.965,1.0,6.0,0.0,0.0,0.0,6.0,0.0,0.0,0.5923,0.0535,0.0,0.0,0.0,0.0,0.0,0.9648,0.0352,-1.524,1.0,604,1,Normal,normal
0.0,245.05,127.953,1.0,6.0,0.0,0.0,0.0,6.0,0.0,0.0,0.5923,0.0535,0.0,0.0,0.0,0.0,0.0,0.9586,0.0414,0.65,1.0,604,2,Cyber Intrusion,data_injection
0.0,244.282,128.082,1.0,6.0,0.0,0.0,0.0,6.0,0.0,0.0,0.5923,0.0535,0.0,0.0,0.0,0.0,0.0,0.9625,0.0375,0.647,1.0,604,3,Normal,normal
0.0,243.815,128.209,1.0,6.0,0.0,0.0,0.0,6.0,0.0,0.0,0.5923,0.0535,0.0,0.0,0.0,0.0,0.0,0.9642,0.0358,0.232,1.0,604,4,Normal,normal
0.0,243.382,128.295,1.0,6.0,0.0,0.0,0.0,6.0,0.0,0.0,0.5923,0.0535,0.0,0.0,0.0,0.0,0.0,0.9578,0.0422,0.282,1.0,604,5,Normal,normal
0.0,284.108,123.46,1.0,6.0,0.0,0.0,0.0,6.0,0.0,0.0,0.3105,0.028,0.0,0.0,0.0,0.0,0.0,0.9654,0.0346,-1.536,1.0,605,1,Normal,normal
0.0,283.018,123.539,1.0,6.0,0.0,0.0,0.0,6.0,0.0,0.0,0.3105,0.028,0.0,0.0,0.0,0.0,0.0,0.9589,0.0411,0.655,1.0,605,2,Cyber Intrusion,data_injection
0.0,282.29,123.645,1.0,6.0,0.0,0.0,0.0,6.0,0.0,0.0,0.3105,0.028,0.0,0.0,0.0,0.0,0.0,0.9611,0.0389,0.653,1.0,605,3,Normal,normal
0.0,281.782,123.672,1.0,6.0,0.0,0.0,0.0,6.0,0.0,0.0,0.3105,0.028,0.0,0.0,0.0,0.0,0.0,0.9619,0.0381,0.229,1.0,605,4,Normal,normal
0.0,281.345,123.74,1.0,6.0,0.0,0.0,0.0,6.0,0.0,0.0,0.3105,0.028,0.0,0.0,0.0,0.0,0.0,0.9551,0.0449,0.283,1.0,605,5,Normal,normal
0.0,243.888,129.198,1.0,6.0,0.0,0.0,0.0,6.0,0.0,0.0,1.3408,0.1211,0.0,0.0,0.0,0.0,0.0,0.9663,0.0337,-1.548,1.0,606,1,Normal,normal
0.0,242.865,129.287,1.0,6.0,0.0,0.0,0.0,6.0,0.0,0.0,1.3408,0.1211,0.0,0.0,0.0,0.0,0.0,0.9573,0.0427,0.651,1.0,606,2,Cyber Intrusion,data_injection
0.0,242.13,129.361,1.0,6.0,0.0,0.0,0.0,6.0,0.0,0.0,1.3408,0.1211,0.0,0.0,0.0,0.0,0.0,0.9596,0.0404,0.662,1.0,606,3,Normal,normal
0.0,241.495,129.476,1.0,6.0,0.0,0.0,0.0,6.0,0.0,0.0,1.3408,0.1211,0.0,0.0,0.0,0.0,0.0,0.9637,0.0363,0.244,1.0,606,4,Normal,normal
0.0,241.032,129.57,1.0,6.0,0.0,0.0,0.0,6.0,0.0,0.0,1.3408,0.1211,0.0,0.0,0.0,0.0,0.0,0.9536,0.0464,0.288,1.0,606,5,Normal,normal
0.0,256.062,119.712,1.0,6.0,0.0,0.0,0.0,6.0,47.5827,0.0,2716.4189,245.3745,1.0,9.6099,0.0,1.0,1.0,0.9646,0.0354,-1.563,1.0,607,1,Normal,normal
0.0,254.95,119.853,1.0,6.0,0.0,0.0,0.0,6.0,47.5827,0.0,2716.4189,245.3745,1.0,9.4816,0.0,1.0,1.0,0.9573,0.0427,0.662,1.0,607,2,Normal,normal
0.0,254.275,119.878,1.0,6.0,0.0,0.0,0.0,6.0,47.5827,0.0,2716.4189,245.3745,1.0,8.8159,0.0,1.0,1.0,0.9572,0.0428,0.66,1.0,607,3,Normal,normal
0.0,253.703,119.96,1.0,6.0,0.0,0.0,0.0,6.0,47.5827,1.0,2716.4189,245.3745,1.0,47.5827,0.0,1.0,1.0,0.7898,0.2102,0.236,1.0,607,4,Cyber Intrusion,data_injection
0.0,253.293,120.013,1.0,6.0,0.0,0.0,0.0,6.0,47.5827,0.0,2716.4189,245.3745,1.0,9.577,0.0,1.0,1.0,0.9551,0.0449,0.297,1.0,607,5,Normal,normal
0.0,289.042,121.168,1.0,6.0,0.0,0.0,0.0,6.0,47.8259,0.0,2743.9948,247.8655,1.0,9.8378,0.0,1.0,1.0,0.966,0.034,-1.562,1.0,608,1,Normal,normal
0.0,287.883,121.222,1.0,6.0,0.0,0.0,0.0,6.0,47.8259,0.0,2743.9948,247.8655,1.0,9.608,0.0,1.0,1.0,0.9584,0.0416,0.661,1.0,608,2,Normal,normal
0.0,287.358,121.309,1.0,6.0,0.0,0.0,0.0,6.0,47.8259,0.0,2743.9948,247.8655,1.0,9.0023,0.0,1.0,1.0,0.9585,0.0415,0.661,1.0,608,3,Normal,normal
0.0,286.798,121.398,1.0,6.0,0.0,0.0,0.0,6.0,47.8259,1.0,2743.9948,247.8655,1.0,47.8259,0.0,1.0,1.0,0.7898,0.2102,0.238,1.0,608,4,Cyber Intrusion,data_injection
0.0,286.307,121.33,1.0,6.0,0.0,0.0,0.0,6.0,47.8259,0.0,2743.9948,247.8655,1.0,9.5229,0.0,1.0,1.0,0.9557,0.0443,0.289,1.0,608,5,Normal,normal
0.0,249.118,126.327,1.0,6.0,0.0,0.0,0.0,6.0,0.0,0.0,1.6814,0.1519,0.0,0.0,0.0,0.0,0.0,0.962,0.038,-1.538,1.0,609,1,Normal,normal
0.0,247.91,126.328,1.0,6.0,0.0,0.0,0.0,6.0,0.0,0.0,1.6814,0.1519,0.0,0.0,0.0,0.0,0.0,0.9581,0.0419,0.662,1.0,609,2,Normal,normal
0.0,247.243,126.44,1.0,6.0,0.0,0.0,0.0,6.0,0.0,0.0,1.6814,0.1519,0.0,0.0,0.0,0.0,0.0,0.9617,0.0383,0.655,1.0,609,3,Normal,normal
0.0,246.585,126.537,1.0,6.0,0.0,0.0,0.0,6.0,0.0,0.0,1.6814,0.1519,0.0,0.0,0.0,0.0,0.0,0.9636,0.0364,0.237,1.0,609,4,Cyber Intrusion,data_injection
0.0,245.975,126.46,1.0,6.0,0.0,0.0,0.0,6.0,0.0,0.0,1.6814,0.1519,0.0,0.0,0.0,0.0,0.0,0.9552,0.0448,0.284,1.0,609,5,Normal,normal
0.0,256.017,119.966,1.0,6.0,0.0,0.0,0.0,6.0,0.0,0.0,1.1252,0.1016,0.0,0.0,0.0,0.0,0.0,0.9672,0.0328,-1.524,1.0,610,1,Normal,normal
0.0,254.682,120.072,1.0,6.0,0.0,0.0,0.0,6.0,0.0,0.0,1.1252,0.1016,0.0,0.0,0.0,0.0,0.0,0.9606,0.0394,0.646,1.0,610,2,Normal,normal
0.0,253.995,120.196,1.0,6.0,0.0,0.0,0.0,6.0,0.0,0.0,1.1252,0.1016,0.0,0.0,0.0,0.0,0.0,0.9586,0.0414,0.647,1.0,610,3,Normal,normal
0.0,253.412,120.211,1.0,6.0,0.0,0.0,0.0,6.0,0.0,0.0,1.1252,0.1016,0.0,0.0,0.0,0.0,0.0,0.9626,0.0374,0.238,1.0,610,4,Cyber Intrusion,data_injection
0.0,252.767,120.159,1.0,6.0,0.0,0.0,0.0,6.0,0.0,0.0,1.1252,0.1016,0.0,0.0,0.0,0.0,0.0,0.9574,0.0426,0.279,1.0,610,5,Normal,normal
0.0,282.692,121.821,1.0,6.0,0.0,0.0,0.0,6.0,0.0,0.0,1.8632,0.1683,0.0,0.0,0.0,0.0,0.0,0.9672,0.0328,-1.515,1.0,611,1,Normal,normal
0.0,281.223,121.782,1.0,6.0,0.0,0.0,0.0,6.0,0.0,0.0,1.8632,0.1683,0.0,0.0,0.0,0.0,0.0,0.9572,0.0428,0.636,1.0,611,2,Normal,normal
0.0,280.488,121.875,1.0,6.0,0.0,0.0,0.0,6.0,0.0,0.0,1.8632,0.1683,0.0,0.0,0.0,0.0,0.0,0.9645,0.0355,0.637,1.0,611,3,Normal,normal
0.0,279.9,121.958,1.0,6.0,0.0,0.0,0.0,6.0,0.0,0.0,1.8632,0.1683,0.0,0.0,0.0,0.0,0.0,0.9628,0.0372,0.225,1.0,611,4,Normal,normal
0.0,279.332,122.093,1.0,6.0,0.0,0.0,0.0,6.0,0.0,0.0,1.8632,0.1683,0.0,0.0,0.0,0.0,0.0,0.9569,0.0431,0.28,1.0,611,5,Normal,normal
0.0,231.167,123.437,1.0,6.0,0.0,0.0,0.0,6.0,0.0,0.0,3.5031,0.3164,0.0,0.0,0.0,0.0,0.0,0.9624,0.0376,-1.471,1.0,612,1,Normal,normal
0.0,229.553,123.405,1.0,6.0,0.0,0.0,0.0,6.0,0.0,0.0,3.5031,0.3164,0.0,0.0,0.0,0.0,0.0,0.9633,0.0367,0.628,1.0,612,2,Normal,normal
0.0,228.835,123.432,1.0,6.0,0.0,0.0,0.0,6.0,0.0,0.0,3.5031,0.3164,0.0,0.0,0.0,0.0,0.0,0.961,0.039,0.627,1.0,612,3,Normal,normal
0.0,228.22,123.5,1.0,6.0,0.0,0.0,0.0,6.0,0.0,0.0,3.5031,0.3164,0.0,0.0,0.0,0.0,0.0,0.965,0.035,0.228,1.0,612,4,Normal,normal
0.0,227.802,123.675,1.0,6.0,0.0,0.0,0.0,6.0,0.0,0.0,3.5031,0.3164,0.0,0.0,0.0,0.0,0.0,0.957,0.043,0.268,1.0,612,5,Normal,normal
0.0,237.567,118.32,1.0,6.0,0.0,0.0,0.0,6.0,0.0,0.0,1.3409,0.1211,0.0,0.0,0.0,0.0,0.0,0.9691,0.0309,-1.436,1.0,613,1,Normal,normal
0.0,235.763,118.445,1.0,6.0,0.0,0.0,0.0,6.0,0.0,0.0,1.3409,0.1211,0.0,0.0,0.0,0.0,0.0,0.9598,0.0402,0.606,1.0,613,2,Normal,normal
0.0,234.968,118.53,1.0,6.0,0.0,0.0,0.0,6.0,0.0,0.0,1.3409,0.1211,0.0,0.0,0.0,0.0,0.0,0.9636,0.0364,0.609,1.0,613,3,Normal,normal
0.0,234.27,118.653,1.0,6.0,0.0,0.0,0.0,6.0,0.0,0.0,1.3409,0.1211,0.0,0.0,0.0,0.0,0.0,0.9646,0.0354,0.221,1.0,613,4,Normal,normal
0.0,233.79,118.872,1.0,6.0,0.0,0.0,0.0,6.0,0.0,0.0,1.3409,0.1211,0.0,0.0,0.0,0.0,0.0,0.9567,0.0433,0.273,1.0,613,5,Normal,normal
0.0,275.025,121.577,1.0,6.0,0.0,0.0,0.0,6.0,0.0,0.0,1.9415,0.1754,0.0,0.0,0.0,0.0,0.0,0.9701,0.0299,-1.415,1.0,614,1,Normal,normal
0.0,273.178,121.588,1.0,6.0,0.0,0.0,0.0,6.0,0.0,0.0,1.9415,0.1754,0.0,0.0,0.0,0.0,0.0,0.9659,0.0341,0.597,1.0,614,2,Normal,normal
0.0,272.365,121.59,1.0,6.0,0.0,0.0,0.0,6.0,0.0,0.0,1.9415,0.1754,0.0,0.0,0.0,0.0,0.0,0.9651,0.0349,0.596,1.0,614,3,Normal,normal
0.0,271.632,121.667,1.0,6.0,0.0,0.0,0.0,6.0,0.0,0.0,1.9415,0.1754,0.0,0.0,0.0,0.0,0.0,0.9658,0.0342,0.213,1.0,614,4,Normal,normal
0.0,271.04,121.615,1.0,6.0,0.0,0.0,0.0,6.0,0.0,0.0,1.9415,0.1754,0.0,0.0,0.0,0.0,0.0,0.9581,0.0419,0.26,1.0,614,5,Normal,normal
0.0,243.3,128.9,1.0,6.0,0.0,0.0,0.0,6.0,0.0,0.0,2.3242,0.2099,0.0,0.0,0.0,0.0,0.0,0.9682,0.0318,-1.356,1.0,615,1,Normal,normal
0.0,241.427,128.94,1.0,6.0,0.0,0.0,0.0,6.0,0.0,0.0,2.3242,0.2099,0.0,0.0,0.0,0.0,0.0,0.9672,0.0328,0.573,1.0,615,2,Normal,normal
0.0,240.415,128.962,1.0,6.0,0.0,0.0,0.0,6.0,0.0,0.0,2.3242,0.2099,0.0,0.0,0.0,0.0,0.0,0.9659,0.0341,0.579,1.0,615,3,Normal,normal
0.0,239.153,129.377,1.0,6.0,0.0,0.0,0.0,6.0,0.0,0.0,2.3242,0.2099,0.0,0.0,0.0,0.0,0.0,0.9648,0.0352,0.199,1.0,615,4,Normal,normal
0.0,238.372,129.344,1.0,6.0,0.0,0.0,0.0,6.0,0.0,0.0,2.3242,0.2099,0.0,0.0,0.0,0.0,0.0,0.9606,0.0394,0.248,1.0,615,5,Normal,normal
0.0,250.538,123.082,1.0,6.0,0.0,0.0,0.0,6.0,0.0,0.0,9.8793,0.8924,0.0,0.0,0.0,0.0,0.0,0.9636,0.0364,-1.29,1.0,616,1,Normal,normal
0.0,248.782,123.029,1.0,6.0,0.0,0.0,0.0,6.0,0.0,0.0,9.8793,0.8924,0.0,0.0,0.0,0.0,0.0,0.9638,0.0362,0.546,1.0,616,2,Normal,normal
0.0,247.81,123.035,1.0,6.0,0.0,0.0,0.0,6.0,0.0,0.0,9.8793,0.8924,0.0,0.0,0.0,0.0,0.0,0.9683,0.0317,0.542,1.0,616,3,Normal,normal
0.0,246.608,123.454,1.0,6.0,0.0,0.0,0.0,6.0,0.0,0.0,9.8793,0.8924,0.0,0.0,0.0,0.0,0.0,0.9719,0.0281,0.193,1.0,616,4,Normal,normal
0.0,245.807,123.452,1.0,6.0,0.0,0.0,0.0,6.0,0.0,0.0,9.8793,0.8924,0.0,0.0,0.0,0.0,0.0,0.9677,0.0323,0.244,1.0,616,5,Normal,normal
0.0,271.84,110.732,1.0,6.0,0.0,0.0,0.0,6.0,0.0,0.0,1.3464,0.1216,0.0,0.0,0.0,0.0,0.0,0.9726,0.0274,-1.271,1.0,617,1,Normal,normal
0.0,270.222,110.65,1.0,6.0,0.0,0.0,0.0,6.0,0.0,0.0,1.3464,0.1216,0.0,0.0,0.0,0.0,0.0,0.9653,0.0347,0.531,1.0,617,2,Normal,normal
0.0,269.292,110.661,1.0,6.0,0.0,0.0,0.0,6.0,0.0,0.0,1.3464,0.1216,0.0,0.0,0.0,0.0,0.0,0.9657,0.0343,0.536,1.0,617,3,Normal,normal
0.0,268.217,111.205,1.0,6.0,0.0,0.0,0.0,6.0,0.0,0.0,1.3464,0.1216,0.0,0.0,0.0,0.0,0.0,0.9715,0.0285,0.196,1.0,617,4,Normal,normal
0.0,267.507,111.269,1.0,6.0,0.0,0.0,0.0,6.0,0.0,0.0,1.3464,0.1216,0.0,0.0,0.0,0.0,0.0,0.9642,0.0358,0.232,1.0,617,5,Normal,normal
0.0,219.455,99.872,1.0,6.0,0.0,0.0,0.0,6.0,0.0,0.0,1.1158,0.1008,0.0,0.0,0.0,0.0,0.0,0.9738,0.0262,-1.2,1.0,618,1,Normal,normal
0.0,217.973,99.798,1.0,6.0,0.0,0.0,0.0,6.0,0.0,0.0,1.1158,0.1008,0.0,0.0,0.0,0.0,0.0,0.9696,0.0304,0.512,1.0,618,2,Normal,normal
0.0,217.275,99.745,1.0,6.0,0.0,0.0,0.0,6.0,0.0,0.0,1.1158,0.1008,0.0,0.0,0.0,0.0,0.0,0.9711,0.0289,0.514,1.0,618,3,Normal,normal
0.0,216.36,100.003,1.0,6.0,0.0,0.0,0.0,6.0,0.0,0.0,1.1158,0.1008,0.0,0.0,0.0,0.0,0.0,0.9688,0.0312,0.182,1.0,618,4,Normal,normal
0.0,215.752,99.991,1.0,6.0,0.0,0.0,0.0,6.0,0.0,0.0,1.1158,0.1008,0.0,0.0,0.0,0.0,0.0,0.9677,0.0323,0.226,1.0,618,5,Normal,normal
0.0,229.23,92.012,1.0,6.0,0.0,0.0,0.0,6.0,0.0,0.0,0.5249,0.0474,0.0,0.0,0.0,0.0,0.0,0.9746,0.0254,-1.157,1.0,619,1,Normal,normal
0.0,227.687,91.972,1.0,6.0,0.0,0.0,0.0,6.0,0.0,0.0,0.5249,0.0474,0.0,0.0,0.0,0.0,0.0,0.9702,0.0298,0.494,1.0,619,2,Normal,normal
0.0,226.918,91.943,1.0,6.0,0.0,0.0,0.0,6.0,0.0,0.0,0.5249,0.0474,0.0,0.0,0.0,0.0,0.0,0.972,0.028,0.491,1.0,619,3,Normal,normal
0.0,226.342,91.825,1.0,6.0,0.0,0.0,0.0,6.0,0.0,0.0,0.5249,0.0474,0.0,0.0,0.0,0.0,0.0,0.9728,0.0272,0.17,1.0,619,4,Normal,normal
0.0,225.7,91.833,1.0,6.0,0.0,0.0,0.0,6.0,0.0,0.0,0.5249,0.0474,0.0,0.0,0.0,0.0,0.0,0.9661,0.0339,0.216,1.0,619,5,Normal,normal
0.0,283.883,142.674,1.0,6.0,0.0,0.0,0.0,6.0,0.0,0.0,1.3199,0.1192,0.0,0.0,0.0,0.0,0.0,0.9759,0.0241,-1.127,1.0,620,1,Normal,normal
0.0,282.167,142.451,1.0,6.0,0.0,0.0,0.0,6.0,0.0,0.0,1.3199,0.1192,0.0,0.0,0.0,0.0,0.0,0.9696,0.0304,0.482,1.0,620,2,Normal,normal
0.0,281.233,142.244,1.0,6.0,0.0,0.0,0.0,6.0,0.0,0.0,1.3199,0.1192,0.0,0.0,0.0,0.0,0.0,0.9691,0.0309,0.472,1.0,620,3,Normal,normal
0.0,280.572,142.088,1.0,6.0,0.0,0.0,0.0,6.0,0.0,0.0,1.3199,0.1192,0.0,0.0,0.0,0.0,0.0,0.9748,0.0252,0.177,1.0,620,4,Normal,normal
0.0,279.867,142.052,1.0,6.0,0.0,0.0,0.0,6.0,0.0,0.0,1.3199,0.1192,0.0,0.0,0.0,0.0,0.0,0.969,0.031,0.217,1.0,620,5,Normal,normal
0.0,250.41,152.92,1.0,6.0,0.0,0.0,0.0,6.0,0.0,0.0,4.8477,0.4379,0.0,0.0,0.0,0.0,0.0,0.9774,0.0226,-1.075,1.0,621,1,Normal,normal
0.0,248.858,152.612,1.0,6.0,0.0,0.0,0.0,6.0,0.0,0.0,4.8477,0.4379,0.0,0.0,0.0,0.0,0.0,0.9685,0.0315,0.457,1.0,621,2,Normal,normal
0.0,247.992,152.38,1.0,6.0,0.0,0.0,0.0,6.0,0.0,0.0,4.8477,0.4379,0.0,0.0,0.0,0.0,0.0,0.9761,0.0239,0.459,1.0,621,3,Normal,normal
0.0,247.232,152.345,1.0,6.0,0.0,0.0,0.0,6.0,0.0,0.0,4.8477,0.4379,0.0,0.0,0.0,0.0,0.0,0.9757,0.0243,0.162,1.0,621,4,Normal,normal
0.0,246.607,152.28,1.0,6.0,0.0,0.0,0.0,6.0,0.0,0.0,4.8477,0.4379,0.0,0.0,0.0,0.0,0.0,0.9655,0.0345,0.201,1.0,621,5,Normal,normal
0.0,254.355,149.823,1.0,6.0,0.0,0.0,0.0,6.0,0.0,0.0,2.8934,0.2614,0.0,0.0,0.0,0.0,0.0,0.98,0.02,-1.039,1.0,622,1,Normal,normal
0.0,252.733,149.567,1.0,6.0,0.0,0.0,0.0,6.0,0.0,0.0,2.8934,0.2614,0.0,0.0,0.0,0.0,0.0,0.9688,0.0312,0.445,1.0,622,2,Normal,normal
0.0,251.758,149.42,1.0,6.0,0.0,0.0,0.0,6.0,0.0,0.0,2.8934,0.2614,0.0,0.0,0.0,0.0,0.0,0.973,0.027,0.438,1.0,622,3,Normal,normal
0.0,250.875,149.488,1.0,6.0,0.0,0.0,0.0,6.0,0.0,0.0,2.8934,0.2614,0.0,0.0,0.0,0.0,0.0,0.9757,0.0243,0.168,1.0,622,4,Normal,normal
0.0,250.188,149.467,1.0,6.0,0.0,0.0,0.0,6.0,0.0,0.0,2.8934,0.2614,0.0,0.0,0.0,0.0,0.0,0.9702,0.0298,0.19,1.0,622,5,Normal,normal
0.0,244.348,102.076,1.0,6.0,0.0,0.0,0.0,6.0,0.0,0.0,1.4885,0.1345,0.0,0.0,0.0,0.0,0.0,0.9745,0.0255,-1.015,1.0,623,1,Normal,normal
0.0,242.678,101.746,1.0,6.0,0.0,0.0,0.0,6.0,0.0,0.0,1.4885,0.1345,0.0,0.0,0.0,0.0,0.0,0.9719,0.0281,0.428,1.0,623,2,Normal,normal
0.0,241.772,101.594,1.0,6.0,0.0,0.0,0.0,6.0,0.0,0.0,1.4885,0.1345,0.0,0.0,0.0,0.0,0.0,0.9715,0.0285,0.422,1.0,623,3,Normal,normal
0.0,240.882,101.645,1.0,6.0,0.0,0.0,0.0,6.0,0.0,0.0,1.4885,0.1345,0.0,0.0,0.0,0.0,0.0,0.9725,0.0275,0.156,1.0,623,4,Normal,normal
0.0,240.167,101.466,1.0,6.0,0.0,0.0,0.0,6.0,0.0,0.0,1.4885,0.1345,0.0,0.0,0.0,0.0,0.0,0.9712,0.0288,0.194,1.0,623,5,Normal,normal
0.0,213.567,104.334,1.0,6.0,0.0,0.0,0.0,6.0,0.0,0.0,3.899,0.3522,0.0,0.0,0.0,0.0,0.0,0.9775,0.0225,-0.987,1.0,624,1,Normal,normal
0.0,211.842,104.036,1.0,6.0,0.0,0.0,0.0,6.0,0.0,0.0,3.899,0.3522,0.0,0.0,0.0,0.0,0.0,0.9708,0.0292,0.417,1.0,624,2,Normal,normal
0.0,210.913,103.898,1.0,6.0,0.0,0.0,0.0,6.0,0.0,0.0,3.899,0.3522,0.0,0.0,0.0,0.0,0.0,0.9772,0.0228,0.411,1.0,624,3,Normal,normal
0.0,209.995,103.937,1.0,6.0,0.0,0.0,0.0,6.0,0.0,0.0,3.899,0.3522,0.0,0.0,0.0,0.0,0.0,0.98,0.02,0.146,1.0,624,4,Normal,normal
0.0,209.157,103.794,1.0,6.0,0.0,0.0,0.0,6.0,0.0,0.0,3.899,0.3522,0.0,0.0,0.0,0.0,0.0,0.9701,0.0299,0.178,1.0,624,5,Normal,normal
0.0,226.718,97.011,1.0,6.0,0.0,0.0,0.0,6.0,0.0,0.0,0.1347,0.0122,0.0,0.0,0.0,0.0,0.0,0.9789,0.0211,-0.97,1.0,625,1,Normal,normal
0.0,224.905,96.786,1.0,6.0,0.0,0.0,0.0,6.0,0.0,0.0,0.1347,0.0122,0.0,0.0,0.0,0.0,0.0,0.9751,0.0249,0.416,1.0,625,2,Normal,normal
0.0,223.843,96.727,1.0,6.0,0.0,0.0,0.0,6.0,0.0,0.0,0.1347,0.0122,0.0,0.0,0.0,0.0,0.0,0.9769,0.0231,0.407,1.0,625,3,Normal,normal
0.0,223.033,96.674,1.0,6.0,0.0,0.0,0.0,6.0,0.0,0.0,0.1347,0.0122,0.0,0.0,0.0,0.0,0.0,0.978,0.022,0.141,1.0,625,4,Normal,normal
0.0,222.102,96.601,1.0,6.0,0.0,0.0,0.0,6.0,0.0,0.0,0.1347,0.0122,0.0,0.0,0.0,0.0,0.0,0.9747,0.0253,0.184,1.0,625,5,Normal,normal
0.0,236.658,130.833,1.0,6.0,0.0,0.0,0.0,6.0,0.0,0.0,1.5387,0.139,0.0,0.0,0.0,0.0,0.0,0.9763,0.0237,-0.943,1.0,626,1,Normal,normal
0.0,234.922,130.936,1.0,6.0,0.0,0.0,0.0,6.0,0.0,0.0,1.5387,0.139,0.0,0.0,0.0,0.0,0.0,0.9759,0.0241,0.403,1.0,626,2,Normal,normal
0.0,233.993,130.968,1.0,6.0,0.0,0.0,0.0,6.0,0.0,0.0,1.5387,0.139,0.0,0.0,0.0,0.0,0.0,0.9758,0.0242,0.407,1.0,626,3,Normal,normal
0.0,233.308,131.029,1.0,6.0,0.0,0.0,0.0,6.0,0.0,0.0,1.5387,0.139,0.0,0.0,0.0,0.0,0.0,0.9787,0.0213,0.143,1.0,626,4,Normal,normal
0.0,232.563,131.206,1.0,6.0,0.0,0.0,0.0,6.0,0.0,0.0,1.5387,0.139,0.0,0.0,0.0,0.0,0.0,0.9719,0.0281,0.182,1.0,626,5,Normal,normal
0.0,210.418,137.482,1.0,6.0,0.0,0.0,0.0,6.0,0.0,0.0,0.5335,0.0482,0.0,0.0,0.0,0.0,0.0,0.9777,0.0223,-0.938,1.0,627,1,Normal,normal
0.0,208.775,137.545,1.0,6.0,0.0,0.0,0.0,6.0,0.0,0.0,0.5335,0.0482,0.0,0.0,0.0,0.0,0.0,0.974,0.026,0.398,1.0,627,2,Normal,normal
0.0,207.843,137.533,1.0,6.0,0.0,0.0,0.0,6.0,0.0,0.0,0.5335,0.0482,0.0,0.0,0.0,0.0,0.0,0.9766,0.0234,0.404,1.0,627,3,Normal,normal
0.0,207.13,137.59,1.0,6.0,0.0,0.0,0.0,6.0,0.0,0.0,0.5335,0.0482,0.0,0.0,0.0,0.0,0.0,0.9767,0.0233,0.149,1.0,627,4,Normal,normal
0.0,206.417,137.723,1.0,6.0,0.0,0.0,0.0,6.0,0.0,0.0,0.5335,0.0482,0.0,0.0,0.0,0.0,0.0,0.9726,0.0274,0.177,1.0,627,5,Normal,normal
0.0,215.535,134.596,1.0,6.0,0.0,0.0,0.0,6.0,0.0,0.0,2.1827,0.1972,0.0,0.0,0.0,0.0,0.0,0.9806,0.0194,-0.931,1.0,628,1,Normal,normal
0.0,213.87,134.671,1.0,6.0,0.0,0.0,0.0,6.0,0.0,0.0,2.1827,0.1972,0.0,0.0,0.0,0.0,0.0,0.9785,0.0215,0.399,1.0,628,2,Normal,normal
0.0,213.002,134.624,1.0,6.0,0.0,0.0,0.0,6.0,0.0,0.0,2.1827,0.1972,0.0,0.0,0.0,0.0,0.0,0.9754,0.0246,0.392,1.0,628,3,Normal,normal
0.0,212.337,134.654,1.0,6.0,0.0,0.0,0.0,6.0,0.0,0.0,2.1827,0.1972,0.0,0.0,0.0,0.0,0.0,0.9756,0.0244,0.147,1.0,628,4,Normal,normal
0.0,211.632,134.777,1.0,6.0,0.0,0.0,0.0,6.0,0.0,0.0,2.1827,0.1972,0.0,0.0,0.0,0.0,0.0,0.9723,0.0277,0.173,1.0,628,5,Normal,normal
0.0,229.735,125.823,1.0,6.0,0.0,0.0,0.0,6.0,0.0,0.0,1.5398,0.1391,0.0,0.0,0.0,0.0,0.0,0.9812,0.0188,-0.927,1.0,629,1,Normal,normal
0.0,228.177,125.983,1.0,6.0,0.0,0.0,0.0,6.0,0.0,0.0,1.5398,0.1391,0.0,0.0,0.0,0.0,0.0,0.9748,0.0252,0.395,1.0,629,2,Normal,normal
0.0,227.448,126.009,1.0,6.0,0.0,0.0,0.0,6.0,0.0,0.0,1.5398,0.1391,0.0,0.0,0.0,0.0,0.0,0.9756,0.0244,0.397,1.0,629,3,Normal,normal
0.0,226.893,126.184,1.0,6.0,0.0,0.0,0.0,6.0,0.0,0.0,1.5398,0.1391,0.0,0.0,0.0,0.0,0.0,0.9745,0.0255,0.154,1.0,629,4,Normal,normal
0.0,226.21,126.268,1.0,6.0,0.0,0.0,0.0,6.0,0.0,0.0,1.5398,0.1391,0.0,0.0,0.0,0.0,0.0,0.9742,0.0258,0.169,1.0,629,5,Normal,normal
0.0,229.78,125.66,1.0,6.0,0.0,0.0,0.0,6.0,0.0,0.0,2.1973,0.1985,0.0,0.0,0.0,0.0,0.0,0.9788,0.0212,-0.936,1.0,630,1,Normal,normal
0.0,228.343,125.744,1.0,6.0,0.0,0.0,0.0,6.0,0.0,0.0,2.1973,0.1985,0.0,0.0,0.0,0.0,0.0,0.9773,0.0227,0.404,1.0,630,2,Normal,normal
0.0,227.665,125.762,1.0,6.0,0.0,0.0,0.0,6.0,0.0,0.0,2.1973,0.1985,0.0,0.0,0.0,0.0,0.0,0.9737,0.0263,0.399,1.0,630,3,Normal,normal
0.0,227.163,125.916,1.0,6.0,0.0,0.0,0.0,6.0,0.0,0.0,2.1973,0.1985,0.0,0.0,0.0,0.0,0.0,0.9745,0.0255,0.154,1.0,630,4,Cyber Intrusion,replay
0.0,226.55,125.954,1.0,6.0,0.0,0.0,0.0,6.0,0.0,0.0,2.1973,0.1985,0.0,0.0,0.0,0.0,0.0,0.9743,0.0257,0.175,1.0,630,5,Normal,normal
0.0,235.645,121.069,1.0,6.0,0.0,0.0,0.0,6.0,0.0,0.0,1.1892,0.1074,0.0,0.0,0.0,0.0,0.0,0.976,0.024,-0.946,1.0,631,1,Normal,normal
0.0,234.133,121.213,1.0,6.0,0.0,0.0,0.0,6.0,0.0,0.0,1.1892,0.1074,0.0,0.0,0.0,0.0,0.0,0.9736,0.0264,0.392,1.0,631,2,Normal,normal
0.0,233.42,121.259,1.0,6.0,0.0,0.0,0.0,6.0,0.0,0.0,1.1892,0.1074,0.0,0.0,0.0,0.0,0.0,0.9746,0.0254,0.397,1.0,631,3,Normal,normal
0.0,232.927,121.403,1.0,6.0,0.0,0.0,0.0,6.0,0.0,0.0,1.1892,0.1074,0.0,0.0,0.0,0.0,0.0,0.9745,0.0255,0.154,1.0,631,4,Cyber Intrusion,replay
0.0,232.255,121.484,1.0,6.0,0.0,0.0,0.0,6.0,0.0,0.0,1.1892,0.1074,0.0,0.0,0.0,0.0,0.0,0.9732,0.0268,0.169,1.0,631,5,Normal,normal
0.0,258.543,109.324,1.0,6.0,0.0,0.0,0.0,6.0,0.0,0.0,8.7481,0.7902,0.0,0.0,0.0,0.0,0.0,0.9733,0.0267,-0.952,1.0,632,1,Normal,normal
0.0,256.788,109.297,1.0,6.0,0.0,0.0,0.0,6.0,0.0,0.0,8.7481,0.7902,0.0,0.0,0.0,0.0,0.0,0.9728,0.0272,0.406,1.0,632,2,Normal,normal
0.0,256.057,109.367,1.0,6.0,0.0,0.0,0.0,6.0,0.0,0.0,8.7481,0.7902,0.0,0.0,0.0,0.0,0.0,0.9695,0.0305,0.402,1.0,632,3,Normal,normal
0.0,255.437,109.38,1.0,6.0,0.0,0.0,0.0,6.0,0.0,0.0,8.7481,0.7902,0.0,0.0,0.0,0.0,0.0,0.9745,0.0255,0.154,1.0,632,4,Cyber Intrusion,replay
0.0,254.757,109.388,1.0,6.0,0.0,0.0,0.0,6.0,0.0,0.0,8.7481,0.7902,0.0,0.0,0.0,0.0,0.0,0.9774,0.0226,0.178,1.0,632,5,Normal,normal
0.0,223.137,112.353,1.0,6.0,0.0,0.0,0.0,6.0,0.0,0.0,1.1814,0.1067,0.0,0.0,0.0,0.0,0.0,0.9789,0.0211,-0.969,1.0,633,1,Normal,normal
0.0,221.325,112.18,1.0,6.0,0.0,0.0,0.0,6.0,0.0,0.0,1.1814,0.1067,0.0,0.0,0.0,0.0,0.0,0.9768,0.0232,0.407,1.0,633,2,Normal,normal
0.0,220.565,112.24,1.0,6.0,0.0,0.0,0.0,6.0,0.0,0.0,1.1814,0.1067,0.0,0.0,0.0,0.0,0.0,0.9736,0.0264,0.402,1.0,633,3,Normal,normal
0.0,219.873,112.274,1.0,6.0,0.0,0.0,0.0,6.0,0.0,0.0,1.1814,0.1067,0.0,0.0,0.0,0.0,0.0,0.9764,0.0236,0.144,1.0,633,4,Cyber Intrusion,replay
0.0,219.273,112.281,1.0,6.0,0.0,0.0,0.0,6.0,0.0,0.0,1.1814,0.1067,0.0,0.0,0.0,0.0,0.0,0.9735,0.0265,0.187,1.0,633,5,Normal,normal
0.0,231.16,106.165,1.0,6.0,0.0,0.0,0.0,6.0,0.0,0.0,2.8892,0.261,0.0,0.0,0.0,0.0,0.0,0.9809,0.0191,-0.974,1.0,634,1,Normal,normal
0.0,229.36,105.99,1.0,6.0,0.0,0.0,0.0,6.0,0.0,0.0,2.8892,0.261,0.0,0.0,0.0,0.0,0.0,0.9756,0.0244,0.412,1.0,634,2,Normal,normal
0.0,228.602,106.046,1.0,6.0,0.0,0.0,0.0,6.0,0.0,0.0,2.8892,0.261,0.0,0.0,0.0,0.0,0.0,0.9805,0.0195,0.412,1.0,634,3,Normal,normal
0.0,227.902,106.093,1.0,6.0,0.0,0.0,0.0,6.0,0.0,0.0,2.8892,0.261,0.0,0.0,0.0,0.0,0.0,0.9751,0.0249,0.148,1.0,634,4,Cyber Intrusion,replay
0.0,227.243,106.145,1.0,6.0,0.0,0.0,0.0,6.0,0.0,0.0,2.8892,0.261,0.0,0.0,0.0,0.0,0.0,0.9724,0.0276,0.191,1.0,634,5,Normal,normal
0.0,298.885,158.201,1.0,6.0,0.0,0.0,0.0,6.0,0.0,0.0,2.5658,0.2318,0.0,0.0,0.0,0.0,0.0,0.9795,0.0205,-0.989,1.0,635,1,Normal,normal
0.0,296.757,157.636,1.0,6.0,0.0,0.0,0.0,6.0,0.0,0.0,2.5658,0.2318,0.0,0.0,0.0,0.0,0.0,0.9764,0.0236,0.414,1.0,635,2,Normal,normal
0.0,295.732,157.335,1.0,6.0,0.0,0.0,0.0,6.0,0.0,0.0,2.5658,0.2318,0.0,0.0,0.0,0.0,0.0,0.9752,0.0248,0.416,1.0,635,3,Normal,normal
0.0,294.903,157.215,1.0,6.0,0.0,0.0,0.0,6.0,0.0,0.0,2.5658,0.2318,0.0,0.0,0.0,0.0,0.0,0.9804,0.0196,0.148,1.0,635,4,Cyber Intrusion,replay
0.0,294.197,156.992,1.0,6.0,0.0,0.0,0.0,6.0,0.0,0.0,2.5658,0.2318,0.0,0.0,0.0,0.0,0.0,0.9703,0.0297,0.183,1.0,635,5,Normal,normal
0.0,267.643,169.783,1.0,6.0,0.0,0.0,0.0,6.0,0.0,0.0,1.1146,0.1007,0.0,0.0,0.0,0.0,0.0,0.9768,0.0232,-0.993,1.0,636,1,Normal,normal
0.0,265.727,169.252,1.0,6.0,0.0,0.0,0.0,6.0,0.0,0.0,1.1146,0.1007,0.0,0.0,0.0,0.0,0.0,0.9755,0.0245,0.419,1.0,636,2,Normal,normal
0.0,264.72,168.956,1.0,6.0,0.0,0.0,0.0,6.0,0.0,0.0,1.1146,0.1007,0.0,0.0,0.0,0.0,0.0,0.9752,0.0248,0.424,1.0,636,3,Normal,normal
0.0,263.957,168.833,1.0,6.0,0.0,0.0,0.0,6.0,0.0,0.0,1.1146,0.1007,0.0,0.0,0.0,0.0,0.0,0.9775,0.0225,0.143,1.0,636,4,Normal,normal
0.0,263.273,168.617,1.0,6.0,0.0,0.0,0.0,6.0,0.0,0.0,1.1146,0.1007,0.0,0.0,0.0,0.0,0.0,0.9753,0.0247,0.183,1.0,636,5,Normal,normal
0.0,272.117,166.053,1.0,6.0,0.0,0.0,0.0,6.0,0.0,0.0,0.9897,0.0894,0.0,0.0,0.0,0.0,0.0,0.9784,0.0216,-1.003,1.0,637,1,Normal,normal
0.0,270.217,165.507,1.0,6.0,0.0,0.0,0.0,6.0,0.0,0.0,0.9897,0.0894,0.0,0.0,0.0,0.0,0.0,0.9751,0.0249,0.42,1.0,637,2,Normal,normal
0.0,269.242,165.187,1.0,6.0,0.0,0.0,0.0,6.0,0.0,0.0,0.9897,0.0894,0.0,0.0,0.0,0.0,0.0,0.9758,0.0242,0.424,1.0,637,3,Normal,normal
0.0,268.52,165.032,1.0,6.0,0.0,0.0,0.0,6.0,0.0,0.0,0.9897,0.0894,0.0,0.0,0.0,0.0,0.0,0.9755,0.0245,0.15,1.0,637,4,Normal,normal
0.0,267.857,164.801,1.0,6.0,0.0,0.0,0.0,6.0,0.0,0.0,0.9897,0.0894,0.0,0.0,0.0,0.0,0.0,0.9699,0.0301,0.188,1.0,637,5,Normal,normal
0.0,282.447,132.037,1.0,6.0,0.0,0.0,0.0,6.0,0.0,0.0,2.358,0.213,0.0,0.0,0.0,0.0,0.0,0.9758,0.0242,-1.008,1.0,638,1,Normal,normal
0.0,280.713,131.846,1.0,6.0,0.0,0.0,0.0,6.0,0.0,0.0,2.358,0.213,0.0,0.0,0.0,0.0,0.0,0.9761,0.0239,0.423,1.0,638,2,Normal,normal
0.0,279.865,131.742,1.0,6.0,0.0,0.0,0.0,6.0,0.0,0.0,2.358,0.213,0.0,0.0,0.0,0.0,0.0,0.9721,0.0279,0.422,1.0,638,3,Normal,normal
0.0,279.21,131.694,1.0,6.0,0.0,0.0,0.0,6.0,0.0,0.0,2.358,0.213,0.0,0.0,0.0,0.0,0.0,0.9768,0.0232,0.154,1.0,638,4,Normal,normal
0.0,278.708,131.664,1.0,6.0,0.0,0.0,0.0,6.0,0.0,0.0,2.358,0.213,0.0,0.0,0.0,0.0,0.0,0.9737,0.0263,0.184,1.0,638,5,Normal,normal
0.0,235.133,132.364,1.0,6.0,0.0,0.0,0.0,6.0,0.0,0.0,1.3915,0.1257,0.0,0.0,0.0,0.0,0.0,0.9787,0.0213,-1.016,1.0,639,1,Normal,normal
0.0,233.262,132.436,1.0,6.0,0.0,0.0,0.0,6.0,0.0,0.0,1.3915,0.1257,0.0,0.0,0.0,0.0,0.0,0.9762,0.0238,0.433,1.0,639,2,Normal,normal
0.0,232.452,132.48,1.0,6.0,0.0,0.0,0.0,6.0,0.0,0.0,1.3915,0.1257,0.0,0.0,0.0,0.0,0.0,0.9745,0.0255,0.42,1.0,639,3,Normal,normal
0.0,231.455,132.733,1.0,6.0,0.0,0.0,0.0,6.0,0.0,0.0,1.3915,0.1257,0.0,0.0,0.0,0.0,0.0,0.9757,0.0243,0.157,1.0,639,4,Normal,normal
0.0,230.755,132.71,1.0,6.0,0.0,0.0,0.0,6.0,0.0,0.0,1.3915,0.1257,0.0,0.0,0.0,0.0,0.0,0.9698,0.0302,0.193,1.0,639,5,Normal,normal
0.0,244.143,125.963,1.0,6.0,0.0,0.0,0.0,6.0,0.0,0.0,1.0546,0.0953,0.0,0.0,0.0,0.0,0.0,0.9801,0.0199,-1.024,1.0,640,1,Normal,normal
0.0,242.172,126.132,1.0,6.0,0.0,0.0,0.0,6.0,0.0,0.0,1.0546,0.0953,0.0,0.0,0.0,0.0,0.0,0.9738,0.0262,0.434,1.0,640,2,Normal,normal
0.0,241.413,126.141,1.0,6.0,0.0,0.0,0.0,6.0,0.0,0.0,1.0546,0.0953,0.0,0.0,0.0,0.0,0.0,0.974,0.026,0.432,1.0,640,3,Normal,normal
0.0,240.445,126.415,1.0,6.0,0.0,0.0,0.0,6.0,0.0,0.0,1.0546,0.0953,0.0,0.0,0.0,0.0,0.0,0.9749,0.0251,0.153,1.0,640,4,Normal,normal
0.0,239.76,126.398,1.0,6.0,0.0,0.0,0.0,6.0,0.0,0.0,1.0546,0.0953,0.0,0.0,0.0,0.0,0.0,0.9741,0.0259,0.185,1.0,640,5,Normal,normal
0.0,257.947,106.247,1.0,6.0,0.0,0.0,0.0,6.0,0.0,0.0,1.0749,0.0971,0.0,0.0,0.0,0.0,0.0,0.977,0.023,-1.029,1.0,641,1,Normal,normal
0.0,255.572,105.81,1.0,6.0,0.0,0.0,0.0,6.0,0.0,0.0,1.0749,0.0971,0.0,0.0,0.0,0.0,0.0,0.972,0.028,0.435,1.0,641,2,Normal,normal
0.0,254.675,105.679,1.0,6.0,0.0,0.0,0.0,6.0,0.0,0.0,1.0749,0.0971,0.0,0.0,0.0,0.0,0.0,0.9725,0.0275,0.437,1.0,641,3,Normal,normal
0.0,253.613,105.926,1.0,6.0,0.0,0.0,0.0,6.0,0.0,0.0,1.0749,0.0971,0.0,0.0,0.0,0.0,0.0,0.9724,0.0276,0.158,1.0,641,4,Normal,normal
0.0,252.827,105.789,1.0,6.0,0.0,0.0,0.0,6.0,0.0,0.0,1.0749,0.0971,0.0,0.0,0.0,0.0,0.0,0.9691,0.0309,0.196,1.0,641,5,Normal,normal
0.0,224.585,110.92,1.0,6.0,0.0,0.0,0.0,6.0,0.0,0.0,3.6771,0.3322,0.0,0.0,0.0,0.0,0.0,0.9759,0.0241,-1.027,1.0,642,1,Normal,normal
0.0,222.198,110.261,1.0,6.0,0.0,0.0,0.0,6.0,0.0,0.0,3.6771,0.3322,0.0,0.0,0.0,0.0,0.0,0.9692,0.0308,0.444,1.0,642,2,Normal,normal
0.0,221.127,110.216,1.0,6.0,0.0,0.0,0.0,6.0,0.0,0.0,3.6771,0.3322,0.0,0.0,0.0,0.0,0.0,0.9732,0.0268,0.437,1.0,642,3,Normal,normal
0.0,220.052,110.337,1.0,6.0,0.0,0.0,0.0,6.0,0.0,0.0,3.6771,0.3322,0.0,0.0,0.0,0.0,0.0,0.9791,0.0209,0.15,1.0,642,4,Normal,normal
0.0,219.308,110.159,1.0,6.0,0.0,0.0,0.0,6.0,0.0,0.0,3.6771,0.3322,0.0,0.0,0.0,0.0,0.0,0.9727,0.0273,0.191,1.0,642,5,Normal,normal
0.0,229.233,107.147,1.0,6.0,0.0,0.0,0.0,6.0,0.0,0.0,7.4021,0.6686,0.0,0.0,0.0,0.0,0.0,0.9809,0.0191,-1.032,1.0,643,1,Normal,normal
0.0,227.117,106.232,1.0,6.0,0.0,0.0,0.0,6.0,0.0,0.0,7.4021,0.6686,0.0,0.0,0.0,0.0,0.0,0.9727,0.0273,0.436,1.0,643,2,Normal,normal
0.0,226.122,106.125,1.0,6.0,0.0,0.0,0.0,6.0,0.0,0.0,7.4021,0.6686,0.0,0.0,0.0,0.0,0.0,0.9828,0.0172,0.443,1.0,643,3,Normal,normal
0.0,225.295,105.997,1.0,6.0,0.0,0.0,0.0,6.0,0.0,0.0,7.4021,0.6686,0.0,0.0,0.0,0.0,0.0,0.9738,0.0262,0.164,1.0,643,4,Normal,normal
0.0,224.54,105.811,1.0,6.0,0.0,0.0,0.0,6.0,0.0,0.0,7.4021,0.6686,0.0,0.0,0.0,0.0,0.0,0.9748,0.0252,0.2,1.0,643,5,Normal,normal
0.0,254.378,115.183,1.0,6.0,0.0,0.0,0.0,6.0,0.0,0.0,2.643,0.2387,0.0,0.0,0.0,0.0,0.0,0.9748,0.0252,-1.042,1.0,644,1,Normal,normal
0.0,252.75,115.077,1.0,6.0,0.0,0.0,0.0,6.0,0.0,0.0,2.643,0.2387,0.0,0.0,0.0,0.0,0.0,0.9732,0.0268,0.438,1.0,644,2,Normal,normal
0.0,251.782,115.128,1.0,6.0,0.0,0.0,0.0,6.0,0.0,0.0,2.643,0.2387,0.0,0.0,0.0,0.0,0.0,0.9776,0.0224,0.44,1.0,644,3,Normal,normal
0.0,250.935,115.125,1.0,6.0,0.0,0.0,0.0,6.0,0.0,0.0,2.643,0.2387,0.0,0.0,0.0,0.0,0.0,0.9779,0.0221,0.156,1.0,644,4,Normal,normal
0.0,250.172,115.028,1.0,6.0,0.0,0.0,0.0,6.0,0.0,0.0,2.643,0.2387,0.0,0.0,0.0,0.0,0.0,0.9705,0.0295,0.191,1.0,644,5,Normal,normal
0.0,233.91,124.069,1.0,6.0,0.0,0.0,0.0,6.0,0.0,0.0,1.2138,0.1096,0.0,0.0,0.0,0.0,0.0,0.9754,0.0246,-1.042,1.0,645,1,Normal,normal
0.0,232.365,123.89,1.0,6.0,0.0,0.0,0.0,6.0,0.0,0.0,1.2138,0.1096,0.0,0.0,0.0,0.0,0.0,0.9733,0.0267,0.452,1.0,645,2,Normal,normal
0.0,231.34,123.973,1.0,6.0,0.0,0.0,0.0,6.0,0.0,0.0,1.2138,0.1096,0.0,0.0,0.0,0.0,0.0,0.9758,0.0242,0.45,1.0,645,3,Normal,normal
0.0,230.377,123.955,1.0,6.0,0.0,0.0,0.0,6.0,0.0,0.0,1.2138,0.1096,0.0,0.0,0.0,0.0,0.0,0.9747,0.0253,0.162,1.0,645,4,Normal,normal
0.0,229.487,123.841,1.0,6.0,0.0,0.0,0.0,6.0,0.0,0.0,1.2138,0.1096,0.0,0.0,0.0,0.0,0.0,0.9692,0.0308,0.192,1.0,645,5,Normal,normal
0.0,243.277,117.227,1.0,6.0,0.0,0.0,0.0,6.0,0.0,0.0,1.4874,0.1344,0.0,0.0,0.0,0.0,0.0,0.9746,0.0254,-1.059,1.0,646,1,Normal,normal
0.0,241.702,117.059,1.0,6.0,0.0,0.0,0.0,6.0,0.0,0.0,1.4874,0.1344,0.0,0.0,0.0,0.0,0.0,0.9731,0.0269,0.442,1.0,646,2,Normal,normal
0.0,240.79,117.054,1.0,6.0,0.0,0.0,0.0,6.0,0.0,0.0,1.4874,0.1344,0.0,0.0,0.0,0.0,0.0,0.9721,0.0279,0.445,1.0,646,3,Normal,normal
0.0,239.848,117.037,1.0,6.0,0.0,0.0,0.0,6.0,0.0,0.0,1.4874,0.1344,0.0,0.0,0.0,0.0,0.0,0.9734,0.0266,0.166,1.0,646,4,Normal,normal
0.0,238.99,116.911,1.0,6.0,0.0,0.0,0.0,6.0,0.0,0.0,1.4874,0.1344,0.0,0.0,0.0,0.0,0.0,0.9728,0.0272,0.195,1.0,646,5,Normal,normal
0.0,255.59,88.733,1.0,6.0,0.0,0.0,0.0,6.0,0.0,0.0,2.3535,0.2126,0.0,0.0,0.0,0.0,0.0,0.9766,0.0234,-1.064,1.0,647,1,Normal,normal
0.0,254.115,88.687,1.0,6.0,0.0,0.0,0.0,6.0,0.0,0.0,2.3535,0.2126,0.0,0.0,0.0,0.0,0.0,0.9695,0.0305,0.451,1.0,647,2,Normal,normal
0.0,253.22,88.77,1.0,6.0,0.0,0.0,0.0,6.0,0.0,0.0,2.3535,0.2126,0.0,0.0,0.0,0.0,0.0,0.9745,0.0255,0.453,1.0,647,3,Normal,normal
0.0,252.253,88.653,1.0,6.0,0.0,0.0,0.0,6.0,0.0,0.0,2.3535,0.2126,0.0,0.0,0.0,0.0,0.0,0.9718,0.0282,0.164,1.0,647,4,Normal,normal
0.0,251.473,88.597,1.0,6.0,0.0,0.0,0.0,6.0,0.0,0.0,2.3535,0.2126,0.0,0.0,0.0,0.0,0.0,0.9728,0.0272,0.195,1.0,647,5,Cyber Intrusion,replay
0.0,220.457,99.759,1.0,6.0,0.0,0.0,0.0,6.0,0.0,0.0,2.2462,0.2029,0.0,0.0,0.0,0.0,0.0,0.9777,0.0223,-1.076,1.0,648,1,Normal,normal
0.0,219.147,99.622,1.0,6.0,0.0,0.0,0.0,6.0,0.0,0.0,2.2462,0.2029,0.0,0.0,0.0,0.0,0.0,0.9686,0.0314,0.46,1.0,648,2,Normal,normal
0.0,218.313,99.631,1.0,6.0,0.0,0.0,0.0,6.0,0.0,0.0,2.2462,0.2029,0.0,0.0,0.0,0.0,0.0,0.973,0.027,0.456,1.0,648,3,Normal,normal
0.0,217.402,99.531,1.0,6.0,0.0,0.0,0.0,6.0,0.0,0.0,2.2462,0.2029,0.0,0.0,0.0,0.0,0.0,0.9731,0.0269,0.169,1.0,648,4,Normal,normal
0.0,216.713,99.43,1.0,6.0,0.0,0.0,0.0,6.0,0.0,0.0,2.2462,0.2029,0.0,0.0,0.0,0.0,0.0,0.9728,0.0272,0.195,1.0,648,5,Cyber Intrusion,replay
0.0,225.895,95.307,1.0,6.0,0.0,0.0,0.0,6.0,0.0,0.0,2.268,0.2049,0.0,0.0,0.0,0.0,0.0,0.973,0.027,-1.101,1.0,649,1,Normal,normal
0.0,224.515,95.221,1.0,6.0,0.0,0.0,0.0,6.0,0.0,0.0,2.268,0.2049,0.0,0.0,0.0,0.0,0.0,0.9683,0.0317,0.47,1.0,649,2,Normal,normal
0.0,223.77,95.142,1.0,6.0,0.0,0.0,0.0,6.0,0.0,0.0,2.268,0.2049,0.0,0.0,0.0,0.0,0.0,0.9714,0.0286,0.466,1.0,649,3,Normal,normal
0.0,222.933,94.987,1.0,6.0,0.0,0.0,0.0,6.0,0.0,0.0,2.268,0.2049,0.0,0.0,0.0,0.0,0.0,0.9757,0.0243,0.167,1.0,649,4,Normal,normal
0.0,222.282,94.856,1.0,6.0,0.0,0.0,0.0,6.0,0.0,0.0,2.268,0.2049,0.0,0.0,0.0,0.0,0.0,0.9703,0.0297,0.209,1.0,649,5,Cyber Intrusion,replay
0.0,262.807,131.607,1.0,6.0,0.0,0.0,0.0,6.0,0.0,0.0,2.2376,0.2021,0.0,0.0,0.0,0.0,0.0,0.9734,0.0266,-1.117,1.0,650,1,Normal,normal
0.0,261.5,131.45,1.0,6.0,0.0,0.0,0.0,6.0,0.0,0.0,2.2376,0.2021,0.0,0.0,0.0,0.0,0.0,0.9741,0.0259,0.471,1.0,650,2,Normal,normal
0.0,260.732,131.322,1.0,6.0,0.0,0.0,0.0,6.0,0.0,0.0,2.2376,0.2021,0.0,0.0,0.0,0.0,0.0,0.9711,0.0289,0.473,1.0,650,3,Normal,normal
0.0,259.922,131.236,1.0,6.0,0.0,0.0,0.0,6.0,0.0,0.0,2.2376,0.2021,0.0,0.0,0.0,0.0,0.0,0.9745,0.0255,0.165,1.0,650,4,Normal,normal
0.0,259.255,130.95,1.0,6.0,0.0,0.0,0.0,6.0,0.0,0.0,2.2376,0.2021,0.0,0.0,0.0,0.0,0.0,0.9713,0.0287,0.208,1.0,650,5,Cyber Intrusion,replay
0.0,233.713,138.698,1.0,6.0,0.0,0.0,0.0,6.0,52.9267,1.0,3358.013,303.3298,1.0,52.9267,0.0,1.0,1.0,1.1655,0.1655,-1.141,1.0,651,1,Cyber Intrusion,data_injection
0.0,232.422,138.517,1.0,6.0,0.0,0.0,0.0,6.0,52.9267,0.0,3358.013,303.3298,1.0,10.052,0.0,1.0,1.0,0.9718,0.0282,0.488,1.0,651,2,Normal,normal
0.0,231.66,138.376,1.0,6.0,0.0,0.0,0.0,6.0,52.9267,0.0,3358.013,303.3298,1.0,11.2683,0.0,1.0,1.0,0.9695,0.0305,0.485,1.0,651,3,Normal,normal
0.0,230.472,138.666,1.0,6.0,0.0,0.0,0.0,6.0,52.9267,0.0,3358.013,303.3298,1.0,10.0961,0.0,1.0,1.0,0.9743,0.0257,0.171,1.0,651,4,Normal,normal
0.0,229.805,138.411,1.0,6.0,0.0,0.0,0.0,6.0,52.9267,0.0,3358.013,303.3298,1.0,10.7947,0.0,1.0,1.0,0.9679,0.0321,0.216,1.0,651,5,Normal,normal
0.0,241.427,133.143,1.0,6.0,0.0,0.0,0.0,6.0,53.6247,1.0,3447.8822,311.4477,1.0,53.6247,0.0,1.0,1.0,1.1655,0.1655,-1.19,1.0,652,1,Cyber Intrusion,data_injection
0.0,239.897,133.111,1.0,6.0,0.0,0.0,0.0,6.0,53.6247,0.0,3447.8822,311.4477,1.0,10.2011,0.0,1.0,1.0,0.9691,0.0309,0.505,1.0,652,2,Normal,normal
0.0,239.083,133.003,1.0,6.0,0.0,0.0,0.0,6.0,53.6247,0.0,3447.8822,311.4477,1.0,11.5339,0.0,1.0,1.0,0.9665,0.0335,0.503,1.0,652,3,Normal,normal
0.0,237.947,133.28,1.0,6.0,0.0,0.0,0.0,6.0,53.6247,0.0,3447.8822,311.4477,1.0,11.3003,0.0,1.0,1.0,0.9685,0.0315,0.175,1.0,652,4,Normal,normal
0.0,237.095,133.127,1.0,6.0,0.0,0.0,0.0,6.0,53.6247,0.0,3447.8822,311.4477,1.0,10.2812,0.0,1.0,1.0,0.9671,0.0329,0.223,1.0,652,5,Normal,normal
0.0,254.643,107.688,1.0,6.0,0.0,0.0,0.0,6.0,53.5505,1.0,3438.3948,310.5907,1.0,53.5505,0.0,1.0,1.0,1.1655,0.1655,-1.202,1.0,653,1,Cyber Intrusion,data_injection
0.0,253.207,107.689,1.0,6.0,0.0,0.0,0.0,6.0,53.5505,0.0,3438.3948,310.5907,1.0,10.7539,0.0,1.0,1.0,0.9676,0.0324,0.506,1.0,653,2,Normal,normal
0.0,252.363,107.582,1.0,6.0,0.0,0.0,0.0,6.0,53.5505,0.0,3438.3948,310.5907,1.0,9.8826,0.0,1.0,1.0,0.9716,0.0284,0.506,1.0,653,3,Normal,normal
0.0,251.195,108.101,1.0,6.0,0.0,0.0,0.0,6.0,53.5505,0.0,3438.3948,310.5907,1.0,10.5418,0.0,1.0,1.0,0.971,0.029,0.184,1.0,653,4,Normal,normal
0.0,250.428,108.291,1.0,6.0,0.0,0.0,0.0,6.0,53.5505,0.0,3438.3948,310.5907,1.0,11.8271,0.0,1.0,1.0,0.9626,0.0374,0.224,1.0,653,5,Normal,normal
0.0,226.52,118.06,1.0,6.0,0.0,0.0,0.0,6.0,53.7581,1.0,3463.5,312.8585,1.0,53.7581,0.0,1.0,1.0,1.1655,0.1655,-1.247,1.0,654,1,Cyber Intrusion,data_injection
0.0,225.152,117.978,1.0,6.0,0.0,0.0,0.0,6.0,53.7581,0.0,3463.5,312.8585,1.0,10.8341,0.0,1.0,1.0,0.9665,0.0335,0.531,1.0,654,2,Normal,normal
0.0,224.302,117.88,1.0,6.0,0.0,0.0,0.0,6.0,53.7581,0.0,3463.5,312.8585,1.0,10.7851,0.0,1.0,1.0,0.9681,0.0319,0.533,1.0,654,3,Normal,normal
0.0,223.1,118.249,1.0,6.0,0.0,0.0,0.0,6.0,53.7581,0.0,3463.5,312.8585,1.0,10.1684,0.0,1.0,1.0,0.9714,0.0286,0.187,1.0,654,4,Normal,normal
0.0,222.188,118.373,1.0,6.0,0.0,0.0,0.0,6.0,53.7581,0.0,3463.5,312.8585,1.0,11.2953,0.0,1.0,1.0,0.9633,0.0367,0.235,1.0,654,5,Normal,normal
0.0,232.167,113.908,1.0,6.0,0.0,0.0,0.0,6.0,54.1287,1.0,3513.2259,317.3502,1.0,54.1287,0.0,1.0,1.0,1.1655,0.1655,-1.289,1.0,655,1,Cyber Intrusion,data_injection
0.0,230.713,113.899,1.0,6.0,0.0,0.0,0.0,6.0,54.1287,0.0,3513.2259,317.3502,1.0,11.4889,0.0,1.0,1.0,0.9633,0.0367,0.547,1.0,655,2,Normal,normal
0.0,229.828,113.829,1.0,6.0,0.0,0.0,0.0,6.0,54.1287,0.0,3513.2259,317.3502,1.0,10.9126,0.0,1.0,1.0,0.9665,0.0335,0.552,1.0,655,3,Normal,normal
0.0,229.08,113.815,1.0,6.0,0.0,0.0,0.0,6.0,54.1287,0.0,3513.2259,317.3502,1.0,9.5161,0.0,1.0,1.0,0.9721,0.0279,0.202,1.0,655,4,Normal,normal
0.0,228.147,113.969,1.0,6.0,0.0,0.0,0.0,6.0,54.1287,0.0,3513.2259,317.3502,1.0,11.5155,0.0,1.0,1.0,0.9613,0.0387,0.24,1.0,655,5,Normal,normal
0.0,280.303,155.865,1.0,6.0,0.0,0.0,0.0,6.0,54.3416,1.0,3538.5537,319.6381,1.0,54.3416,0.0,1.0,1.0,1.1655,0.1655,-1.311,1.0,656,1,Cyber Intrusion,data_injection
0.0,279.192,155.842,1.0,6.0,0.0,0.0,0.0,6.0,54.3416,0.0,3538.5537,319.6381,1.0,11.2316,0.0,1.0,1.0,0.9633,0.0367,0.555,1.0,656,2,Normal,normal
0.0,278.433,155.916,1.0,6.0,0.0,0.0,0.0,6.0,54.3416,0.0,3538.5537,319.6381,1.0,10.6201,0.0,1.0,1.0,0.9667,0.0333,0.554,1.0,656,3,Normal,normal
0.0,277.792,156.014,1.0,6.0,0.0,0.0,0.0,6.0,54.3416,0.0,3538.5537,319.6381,1.0,10.7329,0.0,1.0,1.0,0.9678,0.0322,0.194,1.0,656,4,Normal,normal
0.0,277.027,155.963,1.0,6.0,0.0,0.0,0.0,6.0,54.3416,0.0,3538.5537,319.6381,1.0,11.072,0.0,1.0,1.0,0.9619,0.0381,0.233,1.0,656,5,Normal,normal
0.0,251.818,165.151,1.0,6.0,0.0,0.0,0.0,6.0,0.0,0.0,3.0217,0.273,0.0,0.0,0.0,0.0,0.0,0.9713,0.0287,-1.366,1.0,657,1,Cyber Intrusion,data_injection
0.0,250.478,165.239,1.0,6.0,0.0,0.0,0.0,6.0,0.0,0.0,3.0217,0.273,0.0,0.0,0.0,0.0,0.0,0.9625,0.0375,0.577,1.0,657,2,Normal,normal
0.0,249.755,165.315,1.0,6.0,0.0,0.0,0.0,6.0,0.0,0.0,3.0217,0.273,0.0,0.0,0.0,0.0,0.0,0.9651,0.0349,0.58,1.0,657,3,Normal,normal
0.0,249.202,165.38,1.0,6.0,0.0,0.0,0.0,6.0,0.0,0.0,3.0217,0.273,0.0,0.0,0.0,0.0,0.0,0.9637,0.0363,0.202,1.0,657,4,Normal,normal
0.0,248.552,165.294,1.0,6.0,0.0,0.0,0.0,6.0,0.0,0.0,3.0217,0.273,0.0,0.0,0.0,0.0,0.0,0.9651,0.0349,0.25,1.0,657,5,Normal,normal
0.0,257.977,160.808,1.0,6.0,0.0,0.0,0.0,6.0,0.0,0.0,1.5032,0.1358,0.0,0.0,0.0,0.0,0.0,0.9708,0.0292,-1.402,1.0,658,1,Cyber Intrusion,data_injection
0.0,256.328,161.095,1.0,6.0,0.0,0.0,0.0,6.0,0.0,0.0,1.5032,0.1358,0.0,0.0,0.0,0.0,0.0,0.9647,0.0353,0.592,1.0,658,2,Normal,normal
0.0,255.58,161.179,1.0,6.0,0.0,0.0,0.0,6.0,0.0,0.0,1.5032,0.1358,0.0,0.0,0.0,0.0,0.0,0.9622,0.0378,0.599,1.0,658,3,Normal,normal
0.0,254.918,161.306,1.0,6.0,0.0,0.0,0.0,6.0,0.0,0.0,1.5032,0.1358,0.0,0.0,0.0,0.0,0.0,0.9651,0.0349,0.215,1.0,658,4,Normal,normal
0.0,254.138,161.301,1.0,6.0,0.0,0.0,0.0,6.0,0.0,0.0,1.5032,0.1358,0.0,0.0,0.0,0.0,0.0,0.9613,0.0387,0.266,1.0,658,5,Normal,normal
0.0,260.805,105.99,1.0,6.0,0.0,0.0,0.0,6.0,0.0,0.0,0.6626,0.0599,0.0,0.0,0.0,0.0,0.0,0.9676,0.0324,-1.434,1.0,659,1,Cyber Intrusion,data_injection
0.0,259.158,106.394,1.0,6.0,0.0,0.0,0.0,6.0,0.0,0.0,0.6626,0.0599,0.0,0.0,0.0,0.0,0.0,0.9592,0.0408,0.605,1.0,659,2,Normal,normal
0.0,258.482,106.521,1.0,6.0,0.0,0.0,0.0,6.0,0.0,0.0,0.6626,0.0599,0.0,0.0,0.0,0.0,0.0,0.963,0.037,0.602,1.0,659,3,Normal,normal
0.0,257.727,106.522,1.0,6.0,0.0,0.0,0.0,6.0,0.0,0.0,0.6626,0.0599,0.0,0.0,0.0,0.0,0.0,0.965,0.035,0.222,1.0,659,4,Normal,normal
0.0,257.022,106.641,1.0,6.0,0.0,0.0,0.0,6.0,0.0,0.0,0.6626,0.0599,0.0,0.0,0.0,0.0,0.0,0.9596,0.0404,0.274,1.0,659,5,Normal,normal
0.0,228.93,113.154,1.0,6.0,0.0,0.0,0.0,6.0,0.0,0.0,4.5711,0.4129,0.0,0.0,0.0,0.0,0.0,0.9615,0.0385,-1.469,1.0,660,1,Cyber Intrusion,data_injection
0.0,227.345,113.301,1.0,6.0,0.0,0.0,0.0,6.0,0.0,0.0,4.5711,0.4129,0.0,0.0,0.0,0.0,0.0,0.9635,0.0365,0.628,1.0,660,2,Normal,normal
0.0,226.713,113.368,1.0,6.0,0.0,0.0,0.0,6.0,0.0,0.0,4.5711,0.4129,0.0,0.0,0.0,0.0,0.0,0.962,0.038,0.626,1.0,660,3,Normal,normal
0.0,224.782,114.35,1.0,6.0,0.0,0.0,0.0,6.0,0.0,0.0,4.5711,0.4129,0.0,0.0,0.0,0.0,0.0,0.9644,0.0356,0.229,1.0,660,4,Normal,normal
0.0,224.042,114.406,1.0,6.0,0.0,0.0,0.0,6.0,0.0,0.0,4.5711,0.4129,0.0,0.0,0.0,0.0,0.0,0.9561,0.0439,0.274,1.0,660,5,Normal,normal
0.0,236.415,106.818,1.0,6.0,0.0,0.0,0.0,6.0,0.0,0.0,1.0639,0.0961,0.0,0.0,0.0,0.0,0.0,0.9648,0.0352,-1.507,1.0,661,1,Cyber Intrusion,data_injection
0.0,234.947,106.884,1.0,6.0,0.0,0.0,0.0,6.0,0.0,0.0,1.0639,0.0961,0.0,0.0,0.0,0.0,0.0,0.958,0.042,0.636,1.0,661,2,Normal,normal
0.0,234.333,106.943,1.0,6.0,0.0,0.0,0.0,6.0,0.0,0.0,1.0639,0.0961,0.0,0.0,0.0,0.0,0.0,0.9632,0.0368,0.633,1.0,661,3,Normal,normal
0.0,232.473,108.042,1.0,6.0,0.0,0.0,0.0,6.0,0.0,0.0,1.0639,0.0961,0.0,0.0,0.0,0.0,0.0,0.9625,0.0375,0.227,1.0,661,4,Normal,normal
0.0,231.833,108.04,1.0,6.0,0.0,0.0,0.0,6.0,0.0,0.0,1.0639,0.0961,0.0,0.0,0.0,0.0,0.0,0.9584,0.0416,0.28,1.0,661,5,Normal,normal
0.0,278.135,122.544,1.0,6.0,0.0,0.0,0.0,6.0,0.0,0.0,5.1075,0.4614,0.0,0.0,0.0,0.0,0.0,0.9637,0.0363,-1.524,1.0,662,1,Normal,normal
0.0,277.052,122.44,1.0,6.0,0.0,0.0,0.0,6.0,0.0,0.0,5.1075,0.4614,0.0,0.0,0.0,0.0,0.0,0.9587,0.0413,0.644,1.0,662,2,Normal,normal
0.0,276.465,122.34,1.0,6.0,0.0,0.0,0.0,6.0,0.0,0.0,5.1075,0.4614,0.0,0.0,0.0,0.0,0.0,0.9662,0.0338,0.639,1.0,662,3,Normal,normal
0.0,274.678,123.566,1.0,6.0,0.0,0.0,0.0,6.0,0.0,0.0,5.1075,0.4614,0.0,0.0,0.0,0.0,0.0,0.959,0.041,0.224,1.0,662,4,Normal,normal
0.0,274.192,123.433,1.0,6.0,0.0,0.0,0.0,6.0,0.0,0.0,5.1075,0.4614,0.0,0.0,0.0,0.0,0.0,0.9569,0.0431,0.288,1.0,662,5,Normal,normal
0.0,236.76,126.75,1.0,6.0,0.0,0.0,0.0,6.0,0.0,0.0,4.9227,0.4447,0.0,0.0,0.0,0.0,0.0,0.9617,0.0383,-1.544,1.0,663,1,Normal,normal
0.0,235.69,126.634,1.0,6.0,0.0,0.0,0.0,6.0,0.0,0.0,4.9227,0.4447,0.0,0.0,0.0,0.0,0.0,0.9527,0.0473,0.657,1.0,663,2,Normal,normal
0.0,235.098,126.513,1.0,6.0,0.0,0.0,0.0,6.0,0.0,0.0,4.9227,0.4447,0.0,0.0,0.0,0.0,0.0,0.9597,0.0403,0.651,1.0,663,3,Normal,normal
0.0,233.417,127.356,1.0,6.0,0.0,0.0,0.0,6.0,0.0,0.0,4.9227,0.4447,0.0,0.0,0.0,0.0,0.0,0.9647,0.0353,0.233,1.0,663,4,Normal,normal
0.0,232.827,127.213,1.0,6.0,0.0,0.0,0.0,6.0,0.0,0.0,4.9227,0.4447,0.0,0.0,0.0,0.0,0.0,0.9543,0.0457,0.29,1.0,663,5,Normal,normal
0.0,241.155,123.335,1.0,6.0,0.0,0.0,0.0,6.0,0.0,0.0,1.5793,0.1427,0.0,0.0,0.0,0.0,0.0,0.9632,0.0368,-1.567,1.0,664,1,Normal,normal
0.0,239.793,123.427,1.0,6.0,0.0,0.0,0.0,6.0,0.0,0.0,1.5793,0.1427,0.0,0.0,0.0,0.0,0.0,0.9598,0.0402,0.665,1.0,664,2,Normal,normal
0.0,239.122,123.366,1.0,6.0,0.0,0.0,0.0,6.0,0.0,0.0,1.5793,0.1427,0.0,0.0,0.0,0.0,0.0,0.9573,0.0427,0.66,1.0,664,3,Normal,normal
0.0,238.598,123.186,1.0,6.0,0.0,0.0,0.0,6.0,0.0,0.0,1.5793,0.1427,0.0,0.0,0.0,0.0,0.0,0.9619,0.0381,0.238,1.0,664,4,Normal,normal
0.0,238.012,123.033,1.0,6.0,0.0,0.0,0.0,6.0,0.0,0.0,1.5793,0.1427,0.0,0.0,0.0,0.0,0.0,0.954,0.046,0.289,1.0,664,5,Normal,normal
0.0,259.943,115.57,1.0,6.0,0.0,0.0,0.0,6.0,0.0,0.0,0.7105,0.0642,0.0,0.0,0.0,0.0,0.0,0.9642,0.0358,-1.565,1.0,665,1,Normal,normal
0.0,258.565,115.861,1.0,6.0,0.0,0.0,0.0,6.0,0.0,0.0,0.7105,0.0642,0.0,0.0,0.0,0.0,0.0,0.956,0.044,0.663,1.0,665,2,Normal,normal
0.0,257.873,115.867,1.0,6.0,0.0,0.0,0.0,6.0,0.0,0.0,0.7105,0.0642,0.0,0.0,0.0,0.0,0.0,0.9603,0.0397,0.658,1.0,665,3,Normal,normal
0.0,257.258,115.773,1.0,6.0,0.0,0.0,0.0,6.0,0.0,0.0,0.7105,0.0642,0.0,0.0,0.0,0.0,0.0,0.9621,0.0379,0.238,1.0,665,4,Normal,normal
0.0,256.608,115.694,1.0,6.0,0.0,0.0,0.0,6.0,0.0,0.0,0.7105,0.0642,0.0,0.0,0.0,0.0,0.0,0.9541,0.0459,0.287,1.0,665,5,Normal,normal
0.0,225.56,118.577,1.0,6.0,0.0,0.0,0.0,6.0,0.0,0.0,3.821,0.3452,0.0,0.0,0.0,0.0,0.0,0.965,0.035,-1.555,1.0,666,1,Normal,normal
0.0,223.948,118.897,1.0,6.0,0.0,0.0,0.0,6.0,0.0,0.0,3.821,0.3452,0.0,0.0,0.0,0.0,0.0,0.9607,0.0393,0.66,1.0,666,2,Normal,normal
0.0,223.238,118.914,1.0,6.0,0.0,0.0,0.0,6.0,0.0,0.0,3.821,0.3452,0.0,0.0,0.0,0.0,0.0,0.9563,0.0437,0.661,1.0,666,3,Normal,normal
0.0,222.71,118.848,1.0,6.0,0.0,0.0,0.0,6.0,0.0,0.0,3.821,0.3452,0.0,0.0,0.0,0.0,0.0,0.9578,0.0422,0.236,1.0,666,4,Normal,normal
0.0,222.072,118.792,1.0,6.0,0.0,0.0,0.0,6.0,0.0,0.0,3.821,0.3452,0.0,0.0,0.0,0.0,0.0,0.9553,0.0447,0.289,1.0,666,5,Normal,normal
0.0,229.35,115.328,1.0,6.0,0.0,0.0,0.0,6.0,0.0,0.0,5.5161,0.4983,0.0,0.0,0.0,0.0,0.0,0.9622,0.0378,-1.541,1.0,667,1,Normal,normal
0.0,227.67,115.733,1.0,6.0,0.0,0.0,0.0,6.0,0.0,0.0,5.5161,0.4983,0.0,0.0,0.0,0.0,0.0,0.9525,0.0475,0.659,1.0,667,2,Normal,normal
0.0,226.945,115.769,1.0,6.0,0.0,0.0,0.0,6.0,0.0,0.0,5.5161,0.4983,0.0,0.0,0.0,0.0,0.0,0.9617,0.0383,0.651,1.0,667,3,Normal,normal
0.0,226.387,115.73,1.0,6.0,0.0,0.0,0.0,6.0,0.0,0.0,5.5161,0.4983,0.0,0.0,0.0,0.0,0.0,0.9631,0.0369,0.234,1.0,667,4,Normal,normal
0.0,225.742,115.684,1.0,6.0,0.0,0.0,0.0,6.0,0.0,0.0,5.5161,0.4983,0.0,0.0,0.0,0.0,0.0,0.9582,0.0418,0.289,1.0,667,5,Normal,normal
0.0,246.272,94.829,1.0,6.0,0.0,0.0,0.0,6.0,0.0,0.0,0.7835,0.0708,0.0,0.0,0.0,0.0,0.0,0.9656,0.0344,-1.532,1.0,668,1,Normal,normal
0.0,244.643,94.846,1.0,6.0,0.0,0.0,0.0,6.0,0.0,0.0,0.7835,0.0708,0.0,0.0,0.0,0.0,0.0,0.9596,0.0404,0.653,1.0,668,2,Normal,normal
0.0,243.838,94.694,1.0,6.0,0.0,0.0,0.0,6.0,0.0,0.0,0.7835,0.0708,0.0,0.0,0.0,0.0,0.0,0.9606,0.0394,0.654,1.0,668,3,Normal,normal
0.0,243.242,94.553,1.0,6.0,0.0,0.0,0.0,6.0,0.0,0.0,0.7835,0.0708,0.0,0.0,0.0,0.0,0.0,0.9642,0.0358,0.235,1.0,668,4,Normal,normal
0.0,242.587,94.535,1.0,6.0,0.0,0.0,0.0,6.0,0.0,0.0,0.7835,0.0708,0.0,0.0,0.0,0.0,0.0,0.9548,0.0452,0.281,1.0,668,5,Normal,normal
0.0,219.627,102.336,1.0,6.0,0.0,0.0,0.0,6.0,0.0,0.0,1.4229,0.1285,0.0,0.0,0.0,0.0,0.0,0.9664,0.0336,-1.496,1.0,669,1,Normal,normal
0.0,218.223,102.235,1.0,6.0,0.0,0.0,0.0,6.0,0.0,0.0,1.4229,0.1285,0.0,0.0,0.0,0.0,0.0,0.9574,0.0426,0.634,1.0,669,2,Normal,normal
0.0,217.433,102.029,1.0,6.0,0.0,0.0,0.0,6.0,0.0,0.0,1.4229,0.1285,0.0,0.0,0.0,0.0,0.0,0.9638,0.0362,0.642,1.0,669,3,Normal,normal
0.0,216.833,101.904,1.0,6.0,0.0,0.0,0.0,6.0,0.0,0.0,1.4229,0.1285,0.0,0.0,0.0,0.0,0.0,0.9649,0.0351,0.224,1.0,669,4,Normal,normal
0.0,216.197,101.819,1.0,6.0,0.0,0.0,0.0,6.0,0.0,0.0,1.4229,0.1285,0.0,0.0,0.0,0.0,0.0,0.9578,0.0422,0.276,1.0,669,5,Normal,normal
0.0,218.012,103.857,1.0,6.0,0.0,0.0,0.0,6.0,0.0,0.0,1.1616,0.1049,0.0,0.0,0.0,0.0,0.0,0.968,0.032,-1.476,1.0,670,1,Normal,normal
0.0,216.665,103.709,1.0,6.0,0.0,0.0,0.0,6.0,0.0,0.0,1.1616,0.1049,0.0,0.0,0.0,0.0,0.0,0.9584,0.0416,0.631,1.0,670,2,Normal,normal
0.0,215.897,103.483,1.0,6.0,0.0,0.0,0.0,6.0,0.0,0.0,1.1616,0.1049,0.0,0.0,0.0,0.0,0.0,0.9601,0.0399,0.628,1.0,670,3,Normal,normal
0.0,215.298,103.354,1.0,6.0,0.0,0.0,0.0,6.0,0.0,0.0,1.1616,0.1049,0.0,0.0,0.0,0.0,0.0,0.9646,0.0354,0.225,1.0,670,4,Normal,normal
0.0,214.747,103.191,1.0,6.0,0.0,0.0,0.0,6.0,0.0,0.0,1.1616,0.1049,0.0,0.0,0.0,0.0,0.0,0.9582,0.0418,0.27,1.0,670,5,Normal,normal
0.0,185.007,77.806,1.0,6.0,0.0,0.0,0.0,6.0,0.0,0.0,3.3202,0.2999,0.0,0.0,0.0,0.0,0.0,0.9659,0.0341,-1.433,1.0,671,1,Normal,normal
0.0,183.767,77.719,1.0,6.0,0.0,0.0,0.0,6.0,0.0,0.0,3.3202,0.2999,0.0,0.0,0.0,0.0,0.0,0.9618,0.0382,0.614,1.0,671,2,Normal,normal
0.0,183.048,77.695,1.0,6.0,0.0,0.0,0.0,6.0,0.0,0.0,3.3202,0.2999,0.0,0.0,0.0,0.0,0.0,0.9673,0.0327,0.603,1.0,671,3,Normal,normal
0.0,182.427,77.657,1.0,6.0,0.0,0.0,0.0,6.0,0.0,0.0,3.3202,0.2999,0.0,0.0,0.0,0.0,0.0,0.9637,0.0363,0.222,1.0,671,4,Normal,normal
0.0,181.838,77.485,1.0,6.0,0.0,0.0,0.0,6.0,0.0,0.0,3.3202,0.2999,0.0,0.0,0.0,0.0,0.0,0.9564,0.0436,0.266,1.0,671,5,Normal,normal
0.0,157.102,38.833,1.0,6.0,0.0,0.0,0.0,6.0,0.0,0.0,3.4036,0.3074,0.0,0.0,0.0,0.0,0.0,0.9654,0.0346,-1.38,1.0,672,1,Normal,normal
0.0,155.827,38.705,1.0,6.0,0.0,0.0,0.0,6.0,0.0,0.0,3.4036,0.3074,0.0,0.0,0.0,0.0,0.0,0.9646,0.0354,0.585,1.0,672,2,Normal,normal
0.0,155.075,38.569,1.0,6.0,0.0,0.0,0.0,6.0,0.0,0.0,3.4036,0.3074,0.0,0.0,0.0,0.0,0.0,0.9634,0.0366,0.58,1.0,672,3,Normal,normal
0.0,154.492,38.561,1.0,6.0,0.0,0.0,0.0,6.0,0.0,0.0,3.4036,0.3074,0.0,0.0,0.0,0.0,0.0,0.9646,0.0354,0.214,1.0,672,4,Normal,normal
0.0,153.977,38.528,1.0,6.0,0.0,0.0,0.0,6.0,0.0,0.0,3.4036,0.3074,0.0,0.0,0.0,0.0,0.0,0.9642,0.0358,0.259,1.0,672,5,Normal,normal
0.0,232.358,124.754,1.0,6.0,0.0,0.0,0.0,6.0,0.0,0.0,2.1362,0.193,0.0,0.0,0.0,0.0,0.0,0.9723,0.0277,-1.358,1.0,673,1,Normal,normal
0.0,230.918,124.706,1.0,6.0,0.0,0.0,0.0,6.0,0.0,0.0,2.1362,0.193,0.0,0.0,0.0,0.0,0.0,0.9641,0.0359,0.569,1.0,673,2,Normal,normal
0.0,230.002,124.456,1.0,6.0,0.0,0.0,0.0,6.0,0.0,0.0,2.1362,0.193,0.0,0.0,0.0,0.0,0.0,0.9682,0.0318,0.583,1.0,673,3,Normal,normal
0.0,229.022,124.113,1.0,6.0,0.0,0.0,0.0,6.0,0.0,0.0,2.1362,0.193,0.0,0.0,0.0,0.0,0.0,0.968,0.032,0.205,1.0,673,4,Normal,normal
0.0,228.105,123.807,1.0,6.0,0.0,0.0,0.0,6.0,0.0,0.0,2.1362,0.193,0.0,0.0,0.0,0.0,0.0,0.9592,0.0408,0.242,1.0,673,5,Normal,normal
0.0,234.258,122.655,1.0,6.0,0.0,0.0,0.0,6.0,0.0,0.0,1.6305,0.1473,0.0,0.0,0.0,0.0,0.0,0.9698,0.0302,-1.299,1.0,674,1,Normal,normal
0.0,232.935,122.547,1.0,6.0,0.0,0.0,0.0,6.0,0.0,0.0,1.6305,0.1473,0.0,0.0,0.0,0.0,0.0,0.9645,0.0355,0.547,1.0,674,2,Normal,normal
0.0,232.03,122.294,1.0,6.0,0.0,0.0,0.0,6.0,0.0,0.0,1.6305,0.1473,0.0,0.0,0.0,0.0,0.0,0.9666,0.0334,0.544,1.0,674,3,Normal,normal
0.0,230.972,121.997,1.0,6.0,0.0,0.0,0.0,6.0,0.0,0.0,1.6305,0.1473,0.0,0.0,0.0,0.0,0.0,0.9676,0.0324,0.196,1.0,674,4,Normal,normal
0.0,229.925,121.747,1.0,6.0,0.0,0.0,0.0,6.0,0.0,0.0,1.6305,0.1473,0.0,0.0,0.0,0.0,0.0,0.9668,0.0332,0.235,1.0,674,5,Normal,normal
0.0,245.058,114.712,1.0,6.0,0.0,0.0,0.0,6.0,0.0,0.0,2.272,0.2052,0.0,0.0,0.0,0.0,0.0,0.9745,0.0255,-1.242,1.0,675,1,Normal,normal
0.0,243.48,114.77,1.0,6.0,0.0,0.0,0.0,6.0,0.0,0.0,2.272,0.2052,0.0,0.0,0.0,0.0,0.0,0.9653,0.0347,0.534,1.0,675,2,Normal,normal
0.0,242.525,114.521,1.0,6.0,0.0,0.0,0.0,6.0,0.0,0.0,2.272,0.2052,0.0,0.0,0.0,0.0,0.0,0.9667,0.0333,0.527,1.0,675,3,Normal,normal
0.0,241.458,114.228,1.0,6.0,0.0,0.0,0.0,6.0,0.0,0.0,2.272,0.2052,0.0,0.0,0.0,0.0,0.0,0.9705,0.0295,0.19,1.0,675,4,Normal,normal
0.0,240.333,114.027,1.0,6.0,0.0,0.0,0.0,6.0,0.0,0.0,2.272,0.2052,0.0,0.0,0.0,0.0,0.0,0.9683,0.0317,0.234,1.0,675,5,Normal,normal
0.0,301.263,143.218,1.0,6.0,0.0,0.0,0.0,6.0,0.0,0.0,2.418,0.2184,0.0,0.0,0.0,0.0,0.0,0.9719,0.0281,-1.209,1.0,676,1,Normal,normal
0.0,299.42,142.95,1.0,6.0,0.0,0.0,0.0,6.0,0.0,0.0,2.418,0.2184,0.0,0.0,0.0,0.0,0.0,0.97,0.03,0.518,1.0,676,2,Normal,normal
0.0,298.425,142.734,1.0,6.0,0.0,0.0,0.0,6.0,0.0,0.0,2.418,0.2184,0.0,0.0,0.0,0.0,0.0,0.9662,0.0338,0.52,1.0,676,3,Normal,normal
0.0,297.25,142.584,1.0,6.0,0.0,0.0,0.0,6.0,0.0,0.0,2.418,0.2184,0.0,0.0,0.0,0.0,0.0,0.9694,0.0306,0.186,1.0,676,4,Normal,normal
0.0,296.057,142.552,1.0,6.0,0.0,0.0,0.0,6.0,0.0,0.0,2.418,0.2184,0.0,0.0,0.0,0.0,0.0,0.968,0.032,0.219,1.0,676,5,Normal,normal
0.0,265.947,157.771,1.0,6.0,0.0,0.0,0.0,6.0,0.0,0.0,1.2618,0.114,0.0,0.0,0.0,0.0,0.0,0.9733,0.0267,-1.156,1.0,677,1,Normal,normal
0.0,263.988,157.542,1.0,6.0,0.0,0.0,0.0,6.0,0.0,0.0,1.2618,0.114,0.0,0.0,0.0,0.0,0.0,0.9701,0.0299,0.489,1.0,677,2,Normal,normal
0.0,262.985,157.323,1.0,6.0,0.0,0.0,0.0,6.0,0.0,0.0,1.2618,0.114,0.0,0.0,0.0,0.0,0.0,0.9679,0.0321,0.499,1.0,677,3,Normal,normal
0.0,262.162,157.221,1.0,6.0,0.0,0.0,0.0,6.0,0.0,0.0,1.2618,0.114,0.0,0.0,0.0,0.0,0.0,0.971,0.029,0.178,1.0,677,4,Normal,normal
0.0,261.368,157.149,1.0,6.0,0.0,0.0,0.0,6.0,0.0,0.0,1.2618,0.114,0.0,0.0,0.0,0.0,0.0,0.9686,0.0314,0.213,1.0,677,5,Normal,normal
0.0,273.055,152.485,1.0,6.0,0.0,0.0,0.0,6.0,0.0,0.0,1.6358,0.1478,0.0,0.0,0.0,0.0,0.0,0.9738,0.0262,-1.1,1.0,678,1,Normal,normal
0.0,271.027,152.325,1.0,6.0,0.0,0.0,0.0,6.0,0.0,0.0,1.6358,0.1478,0.0,0.0,0.0,0.0,0.0,0.9686,0.0314,0.467,1.0,678,2,Normal,normal
0.0,269.913,152.189,1.0,6.0,0.0,0.0,0.0,6.0,0.0,0.0,1.6358,0.1478,0.0,0.0,0.0,0.0,0.0,0.9705,0.0295,0.463,1.0,678,3,Normal,normal
0.0,269.043,152.128,1.0,6.0,0.0,0.0,0.0,6.0,0.0,0.0,1.6358,0.1478,0.0,0.0,0.0,0.0,0.0,0.975,0.025,0.17,1.0,678,4,Normal,normal
0.0,268.227,152.084,1.0,6.0,0.0,0.0,0.0,6.0,0.0,0.0,1.6358,0.1478,0.0,0.0,0.0,0.0,0.0,0.9704,0.0296,0.202,1.0,678,5,Normal,normal
0.0,295.708,141.83,1.0,6.0,0.0,0.0,0.0,6.0,0.0,0.0,0.2593,0.0234,0.0,0.0,0.0,0.0,0.0,0.9753,0.0247,-1.073,1.0,679,1,Normal,normal
0.0,293.83,141.608,1.0,6.0,0.0,0.0,0.0,6.0,0.0,0.0,0.2593,0.0234,0.0,0.0,0.0,0.0,0.0,0.9714,0.0286,0.456,1.0,679,2,Normal,normal
0.0,292.79,141.486,1.0,6.0,0.0,0.0,0.0,6.0,0.0,0.0,0.2593,0.0234,0.0,0.0,0.0,0.0,0.0,0.973,0.027,0.452,1.0,679,3,Normal,normal
0.0,291.915,141.39,1.0,6.0,0.0,0.0,0.0,6.0,0.0,0.0,0.2593,0.0234,0.0,0.0,0.0,0.0,0.0,0.9735,0.0265,0.159,1.0,679,4,Normal,normal
0.0,291.225,141.358,1.0,6.0,0.0,0.0,0.0,6.0,0.0,0.0,0.2593,0.0234,0.0,0.0,0.0,0.0,0.0,0.9707,0.0293,0.201,1.0,679,5,Normal,normal
0.0,239.668,133.653,1.0,6.0,0.0,0.0,0.0,6.0,0.0,0.0,1.7474,0.1578,0.0,0.0,0.0,0.0,0.0,0.9758,0.0242,-1.037,1.0,680,1,Normal,normal
0.0,238.05,133.351,1.0,6.0,0.0,0.0,0.0,6.0,0.0,0.0,1.7474,0.1578,0.0,0.0,0.0,0.0,0.0,0.9706,0.0294,0.443,1.0,680,2,Normal,normal
0.0,237.17,133.152,1.0,6.0,0.0,0.0,0.0,6.0,0.0,0.0,1.7474,0.1578,0.0,0.0,0.0,0.0,0.0,0.9749,0.0251,0.437,1.0,680,3,Normal,normal
0.0,236.373,133.007,1.0,6.0,0.0,0.0,0.0,6.0,0.0,0.0,1.7474,0.1578,0.0,0.0,0.0,0.0,0.0,0.978,0.022,0.157,1.0,680,4,Normal,normal
0.0,235.763,132.944,1.0,6.0,0.0,0.0,0.0,6.0,0.0,0.0,1.7474,0.1578,0.0,0.0,0.0,0.0,0.0,0.9709,0.0291,0.193,1.0,680,5,Normal,normal
0.0,260.475,122.143,1.0,6.0,0.0,0.0,0.0,6.0,0.0,0.0,1.3001,0.1174,0.0,0.0,0.0,0.0,0.0,0.9807,0.0193,-0.996,1.0,681,1,Normal,normal
0.0,258.758,121.894,1.0,6.0,0.0,0.0,0.0,6.0,0.0,0.0,1.3001,0.1174,0.0,0.0,0.0,0.0,0.0,0.9726,0.0274,0.421,1.0,681,2,Normal,normal
0.0,257.815,121.749,1.0,6.0,0.0,0.0,0.0,6.0,0.0,0.0,1.3001,0.1174,0.0,0.0,0.0,0.0,0.0,0.974,0.026,0.42,1.0,681,3,Normal,normal
0.0,257.037,121.578,1.0,6.0,0.0,0.0,0.0,6.0,0.0,0.0,1.3001,0.1174,0.0,0.0,0.0,0.0,0.0,0.9758,0.0242,0.153,1.0,681,4,Normal,normal
0.0,256.408,121.527,1.0,6.0,0.0,0.0,0.0,6.0,0.0,0.0,1.3001,0.1174,0.0,0.0,0.0,0.0,0.0,0.974,0.026,0.186,1.0,681,5,Normal,normal
0.0,291.512,128.175,1.0,6.0,0.0,0.0,0.0,6.0,0.0,0.0,5.0732,0.4583,0.0,0.0,0.0,0.0,0.0,0.9772,0.0228,-0.981,1.0,682,1,Normal,normal
0.0,290.007,128.206,1.0,6.0,0.0,0.0,0.0,6.0,0.0,0.0,5.0732,0.4583,0.0,0.0,0.0,0.0,0.0,0.9783,0.0217,0.417,1.0,682,2,Normal,normal
0.0,289.197,128.075,1.0,6.0,0.0,0.0,0.0,6.0,0.0,0.0,5.0732,0.4583,0.0,0.0,0.0,0.0,0.0,0.9739,0.0261,0.419,1.0,682,3,Normal,normal
0.0,288.498,127.957,1.0,6.0,0.0,0.0,0.0,6.0,0.0,0.0,5.0732,0.4583,0.0,0.0,0.0,0.0,0.0,0.9807,0.0193,0.155,1.0,682,4,Normal,normal
0.0,287.863,127.868,1.0,6.0,0.0,0.0,0.0,6.0,0.0,0.0,5.0732,0.4583,0.0,0.0,0.0,0.0,0.0,0.9698,0.0302,0.184,1.0,682,5,Normal,normal
0.0,254.563,137.687,1.0,6.0,0.0,0.0,0.0,6.0,0.0,0.0,2.6774,0.2418,0.0,0.0,0.0,0.0,0.0,0.9808,0.0192,-0.955,1.0,683,1,Normal,normal
0.0,253.155,137.621,1.0,6.0,0.0,0.0,0.0,6.0,0.0,0.0,2.6774,0.2418,0.0,0.0,0.0,0.0,0.0,0.9788,0.0212,0.41,1.0,683,2,Normal,normal
0.0,252.368,137.481,1.0,6.0,0.0,0.0,0.0,6.0,0.0,0.0,2.6774,0.2418,0.0,0.0,0.0,0.0,0.0,0.9743,0.0257,0.409,1.0,683,3,Normal,normal
0.0,251.73,137.342,1.0,6.0,0.0,0.0,0.0,6.0,0.0,0.0,2.6774,0.2418,0.0,0.0,0.0,0.0,0.0,0.978,0.022,0.143,1.0,683,4,Normal,normal
0.0,251.23,137.209,1.0,6.0,0.0,0.0,0.0,6.0,0.0,0.0,2.6774,0.2418,0.0,0.0,0.0,0.0,0.0,0.9716,0.0284,0.17,1.0,683,5,Normal,normal
0.0,255.317,136.966,1.0,6.0,0.0,0.0,0.0,6.0,0.0,0.0,1.3397,0.121,0.0,0.0,0.0,0.0,0.0,0.976,0.024,-0.95,1.0,684,1,Normal,normal
0.0,253.868,136.938,1.0,6.0,0.0,0.0,0.0,6.0,0.0,0.0,1.3397,0.121,0.0,0.0,0.0,0.0,0.0,0.9756,0.0244,0.402,1.0,684,2,Normal,normal
0.0,253.082,136.8,1.0,6.0,0.0,0.0,0.0,6.0,0.0,0.0,1.3397,0.121,0.0,0.0,0.0,0.0,0.0,0.977,0.023,0.406,1.0,684,3,Normal,normal
0.0,252.452,136.653,1.0,6.0,0.0,0.0,0.0,6.0,0.0,0.0,1.3397,0.121,0.0,0.0,0.0,0.0,0.0,0.9776,0.0224,0.145,1.0,684,4,Normal,normal
0.0,251.935,136.536,1.0,6.0,0.0,0.0,0.0,6.0,0.0,0.0,1.3397,0.121,0.0,0.0,0.0,0.0,0.0,0.9744,0.0256,0.18,1.0,684,5,Normal,normal
0.0,183.327,72.85,1.0,6.0,0.0,0.0,0.0,6.0,0.0,0.0,3.0088,0.2718,0.0,0.0,0.0,0.0,0.0,0.9751,0.0249,-0.933,1.0,685,1,Normal,normal
0.0,181.978,72.814,1.0,6.0,0.0,0.0,0.0,6.0,0.0,0.0,3.0088,0.2718,0.0,0.0,0.0,0.0,0.0,0.9748,0.0252,0.393,1.0,685,2,Normal,normal
0.0,181.278,72.763,1.0,6.0,0.0,0.0,0.0,6.0,0.0,0.0,3.0088,0.2718,0.0,0.0,0.0,0.0,0.0,0.9792,0.0208,0.398,1.0,685,3,Normal,normal
0.0,180.737,72.759,1.0,6.0,0.0,0.0,0.0,6.0,0.0,0.0,3.0088,0.2718,0.0,0.0,0.0,0.0,0.0,0.9763,0.0237,0.14,1.0,685,4,Normal,normal
0.0,180.19,72.803,1.0,6.0,0.0,0.0,0.0,6.0,0.0,0.0,3.0088,0.2718,0.0,0.0,0.0,0.0,0.0,0.9742,0.0258,0.182,1.0,685,5,Normal,normal
0.0,150.943,37.719,1.0,6.0,0.0,0.0,0.0,6.0,0.0,0.0,1.5173,0.1371,0.0,0.0,0.0,0.0,0.0,0.9793,0.0207,-0.937,1.0,686,1,Normal,normal
0.0,149.608,37.669,1.0,6.0,0.0,0.0,0.0,6.0,0.0,0.0,1.5173,0.1371,0.0,0.0,0.0,0.0,0.0,0.9761,0.0239,0.399,1.0,686,2,Normal,normal
0.0,148.932,37.472,1.0,6.0,0.0,0.0,0.0,6.0,0.0,0.0,1.5173,0.1371,0.0,0.0,0.0,0.0,0.0,0.9746,0.0254,0.401,1.0,686,3,Normal,normal
0.0,148.373,37.411,1.0,6.0,0.0,0.0,0.0,6.0,0.0,0.0,1.5173,0.1371,0.0,0.0,0.0,0.0,0.0,0.9794,0.0206,0.148,1.0,686,4,Normal,normal
0.0,147.81,37.379,1.0,6.0,0.0,0.0,0.0,6.0,0.0,0.0,1.5173,0.1371,0.0,0.0,0.0,0.0,0.0,0.9769,0.0231,0.176,1.0,686,5,Normal,normal
0.0,156.565,42.51,1.0,6.0,0.0,0.0,0.0,6.0,0.0,0.0,1.1559,0.1044,0.0,0.0,0.0,0.0,0.0,0.9797,0.0203,-0.936,1.0,687,1,Normal,normal
0.0,154.943,42.41,1.0,6.0,0.0,0.0,0.0,6.0,0.0,0.0,1.1559,0.1044,0.0,0.0,0.0,0.0,0.0,0.9776,0.0224,0.399,1.0,687,2,Normal,normal
0.0,154.203,42.353,1.0,6.0,0.0,0.0,0.0,6.0,0.0,0.0,1.1559,0.1044,0.0,0.0,0.0,0.0,0.0,0.9787,0.0213,0.397,1.0,687,3,Normal,normal
0.0,153.562,42.269,1.0,6.0,0.0,0.0,0.0,6.0,0.0,0.0,1.1559,0.1044,0.0,0.0,0.0,0.0,0.0,0.976,0.024,0.141,1.0,687,4,Normal,normal
0.0,152.902,42.143,1.0,6.0,0.0,0.0,0.0,6.0,0.0,0.0,1.1559,0.1044,0.0,0.0,0.0,0.0,0.0,0.9755,0.0245,0.175,1.0,687,5,Normal,normal
0.0,173.787,47.224,1.0,6.0,0.0,0.0,0.0,6.0,0.0,0.0,1.6654,0.1504,0.0,0.0,0.0,0.0,0.0,0.9786,0.0214,-0.94,1.0,688,1,Normal,normal
0.0,172.075,47.105,1.0,6.0,0.0,0.0,0.0,6.0,0.0,0.0,1.6654,0.1504,0.0,0.0,0.0,0.0,0.0,0.978,0.022,0.397,1.0,688,2,Normal,normal
0.0,170.782,46.489,1.0,6.0,0.0,0.0,0.0,6.0,0.0,0.0,1.6654,0.1504,0.0,0.0,0.0,0.0,0.0,0.98,0.02,0.401,1.0,688,3,Normal,normal
0.0,169.57,45.879,1.0,6.0,0.0,0.0,0.0,6.0,0.0,0.0,1.6654,0.1504,0.0,0.0,0.0,0.0,0.0,0.9814,0.0186,0.145,1.0,688,4,Normal,normal
0.0,168.492,45.386,1.0,6.0,0.0,0.0,0.0,6.0,0.0,0.0,1.6654,0.1504,0.0,0.0,0.0,0.0,0.0,0.9756,0.0244,0.168,1.0,688,5,Normal,normal
0.0,414.063,337.952,1.0,6.0,0.0,0.0,0.0,6.0,0.0,0.0,1.2967,0.1171,0.0,0.0,0.0,0.0,0.0,0.9758,0.0242,-0.943,1.0,689,1,Normal,normal
0.0,412.112,337.88,1.0,6.0,0.0,0.0,0.0,6.0,0.0,0.0,1.2967,0.1171,0.0,0.0,0.0,0.0,0.0,0.9737,0.0263,0.398,1.0,689,2,Normal,normal
0.0,410.395,337.6,1.0,6.0,0.0,0.0,0.0,6.0,0.0,0.0,1.2967,0.1171,0.0,0.0,0.0,0.0,0.0,0.9749,0.0251,0.401,1.0,689,3,Normal,normal
0.0,408.787,337.378,1.0,6.0,0.0,0.0,0.0,6.0,0.0,0.0,1.2967,0.1171,0.0,0.0,0.0,0.0,0.0,0.977,0.023,0.145,1.0,689,4,Normal,normal
0.0,407.092,336.689,1.0,6.0,0.0,0.0,0.0,6.0,0.0,0.0,1.2967,0.1171,0.0,0.0,0.0,0.0,0.0,0.9712,0.0288,0.177,1.0,689,5,Normal,normal
0.0,428.307,331.784,1.0,6.0,0.0,0.0,0.0,6.0,0.0,0.0,1.3533,0.1222,0.0,0.0,0.0,0.0,0.0,0.9765,0.0235,-0.95,1.0,690,1,Normal,normal
0.0,426.185,331.805,1.0,6.0,0.0,0.0,0.0,6.0,0.0,0.0,1.3533,0.1222,0.0,0.0,0.0,0.0,0.0,0.9752,0.0248,0.407,1.0,690,2,Normal,normal
0.0,424.078,331.807,1.0,6.0,0.0,0.0,0.0,6.0,0.0,0.0,1.3533,0.1222,0.0,0.0,0.0,0.0,0.0,0.9776,0.0224,0.404,1.0,690,3,Normal,normal
0.0,422.123,331.805,1.0,6.0,0.0,0.0,0.0,6.0,0.0,0.0,1.3533,0.1222,0.0,0.0,0.0,0.0,0.0,0.9775,0.0225,0.15,1.0,690,4,Normal,normal
0.0,419.905,331.418,1.0,6.0,0.0,0.0,0.0,6.0,0.0,0.0,1.3533,0.1222,0.0,0.0,0.0,0.0,0.0,0.9718,0.0282,0.17,1.0,690,5,Normal,normal
0.0,429.558,330.673,1.0,6.0,0.0,0.0,0.0,6.0,0.0,0.0,0.2224,0.0201,0.0,0.0,0.0,0.0,0.0,0.9797,0.0203,-0.96,1.0,691,1,Normal,normal
0.0,427.603,330.546,1.0,6.0,0.0,0.0,0.0,6.0,0.0,0.0,0.2224,0.0201,0.0,0.0,0.0,0.0,0.0,0.9752,0.0248,0.407,1.0,691,2,Normal,normal
0.0,425.545,330.509,1.0,6.0,0.0,0.0,0.0,6.0,0.0,0.0,0.2224,0.0201,0.0,0.0,0.0,0.0,0.0,0.9751,0.0249,0.41,1.0,691,3,Normal,normal
0.0,423.64,330.469,1.0,6.0,0.0,0.0,0.0,6.0,0.0,0.0,0.2224,0.0201,0.0,0.0,0.0,0.0,0.0,0.9776,0.0224,0.147,1.0,691,4,Normal,normal
0.0,421.407,330.102,1.0,6.0,0.0,0.0,0.0,6.0,0.0,0.0,0.2224,0.0201,0.0,0.0,0.0,0.0,0.0,0.9732,0.0268,0.179,1.0,691,5,Normal,normal
0.0,373.843,241.099,1.0,6.0,0.0,0.0,0.0,6.0,0.0,0.0,0.4158,0.0376,0.0,0.0,0.0,0.0,0.0,0.9774,0.0226,-0.974,1.0,692,1,Normal,normal
0.0,372.065,240.968,1.0,6.0,0.0,0.0,0.0,6.0,0.0,0.0,0.4158,0.0376,0.0,0.0,0.0,0.0,0.0,0.9739,0.0261,0.412,1.0,692,2,Normal,normal
0.0,370.772,240.915,1.0,6.0,0.0,0.0,0.0,6.0,0.0,0.0,0.4158,0.0376,0.0,0.0,0.0,0.0,0.0,0.9756,0.0244,0.409,1.0,692,3,Normal,normal
0.0,369.65,240.9,1.0,6.0,0.0,0.0,0.0,6.0,0.0,0.0,0.4158,0.0376,0.0,0.0,0.0,0.0,0.0,0.9776,0.0224,0.145,1.0,692,4,Normal,normal
0.0,368.07,240.374,1.0,6.0,0.0,0.0,0.0,6.0,0.0,0.0,0.4158,0.0376,0.0,0.0,0.0,0.0,0.0,0.9738,0.0262,0.178,1.0,692,5,Normal,normal
0.0,273.182,139.637,1.0,6.0,0.0,0.0,0.0,6.0,0.0,0.0,0.4986,0.045,0.0,0.0,0.0,0.0,0.0,0.9787,0.0213,-0.985,1.0,693,1,Normal,normal
0.0,271.532,139.652,1.0,6.0,0.0,0.0,0.0,6.0,0.0,0.0,0.4986,0.045,0.0,0.0,0.0,0.0,0.0,0.976,0.024,0.416,1.0,693,2,Normal,normal
0.0,270.395,139.859,1.0,6.0,0.0,0.0,0.0,6.0,0.0,0.0,0.4986,0.045,0.0,0.0,0.0,0.0,0.0,0.9745,0.0255,0.415,1.0,693,3,Normal,normal
0.0,269.39,139.968,1.0,6.0,0.0,0.0,0.0,6.0,0.0,0.0,0.4986,0.045,0.0,0.0,0.0,0.0,0.0,0.9778,0.0222,0.153,1.0,693,4,Normal,normal
0.0,268.242,140.126,1.0,6.0,0.0,0.0,0.0,6.0,0.0,0.0,0.4986,0.045,0.0,0.0,0.0,0.0,0.0,0.9739,0.0261,0.187,1.0,693,5,Normal,normal
0.0,399.827,188.032,1.0,6.0,0.0,0.0,0.0,6.0,0.0,0.0,4.5343,0.4096,0.0,0.0,0.0,0.0,0.0,0.9785,0.0215,-0.994,1.0,694,1,Normal,normal
0.0,398.5,188.151,1.0,6.0,0.0,0.0,0.0,6.0,0.0,0.0,4.5343,0.4096,0.0,0.0,0.0,0.0,0.0,0.9748,0.0252,0.421,1.0,694,2,Normal,normal
0.0,397.717,188.268,1.0,6.0,0.0,0.0,0.0,6.0,0.0,0.0,4.5343,0.4096,0.0,0.0,0.0,0.0,0.0,0.9794,0.0206,0.426,1.0,694,3,Normal,normal
0.0,396.943,188.114,1.0,6.0,0.0,0.0,0.0,6.0,0.0,0.0,4.5343,0.4096,0.0,0.0,0.0,0.0,0.0,0.9754,0.0246,0.15,1.0,694,4,Normal,normal
0.0,396.43,188.242,1.0,6.0,0.0,0.0,0.0,6.0,0.0,0.0,4.5343,0.4096,0.0,0.0,0.0,0.0,0.0,0.968,0.032,0.183,1.0,694,5,Normal,normal
0.0,436.522,145.089,1.0,6.0,0.0,0.0,0.0,6.0,0.0,0.0,2.0463,0.1848,0.0,0.0,0.0,0.0,0.0,0.9773,0.0227,-1.001,1.0,695,1,Normal,normal
0.0,435.12,145.195,1.0,6.0,0.0,0.0,0.0,6.0,0.0,0.0,2.0463,0.1848,0.0,0.0,0.0,0.0,0.0,0.9724,0.0276,0.421,1.0,695,2,Normal,normal
0.0,434.173,145.335,1.0,6.0,0.0,0.0,0.0,6.0,0.0,0.0,2.0463,0.1848,0.0,0.0,0.0,0.0,0.0,0.9757,0.0243,0.425,1.0,695,3,Normal,normal
0.0,433.272,145.192,1.0,6.0,0.0,0.0,0.0,6.0,0.0,0.0,2.0463,0.1848,0.0,0.0,0.0,0.0,0.0,0.9748,0.0252,0.152,1.0,695,4,Normal,normal
0.0,432.39,145.337,1.0,6.0,0.0,0.0,0.0,6.0,0.0,0.0,2.0463,0.1848,0.0,0.0,0.0,0.0,0.0,0.9678,0.0322,0.187,1.0,695,5,Normal,normal
0.0,404.708,184.081,1.0,6.0,0.0,0.0,0.0,6.0,0.0,0.0,1.4034,0.1268,0.0,0.0,0.0,0.0,0.0,0.9763,0.0237,-1.002,1.0,696,1,Normal,normal
0.0,403.413,184.032,1.0,6.0,0.0,0.0,0.0,6.0,0.0,0.0,1.4034,0.1268,0.0,0.0,0.0,0.0,0.0,0.9741,0.0259,0.431,1.0,696,2,Normal,normal
0.0,402.552,184.024,1.0,6.0,0.0,0.0,0.0,6.0,0.0,0.0,1.4034,0.1268,0.0,0.0,0.0,0.0,0.0,0.9747,0.0253,0.431,1.0,696,3,Normal,normal
0.0,401.665,183.886,1.0,6.0,0.0,0.0,0.0,6.0,0.0,0.0,1.4034,0.1268,0.0,0.0,0.0,0.0,0.0,0.979,0.021,0.148,1.0,696,4,Normal,normal
0.0,400.805,183.964,1.0,6.0,0.0,0.0,0.0,6.0,0.0,0.0,1.4034,0.1268,0.0,0.0,0.0,0.0,0.0,0.9738,0.0262,0.187,1.0,696,5,Normal,normal
0.0,326.23,169.7,1.0,6.0,0.0,0.0,0.0,6.0,73.0897,0.0,6412.1388,579.2095,1.0,15.8551,0.0,1.0,1.0,0.9751,0.0249,-1.021,1.0,697,1,Normal,normal
0.0,324.833,169.585,1.0,6.0,0.0,0.0,0.0,6.0,73.0897,0.0,6412.1388,579.2095,1.0,14.0257,0.0,1.0,1.0,0.9765,0.0235,0.43,1.0,697,2,Normal,normal
0.0,323.852,169.534,1.0,6.0,0.0,0.0,0.0,6.0,73.0897,0.0,6412.1388,579.2095,1.0,14.3067,0.0,1.0,1.0,0.9768,0.0232,0.429,1.0,697,3,Normal,normal
0.0,323.05,169.595,1.0,6.0,0.0,0.0,0.0,6.0,73.0897,1.0,6412.1388,579.2095,1.0,73.0897,0.0,1.0,1.0,1.2401,0.2401,0.157,1.0,697,4,Cyber Intrusion,data_injection
0.0,322.103,169.505,1.0,6.0,0.0,0.0,0.0,6.0,73.0897,0.0,6412.1388,579.2095,1.0,13.976,0.0,1.0,1.0,0.9752,0.0248,0.186,1.0,697,5,Normal,normal
0.0,270.418,112.584,1.0,6.0,0.0,0.0,0.0,6.0,73.5984,0.0,6499.6627,587.1156,1.0,15.0646,0.0,1.0,1.0,0.976,0.024,-1.026,1.0,698,1,Normal,normal
0.0,269.097,112.578,1.0,6.0,0.0,0.0,0.0,6.0,73.5984,0.0,6499.6627,587.1156,1.0,14.3334,0.0,1.0,1.0,0.974,0.026,0.434,1.0,698,2,Normal,normal
0.0,268.1,112.441,1.0,6.0,0.0,0.0,0.0,6.0,73.5984,0.0,6499.6627,587.1156,1.0,15.1038,0.0,1.0,1.0,0.9729,0.0271,0.428,1.0,698,3,Normal,normal
0.0,267.348,112.531,1.0,6.0,0.0,0.0,0.0,6.0,73.5984,1.0,6499.6627,587.1156,1.0,73.5984,0.0,1.0,1.0,1.2401,0.2401,0.162,1.0,698,4,Cyber Intrusion,data_injection
0.0,266.472,112.426,1.0,6.0,0.0,0.0,0.0,6.0,73.5984,0.0,6499.6627,587.1156,1.0,14.6402,0.0,1.0,1.0,0.9716,0.0284,0.191,1.0,698,5,Normal,normal
0.0,222.322,107.695,1.0,6.0,0.0,0.0,0.0,6.0,0.0,0.0,2.162,0.1953,0.0,0.0,0.0,0.0,0.0,0.9786,0.0214,-1.026,1.0,699,1,Normal,normal
0.0,221.095,107.678,1.0,6.0,0.0,0.0,0.0,6.0,0.0,0.0,2.162,0.1953,0.0,0.0,0.0,0.0,0.0,0.9755,0.0245,0.439,1.0,699,2,Normal,normal
0.0,220.34,107.699,1.0,6.0,0.0,0.0,0.0,6.0,0.0,0.0,2.162,0.1953,0.0,0.0,0.0,0.0,0.0,0.9747,0.0253,0.439,1.0,699,3,Normal,normal
0.0,219.697,107.845,1.0,6.0,0.0,0.0,0.0,6.0,0.0,0.0,2.162,0.1953,0.0,0.0,0.0,0.0,0.0,0.9724,0.0276,0.157,1.0,699,4,Cyber Intrusion,data_injection
0.0,218.938,108.038,1.0,6.0,0.0,0.0,0.0,6.0,0.0,0.0,2.162,0.1953,0.0,0.0,0.0,0.0,0.0,0.9736,0.0264,0.195,1.0,699,5,Normal,normal
0.0,226.175,104.659,1.0,6.0,0.0,0.0,0.0,6.0,0.0,0.0,1.8236,0.1647,0.0,0.0,0.0,0.0,0.0,0.977,0.023,-1.034,1.0,700,1,Normal,normal
0.0,224.795,104.757,1.0,6.0,0.0,0.0,0.0,6.0,0.0,0.0,1.8236,0.1647,0.0,0.0,0.0,0.0,0.0,0.9692,0.0308,0.436,1.0,700,2,Normal,normal
0.0,224.048,104.778,1.0,6.0,0.0,0.0,0.0,6.0,0.0,0.0,1.8236,0.1647,0.0,0.0,0.0,0.0,0.0,0.9747,0.0253,0.434,1.0,700,3,Normal,normal
0.0,223.483,104.864,1.0,6.0,0.0,0.0,0.0,6.0,0.0,0.0,1.8236,0.1647,0.0,0.0,0.0,0.0,0.0,0.9734,0.0266,0.157,1.0,700,4,Cyber Intrusion,data_injection
0.0,222.828,104.982,1.0,6.0,0.0,0.0,0.0,6.0,0.0,0.0,1.8236,0.1647,0.0,0.0,0.0,0.0,0.0,0.9721,0.0279,0.189,1.0,700,5,Normal,normal
0.0,276.82,140.838,1.0,6.0,0.0,0.0,0.0,6.0,0.0,0.0,0.444,0.0401,0.0,0.0,0.0,0.0,0.0,0.9773,0.0227,-1.03,1.0,701,1,Normal,normal
0.0,275.298,140.633,1.0,6.0,0.0,0.0,0.0,6.0,0.0,0.0,0.444,0.0401,0.0,0.0,0.0,0.0,0.0,0.9749,0.0251,0.443,1.0,701,2,Normal,normal
0.0,274.405,140.25,1.0,6.0,0.0,0.0,0.0,6.0,0.0,0.0,0.444,0.0401,0.0,0.0,0.0,0.0,0.0,0.9755,0.0245,0.438,1.0,701,3,Normal,normal
0.0,273.737,140.023,1.0,6.0,0.0,0.0,0.0,6.0,0.0,0.0,0.444,0.0401,0.0,0.0,0.0,0.0,0.0,0.9757,0.0243,0.158,1.0,701,4,Cyber Intrusion,data_injection
0.0,272.963,139.917,1.0,6.0,0.0,0.0,0.0,6.0,0.0,0.0,0.444,0.0401,0.0,0.0,0.0,0.0,0.0,0.9709,0.0291,0.189,1.0,701,5,Normal,normal
0.0,256.868,143.088,1.0,6.0,0.0,0.0,0.0,6.0,0.0,0.0,2.0111,0.1817,0.0,0.0,0.0,0.0,0.0,0.9151,0.0849,-4.267,1.0,702,1,Natural Fault,short_circuit
0.0,255.295,142.924,1.0,6.0,0.0,0.0,0.0,6.0,0.0,0.0,2.0111,0.1817,0.0,0.0,0.0,0.0,0.0,0.911,0.089,0.448,1.0,702,2,Natural Fault,short_circuit
0.0,254.493,142.532,1.0,6.0,0.0,0.0,0.0,6.0,0.0,0.0,2.0111,0.1817,0.0,0.0,0.0,0.0,0.0,0.9086,0.0914,0.446,1.0,702,3,Natural Fault,short_circuit
0.0,253.89,142.283,1.0,6.0,0.0,0.0,0.0,6.0,0.0,0.0,2.0111,0.1817,0.0,0.0,0.0,0.0,0.0,0.8721,0.1279,3.384,1.0,702,4,Natural Fault,short_circuit
0.0,253.143,142.197,1.0,6.0,0.0,0.0,0.0,6.0,0.0,0.0,2.0111,0.1817,0.0,0.0,0.0,0.0,0.0,0.91,0.09,0.197,1.0,702,5,Natural Fault,short_circuit
0.0,404.985,186.294,1.0,6.0,0.0,0.0,0.0,6.0,0.0,0.0,4.2391,0.3829,0.0,0.0,0.0,0.0,0.0,0.913,0.087,-4.268,1.0,703,1,Natural Fault,short_circuit
0.0,403.238,186.42,1.0,6.0,0.0,0.0,0.0,6.0,0.0,0.0,4.2391,0.3829,0.0,0.0,0.0,0.0,0.0,0.9091,0.0909,0.442,1.0,703,2,Natural Fault,short_circuit
0.0,402.252,186.124,1.0,6.0,0.0,0.0,0.0,6.0,0.0,0.0,4.2391,0.3829,0.0,0.0,0.0,0.0,0.0,0.9159,0.0841,0.451,1.0,703,3,Natural Fault,short_circuit
0.0,401.423,185.815,1.0,6.0,0.0,0.0,0.0,6.0,0.0,0.0,4.2391,0.3829,0.0,0.0,0.0,0.0,0.0,0.8727,0.1273,3.387,1.0,703,4,Natural Fault,short_circuit
0.0,400.62,185.698,1.0,6.0,0.0,0.0,0.0,6.0,0.0,0.0,4.2391,0.3829,0.0,0.0,0.0,0.0,0.0,0.905,0.095,0.195,1.0,703,5,Natural Fault,short_circuit
0.0,415.88,151.806,1.0,6.0,0.0,0.0,0.0,6.0,0.0,0.0,1.5963,0.1442,0.0,0.0,0.0,0.0,0.0,0.9102,0.0898,-4.275,1.0,704,1,Natural Fault,short_circuit
0.0,414.26,151.925,1.0,6.0,0.0,0.0,0.0,6.0,0.0,0.0,1.5963,0.1442,0.0,0.0,0.0,0.0,0.0,0.9079,0.0921,0.453,1.0,704,2,Natural Fault,short_circuit
0.0,413.323,151.757,1.0,6.0,0.0,0.0,0.0,6.0,0.0,0.0,1.5963,0.1442,0.0,0.0,0.0,0.0,0.0,0.9113,0.0887,0.444,1.0,704,3,Natural Fault,short_circuit
0.0,412.438,151.503,1.0,6.0,0.0,0.0,0.0,6.0,0.0,0.0,1.5963,0.1442,0.0,0.0,0.0,0.0,0.0,0.8725,0.1275,3.39,1.0,704,4,Natural Fault,short_circuit
0.0,411.647,151.484,1.0,6.0,0.0,0.0,0.0,6.0,0.0,0.0,1.5963,0.1442,0.0,0.0,0.0,0.0,0.0,0.9072,0.0928,0.19,1.0,704,5,Natural Fault,short_circuit
0.0,377.983,187.972,1.0,6.0,0.0,0.0,0.0,6.0,0.0,0.0,0.6082,0.0549,0.0,0.0,0.0,0.0,0.0,0.9151,0.0849,-4.297,1.0,705,1,Natural Fault,short_circuit
0.0,376.497,187.888,1.0,6.0,0.0,0.0,0.0,6.0,0.0,0.0,0.6082,0.0549,0.0,0.0,0.0,0.0,0.0,0.9077,0.0923,0.455,1.0,705,2,Natural Fault,short_circuit
0.0,375.538,187.773,1.0,6.0,0.0,0.0,0.0,6.0,0.0,0.0,0.6082,0.0549,0.0,0.0,0.0,0.0,0.0,0.9117,0.0883,0.442,1.0,705,3,Natural Fault,short_circuit
0.0,374.647,187.546,1.0,6.0,0.0,0.0,0.0,6.0,0.0,0.0,0.6082,0.0549,0.0,0.0,0.0,0.0,0.0,0.8746,0.1254,3.384,1.0,705,4,Natural Fault,short_circuit
0.0,374.013,187.345,1.0,6.0,0.0,0.0,0.0,6.0,0.0,0.0,0.6082,0.0549,0.0,0.0,0.0,0.0,0.0,0.9067,0.0933,0.21,1.0,705,5,Natural Fault,short_circuit
0.0,300.57,159.085,1.0,6.0,0.0,0.0,0.0,6.0,0.0,0.0,0.5853,0.0529,0.0,0.0,0.0,0.0,0.0,0.9745,0.0255,-1.084,1.0,706,1,Natural Fault,short_circuit
0.0,299.022,158.827,1.0,6.0,0.0,0.0,0.0,6.0,0.0,0.0,0.5853,0.0529,0.0,0.0,0.0,0.0,0.0,0.9727,0.0273,0.457,1.0,706,2,Natural Fault,short_circuit
0.0,298.137,158.628,1.0,6.0,0.0,0.0,0.0,6.0,0.0,0.0,0.5853,0.0529,0.0,0.0,0.0,0.0,0.0,0.9722,0.0278,0.456,1.0,706,3,Natural Fault,short_circuit
0.0,297.288,158.27,1.0,6.0,0.0,0.0,0.0,6.0,0.0,0.0,0.5853,0.0529,0.0,0.0,0.0,0.0,0.0,0.9736,0.0264,0.165,1.0,706,4,Natural Fault,short_circuit
0.0,296.652,157.925,1.0,6.0,0.0,0.0,0.0,6.0,0.0,0.0,0.5853,0.0529,0.0,0.0,0.0,0.0,0.0,0.9698,0.0302,0.194,1.0,706,5,Natural Fault,short_circuit
0.0,254.102,104.814,1.0,6.0,0.0,0.0,0.0,6.0,0.0,0.0,2.3137,0.209,0.0,0.0,0.0,0.0,0.0,0.9731,0.0269,-1.095,1.0,707,1,Natural Fault,short_circuit
0.0,252.66,104.618,1.0,6.0,0.0,0.0,0.0,6.0,0.0,0.0,2.3137,0.209,0.0,0.0,0.0,0.0,0.0,0.9701,0.0299,0.465,1.0,707,2,Natural Fault,short_circuit
0.0,251.82,104.417,1.0,6.0,0.0,0.0,0.0,6.0,0.0,0.0,2.3137,0.209,0.0,0.0,0.0,0.0,0.0,0.9686,0.0314,0.462,1.0,707,3,Natural Fault,short_circuit
0.0,251.193,104.271,1.0,6.0,0.0,0.0,0.0,6.0,0.0,0.0,2.3137,0.209,0.0,0.0,0.0,0.0,0.0,0.973,0.027,0.166,1.0,707,4,Natural Fault,short_circuit
0.0,250.65,104.004,1.0,6.0,0.0,0.0,0.0,6.0,0.0,0.0,2.3137,0.209,0.0,0.0,0.0,0.0,0.0,0.971,0.029,0.197,1.0,707,5,Natural Fault,short_circuit
0.0,220.368,112.701,1.0,6.0,0.0,0.0,0.0,6.0,0.0,0.0,0.8559,0.0773,0.0,0.0,0.0,0.0,0.0,0.975,0.025,-1.123,1.0,708,1,Natural Fault,short_circuit
0.0,218.957,112.501,1.0,6.0,0.0,0.0,0.0,6.0,0.0,0.0,0.8559,0.0773,0.0,0.0,0.0,0.0,0.0,0.9729,0.0271,0.472,1.0,708,2,Natural Fault,short_circuit
0.0,218.158,112.287,1.0,6.0,0.0,0.0,0.0,6.0,0.0,0.0,0.8559,0.0773,0.0,0.0,0.0,0.0,0.0,0.9714,0.0286,0.473,1.0,708,3,Natural Fault,short_circuit
0.0,217.518,112.157,1.0,6.0,0.0,0.0,0.0,6.0,0.0,0.0,0.8559,0.0773,0.0,0.0,0.0,0.0,0.0,0.9746,0.0254,0.175,1.0,708,4,Natural Fault,short_circuit
0.0,216.932,111.955,1.0,6.0,0.0,0.0,0.0,6.0,0.0,0.0,0.8559,0.0773,0.0,0.0,0.0,0.0,0.0,0.9681,0.0319,0.211,1.0,708,5,Natural Fault,short_circuit
0.0,230.143,105.375,1.0,6.0,0.0,0.0,0.0,6.0,0.0,0.0,4.6048,0.416,0.0,0.0,0.0,0.0,0.0,0.9715,0.0285,-1.149,1.0,709,1,Natural Fault,short_circuit
0.0,228.682,105.199,1.0,6.0,0.0,0.0,0.0,6.0,0.0,0.0,4.6048,0.416,0.0,0.0,0.0,0.0,0.0,0.9747,0.0253,0.478,1.0,709,2,Natural Fault,short_circuit
0.0,227.84,104.993,1.0,6.0,0.0,0.0,0.0,6.0,0.0,0.0,4.6048,0.416,0.0,0.0,0.0,0.0,0.0,0.9718,0.0282,0.483,1.0,709,3,Natural Fault,short_circuit
0.0,227.153,104.888,1.0,6.0,0.0,0.0,0.0,6.0,0.0,0.0,4.6048,0.416,0.0,0.0,0.0,0.0,0.0,0.9705,0.0295,0.175,1.0,709,4,Natural Fault,short_circuit
0.0,226.505,104.742,1.0,6.0,0.0,0.0,0.0,6.0,0.0,0.0,4.6048,0.416,0.0,0.0,0.0,0.0,0.0,0.9703,0.0297,0.21,1.0,709,5,Natural Fault,short_circuit
0.0,287.788,146.854,1.0,6.0,0.0,0.0,0.0,6.0,0.0,0.0,2.5292,0.2285,0.0,0.0,0.0,0.0,0.0,0.976,0.024,-1.167,1.0,710,1,Natural Fault,short_circuit
0.0,286.465,146.895,1.0,6.0,0.0,0.0,0.0,6.0,0.0,0.0,2.5292,0.2285,0.0,0.0,0.0,0.0,0.0,0.9654,0.0346,0.489,1.0,710,2,Natural Fault,short_circuit
0.0,285.622,146.854,1.0,6.0,0.0,0.0,0.0,6.0,0.0,0.0,2.5292,0.2285,0.0,0.0,0.0,0.0,0.0,0.9685,0.0315,0.491,1.0,710,3,Natural Fault,short_circuit
0.0,284.95,146.858,1.0,6.0,0.0,0.0,0.0,6.0,0.0,0.0,2.5292,0.2285,0.0,0.0,0.0,0.0,0.0,0.9706,0.0294,0.18,1.0,710,4,Natural Fault,short_circuit
0.0,284.297,146.851,1.0,6.0,0.0,0.0,0.0,6.0,0.0,0.0,2.5292,0.2285,0.0,0.0,0.0,0.0,0.0,0.9682,0.0318,0.221,1.0,710,5,Natural Fault,short_circuit
0.0,260.732,158.034,1.0,6.0,0.0,0.0,0.0,6.0,34.2434,0.0,1407.3532,127.1264,1.0,7.0645,0.0,1.0,1.0,0.9745,0.0255,-1.199,1.0,711,1,Normal,normal
0.0,259.28,158.083,1.0,6.0,0.0,0.0,0.0,6.0,34.2434,0.0,1407.3532,127.1264,1.0,6.7111,0.0,1.0,1.0,0.9682,0.0318,0.513,1.0,711,2,Normal,normal
0.0,258.333,158.051,1.0,6.0,0.0,0.0,0.0,6.0,34.2434,1.0,1407.3532,127.1264,1.0,34.2434,0.0,1.0,1.0,0.8468,0.1532,0.501,1.0,711,3,Cyber Intrusion,data_injection
0.0,257.6,158.024,1.0,6.0,0.0,0.0,0.0,6.0,34.2434,0.0,1407.3532,127.1264,1.0,6.6064,0.0,1.0,1.0,0.9707,0.0293,0.187,1.0,711,4,Normal,normal
0.0,256.788,158.066,1.0,6.0,0.0,0.0,0.0,6.0,34.2434,0.0,1407.3532,127.1264,1.0,6.9041,0.0,1.0,1.0,0.9669,0.0331,0.226,1.0,711,5,Normal,normal
0.0,260.805,157.968,1.0,6.0,0.0,0.0,0.0,6.0,33.6831,0.0,1362.5378,123.0783,1.0,6.7612,0.0,1.0,1.0,0.972,0.028,-1.219,1.0,712,1,Normal,normal
0.0,259.157,158.194,1.0,6.0,0.0,0.0,0.0,6.0,33.6831,0.0,1362.5378,123.0783,1.0,7.0252,0.0,1.0,1.0,0.9674,0.0326,0.522,1.0,712,2,Normal,normal
0.0,258.102,158.259,1.0,6.0,0.0,0.0,0.0,6.0,33.6831,1.0,1362.5378,123.0783,1.0,33.6831,0.0,1.0,1.0,0.8468,0.1532,0.516,1.0,712,3,Cyber Intrusion,data_injection
0.0,257.332,158.265,1.0,6.0,0.0,0.0,0.0,6.0,33.6831,0.0,1362.5378,123.0783,1.0,6.5532,0.0,1.0,1.0,0.9689,0.0311,0.193,1.0,712,4,Normal,normal
0.0,256.515,158.312,1.0,6.0,0.0,0.0,0.0,6.0,33.6831,0.0,1362.5378,123.0783,1.0,6.0128,0.0,1.0,1.0,0.9625,0.0375,0.223,1.0,712,5,Normal,normal
0.0,203.567,105.369,1.0,6.0,0.0,0.0,0.0,6.0,33.7253,0.0,1365.4882,123.3448,1.0,6.5728,0.0,1.0,1.0,0.9717,0.0283,-1.258,1.0,713,1,Normal,normal
0.0,201.835,105.526,1.0,6.0,0.0,0.0,0.0,6.0,33.7253,0.0,1365.4882,123.3448,1.0,6.8606,0.0,1.0,1.0,0.967,0.033,0.544,1.0,713,2,Normal,normal
0.0,200.762,105.504,1.0,6.0,0.0,0.0,0.0,6.0,33.7253,1.0,1365.4882,123.3448,1.0,33.7253,0.0,1.0,1.0,0.8468,0.1532,0.53,1.0,713,3,Cyber Intrusion,data_injection
0.0,199.78,105.469,1.0,6.0,0.0,0.0,0.0,6.0,33.7253,0.0,1365.4882,123.3448,1.0,6.1955,0.0,1.0,1.0,0.9681,0.0319,0.192,1.0,713,4,Normal,normal
0.0,198.792,105.374,1.0,6.0,0.0,0.0,0.0,6.0,33.7253,0.0,1365.4882,123.3448,1.0,7.2048,0.0,1.0,1.0,0.9661,0.0339,0.233,1.0,713,5,Normal,normal
0.0,157.425,45.901,1.0,6.0,0.0,0.0,0.0,6.0,32.8121,0.0,1295.2144,116.9969,1.0,7.2307,0.0,1.0,1.0,0.9711,0.0289,-1.313,1.0,714,1,Normal,normal
0.0,155.58,45.903,1.0,6.0,0.0,0.0,0.0,6.0,32.8121,0.0,1295.2144,116.9969,1.0,6.0071,0.0,1.0,1.0,0.9617,0.0383,0.555,1.0,714,2,Normal,normal
0.0,154.553,45.901,1.0,6.0,0.0,0.0,0.0,6.0,32.8121,1.0,1295.2144,116.9969,1.0,32.8121,0.0,1.0,1.0,0.8468,0.1532,0.56,1.0,714,3,Cyber Intrusion,data_injection
0.0,153.593,45.769,1.0,6.0,0.0,0.0,0.0,6.0,32.8121,0.0,1295.2144,116.9969,1.0,6.8865,0.0,1.0,1.0,0.9675,0.0325,0.195,1.0,714,4,Normal,normal
0.0,152.7,45.768,1.0,6.0,0.0,0.0,0.0,6.0,32.8121,0.0,1295.2144,116.9969,1.0,5.3175,0.0,1.0,1.0,0.9576,0.0424,0.244,1.0,714,5,Normal,normal
0.0,213.815,92.265,1.0,6.0,0.0,0.0,0.0,6.0,33.3438,0.0,1337.548,120.8209,1.0,6.4529,0.0,1.0,1.0,0.9704,0.0296,-1.345,1.0,715,1,Normal,normal
0.0,211.993,92.456,1.0,6.0,0.0,0.0,0.0,6.0,33.3438,0.0,1337.548,120.8209,1.0,5.6396,0.0,1.0,1.0,0.9621,0.0379,0.565,1.0,715,2,Normal,normal
0.0,210.847,92.37,1.0,6.0,0.0,0.0,0.0,6.0,33.3438,1.0,1337.548,120.8209,1.0,33.3438,0.0,1.0,1.0,0.8468,0.1532,0.567,1.0,715,3,Cyber Intrusion,data_injection
0.0,209.747,92.262,1.0,6.0,0.0,0.0,0.0,6.0,33.3438,0.0,1337.548,120.8209,1.0,6.4555,0.0,1.0,1.0,0.9677,0.0323,0.208,1.0,715,4,Normal,normal
0.0,208.847,92.247,1.0,6.0,0.0,0.0,0.0,6.0,33.3438,0.0,1337.548,120.8209,1.0,8.1591,0.0,1.0,1.0,0.9676,0.0324,0.246,1.0,715,5,Normal,normal
0.0,205.237,92.11,1.0,6.0,0.0,0.0,0.0,6.0,0.0,0.0,1.3947,0.126,0.0,0.0,0.0,0.0,0.0,0.967,0.033,-1.389,1.0,716,1,Normal,normal
0.0,203.68,92.085,1.0,6.0,0.0,0.0,0.0,6.0,0.0,0.0,1.3947,0.126,0.0,0.0,0.0,0.0,0.0,0.9649,0.0351,0.587,1.0,716,2,Normal,normal
0.0,202.642,91.885,1.0,6.0,0.0,0.0,0.0,6.0,0.0,0.0,1.3947,0.126,0.0,0.0,0.0,0.0,0.0,0.9673,0.0327,0.588,1.0,716,3,Cyber Intrusion,data_injection
0.0,201.677,91.716,1.0,6.0,0.0,0.0,0.0,6.0,0.0,0.0,1.3947,0.126,0.0,0.0,0.0,0.0,0.0,0.9664,0.0336,0.211,1.0,716,4,Normal,normal
0.0,200.803,91.622,1.0,6.0,0.0,0.0,0.0,6.0,0.0,0.0,1.3947,0.126,0.0,0.0,0.0,0.0,0.0,0.9613,0.0387,0.256,1.0,716,5,Normal,normal
0.0,214.405,86.037,1.0,6.0,0.0,0.0,0.0,6.0,0.0,0.0,1.6038,0.1449,0.0,0.0,0.0,0.0,0.0,0.9703,0.0297,-1.431,1.0,717,1,Normal,normal
0.0,212.847,85.989,1.0,6.0,0.0,0.0,0.0,6.0,0.0,0.0,1.6038,0.1449,0.0,0.0,0.0,0.0,0.0,0.9591,0.0409,0.612,1.0,717,2,Normal,normal
0.0,211.733,85.803,1.0,6.0,0.0,0.0,0.0,6.0,0.0,0.0,1.6038,0.1449,0.0,0.0,0.0,0.0,0.0,0.9644,0.0356,0.613,1.0,717,3,Cyber Intrusion,data_injection
0.0,210.848,85.539,1.0,6.0,0.0,0.0,0.0,6.0,0.0,0.0,1.6038,0.1449,0.0,0.0,0.0,0.0,0.0,0.9646,0.0354,0.219,1.0,717,4,Normal,normal
0.0,209.943,85.427,1.0,6.0,0.0,0.0,0.0,6.0,0.0,0.0,1.6038,0.1449,0.0,0.0,0.0,0.0,0.0,0.959,0.041,0.268,1.0,717,5,Normal,normal
0.0,277.375,132.213,1.0,6.0,0.0,0.0,0.0,6.0,0.0,0.0,3.0951,0.2796,0.0,0.0,0.0,0.0,0.0,0.9698,0.0302,-1.459,1.0,718,1,Normal,normal
0.0,275.787,131.948,1.0,6.0,0.0,0.0,0.0,6.0,0.0,0.0,3.0951,0.2796,0.0,0.0,0.0,0.0,0.0,0.9622,0.0378,0.614,1.0,718,2,Normal,normal
0.0,274.725,131.943,1.0,6.0,0.0,0.0,0.0,6.0,0.0,0.0,3.0951,0.2796,0.0,0.0,0.0,0.0,0.0,0.9585,0.0415,0.612,1.0,718,3,Cyber Intrusion,data_injection
0.0,273.945,131.862,1.0,6.0,0.0,0.0,0.0,6.0,0.0,0.0,3.0951,0.2796,0.0,0.0,0.0,0.0,0.0,0.9642,0.0358,0.226,1.0,718,4,Normal,normal
0.0,273.007,131.768,1.0,6.0,0.0,0.0,0.0,6.0,0.0,0.0,3.0951,0.2796,0.0,0.0,0.0,0.0,0.0,0.9601,0.0399,0.267,1.0,718,5,Normal,normal
0.0,244.067,143.396,1.0,6.0,0.0,0.0,0.0,6.0,0.0,0.0,0.9454,0.0854,0.0,0.0,0.0,0.0,0.0,0.9687,0.0313,-1.496,1.0,719,1,Normal,normal
0.0,242.522,143.146,1.0,6.0,0.0,0.0,0.0,6.0,0.0,0.0,0.9454,0.0854,0.0,0.0,0.0,0.0,0.0,0.9607,0.0393,0.638,1.0,719,2,Normal,normal
0.0,241.52,143.102,1.0,6.0,0.0,0.0,0.0,6.0,0.0,0.0,0.9454,0.0854,0.0,0.0,0.0,0.0,0.0,0.9614,0.0386,0.634,1.0,719,3,Cyber Intrusion,data_injection
0.0,240.748,143.009,1.0,6.0,0.0,0.0,0.0,6.0,0.0,0.0,0.9454,0.0854,0.0,0.0,0.0,0.0,0.0,0.9665,0.0335,0.223,1.0,719,4,Normal,normal
0.0,240.023,142.801,1.0,6.0,0.0,0.0,0.0,6.0,0.0,0.0,0.9454,0.0854,0.0,0.0,0.0,0.0,0.0,0.9576,0.0424,0.284,1.0,719,5,Normal,normal
0.0,248.81,139.505,1.0,6.0,0.0,0.0,0.0,6.0,0.0,0.0,2.1822,0.1971,0.0,0.0,0.0,0.0,0.0,0.9636,0.0364,-1.527,1.0,720,1,Normal,normal
0.0,247.085,139.397,1.0,6.0,0.0,0.0,0.0,6.0,0.0,0.0,2.1822,0.1971,0.0,0.0,0.0,0.0,0.0,0.9568,0.0432,0.654,1.0,720,2,Normal,normal
0.0,245.955,139.455,1.0,6.0,0.0,0.0,0.0,6.0,0.0,0.0,2.1822,0.1971,0.0,0.0,0.0,0.0,0.0,0.9636,0.0364,0.647,1.0,720,3,Cyber Intrusion,data_injection
0.0,244.962,139.542,1.0,6.0,0.0,0.0,0.0,6.0,0.0,0.0,2.1822,0.1971,0.0,0.0,0.0,0.0,0.0,0.9621,0.0379,0.239,1.0,720,4,Normal,normal
0.0,244.083,139.458,1.0,6.0,0.0,0.0,0.0,6.0,0.0,0.0,2.1822,0.1971,0.0,0.0,0.0,0.0,0.0,0.9548,0.0452,0.276,1.0,720,5,Normal,normal
0.0,249.375,105.847,1.0,6.0,0.0,0.0,0.0,6.0,0.0,0.0,1.0091,0.0912,0.0,0.0,0.0,0.0,0.0,0.9652,0.0348,-1.541,1.0,721,1,Normal,normal
0.0,247.808,105.922,1.0,6.0,0.0,0.0,0.0,6.0,0.0,0.0,1.0091,0.0912,0.0,0.0,0.0,0.0,0.0,0.9574,0.0426,0.652,1.0,721,2,Normal,normal
0.0,246.935,106.08,1.0,6.0,0.0,0.0,0.0,6.0,0.0,0.0,1.0091,0.0912,0.0,0.0,0.0,0.0,0.0,0.9634,0.0366,0.654,1.0,721,3,Normal,normal
0.0,246.102,106.306,1.0,6.0,0.0,0.0,0.0,6.0,0.0,0.0,1.0091,0.0912,0.0,0.0,0.0,0.0,0.0,0.9629,0.0371,0.234,1.0,721,4,Normal,normal
0.0,245.565,106.458,1.0,6.0,0.0,0.0,0.0,6.0,0.0,0.0,1.0091,0.0912,0.0,0.0,0.0,0.0,0.0,0.957,0.043,0.293,1.0,721,5,Normal,normal
0.0,214.002,102.517,1.0,6.0,0.0,0.0,0.0,6.0,0.0,0.0,0.5981,0.054,0.0,0.0,0.0,0.0,0.0,0.9654,0.0346,-1.558,1.0,722,1,Normal,normal
0.0,212.59,102.481,1.0,6.0,0.0,0.0,0.0,6.0,0.0,0.0,0.5981,0.054,0.0,0.0,0.0,0.0,0.0,0.9569,0.0431,0.661,1.0,722,2,Normal,normal
0.0,211.878,102.591,1.0,6.0,0.0,0.0,0.0,6.0,0.0,0.0,0.5981,0.054,0.0,0.0,0.0,0.0,0.0,0.9592,0.0408,0.666,1.0,722,3,Normal,normal
0.0,211.198,102.747,1.0,6.0,0.0,0.0,0.0,6.0,0.0,0.0,0.5981,0.054,0.0,0.0,0.0,0.0,0.0,0.9602,0.0398,0.244,1.0,722,4,Normal,normal
0.0,210.705,102.866,1.0,6.0,0.0,0.0,0.0,6.0,0.0,0.0,0.5981,0.054,0.0,0.0,0.0,0.0,0.0,0.9543,0.0457,0.293,1.0,722,5,Normal,normal
0.0,224.527,94.882,1.0,6.0,0.0,0.0,0.0,6.0,0.0,0.0,0.6333,0.0572,0.0,0.0,0.0,0.0,0.0,0.9625,0.0375,-1.558,1.0,723,1,Normal,normal
0.0,223.067,94.897,1.0,6.0,0.0,0.0,0.0,6.0,0.0,0.0,0.6333,0.0572,0.0,0.0,0.0,0.0,0.0,0.9573,0.0427,0.652,1.0,723,2,Normal,normal
0.0,222.305,95.061,1.0,6.0,0.0,0.0,0.0,6.0,0.0,0.0,0.6333,0.0572,0.0,0.0,0.0,0.0,0.0,0.958,0.042,0.665,1.0,723,3,Normal,normal
0.0,221.615,95.263,1.0,6.0,0.0,0.0,0.0,6.0,0.0,0.0,0.6333,0.0572,0.0,0.0,0.0,0.0,0.0,0.9604,0.0396,0.24,1.0,723,4,Normal,normal
0.0,221.102,95.41,1.0,6.0,0.0,0.0,0.0,6.0,0.0,0.0,0.6333,0.0572,0.0,0.0,0.0,0.0,0.0,0.9551,0.0449,0.284,1.0,723,5,Normal,normal
0.0,258.512,96.917,1.0,6.0,0.0,0.0,0.0,6.0,0.0,0.0,2.1829,0.1972,0.0,0.0,0.0,0.0,0.0,0.9644,0.0356,-1.564,1.0,724,1,Normal,normal
0.0,257.035,96.679,1.0,6.0,0.0,0.0,0.0,6.0,0.0,0.0,2.1829,0.1972,0.0,0.0,0.0,0.0,0.0,0.9584,0.0416,0.663,1.0,724,2,Normal,normal
0.0,256.27,96.546,1.0,6.0,0.0,0.0,0.0,6.0,0.0,0.0,2.1829,0.1972,0.0,0.0,0.0,0.0,0.0,0.9612,0.0388,0.66,1.0,724,3,Normal,normal
0.0,255.658,96.455,1.0,6.0,0.0,0.0,0.0,6.0,0.0,0.0,2.1829,0.1972,0.0,0.0,0.0,0.0,0.0,0.9607,0.0393,0.235,1.0,724,4,Normal,normal
0.0,255.233,96.431,1.0,6.0,0.0,0.0,0.0,6.0,0.0,0.0,2.1829,0.1972,0.0,0.0,0.0,0.0,0.0,0.9514,0.0486,0.293,1.0,724,5,Normal,normal
0.0,225.522,108.813,1.0,6.0,0.0,0.0,0.0,6.0,0.0,0.0,2.8964,0.2616,0.0,0.0,0.0,0.0,0.0,0.9633,0.0367,-1.551,1.0,725,1,Normal,normal
0.0,223.942,108.664,1.0,6.0,0.0,0.0,0.0,6.0,0.0,0.0,2.8964,0.2616,0.0,0.0,0.0,0.0,0.0,0.9579,0.0421,0.652,1.0,725,2,Normal,normal
0.0,223.063,108.576,1.0,6.0,0.0,0.0,0.0,6.0,0.0,0.0,2.8964,0.2616,0.0,0.0,0.0,0.0,0.0,0.9575,0.0425,0.657,1.0,725,3,Normal,normal
0.0,222.412,108.524,1.0,6.0,0.0,0.0,0.0,6.0,0.0,0.0,2.8964,0.2616,0.0,0.0,0.0,0.0,0.0,0.9624,0.0376,0.24,1.0,725,4,Normal,normal
0.0,221.815,108.587,1.0,6.0,0.0,0.0,0.0,6.0,0.0,0.0,2.8964,0.2616,0.0,0.0,0.0,0.0,0.0,0.9507,0.0493,0.285,1.0,725,5,Normal,normal
0.0,224.823,109.474,1.0,6.0,0.0,0.0,0.0,6.0,0.0,0.0,0.6047,0.0546,0.0,0.0,0.0,0.0,0.0,0.966,0.034,-1.547,1.0,726,1,Normal,normal
0.0,223.157,109.405,1.0,6.0,0.0,0.0,0.0,6.0,0.0,0.0,0.6047,0.0546,0.0,0.0,0.0,0.0,0.0,0.9587,0.0413,0.654,1.0,726,2,Normal,normal
0.0,222.268,109.324,1.0,6.0,0.0,0.0,0.0,6.0,0.0,0.0,0.6047,0.0546,0.0,0.0,0.0,0.0,0.0,0.9612,0.0388,0.654,1.0,726,3,Normal,normal
0.0,221.595,109.292,1.0,6.0,0.0,0.0,0.0,6.0,0.0,0.0,0.6047,0.0546,0.0,0.0,0.0,0.0,0.0,0.9621,0.0379,0.237,1.0,726,4,Normal,normal
0.0,220.893,109.453,1.0,6.0,0.0,0.0,0.0,6.0,0.0,0.0,0.6047,0.0546,0.0,0.0,0.0,0.0,0.0,0.9591,0.0409,0.278,1.0,726,5,Normal,normal
0.0,185.433,82.044,1.0,6.0,0.0,0.0,0.0,6.0,0.0,0.0,3.2995,0.298,0.0,0.0,0.0,0.0,0.0,0.9661,0.0339,-1.512,1.0,727,1,Normal,normal
0.0,183.745,81.825,1.0,6.0,0.0,0.0,0.0,6.0,0.0,0.0,3.2995,0.298,0.0,0.0,0.0,0.0,0.0,0.9557,0.0443,0.639,1.0,727,2,Normal,normal
0.0,182.813,81.72,1.0,6.0,0.0,0.0,0.0,6.0,0.0,0.0,3.2995,0.298,0.0,0.0,0.0,0.0,0.0,0.9609,0.0391,0.639,1.0,727,3,Normal,normal
0.0,181.942,81.641,1.0,6.0,0.0,0.0,0.0,6.0,0.0,0.0,3.2995,0.298,0.0,0.0,0.0,0.0,0.0,0.9667,0.0333,0.231,1.0,727,4,Normal,normal
0.0,181.195,81.735,1.0,6.0,0.0,0.0,0.0,6.0,0.0,0.0,3.2995,0.298,0.0,0.0,0.0,0.0,0.0,0.9585,0.0415,0.274,1.0,727,5,Normal,normal
0.0,156.277,40.34,1.0,6.0,0.0,0.0,0.0,6.0,0.0,0.0,0.3847,0.0348,0.0,0.0,0.0,0.0,0.0,0.9677,0.0323,-1.474,1.0,728,1,Normal,normal
0.0,154.62,40.415,1.0,6.0,0.0,0.0,0.0,6.0,0.0,0.0,0.3847,0.0348,0.0,0.0,0.0,0.0,0.0,0.9618,0.0382,0.624,1.0,728,2,Normal,normal
0.0,153.748,40.544,1.0,6.0,0.0,0.0,0.0,6.0,0.0,0.0,0.3847,0.0348,0.0,0.0,0.0,0.0,0.0,0.9647,0.0353,0.632,1.0,728,3,Normal,normal
0.0,152.867,40.446,1.0,6.0,0.0,0.0,0.0,6.0,0.0,0.0,0.3847,0.0348,0.0,0.0,0.0,0.0,0.0,0.9642,0.0358,0.223,1.0,728,4,Normal,normal
0.0,152.105,40.583,1.0,6.0,0.0,0.0,0.0,6.0,0.0,0.0,0.3847,0.0348,0.0,0.0,0.0,0.0,0.0,0.9585,0.0415,0.279,1.0,728,5,Normal,normal
0.0,212.308,95.322,1.0,6.0,0.0,0.0,0.0,6.0,0.0,0.0,0.6511,0.0588,0.0,0.0,0.0,0.0,0.0,0.9664,0.0336,-1.455,1.0,729,1,Normal,normal
0.0,210.718,95.342,1.0,6.0,0.0,0.0,0.0,6.0,0.0,0.0,0.6511,0.0588,0.0,0.0,0.0,0.0,0.0,0.9616,0.0384,0.624,1.0,729,2,Normal,normal
0.0,209.848,95.215,1.0,6.0,0.0,0.0,0.0,6.0,0.0,0.0,0.6511,0.0588,0.0,0.0,0.0,0.0,0.0,0.9641,0.0359,0.611,1.0,729,3,Normal,normal
0.0,208.947,95.13,1.0,6.0,0.0,0.0,0.0,6.0,0.0,0.0,0.6511,0.0588,0.0,0.0,0.0,0.0,0.0,0.9629,0.0371,0.217,1.0,729,4,Normal,normal
0.0,208.127,94.913,1.0,6.0,0.0,0.0,0.0,6.0,0.0,0.0,0.6511,0.0588,0.0,0.0,0.0,0.0,0.0,0.9593,0.0407,0.267,1.0,729,5,Normal,normal
0.0,214.71,93.556,1.0,6.0,0.0,0.0,0.0,6.0,0.0,0.0,2.0807,0.1879,0.0,0.0,0.0,0.0,0.0,0.9688,0.0312,-1.412,1.0,730,1,Normal,normal
0.0,213.122,93.523,1.0,6.0,0.0,0.0,0.0,6.0,0.0,0.0,2.0807,0.1879,0.0,0.0,0.0,0.0,0.0,0.9644,0.0356,0.602,1.0,730,2,Normal,normal
0.0,211.978,93.653,1.0,6.0,0.0,0.0,0.0,6.0,0.0,0.0,2.0807,0.1879,0.0,0.0,0.0,0.0,0.0,0.9624,0.0376,0.598,1.0,730,3,Normal,normal
0.0,211.26,93.582,1.0,6.0,0.0,0.0,0.0,6.0,0.0,0.0,2.0807,0.1879,0.0,0.0,0.0,0.0,0.0,0.9675,0.0325,0.213,1.0,730,4,Normal,normal
0.0,210.45,93.382,1.0,6.0,0.0,0.0,0.0,6.0,0.0,0.0,2.0807,0.1879,0.0,0.0,0.0,0.0,0.0,0.9574,0.0426,0.266,1.0,730,5,Normal,normal
0.0,215.775,92.511,1.0,6.0,0.0,0.0,0.0,6.0,0.0,0.0,2.1118,0.1908,0.0,0.0,0.0,0.0,0.0,0.9728,0.0272,-1.358,1.0,731,1,Normal,normal
0.0,214.163,92.499,1.0,6.0,0.0,0.0,0.0,6.0,0.0,0.0,2.1118,0.1908,0.0,0.0,0.0,0.0,0.0,0.9629,0.0371,0.572,1.0,731,2,Normal,normal
0.0,213.1,92.555,1.0,6.0,0.0,0.0,0.0,6.0,0.0,0.0,2.1118,0.1908,0.0,0.0,0.0,0.0,0.0,0.9653,0.0347,0.569,1.0,731,3,Normal,normal
0.0,212.465,92.401,1.0,6.0,0.0,0.0,0.0,6.0,0.0,0.0,2.1118,0.1908,0.0,0.0,0.0,0.0,0.0,0.9711,0.0289,0.204,1.0,731,4,Normal,normal
0.0,211.672,92.185,1.0,6.0,0.0,0.0,0.0,6.0,0.0,0.0,2.1118,0.1908,0.0,0.0,0.0,0.0,0.0,0.9634,0.0366,0.253,1.0,731,5,Normal,normal
0.0,265.742,143.048,1.0,6.0,0.0,0.0,0.0,6.0,0.0,0.0,1.7597,0.159,0.0,0.0,0.0,0.0,0.0,0.9695,0.0305,-1.328,1.0,732,1,Normal,normal
0.0,264.267,142.984,1.0,6.0,0.0,0.0,0.0,6.0,0.0,0.0,1.7597,0.159,0.0,0.0,0.0,0.0,0.0,0.9662,0.0338,0.556,1.0,732,2,Normal,normal
0.0,263.113,142.956,1.0,6.0,0.0,0.0,0.0,6.0,0.0,0.0,1.7597,0.159,0.0,0.0,0.0,0.0,0.0,0.9633,0.0367,0.566,1.0,732,3,Normal,normal
0.0,262.517,142.825,1.0,6.0,0.0,0.0,0.0,6.0,0.0,0.0,1.7597,0.159,0.0,0.0,0.0,0.0,0.0,0.9651,0.0349,0.204,1.0,732,4,Normal,normal
0.0,261.812,142.814,1.0,6.0,0.0,0.0,0.0,6.0,0.0,0.0,1.7597,0.159,0.0,0.0,0.0,0.0,0.0,0.9616,0.0384,0.25,1.0,732,5,Normal,normal
0.0,245.173,152.597,1.0,6.0,0.0,0.0,0.0,6.0,0.0,0.0,1.4055,0.127,0.0,0.0,0.0,0.0,0.0,0.969,0.031,-1.264,1.0,733,1,Normal,normal
0.0,243.62,152.558,1.0,6.0,0.0,0.0,0.0,6.0,0.0,0.0,1.4055,0.127,0.0,0.0,0.0,0.0,0.0,0.9664,0.0336,0.536,1.0,733,2,Normal,normal
0.0,242.408,152.475,1.0,6.0,0.0,0.0,0.0,6.0,0.0,0.0,1.4055,0.127,0.0,0.0,0.0,0.0,0.0,0.9693,0.0307,0.541,1.0,733,3,Normal,normal
0.0,241.77,152.352,1.0,6.0,0.0,0.0,0.0,6.0,0.0,0.0,1.4055,0.127,0.0,0.0,0.0,0.0,0.0,0.9707,0.0293,0.195,1.0,733,4,Normal,normal
0.0,241.002,152.362,1.0,6.0,0.0,0.0,0.0,6.0,0.0,0.0,1.4055,0.127,0.0,0.0,0.0,0.0,0.0,0.9639,0.0361,0.241,1.0,733,5,Normal,normal
0.0,249.065,149.921,1.0,6.0,0.0,0.0,0.0,6.0,0.0,0.0,0.6719,0.0607,0.0,0.0,0.0,0.0,0.0,0.9727,0.0273,-1.211,1.0,734,1,Normal,normal
0.0,247.457,149.928,1.0,6.0,0.0,0.0,0.0,6.0,0.0,0.0,0.6719,0.0607,0.0,0.0,0.0,0.0,0.0,0.9696,0.0304,0.511,1.0,734,2,Normal,normal
0.0,246.52,149.642,1.0,6.0,0.0,0.0,0.0,6.0,0.0,0.0,0.6719,0.0607,0.0,0.0,0.0,0.0,0.0,0.9679,0.0321,0.511,1.0,734,3,Normal,normal
0.0,245.897,149.512,1.0,6.0,0.0,0.0,0.0,6.0,0.0,0.0,0.6719,0.0607,0.0,0.0,0.0,0.0,0.0,0.9717,0.0283,0.18,1.0,734,4,Normal,normal
0.0,245.253,149.436,1.0,6.0,0.0,0.0,0.0,6.0,0.0,0.0,0.6719,0.0607,0.0,0.0,0.0,0.0,0.0,0.9667,0.0333,0.222,1.0,734,5,Normal,normal
0.0,262.587,106.881,1.0,6.0,0.0,0.0,0.0,6.0,0.0,0.0,1.0821,0.0977,0.0,0.0,0.0,0.0,0.0,0.9763,0.0237,-1.185,1.0,735,1,Normal,normal
0.0,261.048,106.89,1.0,6.0,0.0,0.0,0.0,6.0,0.0,0.0,1.0821,0.0977,0.0,0.0,0.0,0.0,0.0,0.9711,0.0289,0.499,1.0,735,2,Normal,normal
0.0,260.168,106.751,1.0,6.0,0.0,0.0,0.0,6.0,0.0,0.0,1.0821,0.0977,0.0,0.0,0.0,0.0,0.0,0.9694,0.0306,0.496,1.0,735,3,Normal,normal
0.0,259.563,106.649,1.0,6.0,0.0,0.0,0.0,6.0,0.0,0.0,1.0821,0.0977,0.0,0.0,0.0,0.0,0.0,0.9709,0.0291,0.181,1.0,735,4,Normal,normal
0.0,258.923,106.621,1.0,6.0,0.0,0.0,0.0,6.0,0.0,0.0,1.0821,0.0977,0.0,0.0,0.0,0.0,0.0,0.9684,0.0316,0.222,1.0,735,5,Normal,normal
0.0,238.17,114.602,1.0,6.0,0.0,0.0,0.0,6.0,0.0,0.0,7.4715,0.6749,0.0,0.0,0.0,0.0,0.0,0.9805,0.0195,-1.123,1.0,736,1,Normal,normal
0.0,236.63,114.579,1.0,6.0,0.0,0.0,0.0,6.0,0.0,0.0,7.4715,0.6749,0.0,0.0,0.0,0.0,0.0,0.9672,0.0328,0.475,1.0,736,2,Normal,normal
0.0,235.882,114.524,1.0,6.0,0.0,0.0,0.0,6.0,0.0,0.0,7.4715,0.6749,0.0,0.0,0.0,0.0,0.0,0.9694,0.0306,0.484,1.0,736,3,Normal,normal
0.0,235.335,114.493,1.0,6.0,0.0,0.0,0.0,6.0,0.0,0.0,7.4715,0.6749,0.0,0.0,0.0,0.0,0.0,0.9716,0.0284,0.179,1.0,736,4,Normal,normal
0.0,234.757,114.5,1.0,6.0,0.0,0.0,0.0,6.0,0.0,0.0,7.4715,0.6749,0.0,0.0,0.0,0.0,0.0,0.9736,0.0264,0.21,1.0,736,5,Normal,normal
0.0,246.468,107.872,1.0,6.0,0.0,0.0,0.0,6.0,0.0,0.0,3.2453,0.2931,0.0,0.0,0.0,0.0,0.0,0.9722,0.0278,-1.087,1.0,737,1,Normal,normal
0.0,244.907,107.863,1.0,6.0,0.0,0.0,0.0,6.0,0.0,0.0,3.2453,0.2931,0.0,0.0,0.0,0.0,0.0,0.9731,0.0269,0.455,1.0,737,2,Normal,normal
0.0,244.112,107.836,1.0,6.0,0.0,0.0,0.0,6.0,0.0,0.0,3.2453,0.2931,0.0,0.0,0.0,0.0,0.0,0.976,0.024,0.452,1.0,737,3,Normal,normal
0.0,243.462,107.868,1.0,6.0,0.0,0.0,0.0,6.0,0.0,0.0,3.2453,0.2931,0.0,0.0,0.0,0.0,0.0,0.975,0.025,0.161,1.0,737,4,Normal,normal
0.0,242.858,107.87,1.0,6.0,0.0,0.0,0.0,6.0,0.0,0.0,3.2453,0.2931,0.0,0.0,0.0,0.0,0.0,0.9693,0.0307,0.199,1.0,737,5,Normal,normal
0.0,302.988,136.426,1.0,6.0,0.0,0.0,0.0,6.0,0.0,0.0,0.8797,0.0795,0.0,0.0,0.0,0.0,0.0,0.9776,0.0224,-1.052,1.0,738,1,Normal,normal
0.0,301.455,136.491,1.0,6.0,0.0,0.0,0.0,6.0,0.0,0.0,0.8797,0.0795,0.0,0.0,0.0,0.0,0.0,0.9708,0.0292,0.453,1.0,738,2,Normal,normal
0.0,300.598,136.391,1.0,6.0,0.0,0.0,0.0,6.0,0.0,0.0,0.8797,0.0795,0.0,0.0,0.0,0.0,0.0,0.9723,0.0277,0.446,1.0,738,3,Normal,normal
0.0,299.767,136.3,1.0,6.0,0.0,0.0,0.0,6.0,0.0,0.0,0.8797,0.0795,0.0,0.0,0.0,0.0,0.0,0.9762,0.0238,0.162,1.0,738,4,Normal,normal
0.0,298.967,136.245,1.0,6.0,0.0,0.0,0.0,6.0,0.0,0.0,0.8797,0.0795,0.0,0.0,0.0,0.0,0.0,0.9718,0.0282,0.195,1.0,738,5,Normal,normal
0.0,259.972,152.516,1.0,6.0,0.0,0.0,0.0,6.0,0.0,0.0,3.2235,0.2912,0.0,0.0,0.0,0.0,0.0,0.9781,0.0219,-1.017,1.0,739,1,Normal,normal
0.0,258.583,152.478,1.0,6.0,0.0,0.0,0.0,6.0,0.0,0.0,3.2235,0.2912,0.0,0.0,0.0,0.0,0.0,0.9682,0.0318,0.435,1.0,739,2,Normal,normal
0.0,257.738,152.347,1.0,6.0,0.0,0.0,0.0,6.0,0.0,0.0,3.2235,0.2912,0.0,0.0,0.0,0.0,0.0,0.9753,0.0247,0.417,1.0,739,3,Normal,normal
0.0,256.64,152.322,1.0,6.0,0.0,0.0,0.0,6.0,0.0,0.0,3.2235,0.2912,0.0,0.0,0.0,0.0,0.0,0.9735,0.0265,0.153,1.0,739,4,Normal,normal
0.0,255.783,152.233,1.0,6.0,0.0,0.0,0.0,6.0,0.0,0.0,3.2235,0.2912,0.0,0.0,0.0,0.0,0.0,0.9725,0.0275,0.192,1.0,739,5,Normal,normal
0.0,267.885,146.311,1.0,6.0,0.0,0.0,0.0,6.0,0.0,0.0,2.2502,0.2033,0.0,0.0,0.0,0.0,0.0,0.9818,0.0182,-0.985,1.0,740,1,Normal,normal
0.0,266.51,146.254,1.0,6.0,0.0,0.0,0.0,6.0,0.0,0.0,2.2502,0.2033,0.0,0.0,0.0,0.0,0.0,0.9744,0.0256,0.414,1.0,740,2,Normal,normal
0.0,265.703,146.096,1.0,6.0,0.0,0.0,0.0,6.0,0.0,0.0,2.2502,0.2033,0.0,0.0,0.0,0.0,0.0,0.9738,0.0262,0.414,1.0,740,3,Normal,normal
0.0,264.622,146.087,1.0,6.0,0.0,0.0,0.0,6.0,0.0,0.0,2.2502,0.2033,0.0,0.0,0.0,0.0,0.0,0.9745,0.0255,0.147,1.0,740,4,Normal,normal
0.0,263.79,145.994,1.0,6.0,0.0,0.0,0.0,6.0,0.0,0.0,2.2502,0.2033,0.0,0.0,0.0,0.0,0.0,0.9716,0.0284,0.188,1.0,740,5,Normal,normal
0.0,274.838,120.306,1.0,6.0,0.0,0.0,0.0,6.0,54.3433,0.0,3545.9881,320.3097,1.0,10.0034,0.0,1.0,1.0,0.9771,0.0229,-0.97,1.0,741,1,Normal,normal
0.0,273.453,120.168,1.0,6.0,0.0,0.0,0.0,6.0,54.3433,0.0,3545.9881,320.3097,1.0,12.0229,0.0,1.0,1.0,0.9789,0.0211,0.411,1.0,741,2,Normal,normal
0.0,272.698,119.963,1.0,6.0,0.0,0.0,0.0,6.0,54.3433,0.0,3545.9881,320.3097,1.0,11.1639,0.0,1.0,1.0,0.9775,0.0225,0.415,1.0,741,3,Normal,normal
0.0,271.653,119.796,1.0,6.0,0.0,0.0,0.0,6.0,54.3433,1.0,3545.9881,320.3097,1.0,54.3433,0.0,1.0,1.0,0.782,0.218,0.156,1.0,741,4,Cyber Intrusion,data_injection
0.0,270.773,119.423,1.0,6.0,0.0,0.0,0.0,6.0,54.3433,0.0,3545.9881,320.3097,1.0,10.2394,0.0,1.0,1.0,0.9721,0.0279,0.178,1.0,741,5,Normal,normal
0.0,225.593,120.166,1.0,6.0,0.0,0.0,0.0,6.0,54.0492,0.0,3505.7075,316.6711,1.0,10.551,0.0,1.0,1.0,0.9778,0.0222,-0.947,1.0,742,1,Normal,normal
0.0,224.152,120.016,1.0,6.0,0.0,0.0,0.0,6.0,54.0492,0.0,3505.7075,316.6711,1.0,10.7829,0.0,1.0,1.0,0.9743,0.0257,0.409,1.0,742,2,Normal,normal
0.0,223.362,119.757,1.0,6.0,0.0,0.0,0.0,6.0,54.0492,0.0,3505.7075,316.6711,1.0,10.3653,0.0,1.0,1.0,0.9742,0.0258,0.41,1.0,742,3,Normal,normal
0.0,222.503,119.514,1.0,6.0,0.0,0.0,0.0,6.0,54.0492,1.0,3505.7075,316.6711,1.0,54.0492,0.0,1.0,1.0,0.782,0.218,0.148,1.0,742,4,Cyber Intrusion,data_injection
0.0,221.745,119.246,1.0,6.0,0.0,0.0,0.0,6.0,54.0492,0.0,3505.7075,316.6711,1.0,10.9622,0.0,1.0,1.0,0.9734,0.0266,0.172,1.0,742,5,Normal,normal
0.0,230.27,116.672,1.0,6.0,0.0,0.0,0.0,6.0,0.0,0.0,1.6572,0.1497,0.0,0.0,0.0,0.0,0.0,0.982,0.018,-0.937,1.0,743,1,Normal,normal
0.0,228.783,116.561,1.0,6.0,0.0,0.0,0.0,6.0,0.0,0.0,1.6572,0.1497,0.0,0.0,0.0,0.0,0.0,0.9738,0.0262,0.402,1.0,743,2,Normal,normal
0.0,227.977,116.308,1.0,6.0,0.0,0.0,0.0,6.0,0.0,0.0,1.6572,0.1497,0.0,0.0,0.0,0.0,0.0,0.9748,0.0252,0.393,1.0,743,3,Normal,normal
0.0,227.235,115.961,1.0,6.0,0.0,0.0,0.0,6.0,0.0,0.0,1.6572,0.1497,0.0,0.0,0.0,0.0,0.0,0.9792,0.0208,0.143,1.0,743,4,Cyber Intrusion,data_injection
0.0,226.518,115.659,1.0,6.0,0.0,0.0,0.0,6.0,0.0,0.0,1.6572,0.1497,0.0,0.0,0.0,0.0,0.0,0.9737,0.0263,0.177,1.0,743,5,Normal,normal
0.0,266.442,129.223,1.0,6.0,0.0,0.0,0.0,6.0,0.0,0.0,0.8955,0.0809,0.0,0.0,0.0,0.0,0.0,0.9806,0.0194,-0.931,1.0,744,1,Normal,normal
0.0,264.988,129.175,1.0,6.0,0.0,0.0,0.0,6.0,0.0,0.0,0.8955,0.0809,0.0,0.0,0.0,0.0,0.0,0.9753,0.0247,0.4,1.0,744,2,Normal,normal
0.0,264.13,129.014,1.0,6.0,0.0,0.0,0.0,6.0,0.0,0.0,0.8955,0.0809,0.0,0.0,0.0,0.0,0.0,0.9746,0.0254,0.395,1.0,744,3,Normal,normal
0.0,263.468,128.937,1.0,6.0,0.0,0.0,0.0,6.0,0.0,0.0,0.8955,0.0809,0.0,0.0,0.0,0.0,0.0,0.9759,0.0241,0.15,1.0,744,4,Cyber Intrusion,data_injection
0.0,262.802,128.881,1.0,6.0,0.0,0.0,0.0,6.0,0.0,0.0,0.8955,0.0809,0.0,0.0,0.0,0.0,0.0,0.9733,0.0267,0.174,1.0,744,5,Normal,normal
0.0,240.54,137.464,1.0,6.0,0.0,0.0,0.0,6.0,0.0,0.0,3.7587,0.3395,0.0,0.0,0.0,0.0,0.0,0.9776,0.0224,-0.933,1.0,745,1,Normal,normal
0.0,239.175,137.391,1.0,6.0,0.0,0.0,0.0,6.0,0.0,0.0,3.7587,0.3395,0.0,0.0,0.0,0.0,0.0,0.9779,0.0221,0.395,1.0,745,2,Normal,normal
0.0,238.187,137.286,1.0,6.0,0.0,0.0,0.0,6.0,0.0,0.0,3.7587,0.3395,0.0,0.0,0.0,0.0,0.0,0.9825,0.0175,0.396,1.0,745,3,Normal,normal
0.0,237.115,137.486,1.0,6.0,0.0,0.0,0.0,6.0,0.0,0.0,3.7587,0.3395,0.0,0.0,0.0,0.0,0.0,0.9779,0.0221,0.143,1.0,745,4,Cyber Intrusion,data_injection
0.0,236.305,137.472,1.0,6.0,0.0,0.0,0.0,6.0,0.0,0.0,3.7587,0.3395,0.0,0.0,0.0,0.0,0.0,0.9749,0.0251,0.169,1.0,745,5,Normal,normal
0.0,250.798,129.78,1.0,6.0,0.0,0.0,0.0,6.0,0.0,0.0,0.3962,0.0358,0.0,0.0,0.0,0.0,0.0,0.979,0.021,-0.941,1.0,746,1,Normal,normal
0.0,249.395,129.738,1.0,6.0,0.0,0.0,0.0,6.0,0.0,0.0,0.3962,0.0358,0.0,0.0,0.0,0.0,0.0,0.9756,0.0244,0.402,1.0,746,2,Normal,normal
0.0,248.387,129.665,1.0,6.0,0.0,0.0,0.0,6.0,0.0,0.0,0.3962,0.0358,0.0,0.0,0.0,0.0,0.0,0.9763,0.0237,0.394,1.0,746,3,Normal,normal
0.0,247.318,129.913,1.0,6.0,0.0,0.0,0.0,6.0,0.0,0.0,0.3962,0.0358,0.0,0.0,0.0,0.0,0.0,0.979,0.021,0.145,1.0,746,4,Normal,normal
0.0,246.397,129.964,1.0,6.0,0.0,0.0,0.0,6.0,0.0,0.0,0.3962,0.0358,0.0,0.0,0.0,0.0,0.0,0.9757,0.0243,0.168,1.0,746,5,Normal,normal
0.0,284.09,121.15,1.0,6.0,0.0,0.0,0.0,6.0,0.0,0.0,4.0361,0.3646,0.0,0.0,0.0,0.0,0.0,0.9767,0.0233,-0.941,1.0,747,1,Normal,normal
0.0,282.81,121.237,1.0,6.0,0.0,0.0,0.0,6.0,0.0,0.0,4.0361,0.3646,0.0,0.0,0.0,0.0,0.0,0.9693,0.0307,0.404,1.0,747,2,Normal,normal
0.0,281.892,121.309,1.0,6.0,0.0,0.0,0.0,6.0,0.0,0.0,4.0361,0.3646,0.0,0.0,0.0,0.0,0.0,0.9732,0.0268,0.399,1.0,747,3,Normal,normal
0.0,280.875,121.746,1.0,6.0,0.0,0.0,0.0,6.0,0.0,0.0,4.0361,0.3646,0.0,0.0,0.0,0.0,0.0,0.9786,0.0214,0.148,1.0,747,4,Normal,normal
0.0,279.997,121.993,1.0,6.0,0.0,0.0,0.0,6.0,0.0,0.0,4.0361,0.3646,0.0,0.0,0.0,0.0,0.0,0.973,0.027,0.171,1.0,747,5,Normal,normal
0.0,245.833,128.115,1.0,6.0,0.0,0.0,0.0,6.0,0.0,0.0,2.1382,0.1931,0.0,0.0,0.0,0.0,0.0,0.9825,0.0175,-0.954,1.0,748,1,Normal,normal
0.0,244.47,128.311,1.0,6.0,0.0,0.0,0.0,6.0,0.0,0.0,2.1382,0.1931,0.0,0.0,0.0,0.0,0.0,0.9733,0.0267,0.404,1.0,748,2,Normal,normal
0.0,243.542,128.481,1.0,6.0,0.0,0.0,0.0,6.0,0.0,0.0,2.1382,0.1931,0.0,0.0,0.0,0.0,0.0,0.9766,0.0234,0.407,1.0,748,3,Normal,normal
0.0,242.488,128.931,1.0,6.0,0.0,0.0,0.0,6.0,0.0,0.0,2.1382,0.1931,0.0,0.0,0.0,0.0,0.0,0.9781,0.0219,0.143,1.0,748,4,Normal,normal
0.0,241.702,129.152,1.0,6.0,0.0,0.0,0.0,6.0,0.0,0.0,2.1382,0.1931,0.0,0.0,0.0,0.0,0.0,0.9717,0.0283,0.182,1.0,748,5,Normal,normal
0.0,252.018,123.107,1.0,6.0,0.0,0.0,0.0,6.0,0.0,0.0,1.2213,0.1103,0.0,0.0,0.0,0.0,0.0,0.9777,0.0223,-0.964,1.0,749,1,Normal,normal
0.0,250.67,123.305,1.0,6.0,0.0,0.0,0.0,6.0,0.0,0.0,1.2213,0.1103,0.0,0.0,0.0,0.0,0.0,0.9741,0.0259,0.409,1.0,749,2,Normal,normal
0.0,249.837,123.392,1.0,6.0,0.0,0.0,0.0,6.0,0.0,0.0,1.2213,0.1103,0.0,0.0,0.0,0.0,0.0,0.9772,0.0228,0.408,1.0,749,3,Normal,normal
0.0,249.115,123.54,1.0,6.0,0.0,0.0,0.0,6.0,0.0,0.0,1.2213,0.1103,0.0,0.0,0.0,0.0,0.0,0.9749,0.0251,0.139,1.0,749,4,Normal,normal
0.0,248.363,123.739,1.0,6.0,0.0,0.0,0.0,6.0,0.0,0.0,1.2213,0.1103,0.0,0.0,0.0,0.0,0.0,0.9748,0.0252,0.184,1.0,749,5,Normal,normal
0.0,276.588,116.593,1.0,6.0,0.0,0.0,0.0,6.0,0.0,0.0,2.9379,0.2654,0.0,0.0,0.0,0.0,0.0,0.9797,0.0203,-0.969,1.0,750,1,Normal,normal
0.0,275.16,116.68,1.0,6.0,0.0,0.0,0.0,6.0,0.0,0.0,2.9379,0.2654,0.0,0.0,0.0,0.0,0.0,0.975,0.025,0.418,1.0,750,2,Normal,normal
0.0,274.347,116.817,1.0,6.0,0.0,0.0,0.0,6.0,0.0,0.0,2.9379,0.2654,0.0,0.0,0.0,0.0,0.0,0.9783,0.0217,0.414,1.0,750,3,Normal,normal
0.0,273.5,116.885,1.0,6.0,0.0,0.0,0.0,6.0,0.0,0.0,2.9379,0.2654,0.0,0.0,0.0,0.0,0.0,0.9727,0.0273,0.151,1.0,750,4,Normal,normal
0.0,272.667,116.788,1.0,6.0,0.0,0.0,0.0,6.0,0.0,0.0,2.9379,0.2654,0.0,0.0,0.0,0.0,0.0,0.9721,0.0279,0.174,1.0,750,5,Normal,normal
0.0,233.527,114.725,1.0,6.0,0.0,0.0,0.0,6.0,0.0,0.0,0.1722,0.0156,0.0,0.0,0.0,0.0,0.0,0.9781,0.0219,-0.983,1.0,751,1,Normal,normal
0.0,231.865,114.688,1.0,6.0,0.0,0.0,0.0,6.0,0.0,0.0,0.1722,0.0156,0.0,0.0,0.0,0.0,0.0,0.9749,0.0251,0.42,1.0,751,2,Normal,normal
0.0,230.987,114.715,1.0,6.0,0.0,0.0,0.0,6.0,0.0,0.0,0.1722,0.0156,0.0,0.0,0.0,0.0,0.0,0.975,0.025,0.415,1.0,751,3,Normal,normal
0.0,230.035,114.653,1.0,6.0,0.0,0.0,0.0,6.0,0.0,0.0,0.1722,0.0156,0.0,0.0,0.0,0.0,0.0,0.9773,0.0227,0.15,1.0,751,4,Normal,normal
0.0,229.073,114.435,1.0,6.0,0.0,0.0,0.0,6.0,0.0,0.0,0.1722,0.0156,0.0,0.0,0.0,0.0,0.0,0.9733,0.0267,0.181,1.0,751,5,Normal,normal
0.0,239.965,109.054,1.0,6.0,0.0,0.0,0.0,6.0,0.0,0.0,1.6179,0.1461,0.0,0.0,0.0,0.0,0.0,0.9801,0.0199,-0.991,1.0,752,1,Normal,normal
0.0,238.285,109.023,1.0,6.0,0.0,0.0,0.0,6.0,0.0,0.0,1.6179,0.1461,0.0,0.0,0.0,0.0,0.0,0.9737,0.0263,0.423,1.0,752,2,Normal,normal
0.0,237.325,109.094,1.0,6.0,0.0,0.0,0.0,6.0,0.0,0.0,1.6179,0.1461,0.0,0.0,0.0,0.0,0.0,0.972,0.028,0.422,1.0,752,3,Normal,normal
0.0,236.437,108.958,1.0,6.0,0.0,0.0,0.0,6.0,0.0,0.0,1.6179,0.1461,0.0,0.0,0.0,0.0,0.0,0.9753,0.0247,0.158,1.0,752,4,Normal,normal
0.0,235.498,108.712,1.0,6.0,0.0,0.0,0.0,6.0,0.0,0.0,1.6179,0.1461,0.0,0.0,0.0,0.0,0.0,0.9727,0.0273,0.188,1.0,752,5,Normal,normal
0.0,262.875,100.925,1.0,6.0,0.0,0.0,0.0,6.0,0.0,0.0,3.3221,0.3001,0.0,0.0,0.0,0.0,0.0,0.9773,0.0227,-0.996,1.0,753,1,Normal,normal
0.0,261.132,101.015,1.0,6.0,0.0,0.0,0.0,6.0,0.0,0.0,3.3221,0.3001,0.0,0.0,0.0,0.0,0.0,0.9742,0.0258,0.422,1.0,753,2,Normal,normal
0.0,260.26,101.226,1.0,6.0,0.0,0.0,0.0,6.0,0.0,0.0,3.3221,0.3001,0.0,0.0,0.0,0.0,0.0,0.9799,0.0201,0.424,1.0,753,3,Normal,normal
0.0,259.465,101.23,1.0,6.0,0.0,0.0,0.0,6.0,0.0,0.0,3.3221,0.3001,0.0,0.0,0.0,0.0,0.0,0.9737,0.0263,0.145,1.0,753,4,Normal,normal
0.0,258.623,101.148,1.0,6.0,0.0,0.0,0.0,6.0,0.0,0.0,3.3221,0.3001,0.0,0.0,0.0,0.0,0.0,0.9734,0.0266,0.184,1.0,753,5,Normal,normal
0.0,222.355,104.374,1.0,6.0,0.0,0.0,0.0,6.0,0.0,0.0,1.6688,0.1507,0.0,0.0,0.0,0.0,0.0,0.9764,0.0236,-1.01,1.0,754,1,Normal,normal
0.0,220.597,104.376,1.0,6.0,0.0,0.0,0.0,6.0,0.0,0.0,1.6688,0.1507,0.0,0.0,0.0,0.0,0.0,0.9711,0.0289,0.436,1.0,754,2,Normal,normal
0.0,219.74,104.522,1.0,6.0,0.0,0.0,0.0,6.0,0.0,0.0,1.6688,0.1507,0.0,0.0,0.0,0.0,0.0,0.9722,0.0278,0.428,1.0,754,3,Normal,normal
0.0,218.978,104.506,1.0,6.0,0.0,0.0,0.0,6.0,0.0,0.0,1.6688,0.1507,0.0,0.0,0.0,0.0,0.0,0.9719,0.0281,0.153,1.0,754,4,Normal,normal
0.0,218.28,104.434,1.0,6.0,0.0,0.0,0.0,6.0,0.0,0.0,1.6688,0.1507,0.0,0.0,0.0,0.0,0.0,0.9719,0.0281,0.189,1.0,754,5,Normal,normal
0.0,229.358,98.929,1.0,6.0,0.0,0.0,0.0,6.0,0.0,0.0,1.1018,0.0995,0.0,0.0,0.0,0.0,0.0,0.9778,0.0222,-1.011,1.0,755,1,Normal,normal
0.0,227.395,99.068,1.0,6.0,0.0,0.0,0.0,6.0,0.0,0.0,1.1018,0.0995,0.0,0.0,0.0,0.0,0.0,0.973,0.027,0.435,1.0,755,2,Normal,normal
0.0,226.392,99.325,1.0,6.0,0.0,0.0,0.0,6.0,0.0,0.0,1.1018,0.0995,0.0,0.0,0.0,0.0,0.0,0.9712,0.0288,0.431,1.0,755,3,Normal,normal
0.0,225.578,99.344,1.0,6.0,0.0,0.0,0.0,6.0,0.0,0.0,1.1018,0.0995,0.0,0.0,0.0,0.0,0.0,0.9754,0.0246,0.144,1.0,755,4,Normal,normal
0.0,224.802,99.316,1.0,6.0,0.0,0.0,0.0,6.0,0.0,0.0,1.1018,0.0995,0.0,0.0,0.0,0.0,0.0,0.9712,0.0288,0.182,1.0,755,5,Normal,normal
0.0,276.67,120.133,1.0,6.0,0.0,0.0,0.0,6.0,0.0,0.0,1.3679,0.1236,0.0,0.0,0.0,0.0,0.0,0.9794,0.0206,-1.023,1.0,756,1,Normal,normal
0.0,274.82,120.444,1.0,6.0,0.0,0.0,0.0,6.0,0.0,0.0,1.3679,0.1236,0.0,0.0,0.0,0.0,0.0,0.973,0.027,0.43,1.0,756,2,Normal,normal
0.0,273.943,120.596,1.0,6.0,0.0,0.0,0.0,6.0,0.0,0.0,1.3679,0.1236,0.0,0.0,0.0,0.0,0.0,0.9739,0.0261,0.427,1.0,756,3,Normal,normal
0.0,273.252,120.715,1.0,6.0,0.0,0.0,0.0,6.0,0.0,0.0,1.3679,0.1236,0.0,0.0,0.0,0.0,0.0,0.9763,0.0237,0.155,1.0,756,4,Normal,normal
0.0,272.54,120.783,1.0,6.0,0.0,0.0,0.0,6.0,0.0,0.0,1.3679,0.1236,0.0,0.0,0.0,0.0,0.0,0.9754,0.0246,0.193,1.0,756,5,Normal,normal
0.0,242.402,128.384,1.0,6.0,0.0,0.0,0.0,6.0,0.0,0.0,0.549,0.0496,0.0,0.0,0.0,0.0,0.0,0.9783,0.0217,-1.023,1.0,757,1,Normal,normal
0.0,240.768,128.574,1.0,6.0,0.0,0.0,0.0,6.0,0.0,0.0,0.549,0.0496,0.0,0.0,0.0,0.0,0.0,0.9743,0.0257,0.427,1.0,757,2,Normal,normal
0.0,239.815,128.709,1.0,6.0,0.0,0.0,0.0,6.0,0.0,0.0,0.549,0.0496,0.0,0.0,0.0,0.0,0.0,0.9738,0.0262,0.43,1.0,757,3,Normal,normal
0.0,239.012,128.814,1.0,6.0,0.0,0.0,0.0,6.0,0.0,0.0,0.549,0.0496,0.0,0.0,0.0,0.0,0.0,0.9747,0.0253,0.159,1.0,757,4,Normal,normal
0.0,238.155,128.897,1.0,6.0,0.0,0.0,0.0,6.0,0.0,0.0,0.549,0.0496,0.0,0.0,0.0,0.0,0.0,0.9703,0.0297,0.194,1.0,757,5,Normal,normal
0.0,242.175,128.6,1.0,6.0,0.0,0.0,0.0,6.0,0.0,0.0,0.642,0.058,0.0,0.0,0.0,0.0,0.0,0.9796,0.0204,-1.029,1.0,758,1,Normal,normal
0.0,240.587,128.747,1.0,6.0,0.0,0.0,0.0,6.0,0.0,0.0,0.642,0.058,0.0,0.0,0.0,0.0,0.0,0.973,0.027,0.432,1.0,758,2,Normal,normal
0.0,239.717,128.802,1.0,6.0,0.0,0.0,0.0,6.0,0.0,0.0,0.642,0.058,0.0,0.0,0.0,0.0,0.0,0.9735,0.0265,0.434,1.0,758,3,Normal,normal
0.0,238.968,128.855,1.0,6.0,0.0,0.0,0.0,6.0,0.0,0.0,0.642,0.058,0.0,0.0,0.0,0.0,0.0,0.9766,0.0234,0.155,1.0,758,4,Normal,normal
0.0,238.102,128.947,1.0,6.0,0.0,0.0,0.0,6.0,0.0,0.0,0.642,0.058,0.0,0.0,0.0,0.0,0.0,0.9713,0.0287,0.195,1.0,758,5,Normal,normal
0.0,244.212,153.298,1.0,6.0,0.0,0.0,0.0,6.0,27.6188,0.0,916.9597,82.8291,1.0,4.5307,0.0,1.0,1.0,0.9748,0.0252,-1.03,1.0,759,1,Normal,normal
0.0,242.818,153.45,1.0,6.0,0.0,0.0,0.0,6.0,27.6188,0.0,916.9597,82.8291,1.0,6.1881,0.0,1.0,1.0,0.9753,0.0247,0.447,1.0,759,2,Normal,normal
0.0,241.93,153.545,1.0,6.0,0.0,0.0,0.0,6.0,27.6188,1.0,916.9597,82.8291,1.0,27.6188,0.0,1.0,1.0,0.8751,0.1249,0.441,1.0,759,3,Cyber Intrusion,data_injection
0.0,241.075,153.646,1.0,6.0,0.0,0.0,0.0,6.0,27.6188,0.0,916.9597,82.8291,1.0,5.8558,0.0,1.0,1.0,0.9767,0.0233,0.155,1.0,759,4,Normal,normal
0.0,240.175,153.479,1.0,6.0,0.0,0.0,0.0,6.0,27.6188,0.0,916.9597,82.8291,1.0,5.4031,0.0,1.0,1.0,0.9714,0.0286,0.187,1.0,759,5,Normal,normal
0.0,202.308,144.93,1.0,6.0,0.0,0.0,0.0,6.0,27.3058,0.0,896.8489,81.0125,1.0,4.8539,0.0,1.0,1.0,0.9748,0.0252,-1.037,1.0,760,1,Normal,normal
0.0,200.905,145.08,1.0,6.0,0.0,0.0,0.0,6.0,27.3058,0.0,896.8489,81.0125,1.0,5.1006,0.0,1.0,1.0,0.9711,0.0289,0.442,1.0,760,2,Normal,normal
0.0,200.075,145.188,1.0,6.0,0.0,0.0,0.0,6.0,27.3058,1.0,896.8489,81.0125,1.0,27.3058,0.0,1.0,1.0,0.8751,0.1249,0.44,1.0,760,3,Cyber Intrusion,data_injection
0.0,199.337,145.242,1.0,6.0,0.0,0.0,0.0,6.0,27.3058,0.0,896.8489,81.0125,1.0,4.9168,0.0,1.0,1.0,0.9729,0.0271,0.162,1.0,760,4,Normal,normal
0.0,198.563,145.065,1.0,6.0,0.0,0.0,0.0,6.0,27.3058,0.0,896.8489,81.0125,1.0,6.5262,0.0,1.0,1.0,0.9738,0.0262,0.19,1.0,760,5,Normal,normal
0.0,215.063,140.675,1.0,6.0,0.0,0.0,0.0,6.0,27.0909,0.0,881.6436,79.639,1.0,4.9177,0.0,1.0,1.0,0.9744,0.0256,-1.05,1.0,761,1,Normal,normal
0.0,213.63,140.829,1.0,6.0,0.0,0.0,0.0,6.0,27.0909,0.0,881.6436,79.639,1.0,5.3663,0.0,1.0,1.0,0.9712,0.0288,0.442,1.0,761,2,Normal,normal
0.0,212.832,140.926,1.0,6.0,0.0,0.0,0.0,6.0,27.0909,1.0,881.6436,79.639,1.0,27.0909,0.0,1.0,1.0,0.8751,0.1249,0.444,1.0,761,3,Cyber Intrusion,data_injection
0.0,212.093,140.988,1.0,6.0,0.0,0.0,0.0,6.0,27.0909,0.0,881.6436,79.639,1.0,5.7231,0.0,1.0,1.0,0.9748,0.0252,0.157,1.0,761,4,Normal,normal
0.0,211.378,140.781,1.0,6.0,0.0,0.0,0.0,6.0,27.0909,0.0,881.6436,79.639,1.0,5.0315,0.0,1.0,1.0,0.9686,0.0314,0.197,1.0,761,5,Normal,normal
0.0,229.695,108.263,1.0,6.0,0.0,0.0,0.0,6.0,27.4118,0.0,902.6997,81.541,1.0,5.9865,0.0,1.0,1.0,0.9786,0.0214,-1.052,1.0,762,1,Normal,normal
0.0,228.213,108.335,1.0,6.0,0.0,0.0,0.0,6.0,27.4118,0.0,902.6997,81.541,1.0,5.2087,0.0,1.0,1.0,0.9717,0.0283,0.444,1.0,762,2,Normal,normal
0.0,227.282,108.415,1.0,6.0,0.0,0.0,0.0,6.0,27.4118,1.0,902.6997,81.541,1.0,27.4118,0.0,1.0,1.0,0.8751,0.1249,0.444,1.0,762,3,Cyber Intrusion,data_injection
0.0,226.342,108.212,1.0,6.0,0.0,0.0,0.0,6.0,27.4118,0.0,902.6997,81.541,1.0,5.7398,0.0,1.0,1.0,0.9757,0.0243,0.167,1.0,762,4,Normal,normal
0.0,225.675,108.105,1.0,6.0,0.0,0.0,0.0,6.0,27.4118,0.0,902.6997,81.541,1.0,4.7929,0.0,1.0,1.0,0.9688,0.0312,0.199,1.0,762,5,Normal,normal
0.0,232.262,106.408,1.0,6.0,0.0,0.0,0.0,6.0,0.0,0.0,1.7601,0.159,0.0,0.0,0.0,0.0,0.0,0.9786,0.0214,-1.062,1.0,763,1,Normal,normal
0.0,230.917,106.354,1.0,6.0,0.0,0.0,0.0,6.0,0.0,0.0,1.7601,0.159,0.0,0.0,0.0,0.0,0.0,0.9727,0.0273,0.452,1.0,763,2,Normal,normal
0.0,230.185,106.274,1.0,6.0,0.0,0.0,0.0,6.0,0.0,0.0,1.7601,0.159,0.0,0.0,0.0,0.0,0.0,0.9723,0.0277,0.458,1.0,763,3,Cyber Intrusion,data_injection
0.0,229.455,105.897,1.0,6.0,0.0,0.0,0.0,6.0,0.0,0.0,1.7601,0.159,0.0,0.0,0.0,0.0,0.0,0.9775,0.0225,0.164,1.0,763,4,Normal,normal
0.0,228.917,105.734,1.0,6.0,0.0,0.0,0.0,6.0,0.0,0.0,1.7601,0.159,0.0,0.0,0.0,0.0,0.0,0.9687,0.0313,0.195,1.0,763,5,Normal,normal
0.0,236.645,102.449,1.0,6.0,0.0,0.0,0.0,6.0,0.0,0.0,0.9255,0.0836,0.0,0.0,0.0,0.0,0.0,0.979,0.021,-1.084,1.0,764,1,Normal,normal
0.0,235.277,102.424,1.0,6.0,0.0,0.0,0.0,6.0,0.0,0.0,0.9255,0.0836,0.0,0.0,0.0,0.0,0.0,0.9707,0.0293,0.458,1.0,764,2,Normal,normal
0.0,234.543,102.353,1.0,6.0,0.0,0.0,0.0,6.0,0.0,0.0,0.9255,0.0836,0.0,0.0,0.0,0.0,0.0,0.9732,0.0268,0.46,1.0,764,3,Cyber Intrusion,data_injection
0.0,233.74,102.035,1.0,6.0,0.0,0.0,0.0,6.0,0.0,0.0,0.9255,0.0836,0.0,0.0,0.0,0.0,0.0,0.9744,0.0256,0.166,1.0,764,4,Normal,normal
0.0,233.15,101.915,1.0,6.0,0.0,0.0,0.0,6.0,0.0,0.0,0.9255,0.0836,0.0,0.0,0.0,0.0,0.0,0.9693,0.0307,0.206,1.0,764,5,Normal,normal
0.0,268.108,116.351,1.0,6.0,0.0,0.0,0.0,6.0,0.0,0.0,3.8771,0.3502,0.0,0.0,0.0,0.0,0.0,0.9734,0.0266,-1.089,1.0,765,1,Normal,normal
0.0,266.7,116.218,1.0,6.0,0.0,0.0,0.0,6.0,0.0,0.0,3.8771,0.3502,0.0,0.0,0.0,0.0,0.0,0.9752,0.0248,0.457,1.0,765,2,Normal,normal
0.0,265.937,116.094,1.0,6.0,0.0,0.0,0.0,6.0,0.0,0.0,3.8771,0.3502,0.0,0.0,0.0,0.0,0.0,0.9696,0.0304,0.461,1.0,765,3,Cyber Intrusion,data_injection
0.0,265.267,116.054,1.0,6.0,0.0,0.0,0.0,6.0,0.0,0.0,3.8771,0.3502,0.0,0.0,0.0,0.0,0.0,0.9758,0.0242,0.162,1.0,765,4,Normal,normal
0.0,264.692,115.999,1.0,6.0,0.0,0.0,0.0,6.0,0.0,0.0,3.8771,0.3502,0.0,0.0,0.0,0.0,0.0,0.9695,0.0305,0.204,1.0,765,5,Normal,normal
0.0,238.935,127.342,1.0,6.0,0.0,0.0,0.0,6.0,0.0,0.0,0.8134,0.0735,0.0,0.0,0.0,0.0,0.0,0.9744,0.0256,-1.121,1.0,766,1,Normal,normal
0.0,237.383,127.266,1.0,6.0,0.0,0.0,0.0,6.0,0.0,0.0,0.8134,0.0735,0.0,0.0,0.0,0.0,0.0,0.9681,0.0319,0.476,1.0,766,2,Normal,normal
0.0,236.452,127.252,1.0,6.0,0.0,0.0,0.0,6.0,0.0,0.0,0.8134,0.0735,0.0,0.0,0.0,0.0,0.0,0.9711,0.0289,0.48,1.0,766,3,Cyber Intrusion,data_injection
0.0,235.545,127.298,1.0,6.0,0.0,0.0,0.0,6.0,0.0,0.0,0.8134,0.0735,0.0,0.0,0.0,0.0,0.0,0.9737,0.0263,0.166,1.0,766,4,Normal,normal
0.0,234.79,127.326,1.0,6.0,0.0,0.0,0.0,6.0,0.0,0.0,0.8134,0.0735,0.0,0.0,0.0,0.0,0.0,0.9677,0.0323,0.207,1.0,766,5,Normal,normal
0.0,244.16,123.163,1.0,6.0,0.0,0.0,0.0,6.0,0.0,0.0,2.5996,0.2348,0.0,0.0,0.0,0.0,0.0,0.9736,0.0264,-0.972,1.0,767,1,Natural Fault,line_trip
0.0,242.628,123.084,1.0,6.0,0.0,0.0,0.0,6.0,0.0,0.0,2.5996,0.2348,0.0,0.0,0.0,0.0,0.0,0.9738,0.0262,0.484,1.0,767,2,Natural Fault,line_trip
0.0,241.718,123.062,1.0,6.0,0.0,0.0,0.0,6.0,0.0,0.0,2.5996,0.2348,0.0,0.0,0.0,0.0,0.0,0.9749,0.0251,0.478,1.0,767,3,Natural Fault,line_trip
0.0,240.767,123.153,1.0,6.0,0.0,0.0,0.0,6.0,0.0,0.0,2.5996,0.2348,0.0,0.0,0.0,0.0,0.0,0.0,1.0,0.0,3.0,767,4,Natural Fault,line_trip
0.0,239.978,123.219,1.0,6.0,0.0,0.0,0.0,6.0,0.0,0.0,2.5996,0.2348,0.0,0.0,0.0,0.0,0.0,0.969,0.031,0.207,1.0,767,5,Natural Fault,line_trip
0.0,290.483,135.47,1.0,6.0,0.0,0.0,0.0,6.0,0.0,0.0,1.5689,0.1417,0.0,0.0,0.0,0.0,0.0,0.9753,0.0247,-0.993,1.0,768,1,Natural Fault,line_trip
0.0,288.948,135.503,1.0,6.0,0.0,0.0,0.0,6.0,0.0,0.0,1.5689,0.1417,0.0,0.0,0.0,0.0,0.0,0.9721,0.0279,0.49,1.0,768,2,Natural Fault,line_trip
0.0,288.015,135.572,1.0,6.0,0.0,0.0,0.0,6.0,0.0,0.0,1.5689,0.1417,0.0,0.0,0.0,0.0,0.0,0.9745,0.0255,0.49,1.0,768,3,Natural Fault,line_trip
0.0,287.085,135.706,1.0,6.0,0.0,0.0,0.0,6.0,0.0,0.0,1.5689,0.1417,0.0,0.0,0.0,0.0,0.0,0.0,1.0,-0.002,3.0,768,4,Natural Fault,line_trip
0.0,286.218,135.665,1.0,6.0,0.0,0.0,0.0,6.0,0.0,0.0,1.5689,0.1417,0.0,0.0,0.0,0.0,0.0,0.9731,0.0269,0.22,1.0,768,5,Natural Fault,line_trip
0.0,254.327,140.951,1.0,6.0,0.0,0.0,0.0,6.0,0.0,0.0,2.8372,0.2563,0.0,0.0,0.0,0.0,0.0,0.9783,0.0217,-1.019,1.0,769,1,Natural Fault,line_trip
0.0,252.818,140.983,1.0,6.0,0.0,0.0,0.0,6.0,0.0,0.0,2.8372,0.2563,0.0,0.0,0.0,0.0,0.0,0.9727,0.0273,0.508,1.0,769,2,Natural Fault,line_trip
0.0,251.742,141.116,1.0,6.0,0.0,0.0,0.0,6.0,0.0,0.0,2.8372,0.2563,0.0,0.0,0.0,0.0,0.0,0.9717,0.0283,0.508,1.0,769,3,Natural Fault,line_trip
0.0,250.743,141.321,1.0,6.0,0.0,0.0,0.0,6.0,0.0,0.0,2.8372,0.2563,0.0,0.0,0.0,0.0,0.0,0.0,1.0,-0.001,3.0,769,4,Natural Fault,line_trip
0.0,249.875,141.318,1.0,6.0,0.0,0.0,0.0,6.0,0.0,0.0,2.8372,0.2563,0.0,0.0,0.0,0.0,0.0,0.9719,0.0281,0.227,1.0,769,5,Natural Fault,line_trip
0.0,260.348,135.936,1.0,6.0,0.0,0.0,0.0,6.0,0.0,0.0,3.0428,0.2749,0.0,0.0,0.0,0.0,0.0,0.9764,0.0236,-1.059,1.0,770,1,Natural Fault,line_trip
0.0,258.847,135.954,1.0,6.0,0.0,0.0,0.0,6.0,0.0,0.0,3.0428,0.2749,0.0,0.0,0.0,0.0,0.0,0.9717,0.0283,0.522,1.0,770,2,Natural Fault,line_trip
0.0,257.81,136.049,1.0,6.0,0.0,0.0,0.0,6.0,0.0,0.0,3.0428,0.2749,0.0,0.0,0.0,0.0,0.0,0.9737,0.0263,0.531,1.0,770,3,Natural Fault,line_trip
0.0,256.805,136.259,1.0,6.0,0.0,0.0,0.0,6.0,0.0,0.0,3.0428,0.2749,0.0,0.0,0.0,0.0,0.0,0.0,1.0,0.005,3.0,770,4,Natural Fault,line_trip
0.0,255.972,136.222,1.0,6.0,0.0,0.0,0.0,6.0,0.0,0.0,3.0428,0.2749,0.0,0.0,0.0,0.0,0.0,0.9701,0.0299,0.227,1.0,770,5,Natural Fault,line_trip
0.0,270.925,104.964,1.0,6.0,0.0,0.0,0.0,6.0,0.0,0.0,4.3185,0.3901,0.0,0.0,0.0,0.0,0.0,0.9759,0.0241,-1.074,1.0,771,1,Natural Fault,line_trip
0.0,269.455,105.114,1.0,6.0,0.0,0.0,0.0,6.0,0.0,0.0,4.3185,0.3901,0.0,0.0,0.0,0.0,0.0,0.9712,0.0288,0.537,1.0,771,2,Natural Fault,line_trip
0.0,268.472,105.397,1.0,6.0,0.0,0.0,0.0,6.0,0.0,0.0,4.3185,0.3901,0.0,0.0,0.0,0.0,0.0,0.9712,0.0288,0.536,1.0,771,3,Natural Fault,line_trip
0.0,267.558,105.733,1.0,6.0,0.0,0.0,0.0,6.0,0.0,0.0,4.3185,0.3901,0.0,0.0,0.0,0.0,0.0,0.0,1.0,0.008,3.0,771,4,Natural Fault,line_trip
0.0,266.837,105.892,1.0,6.0,0.0,0.0,0.0,6.0,0.0,0.0,4.3185,0.3901,0.0,0.0,0.0,0.0,0.0,0.9698,0.0302,0.241,1.0,771,5,Natural Fault,line_trip
0.0,219.582,102.612,1.0,6.0,0.0,0.0,0.0,6.0,0.0,0.0,3.6524,0.3299,0.0,0.0,0.0,0.0,0.0,0.9761,0.0239,-1.118,1.0,772,1,Natural Fault,line_trip
0.0,218.13,102.793,1.0,6.0,0.0,0.0,0.0,6.0,0.0,0.0,3.6524,0.3299,0.0,0.0,0.0,0.0,0.0,0.9698,0.0302,0.559,1.0,772,2,Natural Fault,line_trip
0.0,217.208,102.954,1.0,6.0,0.0,0.0,0.0,6.0,0.0,0.0,3.6524,0.3299,0.0,0.0,0.0,0.0,0.0,0.9717,0.0283,0.566,1.0,772,3,Natural Fault,line_trip
0.0,216.38,103.12,1.0,6.0,0.0,0.0,0.0,6.0,0.0,0.0,3.6524,0.3299,0.0,0.0,0.0,0.0,0.0,0.0,1.0,-0.003,3.0,772,4,Natural Fault,line_trip
0.0,215.705,103.151,1.0,6.0,0.0,0.0,0.0,6.0,0.0,0.0,3.6524,0.3299,0.0,0.0,0.0,0.0,0.0,0.9687,0.0313,0.245,1.0,772,5,Natural Fault,line_trip
0.0,226.188,97.722,1.0,6.0,0.0,0.0,0.0,6.0,0.0,0.0,0.8079,0.073,0.0,0.0,0.0,0.0,0.0,0.9738,0.0262,-1.156,1.0,773,1,Natural Fault,line_trip
0.0,224.72,97.929,1.0,6.0,0.0,0.0,0.0,6.0,0.0,0.0,0.8079,0.073,0.0,0.0,0.0,0.0,0.0,0.9691,0.0309,0.586,1.0,773,2,Natural Fault,line_trip
0.0,223.92,97.984,1.0,6.0,0.0,0.0,0.0,6.0,0.0,0.0,0.8079,0.073,0.0,0.0,0.0,0.0,0.0,0.9707,0.0293,0.587,1.0,773,3,Natural Fault,line_trip
0.0,223.273,97.997,1.0,6.0,0.0,0.0,0.0,6.0,0.0,0.0,0.8079,0.073,0.0,0.0,0.0,0.0,0.0,0.0,1.0,0.001,3.0,773,4,Natural Fault,line_trip
0.0,222.678,97.955,1.0,6.0,0.0,0.0,0.0,6.0,0.0,0.0,0.8079,0.073,0.0,0.0,0.0,0.0,0.0,0.9664,0.0336,0.25,1.0,773,5,Natural Fault,line_trip
0.0,275.968,132.166,1.0,6.0,0.0,0.0,0.0,6.0,0.0,0.0,1.3564,0.1225,0.0,0.0,0.0,0.0,0.0,0.9739,0.0261,-1.179,1.0,774,1,Natural Fault,line_trip
0.0,274.488,132.269,1.0,6.0,0.0,0.0,0.0,6.0,0.0,0.0,1.3564,0.1225,0.0,0.0,0.0,0.0,0.0,0.9681,0.0319,0.592,1.0,774,2,Natural Fault,line_trip
0.0,273.662,132.113,1.0,6.0,0.0,0.0,0.0,6.0,0.0,0.0,1.3564,0.1225,0.0,0.0,0.0,0.0,0.0,0.9701,0.0299,0.59,1.0,774,3,Natural Fault,line_trip
0.0,272.973,131.81,1.0,6.0,0.0,0.0,0.0,6.0,0.0,0.0,1.3564,0.1225,0.0,0.0,0.0,0.0,0.0,0.0,1.0,-0.005,3.0,774,4,Natural Fault,line_trip
0.0,272.285,131.656,1.0,6.0,0.0,0.0,0.0,6.0,0.0,0.0,1.3564,0.1225,0.0,0.0,0.0,0.0,0.0,0.9681,0.0319,0.262,1.0,774,5,Natural Fault,line_trip
0.0,243.868,141.153,1.0,6.0,0.0,0.0,0.0,6.0,0.0,0.0,4.2894,0.3875,0.0,0.0,0.0,0.0,0.0,0.968,0.032,-1.208,1.0,775,1,Natural Fault,line_trip
0.0,242.405,141.199,1.0,6.0,0.0,0.0,0.0,6.0,0.0,0.0,4.2894,0.3875,0.0,0.0,0.0,0.0,0.0,0.9693,0.0307,0.604,1.0,775,2,Natural Fault,line_trip
0.0,241.522,141.033,1.0,6.0,0.0,0.0,0.0,6.0,0.0,0.0,4.2894,0.3875,0.0,0.0,0.0,0.0,0.0,0.9685,0.0315,0.61,1.0,775,3,Natural Fault,line_trip
0.0,240.805,140.715,1.0,6.0,0.0,0.0,0.0,6.0,0.0,0.0,4.2894,0.3875,0.0,0.0,0.0,0.0,0.0,0.0,1.0,0.002,3.0,775,4,Natural Fault,line_trip
0.0,240.062,140.519,1.0,6.0,0.0,0.0,0.0,6.0,0.0,0.0,4.2894,0.3875,0.0,0.0,0.0,0.0,0.0,0.9631,0.0369,0.267,1.0,775,5,Natural Fault,line_trip
0.0,244.855,140.307,1.0,6.0,0.0,0.0,0.0,6.0,39.12,0.0,1839.1128,166.1273,1.0,8.0733,0.0,1.0,1.0,0.9642,0.0358,-1.474,1.0,776,1,Normal,normal
0.0,243.353,140.384,1.0,6.0,0.0,0.0,0.0,6.0,39.12,1.0,1839.1128,166.1273,1.0,39.12,0.0,1.0,1.0,1.0996,0.0996,0.626,1.0,776,2,Cyber Intrusion,data_injection
0.0,242.438,140.244,1.0,6.0,0.0,0.0,0.0,6.0,39.12,0.0,1839.1128,166.1273,1.0,7.6929,0.0,1.0,1.0,0.9609,0.0391,0.624,1.0,776,3,Normal,normal
0.0,241.587,140.041,1.0,6.0,0.0,0.0,0.0,6.0,39.12,0.0,1839.1128,166.1273,1.0,8.4439,0.0,1.0,1.0,0.9603,0.0397,0.227,1.0,776,4,Normal,normal
0.0,240.798,139.884,1.0,6.0,0.0,0.0,0.0,6.0,39.12,0.0,1839.1128,166.1273,1.0,7.9951,0.0,1.0,1.0,0.9561,0.0439,0.267,1.0,776,5,Normal,normal
0.0,245.228,99.995,1.0,6.0,0.0,0.0,0.0,6.0,38.3671,0.0,1769.9782,159.8824,1.0,7.8674,0.0,1.0,1.0,0.9671,0.0329,-1.491,1.0,777,1,Normal,normal
0.0,243.833,100.188,1.0,6.0,0.0,0.0,0.0,6.0,38.3671,1.0,1769.9782,159.8824,1.0,38.3671,0.0,1.0,1.0,1.0996,0.0996,0.629,1.0,777,2,Cyber Intrusion,data_injection
0.0,242.998,100.227,1.0,6.0,0.0,0.0,0.0,6.0,38.3671,0.0,1769.9782,159.8824,1.0,6.3865,0.0,1.0,1.0,0.967,0.033,0.636,1.0,777,3,Normal,normal
0.0,242.257,100.321,1.0,6.0,0.0,0.0,0.0,6.0,38.3671,0.0,1769.9782,159.8824,1.0,8.1293,0.0,1.0,1.0,0.9635,0.0365,0.228,1.0,777,4,Normal,normal
0.0,241.448,100.15,1.0,6.0,0.0,0.0,0.0,6.0,38.3671,0.0,1769.9782,159.8824,1.0,8.1658,0.0,1.0,1.0,0.9578,0.0422,0.278,1.0,777,5,Normal,normal
0.0,222.332,90.792,1.0,6.0,0.0,0.0,0.0,6.0,38.8446,0.0,1813.4396,163.8083,1.0,8.7467,0.0,1.0,1.0,0.9632,0.0368,-1.522,1.0,778,1,Normal,normal
0.0,221.007,91.057,1.0,6.0,0.0,0.0,0.0,6.0,38.8446,1.0,1813.4396,163.8083,1.0,38.8446,0.0,1.0,1.0,1.0996,0.0996,0.647,1.0,778,2,Cyber Intrusion,data_injection
0.0,220.22,91.094,1.0,6.0,0.0,0.0,0.0,6.0,38.8446,0.0,1813.4396,163.8083,1.0,7.5172,0.0,1.0,1.0,0.9623,0.0377,0.641,1.0,778,3,Normal,normal
0.0,219.54,91.191,1.0,6.0,0.0,0.0,0.0,6.0,38.8446,0.0,1813.4396,163.8083,1.0,7.5433,0.0,1.0,1.0,0.9638,0.0362,0.237,1.0,778,4,Normal,normal
0.0,218.903,91.128,1.0,6.0,0.0,0.0,0.0,6.0,38.8446,0.0,1813.4396,163.8083,1.0,7.3793,0.0,1.0,1.0,0.9587,0.0413,0.282,1.0,778,5,Normal,normal
0.0,344.382,149.8,1.0,6.0,0.0,0.0,0.0,6.0,38.7742,0.0,1807.2627,163.2503,1.0,6.6908,0.0,1.0,1.0,0.9697,0.0303,-1.543,1.0,779,1,Normal,normal
0.0,343.067,149.985,1.0,6.0,0.0,0.0,0.0,6.0,38.7742,1.0,1807.2627,163.2503,1.0,38.7742,0.0,1.0,1.0,1.0996,0.0996,0.658,1.0,779,2,Cyber Intrusion,data_injection
0.0,342.262,149.987,1.0,6.0,0.0,0.0,0.0,6.0,38.7742,0.0,1807.2627,163.2503,1.0,8.2312,0.0,1.0,1.0,0.9604,0.0396,0.655,1.0,779,3,Normal,normal
0.0,341.492,150.043,1.0,6.0,0.0,0.0,0.0,6.0,38.7742,0.0,1807.2627,163.2503,1.0,8.2756,0.0,1.0,1.0,0.962,0.038,0.234,1.0,779,4,Normal,normal
0.0,340.572,149.654,1.0,6.0,0.0,0.0,0.0,6.0,38.7742,0.0,1807.2627,163.2503,1.0,7.6228,0.0,1.0,1.0,0.9581,0.0419,0.288,1.0,779,5,Normal,normal
0.0,370.147,122.914,1.0,6.0,0.0,0.0,0.0,6.0,0.0,0.0,1.5902,0.1436,0.0,0.0,0.0,0.0,0.0,0.9618,0.0382,-1.551,1.0,780,1,Normal,normal
0.0,368.883,122.888,1.0,6.0,0.0,0.0,0.0,6.0,0.0,0.0,1.5902,0.1436,0.0,0.0,0.0,0.0,0.0,0.9572,0.0428,0.667,1.0,780,2,Cyber Intrusion,data_injection
0.0,368.093,122.8,1.0,6.0,0.0,0.0,0.0,6.0,0.0,0.0,1.5902,0.1436,0.0,0.0,0.0,0.0,0.0,0.9615,0.0385,0.66,1.0,780,3,Normal,normal
0.0,367.462,122.663,1.0,6.0,0.0,0.0,0.0,6.0,0.0,0.0,1.5902,0.1436,0.0,0.0,0.0,0.0,0.0,0.9621,0.0379,0.238,1.0,780,4,Normal,normal
0.0,366.587,122.205,1.0,6.0,0.0,0.0,0.0,6.0,0.0,0.0,1.5902,0.1436,0.0,0.0,0.0,0.0,0.0,0.9542,0.0458,0.29,1.0,780,5,Normal,normal
0.0,336.53,153.904,1.0,6.0,0.0,0.0,0.0,6.0,0.0,0.0,4.6255,0.4178,0.0,0.0,0.0,0.0,0.0,0.9617,0.0383,-1.558,1.0,781,1,Normal,normal
0.0,335.182,153.965,1.0,6.0,0.0,0.0,0.0,6.0,0.0,0.0,4.6255,0.4178,0.0,0.0,0.0,0.0,0.0,0.9573,0.0427,0.658,1.0,781,2,Cyber Intrusion,data_injection
0.0,334.458,153.894,1.0,6.0,0.0,0.0,0.0,6.0,0.0,0.0,4.6255,0.4178,0.0,0.0,0.0,0.0,0.0,0.9578,0.0422,0.669,1.0,781,3,Normal,normal
0.0,333.878,153.745,1.0,6.0,0.0,0.0,0.0,6.0,0.0,0.0,4.6255,0.4178,0.0,0.0,0.0,0.0,0.0,0.9591,0.0409,0.235,1.0,781,4,Normal,normal
0.0,333.055,153.336,1.0,6.0,0.0,0.0,0.0,6.0,0.0,0.0,4.6255,0.4178,0.0,0.0,0.0,0.0,0.0,0.9603,0.0397,0.286,1.0,781,5,Normal,normal
0.0,280.145,141.174,1.0,6.0,0.0,0.0,0.0,6.0,0.0,0.0,3.0733,0.2776,0.0,0.0,0.0,0.0,0.0,0.9664,0.0336,-1.55,1.0,782,1,Normal,normal
0.0,278.73,141.101,1.0,6.0,0.0,0.0,0.0,6.0,0.0,0.0,3.0733,0.2776,0.0,0.0,0.0,0.0,0.0,0.9538,0.0462,0.666,1.0,782,2,Cyber Intrusion,data_injection
0.0,277.975,140.99,1.0,6.0,0.0,0.0,0.0,6.0,0.0,0.0,3.0733,0.2776,0.0,0.0,0.0,0.0,0.0,0.9583,0.0417,0.66,1.0,782,3,Normal,normal
0.0,277.368,140.928,1.0,6.0,0.0,0.0,0.0,6.0,0.0,0.0,3.0733,0.2776,0.0,0.0,0.0,0.0,0.0,0.9637,0.0363,0.24,1.0,782,4,Normal,normal
0.0,276.51,140.503,1.0,6.0,0.0,0.0,0.0,6.0,0.0,0.0,3.0733,0.2776,0.0,0.0,0.0,0.0,0.0,0.9549,0.0451,0.291,1.0,782,5,Normal,normal
0.0,233.633,74.982,1.0,6.0,0.0,0.0,0.0,6.0,0.0,0.0,3.4324,0.31,0.0,0.0,0.0,0.0,0.0,0.9666,0.0334,-1.546,1.0,783,1,Normal,normal
0.0,232.207,74.886,1.0,6.0,0.0,0.0,0.0,6.0,0.0,0.0,3.4324,0.31,0.0,0.0,0.0,0.0,0.0,0.9531,0.0469,0.658,1.0,783,2,Cyber Intrusion,data_injection
0.0,231.475,74.823,1.0,6.0,0.0,0.0,0.0,6.0,0.0,0.0,3.4324,0.31,0.0,0.0,0.0,0.0,0.0,0.9604,0.0396,0.653,1.0,783,3,Normal,normal
0.0,230.88,74.784,1.0,6.0,0.0,0.0,0.0,6.0,0.0,0.0,3.4324,0.31,0.0,0.0,0.0,0.0,0.0,0.9627,0.0373,0.234,1.0,783,4,Normal,normal
0.0,230.24,74.786,1.0,6.0,0.0,0.0,0.0,6.0,0.0,0.0,3.4324,0.31,0.0,0.0,0.0,0.0,0.0,0.9544,0.0456,0.294,1.0,783,5,Normal,normal
0.0,215.817,83.457,1.0,6.0,0.0,0.0,0.0,6.0,0.0,0.0,1.1653,0.1053,0.0,0.0,0.0,0.0,0.0,0.9676,0.0324,-1.528,1.0,784,1,Normal,normal
0.0,214.232,83.363,1.0,6.0,0.0,0.0,0.0,6.0,0.0,0.0,1.1653,0.1053,0.0,0.0,0.0,0.0,0.0,0.961,0.039,0.648,1.0,784,2,Normal,normal
0.0,213.323,83.378,1.0,6.0,0.0,0.0,0.0,6.0,0.0,0.0,1.1653,0.1053,0.0,0.0,0.0,0.0,0.0,0.9597,0.0403,0.655,1.0,784,3,Normal,normal
0.0,212.508,83.326,1.0,6.0,0.0,0.0,0.0,6.0,0.0,0.0,1.1653,0.1053,0.0,0.0,0.0,0.0,0.0,0.9634,0.0366,0.23,1.0,784,4,Normal,normal
0.0,211.595,83.245,1.0,6.0,0.0,0.0,0.0,6.0,0.0,0.0,1.1653,0.1053,0.0,0.0,0.0,0.0,0.0,0.9554,0.0446,0.285,1.0,784,5,Normal,normal
0.0,216.34,82.911,1.0,6.0,0.0,0.0,0.0,6.0,0.0,0.0,2.5905,0.234,0.0,0.0,0.0,0.0,0.0,0.964,0.036,-1.499,1.0,785,1,Normal,normal
0.0,214.743,82.83,1.0,6.0,0.0,0.0,0.0,6.0,0.0,0.0,2.5905,0.234,0.0,0.0,0.0,0.0,0.0,0.9594,0.0406,0.635,1.0,785,2,Normal,normal
0.0,213.772,82.91,1.0,6.0,0.0,0.0,0.0,6.0,0.0,0.0,2.5905,0.234,0.0,0.0,0.0,0.0,0.0,0.9573,0.0427,0.638,1.0,785,3,Normal,normal
0.0,212.962,82.854,1.0,6.0,0.0,0.0,0.0,6.0,0.0,0.0,2.5905,0.234,0.0,0.0,0.0,0.0,0.0,0.965,0.035,0.226,1.0,785,4,Normal,normal
0.0,212.122,82.699,1.0,6.0,0.0,0.0,0.0,6.0,0.0,0.0,2.5905,0.234,0.0,0.0,0.0,0.0,0.0,0.9574,0.0426,0.282,1.0,785,5,Normal,normal
0.0,270.038,125.368,1.0,6.0,0.0,0.0,0.0,6.0,0.0,0.0,1.3299,0.1201,0.0,0.0,0.0,0.0,0.0,0.9682,0.0318,-1.483,1.0,786,1,Normal,normal
0.0,268.435,125.45,1.0,6.0,0.0,0.0,0.0,6.0,0.0,0.0,1.3299,0.1201,0.0,0.0,0.0,0.0,0.0,0.96,0.04,0.632,1.0,786,2,Normal,normal
0.0,267.548,125.67,1.0,6.0,0.0,0.0,0.0,6.0,0.0,0.0,1.3299,0.1201,0.0,0.0,0.0,0.0,0.0,0.9655,0.0345,0.621,1.0,786,3,Normal,normal
0.0,266.788,125.683,1.0,6.0,0.0,0.0,0.0,6.0,0.0,0.0,1.3299,0.1201,0.0,0.0,0.0,0.0,0.0,0.964,0.036,0.227,1.0,786,4,Normal,normal
0.0,266.088,125.662,1.0,6.0,0.0,0.0,0.0,6.0,0.0,0.0,1.3299,0.1201,0.0,0.0,0.0,0.0,0.0,0.9613,0.0387,0.275,1.0,786,5,Normal,normal
0.0,241.635,135.919,1.0,6.0,0.0,0.0,0.0,6.0,0.0,0.0,2.7615,0.2494,0.0,0.0,0.0,0.0,0.0,0.9698,0.0302,-1.427,1.0,787,1,Normal,normal
0.0,240.007,135.98,1.0,6.0,0.0,0.0,0.0,6.0,0.0,0.0,2.7615,0.2494,0.0,0.0,0.0,0.0,0.0,0.9577,0.0423,0.611,1.0,787,2,Normal,normal
0.0,238.982,136.145,1.0,6.0,0.0,0.0,0.0,6.0,0.0,0.0,2.7615,0.2494,0.0,0.0,0.0,0.0,0.0,0.9604,0.0396,0.607,1.0,787,3,Normal,normal
0.0,238.308,136.101,1.0,6.0,0.0,0.0,0.0,6.0,0.0,0.0,2.7615,0.2494,0.0,0.0,0.0,0.0,0.0,0.9645,0.0355,0.215,1.0,787,4,Normal,normal
0.0,237.7,136.071,1.0,6.0,0.0,0.0,0.0,6.0,0.0,0.0,2.7615,0.2494,0.0,0.0,0.0,0.0,0.0,0.9592,0.0408,0.259,1.0,787,5,Normal,normal
0.0,245.607,132.732,1.0,6.0,0.0,0.0,0.0,6.0,0.0,0.0,1.6704,0.1509,0.0,0.0,0.0,0.0,0.0,0.9688,0.0312,-1.382,1.0,788,1,Normal,normal
0.0,243.9,132.851,1.0,6.0,0.0,0.0,0.0,6.0,0.0,0.0,1.6704,0.1509,0.0,0.0,0.0,0.0,0.0,0.963,0.037,0.589,1.0,788,2,Normal,normal
0.0,242.923,132.978,1.0,6.0,0.0,0.0,0.0,6.0,0.0,0.0,1.6704,0.1509,0.0,0.0,0.0,0.0,0.0,0.9606,0.0394,0.579,1.0,788,3,Normal,normal
0.0,242.248,132.934,1.0,6.0,0.0,0.0,0.0,6.0,0.0,0.0,1.6704,0.1509,0.0,0.0,0.0,0.0,0.0,0.9661,0.0339,0.214,1.0,788,4,Normal,normal
0.0,241.543,132.98,1.0,6.0,0.0,0.0,0.0,6.0,0.0,0.0,1.6704,0.1509,0.0,0.0,0.0,0.0,0.0,0.9607,0.0393,0.255,1.0,788,5,Normal,normal
0.0,278.297,122.09,1.0,6.0,0.0,0.0,0.0,6.0,0.0,0.0,1.7362,0.1568,0.0,0.0,0.0,0.0,0.0,0.97,0.03,-1.358,1.0,789,1,Normal,normal
0.0,276.412,122.128,1.0,6.0,0.0,0.0,0.0,6.0,0.0,0.0,1.7362,0.1568,0.0,0.0,0.0,0.0,0.0,0.9676,0.0324,0.575,1.0,789,2,Normal,normal
0.0,275.393,122.157,1.0,6.0,0.0,0.0,0.0,6.0,0.0,0.0,1.7362,0.1568,0.0,0.0,0.0,0.0,0.0,0.967,0.033,0.572,1.0,789,3,Normal,normal
0.0,274.587,122.048,1.0,6.0,0.0,0.0,0.0,6.0,0.0,0.0,1.7362,0.1568,0.0,0.0,0.0,0.0,0.0,0.9657,0.0343,0.202,1.0,789,4,Normal,normal
0.0,273.803,122.103,1.0,6.0,0.0,0.0,0.0,6.0,0.0,0.0,1.7362,0.1568,0.0,0.0,0.0,0.0,0.0,0.9613,0.0387,0.254,1.0,789,5,Normal,normal
0.0,229.28,128.03,1.0,6.0,0.0,0.0,0.0,6.0,0.0,0.0,1.4327,0.1294,0.0,0.0,0.0,0.0,0.0,0.9728,0.0272,-1.294,1.0,790,1,Normal,normal
0.0,227.537,128.004,1.0,6.0,0.0,0.0,0.0,6.0,0.0,0.0,1.4327,0.1294,0.0,0.0,0.0,0.0,0.0,0.9632,0.0368,0.55,1.0,790,2,Normal,normal
0.0,226.668,127.925,1.0,6.0,0.0,0.0,0.0,6.0,0.0,0.0,1.4327,0.1294,0.0,0.0,0.0,0.0,0.0,0.9677,0.0323,0.549,1.0,790,3,Normal,normal
0.0,225.997,127.797,1.0,6.0,0.0,0.0,0.0,6.0,0.0,0.0,1.4327,0.1294,0.0,0.0,0.0,0.0,0.0,0.9707,0.0293,0.196,1.0,790,4,Normal,normal
0.0,225.225,127.756,1.0,6.0,0.0,0.0,0.0,6.0,0.0,0.0,1.4327,0.1294,0.0,0.0,0.0,0.0,0.0,0.9634,0.0366,0.234,1.0,790,5,Normal,normal
0.0,229.65,127.729,1.0,6.0,0.0,0.0,0.0,6.0,0.0,0.0,5.1673,0.4668,0.0,0.0,0.0,0.0,0.0,0.9666,0.0334,-1.271,1.0,791,1,Normal,normal
0.0,227.938,127.678,1.0,6.0,0.0,0.0,0.0,6.0,0.0,0.0,5.1673,0.4668,0.0,0.0,0.0,0.0,0.0,0.967,0.033,0.536,1.0,791,2,Normal,normal
0.0,227.09,127.583,1.0,6.0,0.0,0.0,0.0,6.0,0.0,0.0,5.1673,0.4668,0.0,0.0,0.0,0.0,0.0,0.9655,0.0345,0.537,1.0,791,3,Normal,normal
0.0,226.443,127.435,1.0,6.0,0.0,0.0,0.0,6.0,0.0,0.0,5.1673,0.4668,0.0,0.0,0.0,0.0,0.0,0.9728,0.0272,0.193,1.0,791,4,Normal,normal
0.0,225.715,127.358,1.0,6.0,0.0,0.0,0.0,6.0,0.0,0.0,5.1673,0.4668,0.0,0.0,0.0,0.0,0.0,0.9622,0.0378,0.233,1.0,791,5,Normal,normal
0.0,184.047,79.098,1.0,6.0,0.0,0.0,0.0,6.0,0.0,0.0,1.0405,0.094,0.0,0.0,0.0,0.0,0.0,0.9717,0.0283,-1.217,1.0,792,1,Normal,normal
0.0,182.433,78.878,1.0,6.0,0.0,0.0,0.0,6.0,0.0,0.0,1.0405,0.094,0.0,0.0,0.0,0.0,0.0,0.9685,0.0315,0.516,1.0,792,2,Normal,normal
0.0,181.632,78.596,1.0,6.0,0.0,0.0,0.0,6.0,0.0,0.0,1.0405,0.094,0.0,0.0,0.0,0.0,0.0,0.9668,0.0332,0.513,1.0,792,3,Normal,normal
0.0,181.01,78.383,1.0,6.0,0.0,0.0,0.0,6.0,0.0,0.0,1.0405,0.094,0.0,0.0,0.0,0.0,0.0,0.9703,0.0297,0.183,1.0,792,4,Normal,normal
0.0,180.353,78.351,1.0,6.0,0.0,0.0,0.0,6.0,0.0,0.0,1.0405,0.094,0.0,0.0,0.0,0.0,0.0,0.9668,0.0332,0.233,1.0,792,5,Normal,normal
0.0,153.185,37.984,1.0,6.0,0.0,0.0,0.0,6.0,0.0,0.0,2.2657,0.2047,0.0,0.0,0.0,0.0,0.0,0.976,0.024,-1.153,1.0,793,1,Normal,normal
0.0,151.612,37.962,1.0,6.0,0.0,0.0,0.0,6.0,0.0,0.0,2.2657,0.2047,0.0,0.0,0.0,0.0,0.0,0.9694,0.0306,0.495,1.0,793,2,Normal,normal
0.0,150.865,37.815,1.0,6.0,0.0,0.0,0.0,6.0,0.0,0.0,2.2657,0.2047,0.0,0.0,0.0,0.0,0.0,0.9674,0.0326,0.49,1.0,793,3,Normal,normal
0.0,150.2,37.623,1.0,6.0,0.0,0.0,0.0,6.0,0.0,0.0,2.2657,0.2047,0.0,0.0,0.0,0.0,0.0,0.9714,0.0286,0.176,1.0,793,4,Normal,normal
0.0,149.433,37.355,1.0,6.0,0.0,0.0,0.0,6.0,0.0,0.0,2.2657,0.2047,0.0,0.0,0.0,0.0,0.0,0.9648,0.0352,0.209,1.0,793,5,Normal,normal
0.0,238.638,126.059,1.0,6.0,0.0,0.0,0.0,6.0,0.0,0.0,0.8231,0.0744,0.0,0.0,0.0,0.0,0.0,0.9762,0.0238,-1.138,1.0,794,1,Normal,normal
0.0,236.902,125.909,1.0,6.0,0.0,0.0,0.0,6.0,0.0,0.0,0.8231,0.0744,0.0,0.0,0.0,0.0,0.0,0.9685,0.0315,0.477,1.0,794,2,Normal,normal
0.0,235.992,125.592,1.0,6.0,0.0,0.0,0.0,6.0,0.0,0.0,0.8231,0.0744,0.0,0.0,0.0,0.0,0.0,0.9722,0.0278,0.473,1.0,794,3,Normal,normal
0.0,235.237,125.509,1.0,6.0,0.0,0.0,0.0,6.0,0.0,0.0,0.8231,0.0744,0.0,0.0,0.0,0.0,0.0,0.9715,0.0285,0.171,1.0,794,4,Normal,normal
0.0,234.375,125.396,1.0,6.0,0.0,0.0,0.0,6.0,0.0,0.0,0.8231,0.0744,0.0,0.0,0.0,0.0,0.0,0.9689,0.0311,0.21,1.0,794,5,Normal,normal
0.0,236.358,127.27,1.0,6.0,0.0,0.0,0.0,6.0,0.0,0.0,0.5462,0.0493,0.0,0.0,0.0,0.0,0.0,0.9745,0.0255,-1.069,1.0,795,1,Normal,normal
0.0,234.63,127.105,1.0,6.0,0.0,0.0,0.0,6.0,0.0,0.0,0.5462,0.0493,0.0,0.0,0.0,0.0,0.0,0.9715,0.0285,0.453,1.0,795,2,Normal,normal
0.0,233.695,126.821,1.0,6.0,0.0,0.0,0.0,6.0,0.0,0.0,0.5462,0.0493,0.0,0.0,0.0,0.0,0.0,0.9737,0.0263,0.453,1.0,795,3,Normal,normal
0.0,232.977,126.736,1.0,6.0,0.0,0.0,0.0,6.0,0.0,0.0,0.5462,0.0493,0.0,0.0,0.0,0.0,0.0,0.9746,0.0254,0.164,1.0,795,4,Normal,normal
0.0,232.16,126.609,1.0,6.0,0.0,0.0,0.0,6.0,0.0,0.0,0.5462,0.0493,0.0,0.0,0.0,0.0,0.0,0.9709,0.0291,0.2,1.0,795,5,Normal,normal
0.0,241.903,122.651,1.0,6.0,0.0,0.0,0.0,6.0,0.0,0.0,3.3832,0.3056,0.0,0.0,0.0,0.0,0.0,0.9749,0.0251,-1.036,1.0,796,1,Normal,normal
0.0,240.2,122.466,1.0,6.0,0.0,0.0,0.0,6.0,0.0,0.0,3.3832,0.3056,0.0,0.0,0.0,0.0,0.0,0.976,0.024,0.447,1.0,796,2,Normal,normal
0.0,239.21,122.229,1.0,6.0,0.0,0.0,0.0,6.0,0.0,0.0,3.3832,0.3056,0.0,0.0,0.0,0.0,0.0,0.9756,0.0244,0.439,1.0,796,3,Normal,normal
0.0,238.418,122.21,1.0,6.0,0.0,0.0,0.0,6.0,0.0,0.0,3.3832,0.3056,0.0,0.0,0.0,0.0,0.0,0.9719,0.0281,0.157,1.0,796,4,Normal,normal
0.0,237.573,122.115,1.0,6.0,0.0,0.0,0.0,6.0,0.0,0.0,3.3832,0.3056,0.0,0.0,0.0,0.0,0.0,0.9717,0.0283,0.192,1.0,796,5,Normal,normal
0.0,286.605,132.136,1.0,6.0,0.0,0.0,0.0,6.0,0.0,0.0,4.0193,0.3631,0.0,0.0,0.0,0.0,0.0,0.9793,0.0207,-1.014,1.0,797,1,Normal,normal
0.0,284.858,131.828,1.0,6.0,0.0,0.0,0.0,6.0,0.0,0.0,4.0193,0.3631,0.0,0.0,0.0,0.0,0.0,0.9765,0.0235,0.431,1.0,797,2,Normal,normal
0.0,284.013,131.791,1.0,6.0,0.0,0.0,0.0,6.0,0.0,0.0,4.0193,0.3631,0.0,0.0,0.0,0.0,0.0,0.9745,0.0255,0.429,1.0,797,3,Normal,normal
0.0,283.285,131.71,1.0,6.0,0.0,0.0,0.0,6.0,0.0,0.0,4.0193,0.3631,0.0,0.0,0.0,0.0,0.0,0.9716,0.0284,0.148,1.0,797,4,Normal,normal
0.0,282.502,131.62,1.0,6.0,0.0,0.0,0.0,6.0,0.0,0.0,4.0193,0.3631,0.0,0.0,0.0,0.0,0.0,0.9748,0.0252,0.19,1.0,797,5,Normal,normal
0.0,247.093,138.8,1.0,6.0,0.0,0.0,0.0,6.0,0.0,0.0,5.4585,0.4931,0.0,0.0,0.0,0.0,0.0,0.9787,0.0213,-0.986,1.0,798,1,Normal,normal
0.0,245.453,138.521,1.0,6.0,0.0,0.0,0.0,6.0,0.0,0.0,5.4585,0.4931,0.0,0.0,0.0,0.0,0.0,0.9738,0.0262,0.423,1.0,798,2,Normal,normal
0.0,244.548,138.485,1.0,6.0,0.0,0.0,0.0,6.0,0.0,0.0,5.4585,0.4931,0.0,0.0,0.0,0.0,0.0,0.9737,0.0263,0.413,1.0,798,3,Normal,normal
0.0,243.545,138.586,1.0,6.0,0.0,0.0,0.0,6.0,0.0,0.0,5.4585,0.4931,0.0,0.0,0.0,0.0,0.0,0.9745,0.0255,0.15,1.0,798,4,Normal,normal
0.0,242.828,138.398,1.0,6.0,0.0,0.0,0.0,6.0,0.0,0.0,5.4585,0.4931,0.0,0.0,0.0,0.0,0.0,0.9649,0.0351,0.187,1.0,798,5,Normal,normal
0.0,255.135,132.448,1.0,6.0,0.0,0.0,0.0,6.0,0.0,0.0,0.4267,0.0385,0.0,0.0,0.0,0.0,0.0,0.9796,0.0204,-0.959,1.0,799,1,Normal,normal
0.0,253.473,132.188,1.0,6.0,0.0,0.0,0.0,6.0,0.0,0.0,0.4267,0.0385,0.0,0.0,0.0,0.0,0.0,0.9747,0.0253,0.404,1.0,799,2,Normal,normal
0.0,252.578,132.151,1.0,6.0,0.0,0.0,0.0,6.0,0.0,0.0,0.4267,0.0385,0.0,0.0,0.0,0.0,0.0,0.9752,0.0248,0.406,1.0,799,3,Normal,normal
0.0,251.567,132.293,1.0,6.0,0.0,0.0,0.0,6.0,0.0,0.0,0.4267,0.0385,0.0,0.0,0.0,0.0,0.0,0.9788,0.0212,0.144,1.0,799,4,Normal,normal
0.0,250.875,132.088,1.0,6.0,0.0,0.0,0.0,6.0,0.0,0.0,0.4267,0.0385,0.0,0.0,0.0,0.0,0.0,0.9735,0.0265,0.176,1.0,799,5,Normal,normal
0.0,271.095,107.492,1.0,6.0,0.0,0.0,0.0,6.0,0.0,0.0,2.0,0.1807,0.0,0.0,0.0,0.0,0.0,0.981,0.019,-0.95,1.0,800,1,Normal,normal
0.0,269.525,107.412,1.0,6.0,0.0,0.0,0.0,6.0,0.0,0.0,2.0,0.1807,0.0,0.0,0.0,0.0,0.0,0.9735,0.0265,0.411,1.0,800,2,Normal,normal
0.0,268.685,107.396,1.0,6.0,0.0,0.0,0.0,6.0,0.0,0.0,2.0,0.1807,0.0,0.0,0.0,0.0,0.0,0.9728,0.0272,0.406,1.0,800,3,Normal,normal
0.0,267.782,107.692,1.0,6.0,0.0,0.0,0.0,6.0,0.0,0.0,2.0,0.1807,0.0,0.0,0.0,0.0,0.0,0.9766,0.0234,0.143,1.0,800,4,Normal,normal
0.0,267.168,107.58,1.0,6.0,0.0,0.0,0.0,6.0,0.0,0.0,2.0,0.1807,0.0,0.0,0.0,0.0,0.0,0.9742,0.0258,0.179,1.0,800,5,Normal,normal
0.0,221.008,100.302,1.0,6.0,0.0,0.0,0.0,6.0,0.0,0.0,0.8481,0.0766,0.0,0.0,0.0,0.0,0.0,0.981,0.019,-0.946,1.0,801,1,Normal,normal
0.0,219.455,100.27,1.0,6.0,0.0,0.0,0.0,6.0,0.0,0.0,0.8481,0.0766,0.0,0.0,0.0,0.0,0.0,0.9749,0.0251,0.4,1.0,801,2,Normal,normal
0.0,218.808,100.272,1.0,6.0,0.0,0.0,0.0,6.0,0.0,0.0,0.8481,0.0766,0.0,0.0,0.0,0.0,0.0,0.9765,0.0235,0.397,1.0,801,3,Normal,normal
0.0,218.098,100.483,1.0,6.0,0.0,0.0,0.0,6.0,0.0,0.0,0.8481,0.0766,0.0,0.0,0.0,0.0,0.0,0.9757,0.0243,0.147,1.0,801,4,Normal,normal
0.0,217.69,100.38,1.0,6.0,0.0,0.0,0.0,6.0,0.0,0.0,0.8481,0.0766,0.0,0.0,0.0,0.0,0.0,0.9748,0.0252,0.178,1.0,801,5,Normal,normal
0.0,226.742,95.113,1.0,6.0,0.0,0.0,0.0,6.0,0.0,0.0,3.0263,0.2734,0.0,0.0,0.0,0.0,0.0,0.9839,0.0161,-0.93,1.0,802,1,Normal,normal
0.0,225.073,95.179,1.0,6.0,0.0,0.0,0.0,6.0,0.0,0.0,3.0263,0.2734,0.0,0.0,0.0,0.0,0.0,0.9731,0.0269,0.394,1.0,802,2,Normal,normal
0.0,224.338,95.247,1.0,6.0,0.0,0.0,0.0,6.0,0.0,0.0,3.0263,0.2734,0.0,0.0,0.0,0.0,0.0,0.9761,0.0239,0.399,1.0,802,3,Normal,normal
0.0,223.803,95.261,1.0,6.0,0.0,0.0,0.0,6.0,0.0,0.0,3.0263,0.2734,0.0,0.0,0.0,0.0,0.0,0.9796,0.0204,0.144,1.0,802,4,Normal,normal
0.0,223.373,95.165,1.0,6.0,0.0,0.0,0.0,6.0,0.0,0.0,3.0263,0.2734,0.0,0.0,0.0,0.0,0.0,0.9742,0.0258,0.176,1.0,802,5,Normal,normal
0.0,238.82,88.671,1.0,6.0,0.0,0.0,0.0,6.0,0.0,0.0,4.9259,0.445,0.0,0.0,0.0,0.0,0.0,0.9797,0.0203,-0.937,1.0,803,1,Normal,normal
0.0,237.103,88.725,1.0,6.0,0.0,0.0,0.0,6.0,0.0,0.0,4.9259,0.445,0.0,0.0,0.0,0.0,0.0,0.9799,0.0201,0.401,1.0,803,2,Normal,normal
0.0,236.217,88.666,1.0,6.0,0.0,0.0,0.0,6.0,0.0,0.0,4.9259,0.445,0.0,0.0,0.0,0.0,0.0,0.9718,0.0282,0.396,1.0,803,3,Normal,normal
0.0,235.552,88.538,1.0,6.0,0.0,0.0,0.0,6.0,0.0,0.0,4.9259,0.445,0.0,0.0,0.0,0.0,0.0,0.9765,0.0235,0.146,1.0,803,4,Normal,normal
0.0,234.965,88.34,1.0,6.0,0.0,0.0,0.0,6.0,0.0,0.0,4.9259,0.445,0.0,0.0,0.0,0.0,0.0,0.9737,0.0263,0.177,1.0,803,5,Normal,normal
0.0,203.057,82.944,1.0,6.0,0.0,0.0,0.0,6.0,0.0,0.0,1.855,0.1676,0.0,0.0,0.0,0.0,0.0,0.9808,0.0192,-0.937,1.0,804,1,Normal,normal
0.0,201.58,82.948,1.0,6.0,0.0,0.0,0.0,6.0,0.0,0.0,1.855,0.1676,0.0,0.0,0.0,0.0,0.0,0.9771,0.0229,0.398,1.0,804,2,Normal,normal
0.0,200.718,82.822,1.0,6.0,0.0,0.0,0.0,6.0,0.0,0.0,1.855,0.1676,0.0,0.0,0.0,0.0,0.0,0.9799,0.0201,0.394,1.0,804,3,Normal,normal
0.0,200.123,82.639,1.0,6.0,0.0,0.0,0.0,6.0,0.0,0.0,1.855,0.1676,0.0,0.0,0.0,0.0,0.0,0.977,0.023,0.146,1.0,804,4,Normal,normal
0.0,199.582,82.463,1.0,6.0,0.0,0.0,0.0,6.0,0.0,0.0,1.855,0.1676,0.0,0.0,0.0,0.0,0.0,0.9721,0.0279,0.178,1.0,804,5,Normal,normal
0.0,211.135,77.375,1.0,6.0,0.0,0.0,0.0,6.0,0.0,0.0,1.6442,0.1485,0.0,0.0,0.0,0.0,0.0,0.981,0.019,-0.953,1.0,805,1,Normal,normal
0.0,209.575,77.428,1.0,6.0,0.0,0.0,0.0,6.0,0.0,0.0,1.6442,0.1485,0.0,0.0,0.0,0.0,0.0,0.9739,0.0261,0.398,1.0,805,2,Normal,normal
0.0,208.605,77.38,1.0,6.0,0.0,0.0,0.0,6.0,0.0,0.0,1.6442,0.1485,0.0,0.0,0.0,0.0,0.0,0.9762,0.0238,0.4,1.0,805,3,Normal,normal
0.0,207.855,77.296,1.0,6.0,0.0,0.0,0.0,6.0,0.0,0.0,1.6442,0.1485,0.0,0.0,0.0,0.0,0.0,0.9784,0.0216,0.131,1.0,805,4,Normal,normal
0.0,207.153,77.237,1.0,6.0,0.0,0.0,0.0,6.0,0.0,0.0,1.6442,0.1485,0.0,0.0,0.0,0.0,0.0,0.9708,0.0292,0.178,1.0,805,5,Normal,normal
0.0,235.658,77.325,1.0,6.0,0.0,0.0,0.0,6.0,0.0,0.0,1.6143,0.1458,0.0,0.0,0.0,0.0,0.0,0.979,0.021,-0.959,1.0,806,1,Normal,normal
0.0,234.252,77.347,1.0,6.0,0.0,0.0,0.0,6.0,0.0,0.0,1.6143,0.1458,0.0,0.0,0.0,0.0,0.0,0.9772,0.0228,0.409,1.0,806,2,Normal,normal
0.0,233.41,77.352,1.0,6.0,0.0,0.0,0.0,6.0,0.0,0.0,1.6143,0.1458,0.0,0.0,0.0,0.0,0.0,0.9734,0.0266,0.408,1.0,806,3,Normal,normal
0.0,232.742,77.341,1.0,6.0,0.0,0.0,0.0,6.0,0.0,0.0,1.6143,0.1458,0.0,0.0,0.0,0.0,0.0,0.9769,0.0231,0.137,1.0,806,4,Normal,normal
0.0,232.008,77.261,1.0,6.0,0.0,0.0,0.0,6.0,0.0,0.0,1.6143,0.1458,0.0,0.0,0.0,0.0,0.0,0.9723,0.0277,0.178,1.0,806,5,Normal,normal
0.0,210.508,88.502,1.0,6.0,0.0,0.0,0.0,6.0,0.0,0.0,1.3178,0.119,0.0,0.0,0.0,0.0,0.0,0.9764,0.0236,-0.964,1.0,807,1,Normal,normal
0.0,209.17,88.548,1.0,6.0,0.0,0.0,0.0,6.0,0.0,0.0,1.3178,0.119,0.0,0.0,0.0,0.0,0.0,0.9761,0.0239,0.399,1.0,807,2,Normal,normal
0.0,208.387,88.544,1.0,6.0,0.0,0.0,0.0,6.0,0.0,0.0,1.3178,0.119,0.0,0.0,0.0,0.0,0.0,0.9743,0.0257,0.413,1.0,807,3,Normal,normal
0.0,207.73,88.526,1.0,6.0,0.0,0.0,0.0,6.0,0.0,0.0,1.3178,0.119,0.0,0.0,0.0,0.0,0.0,0.9773,0.0227,0.146,1.0,807,4,Normal,normal
0.0,207.158,88.4,1.0,6.0,0.0,0.0,0.0,6.0,0.0,0.0,1.3178,0.119,0.0,0.0,0.0,0.0,0.0,0.9744,0.0256,0.18,1.0,807,5,Normal,normal
0.0,216.827,83.517,1.0,6.0,0.0,0.0,0.0,6.0,0.0,0.0,2.8239,0.2551,0.0,0.0,0.0,0.0,0.0,0.9768,0.0232,-0.975,1.0,808,1,Normal,normal
0.0,215.43,83.618,1.0,6.0,0.0,0.0,0.0,6.0,0.0,0.0,2.8239,0.2551,0.0,0.0,0.0,0.0,0.0,0.9704,0.0296,0.416,1.0,808,2,Normal,normal
0.0,214.675,83.604,1.0,6.0,0.0,0.0,0.0,6.0,0.0,0.0,2.8239,0.2551,0.0,0.0,0.0,0.0,0.0,0.975,0.025,0.417,1.0,808,3,Normal,normal
0.0,214.005,83.614,1.0,6.0,0.0,0.0,0.0,6.0,0.0,0.0,2.8239,0.2551,0.0,0.0,0.0,0.0,0.0,0.9752,0.0248,0.142,1.0,808,4,Normal,normal
0.0,213.433,83.495,1.0,6.0,0.0,0.0,0.0,6.0,0.0,0.0,2.8239,0.2551,0.0,0.0,0.0,0.0,0.0,0.9755,0.0245,0.179,1.0,808,5,Normal,normal
0.0,265.472,124.716,1.0,6.0,0.0,0.0,0.0,6.0,0.0,0.0,2.348,0.2121,0.0,0.0,0.0,0.0,0.0,0.9772,0.0228,-0.979,1.0,809,1,Normal,normal
0.0,263.882,124.314,1.0,6.0,0.0,0.0,0.0,6.0,0.0,0.0,2.348,0.2121,0.0,0.0,0.0,0.0,0.0,0.9716,0.0284,0.41,1.0,809,2,Normal,normal
0.0,263.198,124.221,1.0,6.0,0.0,0.0,0.0,6.0,0.0,0.0,2.348,0.2121,0.0,0.0,0.0,0.0,0.0,0.9749,0.0251,0.417,1.0,809,3,Normal,normal
0.0,262.547,124.033,1.0,6.0,0.0,0.0,0.0,6.0,0.0,0.0,2.348,0.2121,0.0,0.0,0.0,0.0,0.0,0.9774,0.0226,0.153,1.0,809,4,Normal,normal
0.0,261.987,123.758,1.0,6.0,0.0,0.0,0.0,6.0,0.0,0.0,2.348,0.2121,0.0,0.0,0.0,0.0,0.0,0.9761,0.0239,0.181,1.0,809,5,Normal,normal
0.0,234.525,133.08,1.0,6.0,0.0,0.0,0.0,6.0,0.0,0.0,5.2899,0.4778,0.0,0.0,0.0,0.0,0.0,0.9723,0.0277,-0.996,1.0,810,1,Normal,normal
0.0,232.928,132.612,1.0,6.0,0.0,0.0,0.0,6.0,0.0,0.0,5.2899,0.4778,0.0,0.0,0.0,0.0,0.0,0.9757,0.0243,0.424,1.0,810,2,Normal,normal
0.0,232.28,132.509,1.0,6.0,0.0,0.0,0.0,6.0,0.0,0.0,5.2899,0.4778,0.0,0.0,0.0,0.0,0.0,0.9776,0.0224,0.42,1.0,810,3,Normal,normal
0.0,231.66,132.327,1.0,6.0,0.0,0.0,0.0,6.0,0.0,0.0,5.2899,0.4778,0.0,0.0,0.0,0.0,0.0,0.9753,0.0247,0.148,1.0,810,4,Normal,normal
0.0,231.06,132.103,1.0,6.0,0.0,0.0,0.0,6.0,0.0,0.0,5.2899,0.4778,0.0,0.0,0.0,0.0,0.0,0.9702,0.0298,0.188,1.0,810,5,Normal,normal
0.0,234.733,132.9,1.0,6.0,0.0,0.0,0.0,6.0,0.0,0.0,1.5393,0.139,0.0,0.0,0.0,0.0,0.0,0.9758,0.0242,-0.996,1.0,811,1,Normal,normal
0.0,233.097,132.465,1.0,6.0,0.0,0.0,0.0,6.0,0.0,0.0,1.5393,0.139,0.0,0.0,0.0,0.0,0.0,0.9756,0.0244,0.426,1.0,811,2,Normal,normal
0.0,232.308,132.485,1.0,6.0,0.0,0.0,0.0,6.0,0.0,0.0,1.5393,0.139,0.0,0.0,0.0,0.0,0.0,0.975,0.025,0.424,1.0,811,3,Normal,normal
0.0,231.665,132.323,1.0,6.0,0.0,0.0,0.0,6.0,0.0,0.0,1.5393,0.139,0.0,0.0,0.0,0.0,0.0,0.9737,0.0263,0.149,1.0,811,4,Normal,normal
0.0,231.017,132.141,1.0,6.0,0.0,0.0,0.0,6.0,0.0,0.0,1.5393,0.139,0.0,0.0,0.0,0.0,0.0,0.9713,0.0287,0.191,1.0,811,5,Normal,normal
0.0,180.923,78.026,1.0,6.0,0.0,0.0,0.0,6.0,0.0,0.0,3.954,0.3572,0.0,0.0,0.0,0.0,0.0,0.9808,0.0192,-1.01,1.0,812,1,Normal,normal
0.0,179.537,77.916,1.0,6.0,0.0,0.0,0.0,6.0,0.0,0.0,3.954,0.3572,0.0,0.0,0.0,0.0,0.0,0.975,0.025,0.43,1.0,812,2,Normal,normal
0.0,178.802,78.003,1.0,6.0,0.0,0.0,0.0,6.0,0.0,0.0,3.954,0.3572,0.0,0.0,0.0,0.0,0.0,0.9725,0.0275,0.429,1.0,812,3,Normal,normal
0.0,178.27,78.065,1.0,6.0,0.0,0.0,0.0,6.0,0.0,0.0,3.954,0.3572,0.0,0.0,0.0,0.0,0.0,0.973,0.027,0.148,1.0,812,4,Normal,normal
0.0,177.655,78.056,1.0,6.0,0.0,0.0,0.0,6.0,0.0,0.0,3.954,0.3572,0.0,0.0,0.0,0.0,0.0,0.9755,0.0245,0.197,1.0,812,5,Normal,normal
0.0,156.617,38.985,1.0,6.0,0.0,0.0,0.0,6.0,0.0,0.0,1.3726,0.124,0.0,0.0,0.0,0.0,0.0,0.9778,0.0222,-1.012,1.0,813,1,Normal,normal
0.0,155.29,38.98,1.0,6.0,0.0,0.0,0.0,6.0,0.0,0.0,1.3726,0.124,0.0,0.0,0.0,0.0,0.0,0.9724,0.0276,0.431,1.0,813,2,Normal,normal
0.0,154.548,39.04,1.0,6.0,0.0,0.0,0.0,6.0,0.0,0.0,1.3726,0.124,0.0,0.0,0.0,0.0,0.0,0.9722,0.0278,0.427,1.0,813,3,Normal,normal
0.0,153.988,39.076,1.0,6.0,0.0,0.0,0.0,6.0,0.0,0.0,1.3726,0.124,0.0,0.0,0.0,0.0,0.0,0.9741,0.0259,0.152,1.0,813,4,Normal,normal
0.0,153.13,38.795,1.0,6.0,0.0,0.0,0.0,6.0,0.0,0.0,1.3726,0.124,0.0,0.0,0.0,0.0,0.0,0.9684,0.0316,0.181,1.0,813,5,Normal,normal
0.0,247.832,137.423,1.0,6.0,0.0,0.0,0.0,6.0,0.0,0.0,3.3821,0.3055,0.0,0.0,0.0,0.0,0.0,0.9745,0.0255,-1.025,1.0,814,1,Normal,normal
0.0,246.252,137.341,1.0,6.0,0.0,0.0,0.0,6.0,0.0,0.0,3.3821,0.3055,0.0,0.0,0.0,0.0,0.0,0.9748,0.0252,0.436,1.0,814,2,Normal,normal
0.0,245.338,137.244,1.0,6.0,0.0,0.0,0.0,6.0,0.0,0.0,3.3821,0.3055,0.0,0.0,0.0,0.0,0.0,0.9768,0.0232,0.423,1.0,814,3,Normal,normal
0.0,244.67,137.134,1.0,6.0,0.0,0.0,0.0,6.0,0.0,0.0,3.3821,0.3055,0.0,0.0,0.0,0.0,0.0,0.9744,0.0256,0.152,1.0,814,4,Normal,normal
0.0,243.758,137.208,1.0,6.0,0.0,0.0,0.0,6.0,0.0,0.0,3.3821,0.3055,0.0,0.0,0.0,0.0,0.0,0.9681,0.0319,0.183,1.0,814,5,Normal,normal
0.0,244.113,138.78,1.0,6.0,0.0,0.0,0.0,6.0,0.0,0.0,3.575,0.3229,0.0,0.0,0.0,0.0,0.0,0.9715,0.0285,-1.021,1.0,815,1,Normal,normal
0.0,242.607,138.605,1.0,6.0,0.0,0.0,0.0,6.0,0.0,0.0,3.575,0.3229,0.0,0.0,0.0,0.0,0.0,0.9717,0.0283,0.431,1.0,815,2,Normal,normal
0.0,241.862,138.359,1.0,6.0,0.0,0.0,0.0,6.0,0.0,0.0,3.575,0.3229,0.0,0.0,0.0,0.0,0.0,0.9738,0.0262,0.438,1.0,815,3,Normal,normal
0.0,241.283,138.182,1.0,6.0,0.0,0.0,0.0,6.0,0.0,0.0,3.575,0.3229,0.0,0.0,0.0,0.0,0.0,0.9737,0.0263,0.151,1.0,815,4,Normal,normal
0.0,240.52,138.183,1.0,6.0,0.0,0.0,0.0,6.0,0.0,0.0,3.575,0.3229,0.0,0.0,0.0,0.0,0.0,0.9726,0.0274,0.195,1.0,815,5,Normal,normal
0.0,252.407,132.109,1.0,6.0,0.0,0.0,0.0,6.0,0.0,0.0,0.8055,0.0728,0.0,0.0,0.0,0.0,0.0,0.9762,0.0238,-1.036,1.0,816,1,Normal,normal
0.0,250.702,132.082,1.0,6.0,0.0,0.0,0.0,6.0,0.0,0.0,0.8055,0.0728,0.0,0.0,0.0,0.0,0.0,0.9723,0.0277,0.438,1.0,816,2,Normal,normal
0.0,249.688,132.03,1.0,6.0,0.0,0.0,0.0,6.0,0.0,0.0,0.8055,0.0728,0.0,0.0,0.0,0.0,0.0,0.975,0.025,0.431,1.0,816,3,Normal,normal
0.0,248.995,131.932,1.0,6.0,0.0,0.0,0.0,6.0,0.0,0.0,0.8055,0.0728,0.0,0.0,0.0,0.0,0.0,0.9747,0.0253,0.164,1.0,816,4,Normal,normal
0.0,248.122,132.033,1.0,6.0,0.0,0.0,0.0,6.0,0.0,0.0,0.8055,0.0728,0.0,0.0,0.0,0.0,0.0,0.9734,0.0266,0.197,1.0,816,5,Normal,normal
0.0,284.012,134.628,1.0,6.0,0.0,0.0,0.0,6.0,0.0,0.0,0.681,0.0615,0.0,0.0,0.0,0.0,0.0,0.9772,0.0228,-1.027,1.0,817,1,Normal,normal
0.0,282.06,134.39,1.0,6.0,0.0,0.0,0.0,6.0,0.0,0.0,0.681,0.0615,0.0,0.0,0.0,0.0,0.0,0.9747,0.0253,0.445,1.0,817,2,Normal,normal
0.0,280.927,134.317,1.0,6.0,0.0,0.0,0.0,6.0,0.0,0.0,0.681,0.0615,0.0,0.0,0.0,0.0,0.0,0.9729,0.0271,0.439,1.0,817,3,Normal,normal
0.0,280.095,134.079,1.0,6.0,0.0,0.0,0.0,6.0,0.0,0.0,0.681,0.0615,0.0,0.0,0.0,0.0,0.0,0.9757,0.0243,0.164,1.0,817,4,Normal,normal
0.0,279.253,133.871,1.0,6.0,0.0,0.0,0.0,6.0,0.0,0.0,0.681,0.0615,0.0,0.0,0.0,0.0,0.0,0.9705,0.0295,0.193,1.0,817,5,Normal,normal
0.0,247.233,142.027,1.0,6.0,0.0,0.0,0.0,6.0,0.0,0.0,0.707,0.0639,0.0,0.0,0.0,0.0,0.0,0.9748,0.0252,-1.039,1.0,818,1,Normal,normal
0.0,245.493,141.728,1.0,6.0,0.0,0.0,0.0,6.0,0.0,0.0,0.707,0.0639,0.0,0.0,0.0,0.0,0.0,0.9732,0.0268,0.437,1.0,818,2,Normal,normal
0.0,244.438,141.586,1.0,6.0,0.0,0.0,0.0,6.0,0.0,0.0,0.707,0.0639,0.0,0.0,0.0,0.0,0.0,0.9743,0.0257,0.438,1.0,818,3,Normal,normal
0.0,243.402,141.553,1.0,6.0,0.0,0.0,0.0,6.0,0.0,0.0,0.707,0.0639,0.0,0.0,0.0,0.0,0.0,0.9746,0.0254,0.155,1.0,818,4,Normal,normal
0.0,242.553,141.343,1.0,6.0,0.0,0.0,0.0,6.0,0.0,0.0,0.707,0.0639,0.0,0.0,0.0,0.0,0.0,0.9712,0.0288,0.194,1.0,818,5,Normal,normal
0.0,247.193,142.064,1.0,6.0,0.0,0.0,0.0,6.0,0.0,0.0,0.2675,0.0242,0.0,0.0,0.0,0.0,0.0,0.9766,0.0234,-1.038,1.0,819,1,Normal,normal
0.0,245.387,141.825,1.0,6.0,0.0,0.0,0.0,6.0,0.0,0.0,0.2675,0.0242,0.0,0.0,0.0,0.0,0.0,0.972,0.028,0.441,1.0,819,2,Normal,normal
0.0,244.335,141.68,1.0,6.0,0.0,0.0,0.0,6.0,0.0,0.0,0.2675,0.0242,0.0,0.0,0.0,0.0,0.0,0.9743,0.0257,0.437,1.0,819,3,Normal,normal
0.0,243.285,141.658,1.0,6.0,0.0,0.0,0.0,6.0,0.0,0.0,0.2675,0.0242,0.0,0.0,0.0,0.0,0.0,0.9762,0.0238,0.162,1.0,819,4,Normal,normal
0.0,242.432,141.452,1.0,6.0,0.0,0.0,0.0,6.0,0.0,0.0,0.2675,0.0242,0.0,0.0,0.0,0.0,0.0,0.9712,0.0288,0.197,1.0,819,5,Normal,normal
0.0,189.437,95.618,1.0,6.0,0.0,0.0,0.0,6.0,0.0,0.0,4.0699,0.3676,0.0,0.0,0.0,0.0,0.0,0.9763,0.0237,-1.045,1.0,820,1,Normal,normal
0.0,187.845,95.446,1.0,6.0,0.0,0.0,0.0,6.0,0.0,0.0,4.0699,0.3676,0.0,0.0,0.0,0.0,0.0,0.9741,0.0259,0.446,1.0,820,2,Normal,normal
0.0,187.157,95.255,1.0,6.0,0.0,0.0,0.0,6.0,0.0,0.0,4.0699,0.3676,0.0,0.0,0.0,0.0,0.0,0.9693,0.0307,0.439,1.0,820,3,Normal,normal
0.0,186.27,95.256,1.0,6.0,0.0,0.0,0.0,6.0,0.0,0.0,4.0699,0.3676,0.0,0.0,0.0,0.0,0.0,0.9747,0.0253,0.159,1.0,820,4,Normal,normal
0.0,185.643,94.895,1.0,6.0,0.0,0.0,0.0,6.0,0.0,0.0,4.0699,0.3676,0.0,0.0,0.0,0.0,0.0,0.9746,0.0254,0.192,1.0,820,5,Normal,normal
0.0,144.002,36.045,1.0,6.0,0.0,0.0,0.0,6.0,0.0,0.0,1.2538,0.1133,0.0,0.0,0.0,0.0,0.0,0.9766,0.0234,-1.057,1.0,821,1,Normal,normal
0.0,142.473,35.855,1.0,6.0,0.0,0.0,0.0,6.0,0.0,0.0,1.2538,0.1133,0.0,0.0,0.0,0.0,0.0,0.975,0.025,0.447,1.0,821,2,Normal,normal
0.0,141.835,35.79,1.0,6.0,0.0,0.0,0.0,6.0,0.0,0.0,1.2538,0.1133,0.0,0.0,0.0,0.0,0.0,0.974,0.026,0.447,1.0,821,3,Normal,normal
0.0,141.005,35.857,1.0,6.0,0.0,0.0,0.0,6.0,0.0,0.0,1.2538,0.1133,0.0,0.0,0.0,0.0,0.0,0.9731,0.0269,0.16,1.0,821,4,Normal,normal
0.0,140.477,35.748,1.0,6.0,0.0,0.0,0.0,6.0,0.0,0.0,1.2538,0.1133,0.0,0.0,0.0,0.0,0.0,0.9723,0.0277,0.196,1.0,821,5,Normal,normal
0.0,143.823,39.255,1.0,6.0,0.0,0.0,0.0,6.0,0.0,0.0,0.1959,0.0177,0.0,0.0,0.0,0.0,0.0,0.978,0.022,-1.072,1.0,822,1,Normal,normal
0.0,142.34,39.123,1.0,6.0,0.0,0.0,0.0,6.0,0.0,0.0,0.1959,0.0177,0.0,0.0,0.0,0.0,0.0,0.9716,0.0284,0.459,1.0,822,2,Normal,normal
0.0,141.66,38.929,1.0,6.0,0.0,0.0,0.0,6.0,0.0,0.0,0.1959,0.0177,0.0,0.0,0.0,0.0,0.0,0.974,0.026,0.45,1.0,822,3,Normal,normal
0.0,140.985,38.821,1.0,6.0,0.0,0.0,0.0,6.0,0.0,0.0,0.1959,0.0177,0.0,0.0,0.0,0.0,0.0,0.9748,0.0252,0.171,1.0,822,4,Normal,normal
0.0,140.44,38.734,1.0,6.0,0.0,0.0,0.0,6.0,0.0,0.0,0.1959,0.0177,0.0,0.0,0.0,0.0,0.0,0.9712,0.0288,0.2,1.0,822,5,Normal,normal
0.0,152.372,38.286,1.0,6.0,0.0,0.0,0.0,6.0,0.0,0.0,1.0497,0.0948,0.0,0.0,0.0,0.0,0.0,0.9744,0.0256,-1.095,1.0,823,1,Normal,normal
0.0,150.793,38.106,1.0,6.0,0.0,0.0,0.0,6.0,0.0,0.0,1.0497,0.0948,0.0,0.0,0.0,0.0,0.0,0.9696,0.0304,0.46,1.0,823,2,Normal,normal
0.0,150.038,37.899,1.0,6.0,0.0,0.0,0.0,6.0,0.0,0.0,1.0497,0.0948,0.0,0.0,0.0,0.0,0.0,0.9718,0.0282,0.471,1.0,823,3,Normal,normal
0.0,149.248,37.793,1.0,6.0,0.0,0.0,0.0,6.0,0.0,0.0,1.0497,0.0948,0.0,0.0,0.0,0.0,0.0,0.9749,0.0251,0.158,1.0,823,4,Normal,normal
0.0,148.633,37.688,1.0,6.0,0.0,0.0,0.0,6.0,0.0,0.0,1.0497,0.0948,0.0,0.0,0.0,0.0,0.0,0.9673,0.0327,0.199,1.0,823,5,Normal,normal
0.0,229.352,119.181,1.0,6.0,0.0,0.0,0.0,6.0,0.0,0.0,0.7178,0.0648,0.0,0.0,0.0,0.0,0.0,0.9776,0.0224,-1.101,1.0,824,1,Normal,normal
0.0,227.688,118.977,1.0,6.0,0.0,0.0,0.0,6.0,0.0,0.0,0.7178,0.0648,0.0,0.0,0.0,0.0,0.0,0.9695,0.0305,0.472,1.0,824,2,Normal,normal
0.0,226.658,118.735,1.0,6.0,0.0,0.0,0.0,6.0,0.0,0.0,0.7178,0.0648,0.0,0.0,0.0,0.0,0.0,0.9724,0.0276,0.471,1.0,824,3,Normal,normal
0.0,225.728,118.63,1.0,6.0,0.0,0.0,0.0,6.0,0.0,0.0,0.7178,0.0648,0.0,0.0,0.0,0.0,0.0,0.9749,0.0251,0.163,1.0,824,4,Normal,normal
0.0,224.923,118.594,1.0,6.0,0.0,0.0,0.0,6.0,0.0,0.0,0.7178,0.0648,0.0,0.0,0.0,0.0,0.0,0.9699,0.0301,0.21,1.0,824,5,Normal,normal
0.0,235.812,116.767,1.0,6.0,0.0,0.0,0.0,6.0,0.0,0.0,1.9353,0.1748,0.0,0.0,0.0,0.0,0.0,0.9741,0.0259,-1.135,1.0,825,1,Normal,normal
0.0,234.182,116.53,1.0,6.0,0.0,0.0,0.0,6.0,0.0,0.0,1.9353,0.1748,0.0,0.0,0.0,0.0,0.0,0.9711,0.0289,0.479,1.0,825,2,Normal,normal
0.0,233.225,116.231,1.0,6.0,0.0,0.0,0.0,6.0,0.0,0.0,1.9353,0.1748,0.0,0.0,0.0,0.0,0.0,0.9742,0.0258,0.474,1.0,825,3,Normal,normal
0.0,232.102,116.308,1.0,6.0,0.0,0.0,0.0,6.0,0.0,0.0,1.9353,0.1748,0.0,0.0,0.0,0.0,0.0,0.97,0.03,0.168,1.0,825,4,Normal,normal
0.0,231.272,116.207,1.0,6.0,0.0,0.0,0.0,6.0,0.0,0.0,1.9353,0.1748,0.0,0.0,0.0,0.0,0.0,0.9694,0.0306,0.208,1.0,825,5,Normal,normal
0.0,244.112,109.221,1.0,6.0,0.0,0.0,0.0,6.0,0.0,0.0,1.9547,0.1766,0.0,0.0,0.0,0.0,0.0,0.9747,0.0253,-1.157,1.0,826,1,Normal,normal
0.0,242.448,109.026,1.0,6.0,0.0,0.0,0.0,6.0,0.0,0.0,1.9547,0.1766,0.0,0.0,0.0,0.0,0.0,0.9656,0.0344,0.496,1.0,826,2,Normal,normal
0.0,241.43,108.788,1.0,6.0,0.0,0.0,0.0,6.0,0.0,0.0,1.9547,0.1766,0.0,0.0,0.0,0.0,0.0,0.9719,0.0281,0.49,1.0,826,3,Normal,normal
0.0,240.345,108.868,1.0,6.0,0.0,0.0,0.0,6.0,0.0,0.0,1.9547,0.1766,0.0,0.0,0.0,0.0,0.0,0.9699,0.0301,0.185,1.0,826,4,Normal,normal
0.0,239.543,108.755,1.0,6.0,0.0,0.0,0.0,6.0,0.0,0.0,1.9547,0.1766,0.0,0.0,0.0,0.0,0.0,0.966,0.034,0.216,1.0,826,5,Normal,normal
0.0,275.752,110.242,1.0,6.0,0.0,0.0,0.0,6.0,0.0,0.0,0.8234,0.0744,0.0,0.0,0.0,0.0,0.0,0.9768,0.0232,-1.186,1.0,827,1,Normal,normal
0.0,272.812,107.983,1.0,6.0,0.0,0.0,0.0,6.0,0.0,0.0,0.8234,0.0744,0.0,0.0,0.0,0.0,0.0,0.9688,0.0312,0.506,1.0,827,2,Normal,normal
0.0,271.672,107.593,1.0,6.0,0.0,0.0,0.0,6.0,0.0,0.0,0.8234,0.0744,0.0,0.0,0.0,0.0,0.0,0.9702,0.0298,0.499,1.0,827,3,Normal,normal
0.0,270.673,107.766,1.0,6.0,0.0,0.0,0.0,6.0,0.0,0.0,0.8234,0.0744,0.0,0.0,0.0,0.0,0.0,0.9711,0.0289,0.173,1.0,827,4,Normal,normal
0.0,269.838,107.572,1.0,6.0,0.0,0.0,0.0,6.0,0.0,0.0,0.8234,0.0744,0.0,0.0,0.0,0.0,0.0,0.9673,0.0327,0.215,1.0,827,5,Normal,normal
0.0,233.72,122.279,1.0,6.0,0.0,0.0,0.0,6.0,0.0,0.0,0.5787,0.0523,0.0,0.0,0.0,0.0,0.0,0.974,0.026,-1.217,1.0,828,1,Normal,normal
0.0,230.953,119.722,1.0,6.0,0.0,0.0,0.0,6.0,0.0,0.0,0.5787,0.0523,0.0,0.0,0.0,0.0,0.0,0.9664,0.0336,0.52,1.0,828,2,Normal,normal
0.0,230.03,119.331,1.0,6.0,0.0,0.0,0.0,6.0,0.0,0.0,0.5787,0.0523,0.0,0.0,0.0,0.0,0.0,0.9678,0.0322,0.514,1.0,828,3,Normal,normal
0.0,229.143,119.45,1.0,6.0,0.0,0.0,0.0,6.0,0.0,0.0,0.5787,0.0523,0.0,0.0,0.0,0.0,0.0,0.9698,0.0302,0.182,1.0,828,4,Normal,normal
0.0,228.323,119.299,1.0,6.0,0.0,0.0,0.0,6.0,0.0,0.0,0.5787,0.0523,0.0,0.0,0.0,0.0,0.0,0.966,0.034,0.231,1.0,828,5,Normal,normal
0.0,244.527,115.254,1.0,6.0,0.0,0.0,0.0,6.0,0.0,0.0,1.3982,0.1263,0.0,0.0,0.0,0.0,0.0,0.9713,0.0287,-1.269,1.0,829,1,Normal,normal
0.0,241.603,112.757,1.0,6.0,0.0,0.0,0.0,6.0,0.0,0.0,1.3982,0.1263,0.0,0.0,0.0,0.0,0.0,0.9646,0.0354,0.539,1.0,829,2,Normal,normal
0.0,240.545,112.448,1.0,6.0,0.0,0.0,0.0,6.0,0.0,0.0,1.3982,0.1263,0.0,0.0,0.0,0.0,0.0,0.9639,0.0361,0.538,1.0,829,3,Normal,normal
0.0,239.807,112.423,1.0,6.0,0.0,0.0,0.0,6.0,0.0,0.0,1.3982,0.1263,0.0,0.0,0.0,0.0,0.0,0.968,0.032,0.188,1.0,829,4,Normal,normal
0.0,238.868,112.361,1.0,6.0,0.0,0.0,0.0,6.0,0.0,0.0,1.3982,0.1263,0.0,0.0,0.0,0.0,0.0,0.9623,0.0377,0.235,1.0,829,5,Normal,normal
0.0,296.967,136.561,1.0,6.0,0.0,0.0,0.0,6.0,0.0,0.0,0.0811,0.0073,0.0,0.0,0.0,0.0,0.0,0.9723,0.0277,-1.296,1.0,830,1,Normal,normal
0.0,295.337,136.334,1.0,6.0,0.0,0.0,0.0,6.0,0.0,0.0,0.0811,0.0073,0.0,0.0,0.0,0.0,0.0,0.9658,0.0342,0.542,1.0,830,2,Normal,normal
0.0,294.315,136.184,1.0,6.0,0.0,0.0,0.0,6.0,0.0,0.0,0.0811,0.0073,0.0,0.0,0.0,0.0,0.0,0.9681,0.0319,0.548,1.0,830,3,Normal,normal
0.0,293.488,136.118,1.0,6.0,0.0,0.0,0.0,6.0,0.0,0.0,0.0811,0.0073,0.0,0.0,0.0,0.0,0.0,0.9691,0.0309,0.196,1.0,830,4,Normal,normal
0.0,292.565,136.245,1.0,6.0,0.0,0.0,0.0,6.0,0.0,0.0,0.0811,0.0073,0.0,0.0,0.0,0.0,0.0,0.9646,0.0354,0.246,1.0,830,5,Normal,normal
0.0,261.545,145.058,1.0,6.0,0.0,0.0,0.0,6.0,0.0,0.0,2.9793,0.2691,0.0,0.0,0.0,0.0,0.0,0.9679,0.0321,-1.343,1.0,831,1,Normal,normal
0.0,259.783,144.891,1.0,6.0,0.0,0.0,0.0,6.0,0.0,0.0,2.9793,0.2691,0.0,0.0,0.0,0.0,0.0,0.9642,0.0358,0.571,1.0,831,2,Normal,normal
0.0,258.86,144.728,1.0,6.0,0.0,0.0,0.0,6.0,0.0,0.0,2.9793,0.2691,0.0,0.0,0.0,0.0,0.0,0.9617,0.0383,0.562,1.0,831,3,Normal,normal
0.0,258.097,144.67,1.0,6.0,0.0,0.0,0.0,6.0,0.0,0.0,2.9793,0.2691,0.0,0.0,0.0,0.0,0.0,0.9657,0.0343,0.202,1.0,831,4,Normal,normal
0.0,257.17,144.802,1.0,6.0,0.0,0.0,0.0,6.0,0.0,0.0,2.9793,0.2691,0.0,0.0,0.0,0.0,0.0,0.9645,0.0355,0.248,1.0,831,5,Normal,normal
0.0,262.397,144.219,1.0,6.0,0.0,0.0,0.0,6.0,0.0,0.0,1.216,0.1098,0.0,0.0,0.0,0.0,0.0,0.9679,0.0321,-1.362,1.0,832,1,Normal,normal
0.0,260.587,144.101,1.0,6.0,0.0,0.0,0.0,6.0,0.0,0.0,1.216,0.1098,0.0,0.0,0.0,0.0,0.0,0.9651,0.0349,0.581,1.0,832,2,Normal,normal
0.0,259.673,143.929,1.0,6.0,0.0,0.0,0.0,6.0,0.0,0.0,1.216,0.1098,0.0,0.0,0.0,0.0,0.0,0.9648,0.0352,0.583,1.0,832,3,Normal,normal
0.0,258.943,143.839,1.0,6.0,0.0,0.0,0.0,6.0,0.0,0.0,1.216,0.1098,0.0,0.0,0.0,0.0,0.0,0.9657,0.0343,0.202,1.0,832,4,Cyber Intrusion,replay
0.0,258.072,143.921,1.0,6.0,0.0,0.0,0.0,6.0,0.0,0.0,1.216,0.1098,0.0,0.0,0.0,0.0,0.0,0.9591,0.0409,0.249,1.0,832,5,Normal,normal
0.0,204.14,107.824,1.0,6.0,0.0,0.0,0.0,6.0,0.0,0.0,1.3881,0.1254,0.0,0.0,0.0,0.0,0.0,0.9679,0.0321,-1.414,1.0,833,1,Normal,normal
0.0,202.358,107.822,1.0,6.0,0.0,0.0,0.0,6.0,0.0,0.0,1.3881,0.1254,0.0,0.0,0.0,0.0,0.0,0.9606,0.0394,0.596,1.0,833,2,Normal,normal
0.0,201.455,107.694,1.0,6.0,0.0,0.0,0.0,6.0,0.0,0.0,1.3881,0.1254,0.0,0.0,0.0,0.0,0.0,0.9616,0.0384,0.603,1.0,833,3,Normal,normal
0.0,200.747,107.727,1.0,6.0,0.0,0.0,0.0,6.0,0.0,0.0,1.3881,0.1254,0.0,0.0,0.0,0.0,0.0,0.9657,0.0343,0.202,1.0,833,4,Cyber Intrusion,replay
0.0,199.93,107.849,1.0,6.0,0.0,0.0,0.0,6.0,0.0,0.0,1.3881,0.1254,0.0,0.0,0.0,0.0,0.0,0.9567,0.0433,0.262,1.0,833,5,Normal,normal
0.0,160.057,43.803,1.0,6.0,0.0,0.0,0.0,6.0,0.0,0.0,0.1253,0.0113,0.0,0.0,0.0,0.0,0.0,0.9673,0.0327,-1.454,1.0,834,1,Normal,normal
0.0,158.213,43.898,1.0,6.0,0.0,0.0,0.0,6.0,0.0,0.0,0.1253,0.0113,0.0,0.0,0.0,0.0,0.0,0.9608,0.0392,0.618,1.0,834,2,Normal,normal
0.0,157.337,43.912,1.0,6.0,0.0,0.0,0.0,6.0,0.0,0.0,0.1253,0.0113,0.0,0.0,0.0,0.0,0.0,0.963,0.037,0.615,1.0,834,3,Normal,normal
0.0,156.563,43.944,1.0,6.0,0.0,0.0,0.0,6.0,0.0,0.0,0.1253,0.0113,0.0,0.0,0.0,0.0,0.0,0.9657,0.0343,0.202,1.0,834,4,Cyber Intrusion,replay
0.0,155.665,43.877,1.0,6.0,0.0,0.0,0.0,6.0,0.0,0.0,0.1253,0.0113,0.0,0.0,0.0,0.0,0.0,0.9591,0.0409,0.274,1.0,834,5,Normal,normal
0.0,241.548,129.771,1.0,6.0,0.0,0.0,0.0,6.0,0.0,0.0,1.9215,0.1736,0.0,0.0,0.0,0.0,0.0,0.9679,0.0321,-1.473,1.0,835,1,Normal,normal
0.0,239.798,130.008,1.0,6.0,0.0,0.0,0.0,6.0,0.0,0.0,1.9215,0.1736,0.0,0.0,0.0,0.0,0.0,0.9599,0.0401,0.628,1.0,835,2,Normal,normal
0.0,238.878,130.094,1.0,6.0,0.0,0.0,0.0,6.0,0.0,0.0,1.9215,0.1736,0.0,0.0,0.0,0.0,0.0,0.9593,0.0407,0.622,1.0,835,3,Normal,normal
0.0,238.138,130.156,1.0,6.0,0.0,0.0,0.0,6.0,0.0,0.0,1.9215,0.1736,0.0,0.0,0.0,0.0,0.0,0.9657,0.0343,0.202,1.0,835,4,Cyber Intrusion,replay
0.0,237.417,130.121,1.0,6.0,0.0,0.0,0.0,6.0,0.0,0.0,1.9215,0.1736,0.0,0.0,0.0,0.0,0.0,0.9559,0.0441,0.274,1.0,835,5,Normal,normal
0.0,236.867,131.689,1.0,6.0,0.0,0.0,0.0,6.0,0.0,0.0,0.5131,0.0463,0.0,0.0,0.0,0.0,0.0,0.9647,0.0353,-1.506,1.0,836,1,Normal,normal
0.0,235.238,131.881,1.0,6.0,0.0,0.0,0.0,6.0,0.0,0.0,0.5131,0.0463,0.0,0.0,0.0,0.0,0.0,0.9572,0.0428,0.645,1.0,836,2,Normal,normal
0.0,234.367,131.964,1.0,6.0,0.0,0.0,0.0,6.0,0.0,0.0,0.5131,0.0463,0.0,0.0,0.0,0.0,0.0,0.9607,0.0393,0.639,1.0,836,3,Normal,normal
0.0,233.567,132.078,1.0,6.0,0.0,0.0,0.0,6.0,0.0,0.0,0.5131,0.0463,0.0,0.0,0.0,0.0,0.0,0.9621,0.0379,0.232,1.0,836,4,Cyber Intrusion,replay
0.0,232.76,132.12,1.0,6.0,0.0,0.0,0.0,6.0,0.0,0.0,0.5131,0.0463,0.0,0.0,0.0,0.0,0.0,0.956,0.044,0.279,1.0,836,5,Normal,normal
0.0,243.157,126.749,1.0,6.0,0.0,0.0,0.0,6.0,0.0,0.0,1.995,0.1802,0.0,0.0,0.0,0.0,0.0,0.9628,0.0372,-1.539,1.0,837,1,Normal,normal
0.0,241.622,126.86,1.0,6.0,0.0,0.0,0.0,6.0,0.0,0.0,1.995,0.1802,0.0,0.0,0.0,0.0,0.0,0.9594,0.0406,0.644,1.0,837,2,Normal,normal
0.0,240.743,126.932,1.0,6.0,0.0,0.0,0.0,6.0,0.0,0.0,1.995,0.1802,0.0,0.0,0.0,0.0,0.0,0.9616,0.0384,0.646,1.0,837,3,Normal,normal
0.0,240.035,126.982,1.0,6.0,0.0,0.0,0.0,6.0,0.0,0.0,1.995,0.1802,0.0,0.0,0.0,0.0,0.0,0.9613,0.0387,0.23,1.0,837,4,Cyber Intrusion,replay
0.0,239.317,126.959,1.0,6.0,0.0,0.0,0.0,6.0,0.0,0.0,1.995,0.1802,0.0,0.0,0.0,0.0,0.0,0.9594,0.0406,0.287,1.0,837,5,Normal,normal
0.0,276.988,124.223,1.0,6.0,0.0,0.0,0.0,6.0,0.0,0.0,2.7814,0.2512,0.0,0.0,0.0,0.0,0.0,0.9683,0.0317,-1.549,1.0,838,1,Normal,normal
0.0,275.413,124.033,1.0,6.0,0.0,0.0,0.0,6.0,0.0,0.0,2.7814,0.2512,0.0,0.0,0.0,0.0,0.0,0.9552,0.0448,0.657,1.0,838,2,Normal,normal
0.0,274.493,123.993,1.0,6.0,0.0,0.0,0.0,6.0,0.0,0.0,2.7814,0.2512,0.0,0.0,0.0,0.0,0.0,0.9626,0.0374,0.659,1.0,838,3,Normal,normal
0.0,273.77,123.907,1.0,6.0,0.0,0.0,0.0,6.0,0.0,0.0,2.7814,0.2512,0.0,0.0,0.0,0.0,0.0,0.9625,0.0375,0.237,1.0,838,4,Cyber Intrusion,replay
0.0,273.047,123.804,1.0,6.0,0.0,0.0,0.0,6.0,0.0,0.0,2.7814,0.2512,0.0,0.0,0.0,0.0,0.0,0.9558,0.0442,0.293,1.0,838,5,Normal,normal
0.0,237.68,127.221,1.0,6.0,0.0,0.0,0.0,6.0,0.0,0.0,1.6171,0.1461,0.0,0.0,0.0,0.0,0.0,0.9668,0.0332,-1.563,1.0,839,1,Normal,normal
0.0,236.032,127.023,1.0,6.0,0.0,0.0,0.0,6.0,0.0,0.0,1.6171,0.1461,0.0,0.0,0.0,0.0,0.0,0.9617,0.0383,0.661,1.0,839,2,Normal,normal
0.0,234.992,126.972,1.0,6.0,0.0,0.0,0.0,6.0,0.0,0.0,1.6171,0.1461,0.0,0.0,0.0,0.0,0.0,0.9625,0.0375,0.665,1.0,839,3,Normal,normal
0.0,234.205,126.834,1.0,6.0,0.0,0.0,0.0,6.0,0.0,0.0,1.6171,0.1461,0.0,0.0,0.0,0.0,0.0,0.9604,0.0396,0.236,1.0,839,4,Cyber Intrusion,replay
0.0,233.445,126.715,1.0,6.0,0.0,0.0,0.0,6.0,0.0,0.0,1.6171,0.1461,0.0,0.0,0.0,0.0,0.0,0.9569,0.0431,0.287,1.0,839,5,Normal,normal
0.0,243.827,121.947,1.0,6.0,0.0,0.0,0.0,6.0,58.1169,1.0,4045.1317,365.3974,1.0,58.1169,0.0,1.0,1.0,0.7566,0.2434,-1.557,1.0,840,1,Cyber Intrusion,data_injection
0.0,242.185,121.748,1.0,6.0,0.0,0.0,0.0,6.0,58.1169,0.0,4045.1317,365.3974,1.0,12.1128,0.0,1.0,1.0,0.9604,0.0396,0.657,1.0,840,2,Normal,normal
0.0,241.167,121.693,1.0,6.0,0.0,0.0,0.0,6.0,58.1169,0.0,4045.1317,365.3974,1.0,11.51,0.0,1.0,1.0,0.9605,0.0395,0.662,1.0,840,3,Normal,normal
0.0,240.418,121.522,1.0,6.0,0.0,0.0,0.0,6.0,58.1169,0.0,4045.1317,365.3974,1.0,11.4881,0.0,1.0,1.0,0.9623,0.0377,0.236,1.0,840,4,Normal,normal
0.0,239.728,121.344,1.0,6.0,0.0,0.0,0.0,6.0,58.1169,0.0,4045.1317,365.3974,1.0,11.0451,0.0,1.0,1.0,0.9548,0.0452,0.28,1.0,840,5,Normal,normal
0.0,289.562,132.844,1.0,6.0,0.0,0.0,0.0,6.0,57.8166,1.0,4004.7977,361.754,1.0,57.8166,0.0,1.0,1.0,0.7566,0.2434,-1.554,1.0,841,1,Cyber Intrusion,data_injection
0.0,288.013,132.766,1.0,6.0,0.0,0.0,0.0,6.0,57.8166,0.0,4004.7977,361.754,1.0,12.008,0.0,1.0,1.0,0.9592,0.0408,0.65,1.0,841,2,Normal,normal
0.0,286.99,132.621,1.0,6.0,0.0,0.0,0.0,6.0,57.8166,0.0,4004.7977,361.754,1.0,11.9877,0.0,1.0,1.0,0.961,0.039,0.658,1.0,841,3,Normal,normal
0.0,286.157,132.49,1.0,6.0,0.0,0.0,0.0,6.0,57.8166,0.0,4004.7977,361.754,1.0,10.3701,0.0,1.0,1.0,0.958,0.042,0.24,1.0,841,4,Normal,normal
0.0,285.402,132.342,1.0,6.0,0.0,0.0,0.0,6.0,57.8166,0.0,4004.7977,361.754,1.0,11.1424,0.0,1.0,1.0,0.9541,0.0459,0.293,1.0,841,5,Normal,normal
0.0,239.572,137.012,1.0,6.0,0.0,0.0,0.0,6.0,57.4423,1.0,3953.7112,357.1394,1.0,57.4423,0.0,1.0,1.0,0.7566,0.2434,-1.539,1.0,842,1,Cyber Intrusion,data_injection
0.0,238.105,136.923,1.0,6.0,0.0,0.0,0.0,6.0,57.4423,0.0,3953.7112,357.1394,1.0,11.2716,0.0,1.0,1.0,0.9559,0.0441,0.649,1.0,842,2,Normal,normal
0.0,237.26,136.711,1.0,6.0,0.0,0.0,0.0,6.0,57.4423,0.0,3953.7112,357.1394,1.0,11.9574,0.0,1.0,1.0,0.9598,0.0402,0.657,1.0,842,3,Normal,normal
0.0,236.557,136.495,1.0,6.0,0.0,0.0,0.0,6.0,57.4423,0.0,3953.7112,357.1394,1.0,10.9517,0.0,1.0,1.0,0.9587,0.0413,0.232,1.0,842,4,Normal,normal
0.0,235.95,136.289,1.0,6.0,0.0,0.0,0.0,6.0,57.4423,0.0,3953.7112,357.1394,1.0,10.4521,0.0,1.0,1.0,0.951,0.049,0.289,1.0,842,5,Normal,normal
0.0,243.045,134.164,1.0,6.0,0.0,0.0,0.0,6.0,58.0953,1.0,4042.9838,365.2034,1.0,58.0953,0.0,1.0,1.0,0.7566,0.2434,-1.52,1.0,843,1,Cyber Intrusion,data_injection
0.0,241.625,134.034,1.0,6.0,0.0,0.0,0.0,6.0,58.0953,0.0,4042.9838,365.2034,1.0,10.8685,0.0,1.0,1.0,0.9568,0.0432,0.643,1.0,843,2,Normal,normal
0.0,240.802,133.804,1.0,6.0,0.0,0.0,0.0,6.0,58.0953,0.0,4042.9838,365.2034,1.0,11.2745,0.0,1.0,1.0,0.9598,0.0402,0.647,1.0,843,3,Normal,normal
0.0,240.068,133.608,1.0,6.0,0.0,0.0,0.0,6.0,58.0953,0.0,4042.9838,365.2034,1.0,11.2945,0.0,1.0,1.0,0.9617,0.0383,0.229,1.0,843,4,Normal,normal
0.0,239.445,133.416,1.0,6.0,0.0,0.0,0.0,6.0,58.0953,0.0,4042.9838,365.2034,1.0,12.2913,0.0,1.0,1.0,0.9587,0.0413,0.279,1.0,843,5,Normal,normal
0.0,273.857,132.012,1.0,6.0,0.0,0.0,0.0,6.0,58.0574,1.0,4038.4131,364.7905,1.0,58.0574,0.0,1.0,1.0,0.7566,0.2434,-1.503,1.0,844,1,Cyber Intrusion,data_injection
0.0,272.362,131.91,1.0,6.0,0.0,0.0,0.0,6.0,58.0574,0.0,4038.4131,364.7905,1.0,11.6344,0.0,1.0,1.0,0.959,0.041,0.63,1.0,844,2,Normal,normal
0.0,271.422,131.739,1.0,6.0,0.0,0.0,0.0,6.0,58.0574,0.0,4038.4131,364.7905,1.0,12.1442,0.0,1.0,1.0,0.9624,0.0376,0.637,1.0,844,3,Normal,normal
0.0,270.622,131.618,1.0,6.0,0.0,0.0,0.0,6.0,58.0574,0.0,4038.4131,364.7905,1.0,10.4842,0.0,1.0,1.0,0.9592,0.0408,0.23,1.0,844,4,Normal,normal
0.0,269.862,131.515,1.0,6.0,0.0,0.0,0.0,6.0,58.0574,0.0,4038.4131,364.7905,1.0,11.2771,0.0,1.0,1.0,0.9556,0.0444,0.273,1.0,844,5,Normal,normal
0.0,233.833,126.122,1.0,6.0,0.0,0.0,0.0,6.0,0.0,0.0,1.5367,0.1388,0.0,0.0,0.0,0.0,0.0,0.9687,0.0313,-1.45,1.0,845,1,Cyber Intrusion,data_injection
0.0,232.265,125.988,1.0,6.0,0.0,0.0,0.0,6.0,0.0,0.0,1.5367,0.1388,0.0,0.0,0.0,0.0,0.0,0.96,0.04,0.619,1.0,845,2,Normal,normal
0.0,231.268,125.964,1.0,6.0,0.0,0.0,0.0,6.0,0.0,0.0,1.5367,0.1388,0.0,0.0,0.0,0.0,0.0,0.9621,0.0379,0.617,1.0,845,3,Normal,normal
0.0,230.407,125.891,1.0,6.0,0.0,0.0,0.0,6.0,0.0,0.0,1.5367,0.1388,0.0,0.0,0.0,0.0,0.0,0.9669,0.0331,0.22,1.0,845,4,Normal,normal
0.0,229.67,125.707,1.0,6.0,0.0,0.0,0.0,6.0,0.0,0.0,1.5367,0.1388,0.0,0.0,0.0,0.0,0.0,0.9568,0.0432,0.274,1.0,845,5,Normal,normal
0.0,242.6,119.277,1.0,6.0,0.0,0.0,0.0,6.0,0.0,0.0,2.2359,0.202,0.0,0.0,0.0,0.0,0.0,0.9662,0.0338,-1.414,1.0,846,1,Cyber Intrusion,data_injection
0.0,240.923,119.231,1.0,6.0,0.0,0.0,0.0,6.0,0.0,0.0,2.2359,0.202,0.0,0.0,0.0,0.0,0.0,0.9595,0.0405,0.597,1.0,846,2,Normal,normal
0.0,239.86,119.28,1.0,6.0,0.0,0.0,0.0,6.0,0.0,0.0,2.2359,0.202,0.0,0.0,0.0,0.0,0.0,0.9667,0.0333,0.596,1.0,846,3,Normal,normal
0.0,238.983,119.245,1.0,6.0,0.0,0.0,0.0,6.0,0.0,0.0,2.2359,0.202,0.0,0.0,0.0,0.0,0.0,0.9661,0.0339,0.21,1.0,846,4,Normal,normal
0.0,238.193,119.114,1.0,6.0,0.0,0.0,0.0,6.0,0.0,0.0,2.2359,0.202,0.0,0.0,0.0,0.0,0.0,0.96,0.04,0.262,1.0,846,5,Normal,normal
0.0,291.268,136.385,1.0,6.0,0.0,0.0,0.0,6.0,0.0,0.0,3.2823,0.2965,0.0,0.0,0.0,0.0,0.0,0.9672,0.0328,-1.386,1.0,847,1,Cyber Intrusion,data_injection
0.0,289.447,136.403,1.0,6.0,0.0,0.0,0.0,6.0,0.0,0.0,3.2823,0.2965,0.0,0.0,0.0,0.0,0.0,0.9597,0.0403,0.588,1.0,847,2,Normal,normal
0.0,288.238,136.563,1.0,6.0,0.0,0.0,0.0,6.0,0.0,0.0,3.2823,0.2965,0.0,0.0,0.0,0.0,0.0,0.9662,0.0338,0.585,1.0,847,3,Normal,normal
0.0,287.417,136.668,1.0,6.0,0.0,0.0,0.0,6.0,0.0,0.0,3.2823,0.2965,0.0,0.0,0.0,0.0,0.0,0.9676,0.0324,0.213,1.0,847,4,Normal,normal
0.0,286.588,136.651,1.0,6.0,0.0,0.0,0.0,6.0,0.0,0.0,3.2823,0.2965,0.0,0.0,0.0,0.0,0.0,0.9643,0.0357,0.257,1.0,847,5,Normal,normal
0.0,251.51,149.681,1.0,6.0,0.0,0.0,0.0,6.0,0.0,0.0,4.9354,0.4458,0.0,0.0,0.0,0.0,0.0,0.9731,0.0269,-1.33,1.0,848,1,Cyber Intrusion,data_injection
0.0,249.902,149.617,1.0,6.0,0.0,0.0,0.0,6.0,0.0,0.0,4.9354,0.4458,0.0,0.0,0.0,0.0,0.0,0.9592,0.0408,0.557,1.0,848,2,Normal,normal
0.0,248.878,149.736,1.0,6.0,0.0,0.0,0.0,6.0,0.0,0.0,4.9354,0.4458,0.0,0.0,0.0,0.0,0.0,0.9685,0.0315,0.557,1.0,848,3,Normal,normal
0.0,248.305,149.796,1.0,6.0,0.0,0.0,0.0,6.0,0.0,0.0,4.9354,0.4458,0.0,0.0,0.0,0.0,0.0,0.9668,0.0332,0.206,1.0,848,4,Normal,normal
0.0,247.783,149.771,1.0,6.0,0.0,0.0,0.0,6.0,0.0,0.0,4.9354,0.4458,0.0,0.0,0.0,0.0,0.0,0.9633,0.0367,0.244,1.0,848,5,Normal,normal
0.0,254.647,147.196,1.0,6.0,0.0,0.0,0.0,6.0,0.0,0.0,1.0467,0.0945,0.0,0.0,0.0,0.0,0.0,0.9697,0.0303,-1.269,1.0,849,1,Cyber Intrusion,data_injection
0.0,252.932,147.21,1.0,6.0,0.0,0.0,0.0,6.0,0.0,0.0,1.0467,0.0945,0.0,0.0,0.0,0.0,0.0,0.9658,0.0342,0.535,1.0,849,2,Normal,normal
0.0,252.027,147.23,1.0,6.0,0.0,0.0,0.0,6.0,0.0,0.0,1.0467,0.0945,0.0,0.0,0.0,0.0,0.0,0.9694,0.0306,0.541,1.0,849,3,Normal,normal
0.0,251.338,147.371,1.0,6.0,0.0,0.0,0.0,6.0,0.0,0.0,1.0467,0.0945,0.0,0.0,0.0,0.0,0.0,0.9706,0.0294,0.181,1.0,849,4,Normal,normal
0.0,250.752,147.396,1.0,6.0,0.0,0.0,0.0,6.0,0.0,0.0,1.0467,0.0945,0.0,0.0,0.0,0.0,0.0,0.9639,0.0361,0.237,1.0,849,5,Normal,normal
0.0,272.338,120.885,1.0,6.0,0.0,0.0,0.0,6.0,0.0,0.0,0.5497,0.0497,0.0,0.0,0.0,0.0,0.0,0.975,0.025,-1.244,1.0,850,1,Normal,normal
0.0,270.56,120.737,1.0,6.0,0.0,0.0,0.0,6.0,0.0,0.0,0.5497,0.0497,0.0,0.0,0.0,0.0,0.0,0.9677,0.0323,0.528,1.0,850,2,Normal,normal
0.0,269.54,120.557,1.0,6.0,0.0,0.0,0.0,6.0,0.0,0.0,0.5497,0.0497,0.0,0.0,0.0,0.0,0.0,0.9694,0.0306,0.541,1.0,850,3,Cyber Intrusion,replay
0.0,268.742,120.617,1.0,6.0,0.0,0.0,0.0,6.0,0.0,0.0,0.5497,0.0497,0.0,0.0,0.0,0.0,0.0,0.9726,0.0274,0.188,1.0,850,4,Normal,normal
0.0,268.13,120.563,1.0,6.0,0.0,0.0,0.0,6.0,0.0,0.0,0.5497,0.0497,0.0,0.0,0.0,0.0,0.0,0.9678,0.0322,0.238,1.0,850,5,Normal,normal
0.0,232.748,125.092,1.0,6.0,0.0,0.0,0.0,6.0,0.0,0.0,3.2372,0.2924,0.0,0.0,0.0,0.0,0.0,0.9739,0.0261,-1.179,1.0,851,1,Normal,normal
0.0,231.062,124.954,1.0,6.0,0.0,0.0,0.0,6.0,0.0,0.0,3.2372,0.2924,0.0,0.0,0.0,0.0,0.0,0.9632,0.0368,0.5,1.0,851,2,Normal,normal
0.0,230.245,124.805,1.0,6.0,0.0,0.0,0.0,6.0,0.0,0.0,3.2372,0.2924,0.0,0.0,0.0,0.0,0.0,0.9694,0.0306,0.541,1.0,851,3,Cyber Intrusion,replay
0.0,229.41,124.877,1.0,6.0,0.0,0.0,0.0,6.0,0.0,0.0,3.2372,0.2924,0.0,0.0,0.0,0.0,0.0,0.9692,0.0308,0.181,1.0,851,4,Normal,normal
0.0,228.815,124.869,1.0,6.0,0.0,0.0,0.0,6.0,0.0,0.0,3.2372,0.2924,0.0,0.0,0.0,0.0,0.0,0.9638,0.0362,0.23,1.0,851,5,Normal,normal
0.0,241.088,118.715,1.0,6.0,0.0,0.0,0.0,6.0,0.0,0.0,2.9227,0.264,0.0,0.0,0.0,0.0,0.0,0.9772,0.0228,-1.127,1.0,852,1,Normal,normal
0.0,239.343,118.633,1.0,6.0,0.0,0.0,0.0,6.0,0.0,0.0,2.9227,0.264,0.0,0.0,0.0,0.0,0.0,0.9751,0.0249,0.478,1.0,852,2,Normal,normal
0.0,238.533,118.47,1.0,6.0,0.0,0.0,0.0,6.0,0.0,0.0,2.9227,0.264,0.0,0.0,0.0,0.0,0.0,0.9694,0.0306,0.541,1.0,852,3,Cyber Intrusion,replay
0.0,237.705,118.563,1.0,6.0,0.0,0.0,0.0,6.0,0.0,0.0,2.9227,0.264,0.0,0.0,0.0,0.0,0.0,0.9746,0.0254,0.168,1.0,852,4,Normal,normal
0.0,237.007,118.633,1.0,6.0,0.0,0.0,0.0,6.0,0.0,0.0,2.9227,0.264,0.0,0.0,0.0,0.0,0.0,0.9724,0.0276,0.211,1.0,852,5,Normal,normal
0.0,278.147,124.216,1.0,6.0,0.0,0.0,0.0,6.0,0.0,0.0,5.181,0.468,0.0,0.0,0.0,0.0,0.0,0.9736,0.0264,-1.1,1.0,853,1,Normal,normal
0.0,276.563,124.082,1.0,6.0,0.0,0.0,0.0,6.0,0.0,0.0,5.181,0.468,0.0,0.0,0.0,0.0,0.0,0.9725,0.0275,0.466,1.0,853,2,Normal,normal
0.0,275.69,123.795,1.0,6.0,0.0,0.0,0.0,6.0,0.0,0.0,5.181,0.468,0.0,0.0,0.0,0.0,0.0,0.9754,0.0246,0.471,1.0,853,3,Cyber Intrusion,replay
0.0,274.998,123.77,1.0,6.0,0.0,0.0,0.0,6.0,0.0,0.0,5.181,0.468,0.0,0.0,0.0,0.0,0.0,0.9683,0.0317,0.169,1.0,853,4,Normal,normal
0.0,274.415,123.889,1.0,6.0,0.0,0.0,0.0,6.0,0.0,0.0,5.181,0.468,0.0,0.0,0.0,0.0,0.0,0.9669,0.0331,0.205,1.0,853,5,Normal,normal
0.0,244.705,114.937,1.0,6.0,0.0,0.0,0.0,6.0,0.0,0.0,3.416,0.3086,0.0,0.0,0.0,0.0,0.0,0.9755,0.0245,-1.057,1.0,854,1,Normal,normal
0.0,243.068,114.738,1.0,6.0,0.0,0.0,0.0,6.0,0.0,0.0,3.416,0.3086,0.0,0.0,0.0,0.0,0.0,0.9734,0.0266,0.447,1.0,854,2,Normal,normal
0.0,242.287,114.512,1.0,6.0,0.0,0.0,0.0,6.0,0.0,0.0,3.416,0.3086,0.0,0.0,0.0,0.0,0.0,0.9711,0.0289,0.442,1.0,854,3,Cyber Intrusion,replay
0.0,241.642,114.48,1.0,6.0,0.0,0.0,0.0,6.0,0.0,0.0,3.416,0.3086,0.0,0.0,0.0,0.0,0.0,0.9733,0.0267,0.163,1.0,854,4,Normal,normal
0.0,241.03,114.546,1.0,6.0,0.0,0.0,0.0,6.0,0.0,0.0,3.416,0.3086,0.0,0.0,0.0,0.0,0.0,0.9649,0.0351,0.204,1.0,854,5,Normal,normal
0.0,380.922,170.343,1.0,6.0,0.0,0.0,0.0,6.0,0.0,0.0,1.0263,0.0927,0.0,0.0,0.0,0.0,0.0,0.9802,0.0198,-1.015,1.0,855,1,Normal,normal
0.0,379.288,170.417,1.0,6.0,0.0,0.0,0.0,6.0,0.0,0.0,1.0263,0.0927,0.0,0.0,0.0,0.0,0.0,0.9756,0.0244,0.431,1.0,855,2,Normal,normal
0.0,378.398,170.382,1.0,6.0,0.0,0.0,0.0,6.0,0.0,0.0,1.0263,0.0927,0.0,0.0,0.0,0.0,0.0,0.9774,0.0226,0.426,1.0,855,3,Cyber Intrusion,replay
0.0,377.738,170.317,1.0,6.0,0.0,0.0,0.0,6.0,0.0,0.0,1.0263,0.0927,0.0,0.0,0.0,0.0,0.0,0.9751,0.0249,0.161,1.0,855,4,Normal,normal
0.0,377.145,170.434,1.0,6.0,0.0,0.0,0.0,6.0,0.0,0.0,1.0263,0.0927,0.0,0.0,0.0,0.0,0.0,0.9723,0.0277,0.189,1.0,855,5,Normal,normal
0.0,373.475,156.381,1.0,6.0,0.0,0.0,0.0,6.0,0.0,0.0,3.5266,0.3186,0.0,0.0,0.0,0.0,0.0,0.9774,0.0226,-0.993,1.0,856,1,Normal,normal
0.0,371.807,156.472,1.0,6.0,0.0,0.0,0.0,6.0,0.0,0.0,3.5266,0.3186,0.0,0.0,0.0,0.0,0.0,0.9712,0.0288,0.421,1.0,856,2,Normal,normal
0.0,370.942,156.483,1.0,6.0,0.0,0.0,0.0,6.0,0.0,0.0,3.5266,0.3186,0.0,0.0,0.0,0.0,0.0,0.9779,0.0221,0.428,1.0,856,3,Normal,normal
0.0,370.238,156.438,1.0,6.0,0.0,0.0,0.0,6.0,0.0,0.0,3.5266,0.3186,0.0,0.0,0.0,0.0,0.0,0.9751,0.0249,0.161,1.0,856,4,Cyber Intrusion,replay
0.0,369.733,156.45,1.0,6.0,0.0,0.0,0.0,6.0,0.0,0.0,3.5266,0.3186,0.0,0.0,0.0,0.0,0.0,0.9764,0.0236,0.183,1.0,856,5,Normal,normal
0.0,339.803,184.091,1.0,6.0,0.0,0.0,0.0,6.0,0.0,0.0,3.7157,0.3356,0.0,0.0,0.0,0.0,0.0,0.9834,0.0166,-0.975,1.0,857,1,Normal,normal
0.0,338.182,184.09,1.0,6.0,0.0,0.0,0.0,6.0,0.0,0.0,3.7157,0.3356,0.0,0.0,0.0,0.0,0.0,0.9766,0.0234,0.407,1.0,857,2,Normal,normal
0.0,337.37,184.035,1.0,6.0,0.0,0.0,0.0,6.0,0.0,0.0,3.7157,0.3356,0.0,0.0,0.0,0.0,0.0,0.9739,0.0261,0.415,1.0,857,3,Normal,normal
0.0,336.742,183.923,1.0,6.0,0.0,0.0,0.0,6.0,0.0,0.0,3.7157,0.3356,0.0,0.0,0.0,0.0,0.0,0.9751,0.0249,0.161,1.0,857,4,Cyber Intrusion,replay
0.0,336.267,183.902,1.0,6.0,0.0,0.0,0.0,6.0,0.0,0.0,3.7157,0.3356,0.0,0.0,0.0,0.0,0.0,0.9717,0.0283,0.177,1.0,857,5,Normal,normal
0.0,322.618,124.228,1.0,6.0,0.0,0.0,0.0,6.0,0.0,0.0,0.7563,0.0683,0.0,0.0,0.0,0.0,0.0,0.9799,0.0201,-0.958,1.0,858,1,Normal,normal
0.0,320.907,124.01,1.0,6.0,0.0,0.0,0.0,6.0,0.0,0.0,0.7563,0.0683,0.0,0.0,0.0,0.0,0.0,0.9748,0.0252,0.407,1.0,858,2,Normal,normal
0.0,320.108,123.9,1.0,6.0,0.0,0.0,0.0,6.0,0.0,0.0,0.7563,0.0683,0.0,0.0,0.0,0.0,0.0,0.9762,0.0238,0.404,1.0,858,3,Normal,normal
0.0,319.428,123.736,1.0,6.0,0.0,0.0,0.0,6.0,0.0,0.0,0.7563,0.0683,0.0,0.0,0.0,0.0,0.0,0.9751,0.0249,0.161,1.0,858,4,Cyber Intrusion,replay
0.0,318.898,123.649,1.0,6.0,0.0,0.0,0.0,6.0,0.0,0.0,0.7563,0.0683,0.0,0.0,0.0,0.0,0.0,0.975,0.025,0.175,1.0,858,5,Normal,normal
0.0,233.813,106.146,1.0,6.0,0.0,0.0,0.0,6.0,0.0,0.0,3.1676,0.2861,0.0,0.0,0.0,0.0,0.0,0.9827,0.0173,-0.947,1.0,859,1,Normal,normal
0.0,232.347,106.008,1.0,6.0,0.0,0.0,0.0,6.0,0.0,0.0,3.1676,0.2861,0.0,0.0,0.0,0.0,0.0,0.9728,0.0272,0.403,1.0,859,2,Normal,normal
0.0,231.582,106.056,1.0,6.0,0.0,0.0,0.0,6.0,0.0,0.0,3.1676,0.2861,0.0,0.0,0.0,0.0,0.0,0.9786,0.0214,0.395,1.0,859,3,Normal,normal
0.0,231.057,105.984,1.0,6.0,0.0,0.0,0.0,6.0,0.0,0.0,3.1676,0.2861,0.0,0.0,0.0,0.0,0.0,0.9751,0.0249,0.161,1.0,859,4,Cyber Intrusion,replay
0.0,230.497,105.943,1.0,6.0,0.0,0.0,0.0,6.0,0.0,0.0,3.1676,0.2861,0.0,0.0,0.0,0.0,0.0,0.9728,0.0272,0.176,1.0,859,5,Normal,normal
0.0,216.672,114.313,1.0,6.0,0.0,0.0,0.0,6.0,0.0,0.0,1.5454,0.1396,0.0,0.0,0.0,0.0,0.0,0.9799,0.0201,-0.944,1.0,860,1,Normal,normal
0.0,215.192,114.184,1.0,6.0,0.0,0.0,0.0,6.0,0.0,0.0,1.5454,0.1396,0.0,0.0,0.0,0.0,0.0,0.9777,0.0223,0.399,1.0,860,2,Normal,normal
0.0,214.442,114.228,1.0,6.0,0.0,0.0,0.0,6.0,0.0,0.0,1.5454,0.1396,0.0,0.0,0.0,0.0,0.0,0.9753,0.0247,0.402,1.0,860,3,Normal,normal
0.0,213.9,114.177,1.0,6.0,0.0,0.0,0.0,6.0,0.0,0.0,1.5454,0.1396,0.0,0.0,0.0,0.0,0.0,0.9751,0.0249,0.161,1.0,860,4,Cyber Intrusion,replay
0.0,213.322,114.136,1.0,6.0,0.0,0.0,0.0,6.0,0.0,0.0,1.5454,0.1396,0.0,0.0,0.0,0.0,0.0,0.9729,0.0271,0.174,1.0,860,5,Normal,normal
0.0,193.978,104.039,1.0,6.0,0.0,0.0,0.0,6.0,0.0,0.0,1.6433,0.1484,0.0,0.0,0.0,0.0,0.0,0.9763,0.0237,-0.93,1.0,861,1,Normal,normal
0.0,192.582,103.886,1.0,6.0,0.0,0.0,0.0,6.0,0.0,0.0,1.6433,0.1484,0.0,0.0,0.0,0.0,0.0,0.9733,0.0267,0.389,1.0,861,2,Normal,normal
0.0,191.783,103.921,1.0,6.0,0.0,0.0,0.0,6.0,0.0,0.0,1.6433,0.1484,0.0,0.0,0.0,0.0,0.0,0.9769,0.0231,0.403,1.0,861,3,Normal,normal
0.0,191.243,103.931,1.0,6.0,0.0,0.0,0.0,6.0,0.0,0.0,1.6433,0.1484,0.0,0.0,0.0,0.0,0.0,0.9751,0.0249,0.161,1.0,861,4,Cyber Intrusion,replay
0.0,190.663,103.917,1.0,6.0,0.0,0.0,0.0,6.0,0.0,0.0,1.6433,0.1484,0.0,0.0,0.0,0.0,0.0,0.9743,0.0257,0.176,1.0,861,5,Normal,normal
0.0,145.56,33.051,1.0,6.0,0.0,0.0,0.0,6.0,0.0,0.0,1.1677,0.1055,0.0,0.0,0.0,0.0,0.0,0.9784,0.0216,-0.932,1.0,862,1,Normal,normal
0.0,144.185,32.987,1.0,6.0,0.0,0.0,0.0,6.0,0.0,0.0,1.1677,0.1055,0.0,0.0,0.0,0.0,0.0,0.9733,0.0267,0.391,1.0,862,2,Normal,normal
0.0,143.39,33.054,1.0,6.0,0.0,0.0,0.0,6.0,0.0,0.0,1.1677,0.1055,0.0,0.0,0.0,0.0,0.0,0.9742,0.0258,0.394,1.0,862,3,Normal,normal
0.0,142.828,33.097,1.0,6.0,0.0,0.0,0.0,6.0,0.0,0.0,1.1677,0.1055,0.0,0.0,0.0,0.0,0.0,0.9751,0.0249,0.161,1.0,862,4,Cyber Intrusion,replay
0.0,142.227,33.067,1.0,6.0,0.0,0.0,0.0,6.0,0.0,0.0,1.1677,0.1055,0.0,0.0,0.0,0.0,0.0,0.9745,0.0255,0.172,1.0,862,5,Normal,normal
0.0,145.442,35.502,1.0,6.0,0.0,0.0,0.0,6.0,0.0,0.0,2.1885,0.1977,0.0,0.0,0.0,0.0,0.0,0.9831,0.0169,-0.938,1.0,863,1,Normal,normal
0.0,143.827,35.136,1.0,6.0,0.0,0.0,0.0,6.0,0.0,0.0,2.1885,0.1977,0.0,0.0,0.0,0.0,0.0,0.9747,0.0253,0.398,1.0,863,2,Normal,normal
0.0,142.9,34.882,1.0,6.0,0.0,0.0,0.0,6.0,0.0,0.0,2.1885,0.1977,0.0,0.0,0.0,0.0,0.0,0.9759,0.0241,0.393,1.0,863,3,Normal,normal
0.0,141.725,34.04,1.0,6.0,0.0,0.0,0.0,6.0,0.0,0.0,2.1885,0.1977,0.0,0.0,0.0,0.0,0.0,0.9762,0.0238,0.141,1.0,863,4,Cyber Intrusion,replay
0.0,141.087,33.934,1.0,6.0,0.0,0.0,0.0,6.0,0.0,0.0,2.1885,0.1977,0.0,0.0,0.0,0.0,0.0,0.9724,0.0276,0.177,1.0,863,5,Normal,normal
0.0,143.968,36.639,1.0,6.0,0.0,0.0,0.0,6.0,0.0,0.0,0.5331,0.0482,0.0,0.0,0.0,0.0,0.0,0.9807,0.0193,-0.936,1.0,864,1,Normal,normal
0.0,142.378,36.257,1.0,6.0,0.0,0.0,0.0,6.0,0.0,0.0,0.5331,0.0482,0.0,0.0,0.0,0.0,0.0,0.9769,0.0231,0.398,1.0,864,2,Normal,normal
0.0,141.442,36.012,1.0,6.0,0.0,0.0,0.0,6.0,0.0,0.0,0.5331,0.0482,0.0,0.0,0.0,0.0,0.0,0.9755,0.0245,0.398,1.0,864,3,Normal,normal
0.0,140.247,35.192,1.0,6.0,0.0,0.0,0.0,6.0,0.0,0.0,0.5331,0.0482,0.0,0.0,0.0,0.0,0.0,0.9788,0.0212,0.145,1.0,864,4,Cyber Intrusion,replay
0.0,139.605,35.088,1.0,6.0,0.0,0.0,0.0,6.0,0.0,0.0,0.5331,0.0482,0.0,0.0,0.0,0.0,0.0,0.9739,0.0261,0.177,1.0,864,5,Normal,normal
0.0,146.47,38.059,1.0,6.0,0.0,0.0,0.0,6.0,0.0,0.0,2.0874,0.1886,0.0,0.0,0.0,0.0,0.0,0.9771,0.0229,-0.941,1.0,865,1,Normal,normal
0.0,144.845,37.751,1.0,6.0,0.0,0.0,0.0,6.0,0.0,0.0,2.0874,0.1886,0.0,0.0,0.0,0.0,0.0,0.9746,0.0254,0.406,1.0,865,2,Normal,normal
0.0,143.917,37.564,1.0,6.0,0.0,0.0,0.0,6.0,0.0,0.0,2.0874,0.1886,0.0,0.0,0.0,0.0,0.0,0.975,0.025,0.399,1.0,865,3,Normal,normal
0.0,142.655,36.919,1.0,6.0,0.0,0.0,0.0,6.0,0.0,0.0,2.0874,0.1886,0.0,0.0,0.0,0.0,0.0,0.9803,0.0197,0.141,1.0,865,4,Cyber Intrusion,replay
0.0,141.912,36.953,1.0,6.0,0.0,0.0,0.0,6.0,0.0,0.0,2.0874,0.1886,0.0,0.0,0.0,0.0,0.0,0.9716,0.0284,0.171,1.0,865,5,Normal,normal
0.0,145.635,38.573,1.0,6.0,0.0,0.0,0.0,6.0,0.0,0.0,0.7553,0.0682,0.0,0.0,0.0,0.0,0.0,0.977,0.023,-0.959,1.0,866,1,Normal,normal
0.0,144.107,38.203,1.0,6.0,0.0,0.0,0.0,6.0,0.0,0.0,0.7553,0.0682,0.0,0.0,0.0,0.0,0.0,0.9756,0.0244,0.409,1.0,866,2,Normal,normal
0.0,143.247,37.97,1.0,6.0,0.0,0.0,0.0,6.0,0.0,0.0,0.7553,0.0682,0.0,0.0,0.0,0.0,0.0,0.9757,0.0243,0.403,1.0,866,3,Normal,normal
0.0,142.058,37.275,1.0,6.0,0.0,0.0,0.0,6.0,0.0,0.0,0.7553,0.0682,0.0,0.0,0.0,0.0,0.0,0.9773,0.0227,0.143,1.0,866,4,Cyber Intrusion,replay
0.0,141.378,37.268,1.0,6.0,0.0,0.0,0.0,6.0,0.0,0.0,0.7553,0.0682,0.0,0.0,0.0,0.0,0.0,0.9719,0.0281,0.177,1.0,866,5,Normal,normal
0.0,142.89,33.346,1.0,6.0,0.0,0.0,0.0,6.0,0.0,0.0,5.8834,0.5314,0.0,0.0,0.0,0.0,0.0,0.9827,0.0173,-0.969,1.0,867,1,Normal,normal
0.0,141.618,33.254,1.0,6.0,0.0,0.0,0.0,6.0,0.0,0.0,5.8834,0.5314,0.0,0.0,0.0,0.0,0.0,0.9718,0.0282,0.41,1.0,867,2,Normal,normal
0.0,140.86,33.35,1.0,6.0,0.0,0.0,0.0,6.0,0.0,0.0,5.8834,0.5314,0.0,0.0,0.0,0.0,0.0,0.9797,0.0203,0.405,1.0,867,3,Normal,normal
0.0,140.2,33.612,1.0,6.0,0.0,0.0,0.0,6.0,0.0,0.0,5.8834,0.5314,0.0,0.0,0.0,0.0,0.0,0.9731,0.0269,0.146,1.0,867,4,Cyber Intrusion,replay
0.0,139.615,33.867,1.0,6.0,0.0,0.0,0.0,6.0,0.0,0.0,5.8834,0.5314,0.0,0.0,0.0,0.0,0.0,0.974,0.026,0.183,1.0,867,5,Normal,normal
0.0,144.447,32.083,1.0,6.0,0.0,0.0,0.0,6.0,0.0,0.0,3.7325,0.3372,0.0,0.0,0.0,0.0,0.0,0.9796,0.0204,-0.975,1.0,868,1,Normal,normal
0.0,143.193,31.972,1.0,6.0,0.0,0.0,0.0,6.0,0.0,0.0,3.7325,0.3372,0.0,0.0,0.0,0.0,0.0,0.9706,0.0294,0.411,1.0,868,2,Normal,normal
0.0,142.425,32.076,1.0,6.0,0.0,0.0,0.0,6.0,0.0,0.0,3.7325,0.3372,0.0,0.0,0.0,0.0,0.0,0.978,0.022,0.413,1.0,868,3,Normal,normal
0.0,141.725,32.372,1.0,6.0,0.0,0.0,0.0,6.0,0.0,0.0,3.7325,0.3372,0.0,0.0,0.0,0.0,0.0,0.9773,0.0227,0.147,1.0,868,4,Normal,normal
0.0,141.085,32.677,1.0,6.0,0.0,0.0,0.0,6.0,0.0,0.0,3.7325,0.3372,0.0,0.0,0.0,0.0,0.0,0.9768,0.0232,0.19,1.0,868,5,Normal,normal
0.0,148.152,37.934,1.0,6.0,0.0,0.0,0.0,6.0,0.0,0.0,3.5121,0.3172,0.0,0.0,0.0,0.0,0.0,0.9809,0.0191,-0.99,1.0,869,1,Normal,normal
0.0,146.785,37.694,1.0,6.0,0.0,0.0,0.0,6.0,0.0,0.0,3.5121,0.3172,0.0,0.0,0.0,0.0,0.0,0.9761,0.0239,0.424,1.0,869,2,Normal,normal
0.0,145.872,37.66,1.0,6.0,0.0,0.0,0.0,6.0,0.0,0.0,3.5121,0.3172,0.0,0.0,0.0,0.0,0.0,0.9739,0.0261,0.414,1.0,869,3,Normal,normal
0.0,145.098,37.654,1.0,6.0,0.0,0.0,0.0,6.0,0.0,0.0,3.5121,0.3172,0.0,0.0,0.0,0.0,0.0,0.9722,0.0278,0.142,1.0,869,4,Normal,normal
0.0,144.417,37.705,1.0,6.0,0.0,0.0,0.0,6.0,0.0,0.0,3.5121,0.3172,0.0,0.0,0.0,0.0,0.0,0.9737,0.0263,0.184,1.0,869,5,Normal,normal
0.0,155.622,36.02,1.0,6.0,0.0,0.0,0.0,6.0,0.0,0.0,1.0374,0.0937,0.0,0.0,0.0,0.0,0.0,0.981,0.019,-0.993,1.0,870,1,Normal,normal
0.0,154.103,35.808,1.0,6.0,0.0,0.0,0.0,6.0,0.0,0.0,1.0374,0.0937,0.0,0.0,0.0,0.0,0.0,0.9741,0.0259,0.411,1.0,870,2,Normal,normal
0.0,153.032,35.85,1.0,6.0,0.0,0.0,0.0,6.0,0.0,0.0,1.0374,0.0937,0.0,0.0,0.0,0.0,0.0,0.9771,0.0229,0.423,1.0,870,3,Normal,normal
0.0,152.122,35.919,1.0,6.0,0.0,0.0,0.0,6.0,0.0,0.0,1.0374,0.0937,0.0,0.0,0.0,0.0,0.0,0.9761,0.0239,0.149,1.0,870,4,Normal,normal
0.0,151.302,36.008,1.0,6.0,0.0,0.0,0.0,6.0,0.0,0.0,1.0374,0.0937,0.0,0.0,0.0,0.0,0.0,0.9717,0.0283,0.19,1.0,870,5,Normal,normal
0.0,224.08,101.244,1.0,6.0,0.0,0.0,0.0,6.0,0.0,0.0,2.4453,0.2209,0.0,0.0,0.0,0.0,0.0,0.976,0.024,-1.01,1.0,871,1,Normal,normal
0.0,222.525,101.229,1.0,6.0,0.0,0.0,0.0,6.0,0.0,0.0,2.4453,0.2209,0.0,0.0,0.0,0.0,0.0,0.9761,0.0239,0.424,1.0,871,2,Normal,normal
0.0,221.547,101.365,1.0,6.0,0.0,0.0,0.0,6.0,0.0,0.0,2.4453,0.2209,0.0,0.0,0.0,0.0,0.0,0.9783,0.0217,0.423,1.0,871,3,Normal,normal
0.0,220.71,101.534,1.0,6.0,0.0,0.0,0.0,6.0,0.0,0.0,2.4453,0.2209,0.0,0.0,0.0,0.0,0.0,0.9756,0.0244,0.153,1.0,871,4,Normal,normal
0.0,219.863,101.682,1.0,6.0,0.0,0.0,0.0,6.0,0.0,0.0,2.4453,0.2209,0.0,0.0,0.0,0.0,0.0,0.9751,0.0249,0.189,1.0,871,5,Normal,normal
0.0,216.065,104.358,1.0,6.0,0.0,0.0,0.0,6.0,0.0,0.0,1.9613,0.1772,0.0,0.0,0.0,0.0,0.0,0.9756,0.0244,-1.019,1.0,872,1,Normal,normal
0.0,214.635,104.339,1.0,6.0,0.0,0.0,0.0,6.0,0.0,0.0,1.9613,0.1772,0.0,0.0,0.0,0.0,0.0,0.9745,0.0255,0.423,1.0,872,2,Normal,normal
0.0,213.718,104.486,1.0,6.0,0.0,0.0,0.0,6.0,0.0,0.0,1.9613,0.1772,0.0,0.0,0.0,0.0,0.0,0.975,0.025,0.425,1.0,872,3,Normal,normal
0.0,213.087,104.565,1.0,6.0,0.0,0.0,0.0,6.0,0.0,0.0,1.9613,0.1772,0.0,0.0,0.0,0.0,0.0,0.9748,0.0252,0.154,1.0,872,4,Normal,normal
0.0,212.415,104.605,1.0,6.0,0.0,0.0,0.0,6.0,0.0,0.0,1.9613,0.1772,0.0,0.0,0.0,0.0,0.0,0.9682,0.0318,0.192,1.0,872,5,Normal,normal
0.0,222.663,99.415,1.0,6.0,0.0,0.0,0.0,6.0,0.0,0.0,1.0512,0.095,0.0,0.0,0.0,0.0,0.0,0.9775,0.0225,-1.014,1.0,873,1,Normal,normal
0.0,221.053,99.509,1.0,6.0,0.0,0.0,0.0,6.0,0.0,0.0,1.0512,0.095,0.0,0.0,0.0,0.0,0.0,0.9715,0.0285,0.438,1.0,873,2,Normal,normal
0.0,220.178,99.629,1.0,6.0,0.0,0.0,0.0,6.0,0.0,0.0,1.0512,0.095,0.0,0.0,0.0,0.0,0.0,0.9762,0.0238,0.428,1.0,873,3,Normal,normal
0.0,219.585,99.685,1.0,6.0,0.0,0.0,0.0,6.0,0.0,0.0,1.0512,0.095,0.0,0.0,0.0,0.0,0.0,0.9776,0.0224,0.156,1.0,873,4,Normal,normal
0.0,218.928,99.704,1.0,6.0,0.0,0.0,0.0,6.0,0.0,0.0,1.0512,0.095,0.0,0.0,0.0,0.0,0.0,0.9714,0.0286,0.192,1.0,873,5,Normal,normal
0.0,238.398,91.032,1.0,6.0,0.0,0.0,0.0,6.0,0.0,0.0,2.1004,0.1897,0.0,0.0,0.0,0.0,0.0,0.9785,0.0215,-1.019,1.0,874,1,Normal,normal
0.0,236.968,91.179,1.0,6.0,0.0,0.0,0.0,6.0,0.0,0.0,2.1004,0.1897,0.0,0.0,0.0,0.0,0.0,0.9707,0.0293,0.434,1.0,874,2,Normal,normal
0.0,236.302,91.368,1.0,6.0,0.0,0.0,0.0,6.0,0.0,0.0,2.1004,0.1897,0.0,0.0,0.0,0.0,0.0,0.9758,0.0242,0.429,1.0,874,3,Normal,normal
0.0,235.85,91.43,1.0,6.0,0.0,0.0,0.0,6.0,0.0,0.0,2.1004,0.1897,0.0,0.0,0.0,0.0,0.0,0.9781,0.0219,0.156,1.0,874,4,Normal,normal
0.0,235.427,91.544,1.0,6.0,0.0,0.0,0.0,6.0,0.0,0.0,2.1004,0.1897,0.0,0.0,0.0,0.0,0.0,0.9699,0.0301,0.188,1.0,874,5,Normal,normal
0.0,205.792,86.348,1.0,6.0,0.0,0.0,0.0,6.0,0.0,0.0,2.5667,0.2319,0.0,0.0,0.0,0.0,0.0,0.979,0.021,-1.026,1.0,875,1,Normal,normal
0.0,204.252,86.483,1.0,6.0,0.0,0.0,0.0,6.0,0.0,0.0,2.5667,0.2319,0.0,0.0,0.0,0.0,0.0,0.9732,0.0268,0.434,1.0,875,2,Normal,normal
0.0,203.543,86.669,1.0,6.0,0.0,0.0,0.0,6.0,0.0,0.0,2.5667,0.2319,0.0,0.0,0.0,0.0,0.0,0.9734,0.0266,0.438,1.0,875,3,Normal,normal
0.0,202.918,86.768,1.0,6.0,0.0,0.0,0.0,6.0,0.0,0.0,2.5667,0.2319,0.0,0.0,0.0,0.0,0.0,0.9781,0.0219,0.16,1.0,875,4,Normal,normal
0.0,202.455,86.819,1.0,6.0,0.0,0.0,0.0,6.0,0.0,0.0,2.5667,0.2319,0.0,0.0,0.0,0.0,0.0,0.9681,0.0319,0.19,1.0,875,5,Normal,normal
0.0,279.155,143.632,1.0,6.0,0.0,0.0,0.0,6.0,0.0,0.0,1.876,0.1695,0.0,0.0,0.0,0.0,0.0,0.974,0.026,-1.037,1.0,876,1,Normal,normal
0.0,277.578,143.694,1.0,6.0,0.0,0.0,0.0,6.0,0.0,0.0,1.876,0.1695,0.0,0.0,0.0,0.0,0.0,0.9728,0.0272,0.442,1.0,876,2,Normal,normal
0.0,276.888,143.636,1.0,6.0,0.0,0.0,0.0,6.0,0.0,0.0,1.876,0.1695,0.0,0.0,0.0,0.0,0.0,0.9745,0.0255,0.441,1.0,876,3,Normal,normal
0.0,276.215,143.591,1.0,6.0,0.0,0.0,0.0,6.0,0.0,0.0,1.876,0.1695,0.0,0.0,0.0,0.0,0.0,0.9719,0.0281,0.159,1.0,876,4,Normal,normal
0.0,275.69,143.517,1.0,6.0,0.0,0.0,0.0,6.0,0.0,0.0,1.876,0.1695,0.0,0.0,0.0,0.0,0.0,0.9708,0.0292,0.19,1.0,876,5,Normal,normal
0.0,340.3,154.169,1.0,6.0,0.0,0.0,0.0,6.0,0.0,0.0,2.6988,0.2438,0.0,0.0,0.0,0.0,0.0,0.9781,0.0219,-1.026,1.0,877,1,Normal,normal
0.0,338.567,154.036,1.0,6.0,0.0,0.0,0.0,6.0,0.0,0.0,2.6988,0.2438,0.0,0.0,0.0,0.0,0.0,0.9728,0.0272,0.442,1.0,877,2,Cyber Intrusion,replay
0.0,337.485,153.902,1.0,6.0,0.0,0.0,0.0,6.0,0.0,0.0,2.6988,0.2438,0.0,0.0,0.0,0.0,0.0,0.9742,0.0258,0.434,1.0,877,3,Normal,normal
0.0,336.668,153.883,1.0,6.0,0.0,0.0,0.0,6.0,0.0,0.0,2.6988,0.2438,0.0,0.0,0.0,0.0,0.0,0.971,0.029,0.154,1.0,877,4,Normal,normal
0.0,335.968,153.639,1.0,6.0,0.0,0.0,0.0,6.0,0.0,0.0,2.6988,0.2438,0.0,0.0,0.0,0.0,0.0,0.9735,0.0265,0.198,1.0,877,5,Normal,normal
0.0,324.905,161.914,1.0,6.0,0.0,0.0,0.0,6.0,0.0,0.0,0.9689,0.0875,0.0,0.0,0.0,0.0,0.0,0.9763,0.0237,-1.04,1.0,878,1,Normal,normal
0.0,323.06,161.78,1.0,6.0,0.0,0.0,0.0,6.0,0.0,0.0,0.9689,0.0875,0.0,0.0,0.0,0.0,0.0,0.9728,0.0272,0.442,1.0,878,2,Cyber Intrusion,replay
0.0,321.928,161.621,1.0,6.0,0.0,0.0,0.0,6.0,0.0,0.0,0.9689,0.0875,0.0,0.0,0.0,0.0,0.0,0.9746,0.0254,0.439,1.0,878,3,Normal,normal
0.0,321.112,161.564,1.0,6.0,0.0,0.0,0.0,6.0,0.0,0.0,0.9689,0.0875,0.0,0.0,0.0,0.0,0.0,0.9773,0.0227,0.162,1.0,878,4,Normal,normal
0.0,320.298,161.382,1.0,6.0,0.0,0.0,0.0,6.0,0.0,0.0,0.9689,0.0875,0.0,0.0,0.0,0.0,0.0,0.9696,0.0304,0.193,1.0,878,5,Normal,normal
0.0,465.055,146.061,1.0,6.0,0.0,0.0,0.0,6.0,0.0,0.0,2.356,0.2128,0.0,0.0,0.0,0.0,0.0,0.9771,0.0229,-1.045,1.0,879,1,Normal,normal
0.0,463.052,146.086,1.0,6.0,0.0,0.0,0.0,6.0,0.0,0.0,2.356,0.2128,0.0,0.0,0.0,0.0,0.0,0.9728,0.0272,0.442,1.0,879,2,Cyber Intrusion,replay
0.0,461.768,146.151,1.0,6.0,0.0,0.0,0.0,6.0,0.0,0.0,2.356,0.2128,0.0,0.0,0.0,0.0,0.0,0.9755,0.0245,0.445,1.0,879,3,Normal,normal
0.0,460.987,146.021,1.0,6.0,0.0,0.0,0.0,6.0,0.0,0.0,2.356,0.2128,0.0,0.0,0.0,0.0,0.0,0.9729,0.0271,0.161,1.0,879,4,Normal,normal
0.0,459.85,145.989,1.0,6.0,0.0,0.0,0.0,6.0,0.0,0.0,2.356,0.2128,0.0,0.0,0.0,0.0,0.0,0.9671,0.0329,0.191,1.0,879,5,Normal,normal
0.0,417.547,144.954,1.0,6.0,0.0,0.0,0.0,6.0,0.0,0.0,0.5627,0.0508,0.0,0.0,0.0,0.0,0.0,0.978,0.022,-1.056,1.0,880,1,Normal,normal
0.0,415.558,144.814,1.0,6.0,0.0,0.0,0.0,6.0,0.0,0.0,0.5627,0.0508,0.0,0.0,0.0,0.0,0.0,0.9728,0.0272,0.442,1.0,880,2,Cyber Intrusion,replay
0.0,414.333,144.722,1.0,6.0,0.0,0.0,0.0,6.0,0.0,0.0,0.5627,0.0508,0.0,0.0,0.0,0.0,0.0,0.9736,0.0264,0.441,1.0,880,3,Normal,normal
0.0,413.565,144.647,1.0,6.0,0.0,0.0,0.0,6.0,0.0,0.0,0.5627,0.0508,0.0,0.0,0.0,0.0,0.0,0.9757,0.0243,0.16,1.0,880,4,Normal,normal
0.0,412.473,144.596,1.0,6.0,0.0,0.0,0.0,6.0,0.0,0.0,0.5627,0.0508,0.0,0.0,0.0,0.0,0.0,0.9692,0.0308,0.199,1.0,880,5,Normal,normal
0.0,375.418,185.43,1.0,6.0,0.0,0.0,0.0,6.0,0.0,0.0,3.9187,0.354,0.0,0.0,0.0,0.0,0.0,0.9773,0.0227,-1.074,1.0,881,1,Normal,normal
0.0,373.712,185.205,1.0,6.0,0.0,0.0,0.0,6.0,0.0,0.0,3.9187,0.354,0.0,0.0,0.0,0.0,0.0,0.9728,0.0272,0.442,1.0,881,2,Cyber Intrusion,replay
0.0,372.828,185.015,1.0,6.0,0.0,0.0,0.0,6.0,0.0,0.0,3.9187,0.354,0.0,0.0,0.0,0.0,0.0,0.9685,0.0315,0.457,1.0,881,3,Normal,normal
0.0,372.072,185.007,1.0,6.0,0.0,0.0,0.0,6.0,0.0,0.0,3.9187,0.354,0.0,0.0,0.0,0.0,0.0,0.9777,0.0223,0.165,1.0,881,4,Normal,normal
0.0,371.178,184.744,1.0,6.0,0.0,0.0,0.0,6.0,0.0,0.0,3.9187,0.354,0.0,0.0,0.0,0.0,0.0,0.9716,0.0284,0.197,1.0,881,5,Normal,normal
0.0,285.65,151.716,1.0,6.0,0.0,0.0,0.0,6.0,0.0,0.0,1.3475,0.1217,0.0,0.0,0.0,0.0,0.0,0.9764,0.0236,-1.073,1.0,882,1,Normal,normal
0.0,284.002,151.683,1.0,6.0,0.0,0.0,0.0,6.0,0.0,0.0,1.3475,0.1217,0.0,0.0,0.0,0.0,0.0,0.9728,0.0272,0.442,1.0,882,2,Cyber Intrusion,replay
0.0,283.232,151.612,1.0,6.0,0.0,0.0,0.0,6.0,0.0,0.0,1.3475,0.1217,0.0,0.0,0.0,0.0,0.0,0.9699,0.0301,0.455,1.0,882,3,Normal,normal
0.0,282.55,151.667,1.0,6.0,0.0,0.0,0.0,6.0,0.0,0.0,1.3475,0.1217,0.0,0.0,0.0,0.0,0.0,0.9746,0.0254,0.168,1.0,882,4,Normal,normal
0.0,281.753,151.394,1.0,6.0,0.0,0.0,0.0,6.0,0.0,0.0,1.3475,0.1217,0.0,0.0,0.0,0.0,0.0,0.9687,0.0313,0.201,1.0,882,5,Normal,normal
0.0,179.862,70.21,1.0,6.0,0.0,0.0,0.0,6.0,0.0,0.0,1.19,0.1075,0.0,0.0,0.0,0.0,0.0,0.9753,0.0247,-1.1,1.0,883,1,Normal,normal
0.0,178.35,70.312,1.0,6.0,0.0,0.0,0.0,6.0,0.0,0.0,1.19,0.1075,0.0,0.0,0.0,0.0,0.0,0.9728,0.0272,0.442,1.0,883,2,Cyber Intrusion,replay
0.0,177.685,70.373,1.0,6.0,0.0,0.0,0.0,6.0,0.0,0.0,1.19,0.1075,0.0,0.0,0.0,0.0,0.0,0.9731,0.0269,0.46,1.0,883,3,Normal,normal
0.0,177.022,70.329,1.0,6.0,0.0,0.0,0.0,6.0,0.0,0.0,1.19,0.1075,0.0,0.0,0.0,0.0,0.0,0.9744,0.0256,0.174,1.0,883,4,Normal,normal
0.0,176.403,70.186,1.0,6.0,0.0,0.0,0.0,6.0,0.0,0.0,1.19,0.1075,0.0,0.0,0.0,0.0,0.0,0.9671,0.0329,0.202,1.0,883,5,Normal,normal
0.0,146.853,32.685,1.0,6.0,0.0,0.0,0.0,6.0,0.0,0.0,0.9148,0.0826,0.0,0.0,0.0,0.0,0.0,0.9729,0.0271,-1.11,1.0,884,1,Normal,normal
0.0,145.347,32.717,1.0,6.0,0.0,0.0,0.0,6.0,0.0,0.0,0.9148,0.0826,0.0,0.0,0.0,0.0,0.0,0.97,0.03,0.472,1.0,884,2,Cyber Intrusion,replay
0.0,144.748,32.693,1.0,6.0,0.0,0.0,0.0,6.0,0.0,0.0,0.9148,0.0826,0.0,0.0,0.0,0.0,0.0,0.9731,0.0269,0.479,1.0,884,3,Normal,normal
0.0,144.165,32.901,1.0,6.0,0.0,0.0,0.0,6.0,0.0,0.0,0.9148,0.0826,0.0,0.0,0.0,0.0,0.0,0.9728,0.0272,0.172,1.0,884,4,Normal,normal
0.0,143.642,33.077,1.0,6.0,0.0,0.0,0.0,6.0,0.0,0.0,0.9148,0.0826,0.0,0.0,0.0,0.0,0.0,0.9691,0.0309,0.208,1.0,884,5,Normal,normal
0.0,152.06,40.655,1.0,6.0,0.0,0.0,0.0,6.0,0.0,0.0,0.9449,0.0854,0.0,0.0,0.0,0.0,0.0,0.9735,0.0265,-1.145,1.0,885,1,Normal,normal
0.0,150.515,40.605,1.0,6.0,0.0,0.0,0.0,6.0,0.0,0.0,0.9449,0.0854,0.0,0.0,0.0,0.0,0.0,0.9716,0.0284,0.482,1.0,885,2,Cyber Intrusion,replay
0.0,149.768,40.345,1.0,6.0,0.0,0.0,0.0,6.0,0.0,0.0,0.9449,0.0854,0.0,0.0,0.0,0.0,0.0,0.9703,0.0297,0.488,1.0,885,3,Normal,normal
0.0,148.982,40.23,1.0,6.0,0.0,0.0,0.0,6.0,0.0,0.0,0.9449,0.0854,0.0,0.0,0.0,0.0,0.0,0.971,0.029,0.172,1.0,885,4,Normal,normal
0.0,148.293,40.15,1.0,6.0,0.0,0.0,0.0,6.0,0.0,0.0,0.9449,0.0854,0.0,0.0,0.0,0.0,0.0,0.9689,0.0311,0.217,1.0,885,5,Normal,normal
0.0,296.935,188.66,1.0,6.0,0.0,0.0,0.0,6.0,0.0,0.0,1.7706,0.1599,0.0,0.0,0.0,0.0,0.0,0.9748,0.0252,-1.189,1.0,886,1,Normal,normal
0.0,295.387,188.534,1.0,6.0,0.0,0.0,0.0,6.0,0.0,0.0,1.7706,0.1599,0.0,0.0,0.0,0.0,0.0,0.9671,0.0329,0.5,1.0,886,2,Cyber Intrusion,replay
0.0,294.597,188.354,1.0,6.0,0.0,0.0,0.0,6.0,0.0,0.0,1.7706,0.1599,0.0,0.0,0.0,0.0,0.0,0.9712,0.0288,0.502,1.0,886,3,Normal,normal
0.0,293.818,188.246,1.0,6.0,0.0,0.0,0.0,6.0,0.0,0.0,1.7706,0.1599,0.0,0.0,0.0,0.0,0.0,0.9705,0.0295,0.182,1.0,886,4,Normal,normal
0.0,293.1,188.185,1.0,6.0,0.0,0.0,0.0,6.0,0.0,0.0,1.7706,0.1599,0.0,0.0,0.0,0.0,0.0,0.9704,0.0296,0.222,1.0,886,5,Normal,normal
0.0,369.648,167.879,1.0,6.0,0.0,0.0,0.0,6.0,0.0,0.0,1.8551,0.1676,0.0,0.0,0.0,0.0,0.0,0.9722,0.0278,-1.202,1.0,887,1,Normal,normal
0.0,368.062,167.838,1.0,6.0,0.0,0.0,0.0,6.0,0.0,0.0,1.8551,0.1676,0.0,0.0,0.0,0.0,0.0,0.9708,0.0292,0.508,1.0,887,2,Cyber Intrusion,replay
0.0,367.217,167.745,1.0,6.0,0.0,0.0,0.0,6.0,0.0,0.0,1.8551,0.1676,0.0,0.0,0.0,0.0,0.0,0.9673,0.0327,0.51,1.0,887,3,Normal,normal
0.0,366.43,167.748,1.0,6.0,0.0,0.0,0.0,6.0,0.0,0.0,1.8551,0.1676,0.0,0.0,0.0,0.0,0.0,0.9719,0.0281,0.177,1.0,887,4,Normal,normal
0.0,365.737,167.757,1.0,6.0,0.0,0.0,0.0,6.0,0.0,0.0,1.8551,0.1676,0.0,0.0,0.0,0.0,0.0,0.9649,0.0351,0.22,1.0,887,5,Normal,normal
0.0,365.902,171.301,1.0,6.0,0.0,0.0,0.0,6.0,0.0,0.0,1.6792,0.1517,0.0,0.0,0.0,0.0,0.0,0.972,0.028,-1.245,1.0,888,1,Normal,normal
0.0,364.21,171.426,1.0,6.0,0.0,0.0,0.0,6.0,0.0,0.0,1.6792,0.1517,0.0,0.0,0.0,0.0,0.0,0.9694,0.0306,0.524,1.0,888,2,Cyber Intrusion,replay
0.0,363.26,171.538,1.0,6.0,0.0,0.0,0.0,6.0,0.0,0.0,1.6792,0.1517,0.0,0.0,0.0,0.0,0.0,0.966,0.034,0.525,1.0,888,3,Normal,normal
0.0,362.39,171.692,1.0,6.0,0.0,0.0,0.0,6.0,0.0,0.0,1.6792,0.1517,0.0,0.0,0.0,0.0,0.0,0.9718,0.0282,0.184,1.0,888,4,Normal,normal
0.0,361.72,171.706,1.0,6.0,0.0,0.0,0.0,6.0,0.0,0.0,1.6792,0.1517,0.0,0.0,0.0,0.0,0.0,0.9655,0.0345,0.241,1.0,888,5,Normal,normal
0.0,294.903,153.978,1.0,6.0,0.0,0.0,0.0,6.0,0.0,0.0,1.899,0.1715,0.0,0.0,0.0,0.0,0.0,0.9728,0.0272,-1.29,1.0,889,1,Normal,normal
0.0,293.205,154.044,1.0,6.0,0.0,0.0,0.0,6.0,0.0,0.0,1.899,0.1715,0.0,0.0,0.0,0.0,0.0,0.9666,0.0334,0.549,1.0,889,2,Normal,normal
0.0,292.352,154.087,1.0,6.0,0.0,0.0,0.0,6.0,0.0,0.0,1.899,0.1715,0.0,0.0,0.0,0.0,0.0,0.9681,0.0319,0.55,1.0,889,3,Normal,normal
0.0,291.543,154.204,1.0,6.0,0.0,0.0,0.0,6.0,0.0,0.0,1.899,0.1715,0.0,0.0,0.0,0.0,0.0,0.968,0.032,0.194,1.0,889,4,Normal,normal
0.0,290.927,154.195,1.0,6.0,0.0,0.0,0.0,6.0,0.0,0.0,1.899,0.1715,0.0,0.0,0.0,0.0,0.0,0.9603,0.0397,0.236,1.0,889,5,Normal,normal
0.0,261.215,117.848,1.0,6.0,0.0,0.0,0.0,6.0,0.0,0.0,1.3561,0.1225,0.0,0.0,0.0,0.0,0.0,0.9695,0.0305,-1.309,1.0,890,1,Normal,normal
0.0,259.953,118.112,1.0,6.0,0.0,0.0,0.0,6.0,0.0,0.0,1.3561,0.1225,0.0,0.0,0.0,0.0,0.0,0.9653,0.0347,0.559,1.0,890,2,Normal,normal
0.0,259.062,118.02,1.0,6.0,0.0,0.0,0.0,6.0,0.0,0.0,1.3561,0.1225,0.0,0.0,0.0,0.0,0.0,0.9653,0.0347,0.556,1.0,890,3,Normal,normal
0.0,258.077,117.935,1.0,6.0,0.0,0.0,0.0,6.0,0.0,0.0,1.3561,0.1225,0.0,0.0,0.0,0.0,0.0,0.9702,0.0298,0.206,1.0,890,4,Normal,normal
0.0,257.37,117.811,1.0,6.0,0.0,0.0,0.0,6.0,0.0,0.0,1.3561,0.1225,0.0,0.0,0.0,0.0,0.0,0.9653,0.0347,0.245,1.0,890,5,Normal,normal
0.0,232.125,126.07,1.0,6.0,0.0,0.0,0.0,6.0,0.0,0.0,1.0124,0.0915,0.0,0.0,0.0,0.0,0.0,0.9677,0.0323,-1.359,1.0,891,1,Normal,normal
0.0,230.785,126.481,1.0,6.0,0.0,0.0,0.0,6.0,0.0,0.0,1.0124,0.0915,0.0,0.0,0.0,0.0,0.0,0.9628,0.0372,0.587,1.0,891,2,Normal,normal
0.0,229.985,126.365,1.0,6.0,0.0,0.0,0.0,6.0,0.0,0.0,1.0124,0.0915,0.0,0.0,0.0,0.0,0.0,0.9665,0.0335,0.58,1.0,891,3,Normal,normal
0.0,228.998,126.245,1.0,6.0,0.0,0.0,0.0,6.0,0.0,0.0,1.0124,0.0915,0.0,0.0,0.0,0.0,0.0,0.9647,0.0353,0.208,1.0,891,4,Normal,normal
0.0,228.288,126.097,1.0,6.0,0.0,0.0,0.0,6.0,0.0,0.0,1.0124,0.0915,0.0,0.0,0.0,0.0,0.0,0.9606,0.0394,0.255,1.0,891,5,Normal,normal
0.0,244.195,118.342,1.0,6.0,0.0,0.0,0.0,6.0,0.0,0.0,0.8246,0.0745,0.0,0.0,0.0,0.0,0.0,0.9657,0.0343,-1.413,1.0,892,1,Normal,normal
0.0,242.873,118.696,1.0,6.0,0.0,0.0,0.0,6.0,0.0,0.0,0.8246,0.0745,0.0,0.0,0.0,0.0,0.0,0.9618,0.0382,0.597,1.0,892,2,Normal,normal
0.0,242.117,118.495,1.0,6.0,0.0,0.0,0.0,6.0,0.0,0.0,0.8246,0.0745,0.0,0.0,0.0,0.0,0.0,0.962,0.038,0.601,1.0,892,3,Normal,normal
0.0,241.118,118.337,1.0,6.0,0.0,0.0,0.0,6.0,0.0,0.0,0.8246,0.0745,0.0,0.0,0.0,0.0,0.0,0.9651,0.0349,0.213,1.0,892,4,Normal,normal
0.0,240.352,118.186,1.0,6.0,0.0,0.0,0.0,6.0,0.0,0.0,0.8246,0.0745,0.0,0.0,0.0,0.0,0.0,0.9594,0.0406,0.256,1.0,892,5,Normal,normal
0.0,290.148,135.552,1.0,6.0,0.0,0.0,0.0,6.0,0.0,0.0,1.6017,0.1447,0.0,0.0,0.0,0.0,0.0,0.9694,0.0306,-1.431,1.0,893,1,Normal,normal
0.0,288.718,135.636,1.0,6.0,0.0,0.0,0.0,6.0,0.0,0.0,1.6017,0.1447,0.0,0.0,0.0,0.0,0.0,0.9609,0.0391,0.606,1.0,893,2,Normal,normal
0.0,287.853,135.469,1.0,6.0,0.0,0.0,0.0,6.0,0.0,0.0,1.6017,0.1447,0.0,0.0,0.0,0.0,0.0,0.9626,0.0374,0.604,1.0,893,3,Normal,normal
0.0,286.738,135.382,1.0,6.0,0.0,0.0,0.0,6.0,0.0,0.0,1.6017,0.1447,0.0,0.0,0.0,0.0,0.0,0.9649,0.0351,0.216,1.0,893,4,Normal,normal
0.0,285.87,135.232,1.0,6.0,0.0,0.0,0.0,6.0,0.0,0.0,1.6017,0.1447,0.0,0.0,0.0,0.0,0.0,0.9631,0.0369,0.271,1.0,893,5,Normal,normal
0.0,257.738,148.241,1.0,6.0,0.0,0.0,0.0,6.0,0.0,0.0,1.6553,0.1495,0.0,0.0,0.0,0.0,0.0,0.969,0.031,-1.473,1.0,894,1,Normal,normal
0.0,255.797,148.177,1.0,6.0,0.0,0.0,0.0,6.0,0.0,0.0,1.6553,0.1495,0.0,0.0,0.0,0.0,0.0,0.9591,0.0409,0.622,1.0,894,2,Normal,normal
0.0,254.855,147.982,1.0,6.0,0.0,0.0,0.0,6.0,0.0,0.0,1.6553,0.1495,0.0,0.0,0.0,0.0,0.0,0.9629,0.0371,0.619,1.0,894,3,Normal,normal
0.0,253.833,147.795,1.0,6.0,0.0,0.0,0.0,6.0,0.0,0.0,1.6553,0.1495,0.0,0.0,0.0,0.0,0.0,0.9669,0.0331,0.22,1.0,894,4,Normal,normal
0.0,252.88,147.667,1.0,6.0,0.0,0.0,0.0,6.0,0.0,0.0,1.6553,0.1495,0.0,0.0,0.0,0.0,0.0,0.9571,0.0429,0.274,1.0,894,5,Normal,normal
0.0,263.168,144.002,1.0,6.0,0.0,0.0,0.0,6.0,0.0,0.0,1.4061,0.127,0.0,0.0,0.0,0.0,0.0,0.9666,0.0334,-1.508,1.0,895,1,Normal,normal
0.0,261.318,143.862,1.0,6.0,0.0,0.0,0.0,6.0,0.0,0.0,1.4061,0.127,0.0,0.0,0.0,0.0,0.0,0.9596,0.0404,0.641,1.0,895,2,Normal,normal
0.0,260.348,143.688,1.0,6.0,0.0,0.0,0.0,6.0,0.0,0.0,1.4061,0.127,0.0,0.0,0.0,0.0,0.0,0.9623,0.0377,0.637,1.0,895,3,Normal,normal
0.0,259.358,143.471,1.0,6.0,0.0,0.0,0.0,6.0,0.0,0.0,1.4061,0.127,0.0,0.0,0.0,0.0,0.0,0.9645,0.0355,0.231,1.0,895,4,Normal,normal
0.0,258.385,143.365,1.0,6.0,0.0,0.0,0.0,6.0,0.0,0.0,1.4061,0.127,0.0,0.0,0.0,0.0,0.0,0.9542,0.0458,0.286,1.0,895,5,Normal,normal
0.0,259.0,107.36,1.0,6.0,0.0,0.0,0.0,6.0,0.0,0.0,1.0348,0.0935,0.0,0.0,0.0,0.0,0.0,0.9675,0.0325,-1.522,1.0,896,1,Normal,normal
0.0,257.385,107.393,1.0,6.0,0.0,0.0,0.0,6.0,0.0,0.0,1.0348,0.0935,0.0,0.0,0.0,0.0,0.0,0.9614,0.0386,0.647,1.0,896,2,Normal,normal
0.0,256.493,107.248,1.0,6.0,0.0,0.0,0.0,6.0,0.0,0.0,1.0348,0.0935,0.0,0.0,0.0,0.0,0.0,0.9604,0.0396,0.648,1.0,896,3,Normal,normal
0.0,255.638,107.034,1.0,6.0,0.0,0.0,0.0,6.0,0.0,0.0,1.0348,0.0935,0.0,0.0,0.0,0.0,0.0,0.9615,0.0385,0.227,1.0,896,4,Normal,normal
0.0,254.89,107.098,1.0,6.0,0.0,0.0,0.0,6.0,0.0,0.0,1.0348,0.0935,0.0,0.0,0.0,0.0,0.0,0.9575,0.0425,0.281,1.0,896,5,Normal,normal
0.0,214.043,103.7,1.0,6.0,0.0,0.0,0.0,6.0,0.0,0.0,0.5925,0.0535,0.0,0.0,0.0,0.0,0.0,0.9662,0.0338,-1.539,1.0,897,1,Normal,normal
0.0,212.655,103.709,1.0,6.0,0.0,0.0,0.0,6.0,0.0,0.0,0.5925,0.0535,0.0,0.0,0.0,0.0,0.0,0.9578,0.0422,0.658,1.0,897,2,Normal,normal
0.0,211.85,103.57,1.0,6.0,0.0,0.0,0.0,6.0,0.0,0.0,0.5925,0.0535,0.0,0.0,0.0,0.0,0.0,0.9599,0.0401,0.653,1.0,897,3,Normal,normal
0.0,211.172,103.368,1.0,6.0,0.0,0.0,0.0,6.0,0.0,0.0,0.5925,0.0535,0.0,0.0,0.0,0.0,0.0,0.9603,0.0397,0.231,1.0,897,4,Normal,normal
0.0,210.617,103.373,1.0,6.0,0.0,0.0,0.0,6.0,0.0,0.0,0.5925,0.0535,0.0,0.0,0.0,0.0,0.0,0.9554,0.0446,0.286,1.0,897,5,Normal,normal
0.0,221.037,98.073,1.0,6.0,0.0,0.0,0.0,6.0,0.0,0.0,2.7007,0.244,0.0,0.0,0.0,0.0,0.0,0.9616,0.0384,-1.561,1.0,898,1,Normal,normal
0.0,219.642,98.068,1.0,6.0,0.0,0.0,0.0,6.0,0.0,0.0,2.7007,0.244,0.0,0.0,0.0,0.0,0.0,0.9603,0.0397,0.663,1.0,898,2,Normal,normal
0.0,218.753,97.983,1.0,6.0,0.0,0.0,0.0,6.0,0.0,0.0,2.7007,0.244,0.0,0.0,0.0,0.0,0.0,0.9587,0.0413,0.657,1.0,898,3,Normal,normal
0.0,217.99,97.852,1.0,6.0,0.0,0.0,0.0,6.0,0.0,0.0,2.7007,0.244,0.0,0.0,0.0,0.0,0.0,0.9585,0.0415,0.238,1.0,898,4,Normal,normal
0.0,217.405,97.861,1.0,6.0,0.0,0.0,0.0,6.0,0.0,0.0,2.7007,0.244,0.0,0.0,0.0,0.0,0.0,0.9537,0.0463,0.296,1.0,898,5,Normal,normal
0.0,263.927,127.762,1.0,6.0,0.0,0.0,0.0,6.0,0.0,0.0,1.3592,0.1228,0.0,0.0,0.0,0.0,0.0,0.966,0.034,-1.562,1.0,899,1,Normal,normal
0.0,262.522,127.665,1.0,6.0,0.0,0.0,0.0,6.0,0.0,0.0,1.3592,0.1228,0.0,0.0,0.0,0.0,0.0,0.9591,0.0409,0.663,1.0,899,2,Normal,normal
0.0,261.652,127.573,1.0,6.0,0.0,0.0,0.0,6.0,0.0,0.0,1.3592,0.1228,0.0,0.0,0.0,0.0,0.0,0.9593,0.0407,0.659,1.0,899,3,Normal,normal
0.0,260.877,127.33,1.0,6.0,0.0,0.0,0.0,6.0,0.0,0.0,1.3592,0.1228,0.0,0.0,0.0,0.0,0.0,0.959,0.041,0.241,1.0,899,4,Normal,normal
0.0,260.262,127.177,1.0,6.0,0.0,0.0,0.0,6.0,0.0,0.0,1.3592,0.1228,0.0,0.0,0.0,0.0,0.0,0.9567,0.0433,0.287,1.0,899,5,Normal,normal
0.0,240.247,134.279,1.0,6.0,0.0,0.0,0.0,6.0,0.0,0.0,1.3234,0.1195,0.0,0.0,0.0,0.0,0.0,0.9638,0.0362,-1.552,1.0,900,1,Normal,normal
0.0,238.493,134.31,1.0,6.0,0.0,0.0,0.0,6.0,0.0,0.0,1.3234,0.1195,0.0,0.0,0.0,0.0,0.0,0.9582,0.0418,0.652,1.0,900,2,Normal,normal
0.0,237.453,134.29,1.0,6.0,0.0,0.0,0.0,6.0,0.0,0.0,1.3234,0.1195,0.0,0.0,0.0,0.0,0.0,0.9603,0.0397,0.658,1.0,900,3,Normal,normal
0.0,236.588,134.14,1.0,6.0,0.0,0.0,0.0,6.0,0.0,0.0,1.3234,0.1195,0.0,0.0,0.0,0.0,0.0,0.9641,0.0359,0.241,1.0,900,4,Normal,normal
0.0,235.832,134.037,1.0,6.0,0.0,0.0,0.0,6.0,0.0,0.0,1.3234,0.1195,0.0,0.0,0.0,0.0,0.0,0.9536,0.0464,0.293,1.0,900,5,Normal,normal
0.0,243.655,131.372,1.0,6.0,0.0,0.0,0.0,6.0,0.0,0.0,0.8682,0.0784,0.0,0.0,0.0,0.0,0.0,0.9642,0.0358,-1.539,1.0,901,1,Normal,normal
0.0,241.847,131.464,1.0,6.0,0.0,0.0,0.0,6.0,0.0,0.0,0.8682,0.0784,0.0,0.0,0.0,0.0,0.0,0.96,0.04,0.652,1.0,901,2,Normal,normal
0.0,240.788,131.47,1.0,6.0,0.0,0.0,0.0,6.0,0.0,0.0,0.8682,0.0784,0.0,0.0,0.0,0.0,0.0,0.9622,0.0378,0.649,1.0,901,3,Normal,normal
0.0,239.882,131.363,1.0,6.0,0.0,0.0,0.0,6.0,0.0,0.0,0.8682,0.0784,0.0,0.0,0.0,0.0,0.0,0.9619,0.0381,0.236,1.0,901,4,Normal,normal
0.0,239.053,131.326,1.0,6.0,0.0,0.0,0.0,6.0,0.0,0.0,0.8682,0.0784,0.0,0.0,0.0,0.0,0.0,0.955,0.045,0.285,1.0,901,5,Normal,normal
0.0,257.415,107.592,1.0,6.0,0.0,0.0,0.0,6.0,0.0,0.0,2.0673,0.1867,0.0,0.0,0.0,0.0,0.0,0.9806,0.0194,-0.885,1.0,902,1,Natural Fault,line_trip
0.0,255.733,107.838,1.0,6.0,0.0,0.0,0.0,6.0,0.0,0.0,2.0673,0.1867,0.0,0.0,0.0,0.0,0.0,0.9736,0.0264,0.65,1.0,902,2,Natural Fault,line_trip
0.0,254.882,108.028,1.0,6.0,0.0,0.0,0.0,6.0,0.0,0.0,2.0673,0.1867,0.0,0.0,0.0,0.0,0.0,0.0,1.0,0.0,3.0,902,3,Natural Fault,line_trip
0.0,254.162,108.229,1.0,6.0,0.0,0.0,0.0,6.0,0.0,0.0,2.0673,0.1867,0.0,0.0,0.0,0.0,0.0,0.9768,0.0232,0.236,1.0,902,4,Natural Fault,line_trip
0.0,253.487,108.349,1.0,6.0,0.0,0.0,0.0,6.0,0.0,0.0,2.0673,0.1867,0.0,0.0,0.0,0.0,0.0,0.9708,0.0292,0.287,1.0,902,5,Natural Fault,line_trip
0.0,220.652,113.038,1.0,6.0,0.0,0.0,0.0,6.0,0.0,0.0,2.1996,0.1987,0.0,0.0,0.0,0.0,0.0,0.9815,0.0185,-0.862,1.0,903,1,Natural Fault,line_trip
0.0,219.125,113.223,1.0,6.0,0.0,0.0,0.0,6.0,0.0,0.0,2.1996,0.1987,0.0,0.0,0.0,0.0,0.0,0.9761,0.0239,0.633,1.0,903,2,Natural Fault,line_trip
0.0,218.428,113.332,1.0,6.0,0.0,0.0,0.0,6.0,0.0,0.0,2.1996,0.1987,0.0,0.0,0.0,0.0,0.0,0.0,1.0,-0.001,3.0,903,3,Natural Fault,line_trip
0.0,217.722,113.478,1.0,6.0,0.0,0.0,0.0,6.0,0.0,0.0,2.1996,0.1987,0.0,0.0,0.0,0.0,0.0,0.9767,0.0233,0.228,1.0,903,4,Natural Fault,line_trip
0.0,216.947,113.612,1.0,6.0,0.0,0.0,0.0,6.0,0.0,0.0,2.1996,0.1987,0.0,0.0,0.0,0.0,0.0,0.9726,0.0274,0.272,1.0,903,5,Natural Fault,line_trip
0.0,226.493,108.899,1.0,6.0,0.0,0.0,0.0,6.0,0.0,0.0,2.9655,0.2679,0.0,0.0,0.0,0.0,0.0,0.9806,0.0194,-0.841,1.0,904,1,Natural Fault,line_trip
0.0,225.003,109.039,1.0,6.0,0.0,0.0,0.0,6.0,0.0,0.0,2.9655,0.2679,0.0,0.0,0.0,0.0,0.0,0.9741,0.0259,0.623,1.0,904,2,Natural Fault,line_trip
0.0,224.3,109.128,1.0,6.0,0.0,0.0,0.0,6.0,0.0,0.0,2.9655,0.2679,0.0,0.0,0.0,0.0,0.0,0.0,1.0,-0.005,3.0,904,3,Natural Fault,line_trip
0.0,223.67,109.204,1.0,6.0,0.0,0.0,0.0,6.0,0.0,0.0,2.9655,0.2679,0.0,0.0,0.0,0.0,0.0,0.9764,0.0236,0.217,1.0,904,4,Natural Fault,line_trip
0.0,222.913,109.333,1.0,6.0,0.0,0.0,0.0,6.0,0.0,0.0,2.9655,0.2679,0.0,0.0,0.0,0.0,0.0,0.971,0.029,0.27,1.0,904,5,Natural Fault,line_trip
0.0,270.072,127.275,1.0,6.0,0.0,0.0,0.0,6.0,0.0,0.0,2.695,0.2434,0.0,0.0,0.0,0.0,0.0,0.9801,0.0199,-0.835,1.0,905,1,Natural Fault,line_trip
0.0,268.495,127.291,1.0,6.0,0.0,0.0,0.0,6.0,0.0,0.0,2.695,0.2434,0.0,0.0,0.0,0.0,0.0,0.9732,0.0268,0.608,1.0,905,2,Natural Fault,line_trip
0.0,267.643,127.198,1.0,6.0,0.0,0.0,0.0,6.0,0.0,0.0,2.695,0.2434,0.0,0.0,0.0,0.0,0.0,0.0,1.0,-0.001,3.0,905,3,Natural Fault,line_trip
0.0,266.87,127.108,1.0,6.0,0.0,0.0,0.0,6.0,0.0,0.0,2.695,0.2434,0.0,0.0,0.0,0.0,0.0,0.9794,0.0206,0.215,1.0,905,4,Natural Fault,line_trip
0.0,265.902,127.011,1.0,6.0,0.0,0.0,0.0,6.0,0.0,0.0,2.695,0.2434,0.0,0.0,0.0,0.0,0.0,0.9699,0.0301,0.266,1.0,905,5,Natural Fault,line_trip
0.0,242.572,135.882,1.0,6.0,0.0,0.0,0.0,6.0,0.0,0.0,4.8065,0.4342,0.0,0.0,0.0,0.0,0.0,0.9781,0.0219,-0.8,1.0,906,1,Natural Fault,line_trip
0.0,241.025,135.825,1.0,6.0,0.0,0.0,0.0,6.0,0.0,0.0,4.8065,0.4342,0.0,0.0,0.0,0.0,0.0,0.9756,0.0244,0.591,1.0,906,2,Natural Fault,line_trip
0.0,239.923,135.806,1.0,6.0,0.0,0.0,0.0,6.0,0.0,0.0,4.8065,0.4342,0.0,0.0,0.0,0.0,0.0,0.0,1.0,0.003,3.0,906,3,Natural Fault,line_trip
0.0,238.977,135.797,1.0,6.0,0.0,0.0,0.0,6.0,0.0,0.0,4.8065,0.4342,0.0,0.0,0.0,0.0,0.0,0.9817,0.0183,0.204,1.0,906,4,Natural Fault,line_trip
0.0,237.937,135.653,1.0,6.0,0.0,0.0,0.0,6.0,0.0,0.0,4.8065,0.4342,0.0,0.0,0.0,0.0,0.0,0.9732,0.0268,0.252,1.0,906,5,Natural Fault,line_trip
0.0,250.637,130.065,1.0,6.0,0.0,0.0,0.0,6.0,0.0,0.0,2.9222,0.264,0.0,0.0,0.0,0.0,0.0,0.9863,0.0137,-0.764,1.0,907,1,Natural Fault,line_trip
0.0,249.07,130.028,1.0,6.0,0.0,0.0,0.0,6.0,0.0,0.0,2.9222,0.264,0.0,0.0,0.0,0.0,0.0,0.9788,0.0212,0.557,1.0,907,2,Natural Fault,line_trip
0.0,247.935,130.067,1.0,6.0,0.0,0.0,0.0,6.0,0.0,0.0,2.9222,0.264,0.0,0.0,0.0,0.0,0.0,0.0,1.0,-0.001,3.0,907,3,Natural Fault,line_trip
0.0,246.967,130.096,1.0,6.0,0.0,0.0,0.0,6.0,0.0,0.0,2.9222,0.264,0.0,0.0,0.0,0.0,0.0,0.9799,0.0201,0.197,1.0,907,4,Natural Fault,line_trip
0.0,245.95,129.944,1.0,6.0,0.0,0.0,0.0,6.0,0.0,0.0,2.9222,0.264,0.0,0.0,0.0,0.0,0.0,0.9761,0.0239,0.243,1.0,907,5,Natural Fault,line_trip
0.0,257.985,101.866,1.0,6.0,0.0,0.0,0.0,6.0,0.0,0.0,3.4986,0.316,0.0,0.0,0.0,0.0,0.0,0.9837,0.0163,-0.752,1.0,908,1,Natural Fault,line_trip
0.0,256.507,101.789,1.0,6.0,0.0,0.0,0.0,6.0,0.0,0.0,3.4986,0.316,0.0,0.0,0.0,0.0,0.0,0.9782,0.0218,0.55,1.0,908,2,Natural Fault,line_trip
0.0,255.418,101.788,1.0,6.0,0.0,0.0,0.0,6.0,0.0,0.0,3.4986,0.316,0.0,0.0,0.0,0.0,0.0,0.0,1.0,-0.001,3.0,908,3,Natural Fault,line_trip
0.0,254.443,101.827,1.0,6.0,0.0,0.0,0.0,6.0,0.0,0.0,3.4986,0.316,0.0,0.0,0.0,0.0,0.0,0.9844,0.0156,0.199,1.0,908,4,Natural Fault,line_trip
0.0,253.38,101.592,1.0,6.0,0.0,0.0,0.0,6.0,0.0,0.0,3.4986,0.316,0.0,0.0,0.0,0.0,0.0,0.9765,0.0235,0.243,1.0,908,5,Natural Fault,line_trip
0.0,217.623,108.932,1.0,6.0,0.0,0.0,0.0,6.0,0.0,0.0,1.6422,0.1483,0.0,0.0,0.0,0.0,0.0,0.9695,0.0305,-1.244,1.0,909,1,Normal,normal
0.0,216.273,108.786,1.0,6.0,0.0,0.0,0.0,6.0,0.0,0.0,1.6422,0.1483,0.0,0.0,0.0,0.0,0.0,0.967,0.033,0.528,1.0,909,2,Normal,normal
0.0,215.45,108.66,1.0,6.0,0.0,0.0,0.0,6.0,0.0,0.0,1.6422,0.1483,0.0,0.0,0.0,0.0,0.0,0.9658,0.0342,0.527,1.0,909,3,Normal,normal
0.0,214.348,108.893,1.0,6.0,0.0,0.0,0.0,6.0,0.0,0.0,1.6422,0.1483,0.0,0.0,0.0,0.0,0.0,0.9711,0.0289,0.184,1.0,909,4,Normal,normal
0.0,213.63,108.589,1.0,6.0,0.0,0.0,0.0,6.0,0.0,0.0,1.6422,0.1483,0.0,0.0,0.0,0.0,0.0,0.9643,0.0357,0.233,1.0,909,5,Normal,normal
0.0,226.198,102.848,1.0,6.0,0.0,0.0,0.0,6.0,0.0,0.0,3.1052,0.2805,0.0,0.0,0.0,0.0,0.0,0.9727,0.0273,-1.178,1.0,910,1,Normal,normal
0.0,224.685,102.783,1.0,6.0,0.0,0.0,0.0,6.0,0.0,0.0,3.1052,0.2805,0.0,0.0,0.0,0.0,0.0,0.9643,0.0357,0.507,1.0,910,2,Normal,normal
0.0,223.78,102.662,1.0,6.0,0.0,0.0,0.0,6.0,0.0,0.0,3.1052,0.2805,0.0,0.0,0.0,0.0,0.0,0.9717,0.0283,0.494,1.0,910,3,Normal,normal
0.0,222.668,102.898,1.0,6.0,0.0,0.0,0.0,6.0,0.0,0.0,3.1052,0.2805,0.0,0.0,0.0,0.0,0.0,0.9698,0.0302,0.178,1.0,910,4,Normal,normal
0.0,221.87,102.611,1.0,6.0,0.0,0.0,0.0,6.0,0.0,0.0,3.1052,0.2805,0.0,0.0,0.0,0.0,0.0,0.9687,0.0313,0.219,1.0,910,5,Normal,normal
0.0,262.78,125.49,1.0,6.0,0.0,0.0,0.0,6.0,0.0,0.0,1.1673,0.1054,0.0,0.0,0.0,0.0,0.0,0.9744,0.0256,-1.155,1.0,911,1,Normal,normal
0.0,261.167,125.395,1.0,6.0,0.0,0.0,0.0,6.0,0.0,0.0,1.1673,0.1054,0.0,0.0,0.0,0.0,0.0,0.973,0.027,0.484,1.0,911,2,Normal,normal
0.0,260.193,125.303,1.0,6.0,0.0,0.0,0.0,6.0,0.0,0.0,1.1673,0.1054,0.0,0.0,0.0,0.0,0.0,0.9715,0.0285,0.494,1.0,911,3,Normal,normal
0.0,259.09,125.591,1.0,6.0,0.0,0.0,0.0,6.0,0.0,0.0,1.1673,0.1054,0.0,0.0,0.0,0.0,0.0,0.9717,0.0283,0.178,1.0,911,4,Normal,normal
0.0,258.465,125.565,1.0,6.0,0.0,0.0,0.0,6.0,0.0,0.0,1.1673,0.1054,0.0,0.0,0.0,0.0,0.0,0.9675,0.0325,0.211,1.0,911,5,Normal,normal
0.0,240.393,133.882,1.0,6.0,0.0,0.0,0.0,6.0,0.0,0.0,2.9807,0.2692,0.0,0.0,0.0,0.0,0.0,0.9771,0.0229,-1.107,1.0,912,1,Normal,normal
0.0,238.732,133.75,1.0,6.0,0.0,0.0,0.0,6.0,0.0,0.0,2.9807,0.2692,0.0,0.0,0.0,0.0,0.0,0.975,0.025,0.465,1.0,912,2,Normal,normal
0.0,237.357,133.98,1.0,6.0,0.0,0.0,0.0,6.0,0.0,0.0,2.9807,0.2692,0.0,0.0,0.0,0.0,0.0,0.9724,0.0276,0.465,1.0,912,3,Normal,normal
0.0,236.193,134.226,1.0,6.0,0.0,0.0,0.0,6.0,0.0,0.0,2.9807,0.2692,0.0,0.0,0.0,0.0,0.0,0.9724,0.0276,0.174,1.0,912,4,Normal,normal
0.0,235.618,134.142,1.0,6.0,0.0,0.0,0.0,6.0,0.0,0.0,2.9807,0.2692,0.0,0.0,0.0,0.0,0.0,0.9665,0.0335,0.199,1.0,912,5,Normal,normal
0.0,244.52,130.338,1.0,6.0,0.0,0.0,0.0,6.0,0.0,0.0,2.1586,0.195,0.0,0.0,0.0,0.0,0.0,0.9764,0.0236,-1.056,1.0,913,1,Normal,normal
0.0,242.755,130.301,1.0,6.0,0.0,0.0,0.0,6.0,0.0,0.0,2.1586,0.195,0.0,0.0,0.0,0.0,0.0,0.971,0.029,0.445,1.0,913,2,Normal,normal
0.0,241.312,130.618,1.0,6.0,0.0,0.0,0.0,6.0,0.0,0.0,2.1586,0.195,0.0,0.0,0.0,0.0,0.0,0.9701,0.0299,0.448,1.0,913,3,Normal,normal
0.0,240.39,130.637,1.0,6.0,0.0,0.0,0.0,6.0,0.0,0.0,2.1586,0.195,0.0,0.0,0.0,0.0,0.0,0.9768,0.0232,0.163,1.0,913,4,Normal,normal
0.0,239.747,130.611,1.0,6.0,0.0,0.0,0.0,6.0,0.0,0.0,2.1586,0.195,0.0,0.0,0.0,0.0,0.0,0.9718,0.0282,0.197,1.0,913,5,Normal,normal
0.0,259.193,108.754,1.0,6.0,0.0,0.0,0.0,6.0,0.0,0.0,3.9196,0.3541,0.0,0.0,0.0,0.0,0.0,0.973,0.027,-1.033,1.0,914,1,Normal,normal
0.0,257.497,108.541,1.0,6.0,0.0,0.0,0.0,6.0,0.0,0.0,3.9196,0.3541,0.0,0.0,0.0,0.0,0.0,0.9748,0.0252,0.439,1.0,914,2,Normal,normal
0.0,256.13,108.857,1.0,6.0,0.0,0.0,0.0,6.0,0.0,0.0,3.9196,0.3541,0.0,0.0,0.0,0.0,0.0,0.9775,0.0225,0.441,1.0,914,3,Normal,normal
0.0,255.4,108.988,1.0,6.0,0.0,0.0,0.0,6.0,0.0,0.0,3.9196,0.3541,0.0,0.0,0.0,0.0,0.0,0.9741,0.0259,0.152,1.0,914,4,Normal,normal
0.0,254.835,108.861,1.0,6.0,0.0,0.0,0.0,6.0,0.0,0.0,3.9196,0.3541,0.0,0.0,0.0,0.0,0.0,0.9708,0.0292,0.194,1.0,914,5,Normal,normal
0.0,240.767,104.829,1.0,6.0,0.0,0.0,0.0,6.0,0.0,0.0,1.254,0.1133,0.0,0.0,0.0,0.0,0.0,0.9786,0.0214,-0.998,1.0,915,1,Normal,normal
0.0,239.162,104.668,1.0,6.0,0.0,0.0,0.0,6.0,0.0,0.0,1.254,0.1133,0.0,0.0,0.0,0.0,0.0,0.976,0.024,0.42,1.0,915,2,Normal,normal
0.0,237.883,104.936,1.0,6.0,0.0,0.0,0.0,6.0,0.0,0.0,1.254,0.1133,0.0,0.0,0.0,0.0,0.0,0.9777,0.0223,0.42,1.0,915,3,Normal,normal
0.0,237.062,105.07,1.0,6.0,0.0,0.0,0.0,6.0,0.0,0.0,1.254,0.1133,0.0,0.0,0.0,0.0,0.0,0.9807,0.0193,0.154,1.0,915,4,Normal,normal
0.0,236.46,104.923,1.0,6.0,0.0,0.0,0.0,6.0,0.0,0.0,1.254,0.1133,0.0,0.0,0.0,0.0,0.0,0.9737,0.0263,0.184,1.0,915,5,Normal,normal
0.0,356.977,140.915,1.0,6.0,0.0,0.0,0.0,6.0,0.0,0.0,0.11,0.0099,0.0,0.0,0.0,0.0,0.0,0.9791,0.0209,-0.969,1.0,916,1,Normal,normal
0.0,355.408,141.008,1.0,6.0,0.0,0.0,0.0,6.0,0.0,0.0,0.11,0.0099,0.0,0.0,0.0,0.0,0.0,0.9752,0.0248,0.411,1.0,916,2,Normal,normal
0.0,354.445,140.923,1.0,6.0,0.0,0.0,0.0,6.0,0.0,0.0,0.11,0.0099,0.0,0.0,0.0,0.0,0.0,0.9771,0.0229,0.408,1.0,916,3,Normal,normal
0.0,353.64,141.13,1.0,6.0,0.0,0.0,0.0,6.0,0.0,0.0,0.11,0.0099,0.0,0.0,0.0,0.0,0.0,0.9768,0.0232,0.153,1.0,916,4,Normal,normal
0.0,352.888,141.134,1.0,6.0,0.0,0.0,0.0,6.0,0.0,0.0,0.11,0.0099,0.0,0.0,0.0,0.0,0.0,0.974,0.026,0.179,1.0,916,5,Normal,normal
0.0,392.075,107.685,1.0,6.0,0.0,0.0,0.0,6.0,0.0,0.0,2.31,0.2087,0.0,0.0,0.0,0.0,0.0,0.9787,0.0213,-0.958,1.0,917,1,Normal,normal
0.0,390.708,107.726,1.0,6.0,0.0,0.0,0.0,6.0,0.0,0.0,2.31,0.2087,0.0,0.0,0.0,0.0,0.0,0.9774,0.0226,0.405,1.0,917,2,Normal,normal
0.0,389.808,107.591,1.0,6.0,0.0,0.0,0.0,6.0,0.0,0.0,2.31,0.2087,0.0,0.0,0.0,0.0,0.0,0.9813,0.0187,0.405,1.0,917,3,Normal,normal
0.0,389.007,107.732,1.0,6.0,0.0,0.0,0.0,6.0,0.0,0.0,2.31,0.2087,0.0,0.0,0.0,0.0,0.0,0.9797,0.0203,0.15,1.0,917,4,Normal,normal
0.0,388.188,107.664,1.0,6.0,0.0,0.0,0.0,6.0,0.0,0.0,2.31,0.2087,0.0,0.0,0.0,0.0,0.0,0.9738,0.0262,0.173,1.0,917,5,Normal,normal
0.0,358.817,145.943,1.0,6.0,0.0,0.0,0.0,6.0,0.0,0.0,1.0812,0.0977,0.0,0.0,0.0,0.0,0.0,0.9793,0.0207,-0.939,1.0,918,1,Normal,normal
0.0,357.293,146.116,1.0,6.0,0.0,0.0,0.0,6.0,0.0,0.0,1.0812,0.0977,0.0,0.0,0.0,0.0,0.0,0.9783,0.0217,0.404,1.0,918,2,Normal,normal
0.0,356.317,146.135,1.0,6.0,0.0,0.0,0.0,6.0,0.0,0.0,1.0812,0.0977,0.0,0.0,0.0,0.0,0.0,0.9753,0.0247,0.401,1.0,918,3,Normal,normal
0.0,355.493,146.258,1.0,6.0,0.0,0.0,0.0,6.0,0.0,0.0,1.0812,0.0977,0.0,0.0,0.0,0.0,0.0,0.9781,0.0219,0.145,1.0,918,4,Normal,normal
0.0,354.597,146.303,1.0,6.0,0.0,0.0,0.0,6.0,0.0,0.0,1.0812,0.0977,0.0,0.0,0.0,0.0,0.0,0.9738,0.0262,0.177,1.0,918,5,Normal,normal
0.0,304.728,132.589,1.0,6.0,0.0,0.0,0.0,6.0,0.0,0.0,0.8403,0.0759,0.0,0.0,0.0,0.0,0.0,0.9793,0.0207,-0.94,1.0,919,1,Normal,normal
0.0,303.23,132.682,1.0,6.0,0.0,0.0,0.0,6.0,0.0,0.0,0.8403,0.0759,0.0,0.0,0.0,0.0,0.0,0.9733,0.0267,0.394,1.0,919,2,Normal,normal
0.0,302.212,132.74,1.0,6.0,0.0,0.0,0.0,6.0,0.0,0.0,0.8403,0.0759,0.0,0.0,0.0,0.0,0.0,0.9746,0.0254,0.393,1.0,919,3,Normal,normal
0.0,301.368,132.808,1.0,6.0,0.0,0.0,0.0,6.0,0.0,0.0,0.8403,0.0759,0.0,0.0,0.0,0.0,0.0,0.978,0.022,0.137,1.0,919,4,Normal,normal
0.0,300.482,132.737,1.0,6.0,0.0,0.0,0.0,6.0,0.0,0.0,0.8403,0.0759,0.0,0.0,0.0,0.0,0.0,0.9732,0.0268,0.177,1.0,919,5,Normal,normal
0.0,288.577,115.223,1.0,6.0,0.0,0.0,0.0,6.0,0.0,0.0,1.5251,0.1378,0.0,0.0,0.0,0.0,0.0,0.9783,0.0217,-0.931,1.0,920,1,Normal,normal
0.0,286.898,115.162,1.0,6.0,0.0,0.0,0.0,6.0,0.0,0.0,1.5251,0.1378,0.0,0.0,0.0,0.0,0.0,0.9781,0.0219,0.393,1.0,920,2,Normal,normal
0.0,285.788,115.118,1.0,6.0,0.0,0.0,0.0,6.0,0.0,0.0,1.5251,0.1378,0.0,0.0,0.0,0.0,0.0,0.9762,0.0238,0.391,1.0,920,3,Normal,normal
0.0,284.86,115.097,1.0,6.0,0.0,0.0,0.0,6.0,0.0,0.0,1.5251,0.1378,0.0,0.0,0.0,0.0,0.0,0.9764,0.0236,0.135,1.0,920,4,Normal,normal
0.0,284.163,115.267,1.0,6.0,0.0,0.0,0.0,6.0,0.0,0.0,1.5251,0.1378,0.0,0.0,0.0,0.0,0.0,0.9723,0.0277,0.179,1.0,920,5,Normal,normal
0.0,249.092,128.975,1.0,6.0,0.0,0.0,0.0,6.0,0.0,0.0,3.9488,0.3567,0.0,0.0,0.0,0.0,0.0,0.9758,0.0242,-0.933,1.0,921,1,Normal,normal
0.0,247.548,128.748,1.0,6.0,0.0,0.0,0.0,6.0,0.0,0.0,3.9488,0.3567,0.0,0.0,0.0,0.0,0.0,0.9729,0.0271,0.396,1.0,921,2,Normal,normal
0.0,246.557,128.507,1.0,6.0,0.0,0.0,0.0,6.0,0.0,0.0,3.9488,0.3567,0.0,0.0,0.0,0.0,0.0,0.9708,0.0292,0.392,1.0,921,3,Normal,normal
0.0,245.862,128.302,1.0,6.0,0.0,0.0,0.0,6.0,0.0,0.0,3.9488,0.3567,0.0,0.0,0.0,0.0,0.0,0.9788,0.0212,0.143,1.0,921,4,Normal,normal
0.0,245.242,128.401,1.0,6.0,0.0,0.0,0.0,6.0,0.0,0.0,3.9488,0.3567,0.0,0.0,0.0,0.0,0.0,0.972,0.028,0.172,1.0,921,5,Normal,normal
0.0,247.418,130.712,1.0,6.0,0.0,0.0,0.0,6.0,35.1308,0.0,1482.5666,133.9205,1.0,6.0818,0.0,1.0,1.0,0.9766,0.0234,-0.943,1.0,922,1,Normal,normal
0.0,245.883,130.479,1.0,6.0,0.0,0.0,0.0,6.0,35.1308,0.0,1482.5666,133.9205,1.0,7.0815,0.0,1.0,1.0,0.9755,0.0245,0.402,1.0,922,2,Normal,normal
0.0,244.953,130.176,1.0,6.0,0.0,0.0,0.0,6.0,35.1308,1.0,1482.5666,133.9205,1.0,35.1308,0.0,1.0,1.0,0.85,0.15,0.395,1.0,922,3,Cyber Intrusion,data_injection
0.0,244.332,129.899,1.0,6.0,0.0,0.0,0.0,6.0,35.1308,0.0,1482.5666,133.9205,1.0,7.7268,0.0,1.0,1.0,0.9797,0.0203,0.139,1.0,922,4,Normal,normal
0.0,243.792,129.915,1.0,6.0,0.0,0.0,0.0,6.0,35.1308,0.0,1482.5666,133.9205,1.0,6.9441,0.0,1.0,1.0,0.9737,0.0263,0.173,1.0,922,5,Normal,normal
0.0,270.427,133.87,1.0,6.0,0.0,0.0,0.0,6.0,34.8836,0.0,1461.6595,132.0319,1.0,6.4956,0.0,1.0,1.0,0.9771,0.0229,-0.943,1.0,923,1,Normal,normal
0.0,269.01,133.836,1.0,6.0,0.0,0.0,0.0,6.0,34.8836,0.0,1461.6595,132.0319,1.0,7.0762,0.0,1.0,1.0,0.9747,0.0253,0.404,1.0,923,2,Normal,normal
0.0,268.27,133.629,1.0,6.0,0.0,0.0,0.0,6.0,34.8836,1.0,1461.6595,132.0319,1.0,34.8836,0.0,1.0,1.0,0.85,0.15,0.398,1.0,923,3,Cyber Intrusion,data_injection
0.0,267.798,133.456,1.0,6.0,0.0,0.0,0.0,6.0,34.8836,0.0,1461.6595,132.0319,1.0,7.5341,0.0,1.0,1.0,0.9783,0.0217,0.147,1.0,923,4,Normal,normal
0.0,267.34,133.539,1.0,6.0,0.0,0.0,0.0,6.0,34.8836,0.0,1461.6595,132.0319,1.0,6.2743,0.0,1.0,1.0,0.9709,0.0291,0.174,1.0,923,5,Normal,normal
0.0,212.575,108.564,1.0,6.0,0.0,0.0,0.0,6.0,35.0404,0.0,1473.9959,133.1463,1.0,6.9946,0.0,1.0,1.0,0.9791,0.0209,-0.953,1.0,924,1,Normal,normal
0.0,211.173,108.608,1.0,6.0,0.0,0.0,0.0,6.0,35.0404,0.0,1473.9959,133.1463,1.0,6.5852,0.0,1.0,1.0,0.9737,0.0263,0.406,1.0,924,2,Normal,normal
0.0,210.443,108.671,1.0,6.0,0.0,0.0,0.0,6.0,35.0404,1.0,1473.9959,133.1463,1.0,35.0404,0.0,1.0,1.0,0.85,0.15,0.407,1.0,924,3,Cyber Intrusion,data_injection
0.0,209.952,108.662,1.0,6.0,0.0,0.0,0.0,6.0,35.0404,0.0,1473.9959,133.1463,1.0,6.7394,0.0,1.0,1.0,0.9764,0.0236,0.154,1.0,924,4,Normal,normal
0.0,209.44,108.722,1.0,6.0,0.0,0.0,0.0,6.0,35.0404,0.0,1473.9959,133.1463,1.0,7.468,0.0,1.0,1.0,0.9749,0.0251,0.181,1.0,924,5,Normal,normal
0.0,211.903,109.104,1.0,6.0,0.0,0.0,0.0,6.0,34.3524,0.0,1417.7261,128.0634,1.0,6.3059,0.0,1.0,1.0,0.975,0.025,-0.959,1.0,925,1,Normal,normal
0.0,210.432,109.204,1.0,6.0,0.0,0.0,0.0,6.0,34.3524,0.0,1417.7261,128.0634,1.0,6.4645,0.0,1.0,1.0,0.9713,0.0287,0.412,1.0,925,2,Normal,normal
0.0,209.67,109.289,1.0,6.0,0.0,0.0,0.0,6.0,34.3524,1.0,1417.7261,128.0634,1.0,34.3524,0.0,1.0,1.0,0.85,0.15,0.416,1.0,925,3,Cyber Intrusion,data_injection
0.0,209.112,109.331,1.0,6.0,0.0,0.0,0.0,6.0,34.3524,0.0,1417.7261,128.0634,1.0,6.6985,0.0,1.0,1.0,0.9743,0.0257,0.145,1.0,925,4,Normal,normal
0.0,208.617,109.377,1.0,6.0,0.0,0.0,0.0,6.0,34.3524,0.0,1417.7261,128.0634,1.0,6.994,0.0,1.0,1.0,0.9714,0.0286,0.175,1.0,925,5,Normal,normal
0.0,182.27,75.385,1.0,6.0,0.0,0.0,0.0,6.0,0.0,0.0,2.1901,0.1978,0.0,0.0,0.0,0.0,0.0,0.9779,0.0221,-0.974,1.0,926,1,Normal,normal
0.0,180.605,75.234,1.0,6.0,0.0,0.0,0.0,6.0,0.0,0.0,2.1901,0.1978,0.0,0.0,0.0,0.0,0.0,0.9747,0.0253,0.42,1.0,926,2,Normal,normal
0.0,179.69,75.209,1.0,6.0,0.0,0.0,0.0,6.0,0.0,0.0,2.1901,0.1978,0.0,0.0,0.0,0.0,0.0,0.9733,0.0267,0.42,1.0,926,3,Cyber Intrusion,data_injection
0.0,179.018,75.147,1.0,6.0,0.0,0.0,0.0,6.0,0.0,0.0,2.1901,0.1978,0.0,0.0,0.0,0.0,0.0,0.9804,0.0196,0.152,1.0,926,4,Normal,normal
0.0,178.193,75.076,1.0,6.0,0.0,0.0,0.0,6.0,0.0,0.0,2.1901,0.1978,0.0,0.0,0.0,0.0,0.0,0.9741,0.0259,0.178,1.0,926,5,Normal,normal
0.0,155.757,37.799,1.0,6.0,0.0,0.0,0.0,6.0,0.0,0.0,0.915,0.0827,0.0,0.0,0.0,0.0,0.0,0.9785,0.0215,-0.99,1.0,927,1,Normal,normal
0.0,154.04,37.636,1.0,6.0,0.0,0.0,0.0,6.0,0.0,0.0,0.915,0.0827,0.0,0.0,0.0,0.0,0.0,0.9718,0.0282,0.424,1.0,927,2,Normal,normal
0.0,153.073,37.593,1.0,6.0,0.0,0.0,0.0,6.0,0.0,0.0,0.915,0.0827,0.0,0.0,0.0,0.0,0.0,0.9767,0.0233,0.421,1.0,927,3,Cyber Intrusion,data_injection
0.0,152.292,37.445,1.0,6.0,0.0,0.0,0.0,6.0,0.0,0.0,0.915,0.0827,0.0,0.0,0.0,0.0,0.0,0.9762,0.0238,0.149,1.0,927,4,Normal,normal
0.0,151.372,37.108,1.0,6.0,0.0,0.0,0.0,6.0,0.0,0.0,0.915,0.0827,0.0,0.0,0.0,0.0,0.0,0.9734,0.0266,0.191,1.0,927,5,Normal,normal
0.0,252.185,162.691,1.0,6.0,0.0,0.0,0.0,6.0,0.0,0.0,3.2111,0.2901,0.0,0.0,0.0,0.0,0.0,0.9769,0.0231,-0.998,1.0,928,1,Normal,normal
0.0,250.325,162.584,1.0,6.0,0.0,0.0,0.0,6.0,0.0,0.0,3.2111,0.2901,0.0,0.0,0.0,0.0,0.0,0.9731,0.0269,0.419,1.0,928,2,Normal,normal
0.0,249.383,162.59,1.0,6.0,0.0,0.0,0.0,6.0,0.0,0.0,3.2111,0.2901,0.0,0.0,0.0,0.0,0.0,0.9782,0.0218,0.431,1.0,928,3,Cyber Intrusion,data_injection
0.0,248.543,162.556,1.0,6.0,0.0,0.0,0.0,6.0,0.0,0.0,3.2111,0.2901,0.0,0.0,0.0,0.0,0.0,0.9724,0.0276,0.154,1.0,928,4,Normal,normal
0.0,247.555,162.543,1.0,6.0,0.0,0.0,0.0,6.0,0.0,0.0,3.2111,0.2901,0.0,0.0,0.0,0.0,0.0,0.9739,0.0261,0.191,1.0,928,5,Normal,normal
0.0,337.476,153.785,1.0,5.0,0.0,0.0,0.0,5.0,0.0,0.0,0.3921,0.0354,0.0,0.0,0.0,0.0,0.0,0.9766,0.0234,-1.0,1.0,929,1,Normal,normal
0.0,299.393,162.21,1.0,6.0,0.0,0.0,0.0,6.0,0.0,0.0,0.3921,0.0354,0.0,0.0,0.0,0.0,0.0,0.9738,0.0262,0.423,1.0,929,2,Normal,normal
0.0,298.552,162.288,1.0,6.0,0.0,0.0,0.0,6.0,0.0,0.0,0.3921,0.0354,0.0,0.0,0.0,0.0,0.0,0.9751,0.0249,0.422,1.0,929,3,Normal,normal
0.0,297.833,162.371,1.0,6.0,0.0,0.0,0.0,6.0,0.0,0.0,0.3921,0.0354,0.0,0.0,0.0,0.0,0.0,0.9771,0.0229,0.155,1.0,929,4,Normal,normal
1.0,280.369,155.782,2.0,6.0,1.0,0.0,0.0,7.0,0.0,0.0,0.3921,0.0354,0.0,0.0,0.0,0.0,0.0,0.9722,0.0278,0.191,1.0,929,5,Cyber Intrusion,command_injection
0.0,248.98,109.67,1.0,5.0,0.0,0.0,0.0,5.0,0.0,0.0,4.9648,0.4485,0.0,0.0,0.0,0.0,0.0,0.9825,0.0175,-1.014,1.0,930,1,Normal,normal
0.0,303.128,159.787,1.0,6.0,0.0,0.0,0.0,6.0,0.0,0.0,4.9648,0.4485,0.0,0.0,0.0,0.0,0.0,0.9717,0.0283,0.434,1.0,930,2,Normal,normal
0.0,302.405,159.776,1.0,6.0,0.0,0.0,0.0,6.0,0.0,0.0,4.9648,0.4485,0.0,0.0,0.0,0.0,0.0,0.9727,0.0273,0.425,1.0,930,3,Normal,normal
0.0,301.845,159.734,1.0,6.0,0.0,0.0,0.0,6.0,0.0,0.0,4.9648,0.4485,0.0,0.0,0.0,0.0,0.0,0.9764,0.0236,0.157,1.0,930,4,Normal,normal
1.0,283.969,153.681,2.0,6.0,1.0,0.0,0.0,7.0,0.0,0.0,4.9648,0.4485,0.0,0.0,0.0,0.0,0.0,0.968,0.032,0.185,1.0,930,5,Cyber Intrusion,command_injection
0.0,219.546,106.09,1.0,5.0,0.0,0.0,0.0,5.0,0.0,0.0,0.6066,0.0548,0.0,0.0,0.0,0.0,0.0,0.976,0.024,-1.021,1.0,931,1,Normal,normal
0.0,234.828,104.038,1.0,6.0,0.0,0.0,0.0,6.0,0.0,0.0,0.6066,0.0548,0.0,0.0,0.0,0.0,0.0,0.9719,0.0281,0.429,1.0,931,2,Normal,normal
0.0,234.125,104.053,1.0,6.0,0.0,0.0,0.0,6.0,0.0,0.0,0.6066,0.0548,0.0,0.0,0.0,0.0,0.0,0.975,0.025,0.43,1.0,931,3,Normal,normal
0.0,233.515,104.182,1.0,6.0,0.0,0.0,0.0,6.0,0.0,0.0,0.6066,0.0548,0.0,0.0,0.0,0.0,0.0,0.9745,0.0255,0.156,1.0,931,4,Normal,normal
1.0,225.39,98.204,2.0,6.0,1.0,0.0,0.0,7.0,0.0,0.0,0.6066,0.0548,0.0,0.0,0.0,0.0,0.0,0.9703,0.0297,0.185,1.0,931,5,Cyber Intrusion,command_injection
0.0,275.698,125.512,1.0,6.0,0.0,0.0,0.0,6.0,0.0,0.0,5.5166,0.4983,0.0,0.0,0.0,0.0,0.0,0.9746,0.0254,-1.024,1.0,932,1,Normal,normal
0.0,274.138,125.516,1.0,6.0,0.0,0.0,0.0,6.0,0.0,0.0,5.5166,0.4983,0.0,0.0,0.0,0.0,0.0,0.968,0.032,0.436,1.0,932,2,Normal,normal
0.0,273.445,125.438,1.0,6.0,0.0,0.0,0.0,6.0,0.0,0.0,5.5166,0.4983,0.0,0.0,0.0,0.0,0.0,0.9766,0.0234,0.434,1.0,932,3,Normal,normal
0.0,272.797,125.415,1.0,6.0,0.0,0.0,0.0,6.0,0.0,0.0,5.5166,0.4983,0.0,0.0,0.0,0.0,0.0,0.9777,0.0223,0.155,1.0,932,4,Normal,normal
0.0,272.057,125.244,1.0,6.0,0.0,0.0,0.0,6.0,0.0,0.0,5.5166,0.4983,0.0,0.0,0.0,0.0,0.0,0.9683,0.0317,0.195,1.0,932,5,Cyber Intrusion,command_injection
0.0,228.277,116.758,1.0,6.0,0.0,0.0,0.0,6.0,0.0,0.0,0.4819,0.0435,0.0,0.0,0.0,0.0,0.0,0.9771,0.0229,-1.033,1.0,933,1,Normal,normal
0.0,226.567,116.686,1.0,6.0,0.0,0.0,0.0,6.0,0.0,0.0,0.4819,0.0435,0.0,0.0,0.0,0.0,0.0,0.9738,0.0262,0.437,1.0,933,2,Normal,normal
0.0,225.703,116.625,1.0,6.0,0.0,0.0,0.0,6.0,0.0,0.0,0.4819,0.0435,0.0,0.0,0.0,0.0,0.0,0.9741,0.0259,0.44,1.0,933,3,Normal,normal
0.0,224.807,116.519,1.0,6.0,0.0,0.0,0.0,6.0,0.0,0.0,0.4819,0.0435,0.0,0.0,0.0,0.0,0.0,0.9764,0.0236,0.154,1.0,933,4,Normal,normal
0.0,223.85,116.337,1.0,6.0,0.0,0.0,0.0,6.0,0.0,0.0,0.4819,0.0435,0.0,0.0,0.0,0.0,0.0,0.9738,0.0262,0.185,1.0,933,5,Cyber Intrusion,command_injection
0.0,236.15,110.208,1.0,6.0,0.0,0.0,0.0,6.0,0.0,0.0,3.7607,0.3397,0.0,0.0,0.0,0.0,0.0,0.9778,0.0222,-1.03,1.0,934,1,Normal,normal
0.0,234.437,110.151,1.0,6.0,0.0,0.0,0.0,6.0,0.0,0.0,3.7607,0.3397,0.0,0.0,0.0,0.0,0.0,0.9752,0.0248,0.447,1.0,934,2,Normal,normal
0.0,233.577,110.092,1.0,6.0,0.0,0.0,0.0,6.0,0.0,0.0,3.7607,0.3397,0.0,0.0,0.0,0.0,0.0,0.9735,0.0265,0.441,1.0,934,3,Normal,normal
0.0,232.668,110.011,1.0,6.0,0.0,0.0,0.0,6.0,0.0,0.0,3.7607,0.3397,0.0,0.0,0.0,0.0,0.0,0.9701,0.0299,0.157,1.0,934,4,Normal,normal
0.0,231.647,109.895,1.0,6.0,0.0,0.0,0.0,6.0,0.0,0.0,3.7607,0.3397,0.0,0.0,0.0,0.0,0.0,0.9719,0.0281,0.191,1.0,934,5,Cyber Intrusion,command_injection
0.0,255.6,99.258,1.0,6.0,0.0,0.0,0.0,6.0,31.0517,0.0,1158.3112,104.6304,1.0,5.719,0.0,1.0,1.0,0.9753,0.0247,-1.033,1.0,935,1,Normal,normal
0.0,254.033,99.286,1.0,6.0,0.0,0.0,0.0,6.0,31.0517,1.0,1158.3112,104.6304,1.0,31.0517,0.0,1.0,1.0,0.8605,0.1395,0.434,1.0,935,2,Cyber Intrusion,data_injection
0.0,253.118,99.267,1.0,6.0,0.0,0.0,0.0,6.0,31.0517,0.0,1158.3112,104.6304,1.0,6.2936,0.0,1.0,1.0,0.9738,0.0262,0.443,1.0,935,3,Normal,normal
0.0,252.41,99.397,1.0,6.0,0.0,0.0,0.0,6.0,31.0517,0.0,1158.3112,104.6304,1.0,5.9585,0.0,1.0,1.0,0.974,0.026,0.149,1.0,935,4,Normal,normal
0.0,251.558,99.49,1.0,6.0,0.0,0.0,0.0,6.0,31.0517,0.0,1158.3112,104.6304,1.0,6.4972,0.0,1.0,1.0,0.9716,0.0284,0.191,1.0,935,5,Normal,normal
0.0,220.32,109.171,1.0,6.0,0.0,0.0,0.0,6.0,31.1502,0.0,1166.2788,105.3501,1.0,6.4032,0.0,1.0,1.0,0.9777,0.0223,-1.038,1.0,936,1,Normal,normal
0.0,218.838,109.084,1.0,6.0,0.0,0.0,0.0,6.0,31.1502,1.0,1166.2788,105.3501,1.0,31.1502,0.0,1.0,1.0,0.8605,0.1395,0.444,1.0,936,2,Cyber Intrusion,data_injection
0.0,217.903,108.973,1.0,6.0,0.0,0.0,0.0,6.0,31.1502,0.0,1166.2788,105.3501,1.0,5.4143,0.0,1.0,1.0,0.9715,0.0285,0.442,1.0,936,3,Normal,normal
0.0,217.26,108.993,1.0,6.0,0.0,0.0,0.0,6.0,31.1502,0.0,1166.2788,105.3501,1.0,6.8129,0.0,1.0,1.0,0.9769,0.0231,0.154,1.0,936,4,Normal,normal
0.0,216.605,108.947,1.0,6.0,0.0,0.0,0.0,6.0,31.1502,0.0,1166.2788,105.3501,1.0,6.1111,0.0,1.0,1.0,0.9707,0.0293,0.192,1.0,936,5,Normal,normal
0.0,224.037,105.84,1.0,6.0,0.0,0.0,0.0,6.0,31.2403,0.0,1172.2009,105.8851,1.0,6.0433,0.0,1.0,1.0,0.9769,0.0231,-1.055,1.0,937,1,Normal,normal
0.0,222.502,105.794,1.0,6.0,0.0,0.0,0.0,6.0,31.2403,1.0,1172.2009,105.8851,1.0,31.2403,0.0,1.0,1.0,0.8605,0.1395,0.447,1.0,937,2,Cyber Intrusion,data_injection
0.0,221.567,105.672,1.0,6.0,0.0,0.0,0.0,6.0,31.2403,0.0,1172.2009,105.8851,1.0,5.9277,0.0,1.0,1.0,0.9733,0.0267,0.44,1.0,937,3,Normal,normal
0.0,220.912,105.692,1.0,6.0,0.0,0.0,0.0,6.0,31.2403,0.0,1172.2009,105.8851,1.0,6.3634,0.0,1.0,1.0,0.9758,0.0242,0.166,1.0,937,4,Normal,normal
0.0,220.27,105.623,1.0,6.0,0.0,0.0,0.0,6.0,31.2403,0.0,1172.2009,105.8851,1.0,6.6587,0.0,1.0,1.0,0.9726,0.0274,0.196,1.0,937,5,Normal,normal
0.0,242.498,98.123,1.0,6.0,0.0,0.0,0.0,6.0,31.2725,0.0,1175.0161,106.1394,1.0,6.3883,0.0,1.0,1.0,0.9781,0.0219,-1.057,1.0,938,1,Normal,normal
0.0,240.94,98.076,1.0,6.0,0.0,0.0,0.0,6.0,31.2725,1.0,1175.0161,106.1394,1.0,31.2725,0.0,1.0,1.0,0.8605,0.1395,0.446,1.0,938,2,Cyber Intrusion,data_injection
0.0,240.027,98.04,1.0,6.0,0.0,0.0,0.0,6.0,31.2725,0.0,1175.0161,106.1394,1.0,6.8677,0.0,1.0,1.0,0.9763,0.0237,0.447,1.0,938,3,Normal,normal
0.0,239.37,98.075,1.0,6.0,0.0,0.0,0.0,6.0,31.2725,0.0,1175.0161,106.1394,1.0,5.7464,0.0,1.0,1.0,0.9741,0.0259,0.161,1.0,938,4,Normal,normal
0.0,238.855,98.079,1.0,6.0,0.0,0.0,0.0,6.0,31.2725,0.0,1175.0161,106.1394,1.0,6.1358,0.0,1.0,1.0,0.9711,0.0289,0.195,1.0,938,5,Normal,normal
0.0,217.435,88.869,1.0,6.0,0.0,0.0,0.0,6.0,30.6094,0.0,1126.665,101.7718,1.0,6.3159,0.0,1.0,1.0,0.9759,0.0241,-1.071,1.0,939,1,Normal,normal
0.0,215.883,88.821,1.0,6.0,0.0,0.0,0.0,6.0,30.6094,1.0,1126.665,101.7718,1.0,30.6094,0.0,1.0,1.0,0.8605,0.1395,0.449,1.0,939,2,Cyber Intrusion,data_injection
0.0,215.075,88.809,1.0,6.0,0.0,0.0,0.0,6.0,30.6094,0.0,1126.665,101.7718,1.0,6.3574,0.0,1.0,1.0,0.9727,0.0273,0.445,1.0,939,3,Normal,normal
0.0,214.438,88.84,1.0,6.0,0.0,0.0,0.0,6.0,30.6094,0.0,1126.665,101.7718,1.0,5.0464,0.0,1.0,1.0,0.97,0.03,0.166,1.0,939,4,Normal,normal
0.0,213.94,88.843,1.0,6.0,0.0,0.0,0.0,6.0,30.6094,0.0,1126.665,101.7718,1.0,6.1892,0.0,1.0,1.0,0.9692,0.0308,0.201,1.0,939,5,Normal,normal
0.0,353.762,165.621,1.0,6.0,0.0,0.0,0.0,6.0,0.0,0.0,2.0893,0.1887,0.0,0.0,0.0,0.0,0.0,0.9759,0.0241,-1.086,1.0,940,1,Normal,normal
0.0,352.188,165.739,1.0,6.0,0.0,0.0,0.0,6.0,0.0,0.0,2.0893,0.1887,0.0,0.0,0.0,0.0,0.0,0.9739,0.0261,0.456,1.0,940,2,Cyber Intrusion,data_injection
0.0,351.392,165.785,1.0,6.0,0.0,0.0,0.0,6.0,0.0,0.0,2.0893,0.1887,0.0,0.0,0.0,0.0,0.0,0.9705,0.0295,0.467,1.0,940,3,Normal,normal
0.0,350.787,165.959,1.0,6.0,0.0,0.0,0.0,6.0,0.0,0.0,2.0893,0.1887,0.0,0.0,0.0,0.0,0.0,0.9713,0.0287,0.168,1.0,940,4,Normal,normal
0.0,350.235,166.036,1.0,6.0,0.0,0.0,0.0,6.0,0.0,0.0,2.0893,0.1887,0.0,0.0,0.0,0.0,0.0,0.9708,0.0292,0.202,1.0,940,5,Normal,normal
0.0,392.407,148.181,1.0,6.0,0.0,0.0,0.0,6.0,0.0,0.0,3.4042,0.3075,0.0,0.0,0.0,0.0,0.0,0.9742,0.0258,-1.095,1.0,941,1,Normal,normal
0.0,390.767,148.327,1.0,6.0,0.0,0.0,0.0,6.0,0.0,0.0,3.4042,0.3075,0.0,0.0,0.0,0.0,0.0,0.9729,0.0271,0.471,1.0,941,2,Cyber Intrusion,data_injection
0.0,390.068,148.26,1.0,6.0,0.0,0.0,0.0,6.0,0.0,0.0,3.4042,0.3075,0.0,0.0,0.0,0.0,0.0,0.9696,0.0304,0.469,1.0,941,3,Normal,normal
0.0,389.475,148.296,1.0,6.0,0.0,0.0,0.0,6.0,0.0,0.0,3.4042,0.3075,0.0,0.0,0.0,0.0,0.0,0.9759,0.0241,0.171,1.0,941,4,Normal,normal
0.0,388.872,148.216,1.0,6.0,0.0,0.0,0.0,6.0,0.0,0.0,3.4042,0.3075,0.0,0.0,0.0,0.0,0.0,0.9658,0.0342,0.205,1.0,941,5,Normal,normal
0.0,359.883,181.55,1.0,6.0,0.0,0.0,0.0,6.0,0.0,0.0,2.1655,0.1956,0.0,0.0,0.0,0.0,0.0,0.9729,0.0271,-1.127,1.0,942,1,Normal,normal
0.0,358.487,181.406,1.0,6.0,0.0,0.0,0.0,6.0,0.0,0.0,2.1655,0.1956,0.0,0.0,0.0,0.0,0.0,0.9685,0.0315,0.475,1.0,942,2,Cyber Intrusion,data_injection
0.0,357.832,181.317,1.0,6.0,0.0,0.0,0.0,6.0,0.0,0.0,2.1655,0.1956,0.0,0.0,0.0,0.0,0.0,0.9702,0.0298,0.478,1.0,942,3,Normal,normal
0.0,357.305,181.297,1.0,6.0,0.0,0.0,0.0,6.0,0.0,0.0,2.1655,0.1956,0.0,0.0,0.0,0.0,0.0,0.9711,0.0289,0.172,1.0,942,4,Normal,normal
0.0,356.727,181.19,1.0,6.0,0.0,0.0,0.0,6.0,0.0,0.0,2.1655,0.1956,0.0,0.0,0.0,0.0,0.0,0.9631,0.0369,0.21,1.0,942,5,Normal,normal
0.0,292.522,165.44,1.0,6.0,0.0,0.0,0.0,6.0,0.0,0.0,1.7472,0.1578,0.0,0.0,0.0,0.0,0.0,0.9743,0.0257,-1.164,1.0,943,1,Normal,normal
0.0,291.08,165.297,1.0,6.0,0.0,0.0,0.0,6.0,0.0,0.0,1.7472,0.1578,0.0,0.0,0.0,0.0,0.0,0.9675,0.0325,0.495,1.0,943,2,Cyber Intrusion,data_injection
0.0,290.435,165.288,1.0,6.0,0.0,0.0,0.0,6.0,0.0,0.0,1.7472,0.1578,0.0,0.0,0.0,0.0,0.0,0.9721,0.0279,0.488,1.0,943,3,Normal,normal
0.0,289.855,165.264,1.0,6.0,0.0,0.0,0.0,6.0,0.0,0.0,1.7472,0.1578,0.0,0.0,0.0,0.0,0.0,0.9754,0.0246,0.174,1.0,943,4,Normal,normal
0.0,289.168,165.19,1.0,6.0,0.0,0.0,0.0,6.0,0.0,0.0,1.7472,0.1578,0.0,0.0,0.0,0.0,0.0,0.9696,0.0304,0.224,1.0,943,5,Normal,normal
0.0,242.447,110.677,1.0,6.0,0.0,0.0,0.0,6.0,0.0,0.0,1.9277,0.1741,0.0,0.0,0.0,0.0,0.0,0.9717,0.0283,-1.185,1.0,944,1,Normal,normal
0.0,240.862,110.25,1.0,6.0,0.0,0.0,0.0,6.0,0.0,0.0,1.9277,0.1741,0.0,0.0,0.0,0.0,0.0,0.9718,0.0282,0.497,1.0,944,2,Cyber Intrusion,data_injection
0.0,240.127,110.1,1.0,6.0,0.0,0.0,0.0,6.0,0.0,0.0,1.9277,0.1741,0.0,0.0,0.0,0.0,0.0,0.9686,0.0314,0.502,1.0,944,3,Normal,normal
0.0,239.557,110.054,1.0,6.0,0.0,0.0,0.0,6.0,0.0,0.0,1.9277,0.1741,0.0,0.0,0.0,0.0,0.0,0.9711,0.0289,0.18,1.0,944,4,Normal,normal
0.0,238.945,110.088,1.0,6.0,0.0,0.0,0.0,6.0,0.0,0.0,1.9277,0.1741,0.0,0.0,0.0,0.0,0.0,0.9676,0.0324,0.216,1.0,944,5,Normal,normal
0.0,268.316,103.161,1.0,5.0,0.0,0.0,0.0,5.0,0.0,0.0,1.5988,0.1444,0.0,0.0,0.0,0.0,0.0,0.9736,0.0264,-1.22,1.0,945,1,Normal,normal
1.0,230.653,105.153,2.0,6.0,1.0,0.0,0.0,7.0,0.0,0.0,1.5988,0.1444,0.0,0.0,0.0,0.0,0.0,0.969,0.031,0.517,1.0,945,2,Cyber Intrusion,command_injection
0.0,240.127,110.151,1.0,6.0,0.0,0.0,0.0,6.0,0.0,0.0,1.5988,0.1444,0.0,0.0,0.0,0.0,0.0,0.967,0.033,0.513,1.0,945,3,Normal,normal
0.0,239.535,110.136,1.0,6.0,0.0,0.0,0.0,6.0,0.0,0.0,1.5988,0.1444,0.0,0.0,0.0,0.0,0.0,0.9704,0.0296,0.185,1.0,945,4,Normal,normal
0.0,238.888,110.202,1.0,6.0,0.0,0.0,0.0,6.0,0.0,0.0,1.5988,0.1444,0.0,0.0,0.0,0.0,0.0,0.9689,0.0311,0.227,1.0,945,5,Normal,normal
0.0,257.774,115.118,1.0,5.0,0.0,0.0,0.0,5.0,0.0,0.0,1.4576,0.1317,0.0,0.0,0.0,0.0,0.0,0.9717,0.0283,-1.24,1.0,946,1,Normal,normal
1.0,230.76,105.031,2.0,6.0,1.0,0.0,0.0,7.0,0.0,0.0,1.4576,0.1317,0.0,0.0,0.0,0.0,0.0,0.9699,0.0301,0.53,1.0,946,2,Cyber Intrusion,command_injection
0.0,240.183,110.084,1.0,6.0,0.0,0.0,0.0,6.0,0.0,0.0,1.4576,0.1317,0.0,0.0,0.0,0.0,0.0,0.9685,0.0315,0.528,1.0,946,3,Normal,normal
0.0,239.555,110.113,1.0,6.0,0.0,0.0,0.0,6.0,0.0,0.0,1.4576,0.1317,0.0,0.0,0.0,0.0,0.0,0.9734,0.0266,0.193,1.0,946,4,Normal,normal
0.0,238.92,110.165,1.0,6.0,0.0,0.0,0.0,6.0,0.0,0.0,1.4576,0.1317,0.0,0.0,0.0,0.0,0.0,0.9663,0.0337,0.231,1.0,946,5,Normal,normal
0.0,177.416,56.461,1.0,5.0,0.0,0.0,0.0,5.0,0.0,0.0,0.7451,0.0673,0.0,0.0,0.0,0.0,0.0,0.9726,0.0274,-1.295,1.0,947,1,Normal,normal
1.0,189.136,58.75,2.0,6.0,1.0,0.0,0.0,7.0,0.0,0.0,0.7451,0.0673,0.0,0.0,0.0,0.0,0.0,0.966,0.034,0.542,1.0,947,2,Cyber Intrusion,command_injection
0.0,191.747,62.889,1.0,6.0,0.0,0.0,0.0,6.0,0.0,0.0,0.7451,0.0673,0.0,0.0,0.0,0.0,0.0,0.9664,0.0336,0.549,1.0,947,3,Normal,normal
0.0,191.235,62.971,1.0,6.0,0.0,0.0,0.0,6.0,0.0,0.0,0.7451,0.0673,0.0,0.0,0.0,0.0,0.0,0.9711,0.0289,0.196,1.0,947,4,Normal,normal
0.0,190.745,62.912,1.0,6.0,0.0,0.0,0.0,6.0,0.0,0.0,0.7451,0.0673,0.0,0.0,0.0,0.0,0.0,0.9655,0.0345,0.235,1.0,947,5,Normal,normal
0.0,167.0,56.56,1.0,6.0,0.0,0.0,0.0,6.0,0.0,0.0,2.19,0.1978,0.0,0.0,0.0,0.0,0.0,0.9676,0.0324,-1.32,1.0,948,1,Normal,normal
0.0,165.915,56.667,1.0,6.0,0.0,0.0,0.0,6.0,0.0,0.0,2.19,0.1978,0.0,0.0,0.0,0.0,0.0,0.9671,0.0329,0.566,1.0,948,2,Cyber Intrusion,command_injection
0.0,165.235,56.739,1.0,6.0,0.0,0.0,0.0,6.0,0.0,0.0,2.19,0.1978,0.0,0.0,0.0,0.0,0.0,0.9666,0.0334,0.559,1.0,948,3,Normal,normal
0.0,164.683,56.881,1.0,6.0,0.0,0.0,0.0,6.0,0.0,0.0,2.19,0.1978,0.0,0.0,0.0,0.0,0.0,0.9664,0.0336,0.197,1.0,948,4,Normal,normal
0.0,164.238,56.89,1.0,6.0,0.0,0.0,0.0,6.0,0.0,0.0,2.19,0.1978,0.0,0.0,0.0,0.0,0.0,0.9607,0.0393,0.24,1.0,948,5,Normal,normal
0.0,143.15,41.105,1.0,6.0,0.0,0.0,0.0,6.0,0.0,0.0,3.4041,0.3075,0.0,0.0,0.0,0.0,0.0,0.9722,0.0278,-1.359,1.0,949,1,Normal,normal
0.0,142.103,41.198,1.0,6.0,0.0,0.0,0.0,6.0,0.0,0.0,3.4041,0.3075,0.0,0.0,0.0,0.0,0.0,0.9611,0.0389,0.58,1.0,949,2,Cyber Intrusion,command_injection
0.0,141.46,41.318,1.0,6.0,0.0,0.0,0.0,6.0,0.0,0.0,3.4041,0.3075,0.0,0.0,0.0,0.0,0.0,0.9664,0.0336,0.569,1.0,949,3,Normal,normal
0.0,140.945,41.475,1.0,6.0,0.0,0.0,0.0,6.0,0.0,0.0,3.4041,0.3075,0.0,0.0,0.0,0.0,0.0,0.966,0.034,0.208,1.0,949,4,Normal,normal
0.0,140.503,41.532,1.0,6.0,0.0,0.0,0.0,6.0,0.0,0.0,3.4041,0.3075,0.0,0.0,0.0,0.0,0.0,0.9576,0.0424,0.258,1.0,949,5,Normal,normal
0.0,160.73,46.598,1.0,6.0,0.0,0.0,0.0,6.0,0.0,0.0,1.4925,0.1348,0.0,0.0,0.0,0.0,0.0,0.9666,0.0334,-1.414,1.0,950,1,Normal,normal
0.0,159.66,46.702,1.0,6.0,0.0,0.0,0.0,6.0,0.0,0.0,1.4925,0.1348,0.0,0.0,0.0,0.0,0.0,0.9621,0.0379,0.604,1.0,950,2,Cyber Intrusion,command_injection
0.0,159.03,46.701,1.0,6.0,0.0,0.0,0.0,6.0,0.0,0.0,1.4925,0.1348,0.0,0.0,0.0,0.0,0.0,0.9627,0.0373,0.597,1.0,950,3,Normal,normal
0.0,158.492,46.708,1.0,6.0,0.0,0.0,0.0,6.0,0.0,0.0,1.4925,0.1348,0.0,0.0,0.0,0.0,0.0,0.9655,0.0345,0.216,1.0,950,4,Normal,normal
0.0,158.043,46.763,1.0,6.0,0.0,0.0,0.0,6.0,0.0,0.0,1.4925,0.1348,0.0,0.0,0.0,0.0,0.0,0.963,0.037,0.257,1.0,950,5,Normal,normal
0.0,254.207,143.406,1.0,6.0,0.0,0.0,0.0,6.0,0.0,0.0,1.4459,0.1306,0.0,0.0,0.0,0.0,0.0,0.9664,0.0336,-1.43,1.0,951,1,Normal,normal
0.0,253.103,143.35,1.0,6.0,0.0,0.0,0.0,6.0,0.0,0.0,1.4459,0.1306,0.0,0.0,0.0,0.0,0.0,0.9595,0.0405,0.604,1.0,951,2,Cyber Intrusion,command_injection
0.0,252.383,143.221,1.0,6.0,0.0,0.0,0.0,6.0,0.0,0.0,1.4459,0.1306,0.0,0.0,0.0,0.0,0.0,0.9633,0.0367,0.606,1.0,951,3,Normal,normal
0.0,251.678,143.108,1.0,6.0,0.0,0.0,0.0,6.0,0.0,0.0,1.4459,0.1306,0.0,0.0,0.0,0.0,0.0,0.9663,0.0337,0.216,1.0,951,4,Normal,normal
0.0,251.132,143.051,1.0,6.0,0.0,0.0,0.0,6.0,0.0,0.0,1.4459,0.1306,0.0,0.0,0.0,0.0,0.0,0.9568,0.0432,0.266,1.0,951,5,Normal,normal
0.0,251.48,144.946,1.0,6.0,0.0,0.0,0.0,6.0,0.0,0.0,0.8633,0.078,0.0,0.0,0.0,0.0,0.0,0.9686,0.0314,-1.471,1.0,952,1,Normal,normal
0.0,250.347,144.859,1.0,6.0,0.0,0.0,0.0,6.0,0.0,0.0,0.8633,0.078,0.0,0.0,0.0,0.0,0.0,0.9594,0.0406,0.628,1.0,952,2,Cyber Intrusion,command_injection
0.0,249.642,144.706,1.0,6.0,0.0,0.0,0.0,6.0,0.0,0.0,0.8633,0.078,0.0,0.0,0.0,0.0,0.0,0.9638,0.0362,0.631,1.0,952,3,Normal,normal
0.0,248.962,144.54,1.0,6.0,0.0,0.0,0.0,6.0,0.0,0.0,0.8633,0.078,0.0,0.0,0.0,0.0,0.0,0.9661,0.0339,0.223,1.0,952,4,Normal,normal
0.0,248.4,144.473,1.0,6.0,0.0,0.0,0.0,6.0,0.0,0.0,0.8633,0.078,0.0,0.0,0.0,0.0,0.0,0.958,0.042,0.282,1.0,952,5,Normal,normal
0.0,256.883,140.207,1.0,6.0,0.0,0.0,0.0,6.0,50.0614,0.0,3008.0277,271.7156,1.0,9.467,0.0,1.0,1.0,0.9651,0.0349,-1.504,1.0,953,1,Normal,normal
0.0,255.587,140.255,1.0,6.0,0.0,0.0,0.0,6.0,50.0614,0.0,3008.0277,271.7156,1.0,9.7245,0.0,1.0,1.0,0.9592,0.0408,0.636,1.0,953,2,Normal,normal
0.0,254.787,140.179,1.0,6.0,0.0,0.0,0.0,6.0,50.0614,0.0,3008.0277,271.7156,1.0,11.1494,0.0,1.0,1.0,0.9653,0.0347,0.643,1.0,953,3,Normal,normal
0.0,254.037,140.072,1.0,6.0,0.0,0.0,0.0,6.0,50.0614,1.0,3008.0277,271.7156,1.0,50.0614,0.0,1.0,1.0,0.7834,0.2166,0.236,1.0,953,4,Cyber Intrusion,data_injection
0.0,253.453,140.016,1.0,6.0,0.0,0.0,0.0,6.0,50.0614,0.0,3008.0277,271.7156,1.0,9.5135,0.0,1.0,1.0,0.9562,0.0438,0.278,1.0,953,5,Normal,normal
0.0,263.737,123.277,1.0,6.0,0.0,0.0,0.0,6.0,50.0196,0.0,3002.3752,271.205,1.0,9.7105,0.0,1.0,1.0,0.9658,0.0342,-1.52,1.0,954,1,Normal,normal
0.0,262.508,123.42,1.0,6.0,0.0,0.0,0.0,6.0,50.0196,0.0,3002.3752,271.205,1.0,10.5713,0.0,1.0,1.0,0.9616,0.0384,0.646,1.0,954,2,Normal,normal
0.0,261.783,123.385,1.0,6.0,0.0,0.0,0.0,6.0,50.0196,0.0,3002.3752,271.205,1.0,10.4402,0.0,1.0,1.0,0.9631,0.0369,0.649,1.0,954,3,Normal,normal
0.0,261.125,123.279,1.0,6.0,0.0,0.0,0.0,6.0,50.0196,1.0,3002.3752,271.205,1.0,50.0196,0.0,1.0,1.0,0.7834,0.2166,0.239,1.0,954,4,Cyber Intrusion,data_injection
0.0,260.473,123.123,1.0,6.0,0.0,0.0,0.0,6.0,50.0196,0.0,3002.3752,271.205,1.0,9.2034,0.0,1.0,1.0,0.9551,0.0449,0.285,1.0,954,5,Normal,normal
0.0,228.958,110.966,1.0,6.0,0.0,0.0,0.0,6.0,0.0,0.0,0.2052,0.0185,0.0,0.0,0.0,0.0,0.0,0.9644,0.0356,-1.538,1.0,955,1,Normal,normal
0.0,227.812,111.092,1.0,6.0,0.0,0.0,0.0,6.0,0.0,0.0,0.2052,0.0185,0.0,0.0,0.0,0.0,0.0,0.9594,0.0406,0.655,1.0,955,2,Normal,normal
0.0,227.323,110.926,1.0,6.0,0.0,0.0,0.0,6.0,0.0,0.0,0.2052,0.0185,0.0,0.0,0.0,0.0,0.0,0.9603,0.0397,0.655,1.0,955,3,Normal,normal
0.0,226.78,110.857,1.0,6.0,0.0,0.0,0.0,6.0,0.0,0.0,0.2052,0.0185,0.0,0.0,0.0,0.0,0.0,0.9623,0.0377,0.24,1.0,955,4,Cyber Intrusion,data_injection
0.0,226.23,110.705,1.0,6.0,0.0,0.0,0.0,6.0,0.0,0.0,0.2052,0.0185,0.0,0.0,0.0,0.0,0.0,0.956,0.044,0.294,1.0,955,5,Normal,normal
0.0,372.54,169.517,1.0,6.0,0.0,0.0,0.0,6.0,0.0,0.0,3.1253,0.2823,0.0,0.0,0.0,0.0,0.0,0.9611,0.0389,-1.557,1.0,956,1,Normal,normal
0.0,371.547,169.764,1.0,6.0,0.0,0.0,0.0,6.0,0.0,0.0,3.1253,0.2823,0.0,0.0,0.0,0.0,0.0,0.9612,0.0388,0.663,1.0,956,2,Normal,normal
0.0,370.94,169.472,1.0,6.0,0.0,0.0,0.0,6.0,0.0,0.0,3.1253,0.2823,0.0,0.0,0.0,0.0,0.0,0.9585,0.0415,0.654,1.0,956,3,Normal,normal
0.0,370.315,169.403,1.0,6.0,0.0,0.0,0.0,6.0,0.0,0.0,3.1253,0.2823,0.0,0.0,0.0,0.0,0.0,0.9603,0.0397,0.234,1.0,956,4,Cyber Intrusion,data_injection
0.0,369.645,169.271,1.0,6.0,0.0,0.0,0.0,6.0,0.0,0.0,3.1253,0.2823,0.0,0.0,0.0,0.0,0.0,0.9563,0.0437,0.292,1.0,956,5,Normal,normal
0.0,421.22,151.019,1.0,6.0,0.0,0.0,0.0,6.0,0.0,0.0,2.5936,0.2343,0.0,0.0,0.0,0.0,0.0,0.9684,0.0316,-1.567,1.0,957,1,Normal,normal
0.0,420.305,151.048,1.0,6.0,0.0,0.0,0.0,6.0,0.0,0.0,2.5936,0.2343,0.0,0.0,0.0,0.0,0.0,0.9574,0.0426,0.66,1.0,957,2,Normal,normal
0.0,419.782,150.573,1.0,6.0,0.0,0.0,0.0,6.0,0.0,0.0,2.5936,0.2343,0.0,0.0,0.0,0.0,0.0,0.9597,0.0403,0.66,1.0,957,3,Normal,normal
0.0,419.128,150.42,1.0,6.0,0.0,0.0,0.0,6.0,0.0,0.0,2.5936,0.2343,0.0,0.0,0.0,0.0,0.0,0.9589,0.0411,0.231,1.0,957,4,Normal,normal
0.0,418.493,150.208,1.0,6.0,0.0,0.0,0.0,6.0,0.0,0.0,2.5936,0.2343,0.0,0.0,0.0,0.0,0.0,0.9547,0.0453,0.289,1.0,957,5,Normal,normal
0.0,384.335,189.446,1.0,6.0,0.0,0.0,0.0,6.0,0.0,0.0,1.119,0.1011,0.0,0.0,0.0,0.0,0.0,0.9629,0.0371,-1.554,1.0,958,1,Normal,normal
0.0,383.322,189.548,1.0,6.0,0.0,0.0,0.0,6.0,0.0,0.0,1.119,0.1011,0.0,0.0,0.0,0.0,0.0,0.9593,0.0407,0.663,1.0,958,2,Normal,normal
0.0,382.55,189.405,1.0,6.0,0.0,0.0,0.0,6.0,0.0,0.0,1.119,0.1011,0.0,0.0,0.0,0.0,0.0,0.9598,0.0402,0.657,1.0,958,3,Normal,normal
0.0,381.802,189.312,1.0,6.0,0.0,0.0,0.0,6.0,0.0,0.0,1.119,0.1011,0.0,0.0,0.0,0.0,0.0,0.9614,0.0386,0.232,1.0,958,4,Normal,normal
0.0,381.11,189.127,1.0,6.0,0.0,0.0,0.0,6.0,0.0,0.0,1.119,0.1011,0.0,0.0,0.0,0.0,0.0,0.9578,0.0422,0.29,1.0,958,5,Normal,normal
0.0,322.12,178.214,1.0,6.0,0.0,0.0,0.0,6.0,0.0,0.0,2.5998,0.2348,0.0,0.0,0.0,0.0,0.0,0.9629,0.0371,-1.544,1.0,959,1,Normal,normal
0.0,320.932,178.249,1.0,6.0,0.0,0.0,0.0,6.0,0.0,0.0,2.5998,0.2348,0.0,0.0,0.0,0.0,0.0,0.9567,0.0433,0.651,1.0,959,2,Normal,normal
0.0,320.145,178.044,1.0,6.0,0.0,0.0,0.0,6.0,0.0,0.0,2.5998,0.2348,0.0,0.0,0.0,0.0,0.0,0.9639,0.0361,0.647,1.0,959,3,Normal,normal
0.0,319.392,177.893,1.0,6.0,0.0,0.0,0.0,6.0,0.0,0.0,2.5998,0.2348,0.0,0.0,0.0,0.0,0.0,0.9611,0.0389,0.236,1.0,959,4,Normal,normal
0.0,318.732,177.688,1.0,6.0,0.0,0.0,0.0,6.0,0.0,0.0,2.5998,0.2348,0.0,0.0,0.0,0.0,0.0,0.9571,0.0429,0.278,1.0,959,5,Normal,normal
0.0,241.605,93.785,1.0,6.0,0.0,0.0,0.0,6.0,0.0,0.0,0.3777,0.0341,0.0,0.0,0.0,0.0,0.0,0.9658,0.0342,-1.528,1.0,960,1,Normal,normal
0.0,240.398,93.731,1.0,6.0,0.0,0.0,0.0,6.0,0.0,0.0,0.3777,0.0341,0.0,0.0,0.0,0.0,0.0,0.9598,0.0402,0.65,1.0,960,2,Normal,normal
0.0,239.712,93.613,1.0,6.0,0.0,0.0,0.0,6.0,0.0,0.0,0.3777,0.0341,0.0,0.0,0.0,0.0,0.0,0.9619,0.0381,0.647,1.0,960,3,Normal,normal
0.0,239.032,93.572,1.0,6.0,0.0,0.0,0.0,6.0,0.0,0.0,0.3777,0.0341,0.0,0.0,0.0,0.0,0.0,0.9621,0.0379,0.234,1.0,960,4,Normal,normal
0.0,238.457,93.421,1.0,6.0,0.0,0.0,0.0,6.0,0.0,0.0,0.3777,0.0341,0.0,0.0,0.0,0.0,0.0,0.9556,0.0444,0.279,1.0,960,5,Normal,normal
0.0,208.088,97.414,1.0,6.0,0.0,0.0,0.0,6.0,0.0,0.0,2.1948,0.1983,0.0,0.0,0.0,0.0,0.0,0.9651,0.0349,-1.497,1.0,961,1,Normal,normal
0.0,206.95,97.344,1.0,6.0,0.0,0.0,0.0,6.0,0.0,0.0,2.1948,0.1983,0.0,0.0,0.0,0.0,0.0,0.9587,0.0413,0.635,1.0,961,2,Normal,normal
0.0,206.215,97.39,1.0,6.0,0.0,0.0,0.0,6.0,0.0,0.0,2.1948,0.1983,0.0,0.0,0.0,0.0,0.0,0.9638,0.0362,0.633,1.0,961,3,Normal,normal
0.0,205.465,97.531,1.0,6.0,0.0,0.0,0.0,6.0,0.0,0.0,2.1948,0.1983,0.0,0.0,0.0,0.0,0.0,0.96,0.04,0.229,1.0,961,4,Normal,normal
0.0,204.943,97.421,1.0,6.0,0.0,0.0,0.0,6.0,0.0,0.0,2.1948,0.1983,0.0,0.0,0.0,0.0,0.0,0.9587,0.0413,0.273,1.0,961,5,Normal,normal
0.0,208.412,97.098,1.0,6.0,0.0,0.0,0.0,6.0,0.0,0.0,2.0738,0.1873,0.0,0.0,0.0,0.0,0.0,0.9639,0.0361,-1.477,1.0,962,1,Normal,normal
0.0,207.143,97.155,1.0,6.0,0.0,0.0,0.0,6.0,0.0,0.0,2.0738,0.1873,0.0,0.0,0.0,0.0,0.0,0.9609,0.0391,0.623,1.0,962,2,Normal,normal
0.0,206.323,97.284,1.0,6.0,0.0,0.0,0.0,6.0,0.0,0.0,2.0738,0.1873,0.0,0.0,0.0,0.0,0.0,0.9624,0.0376,0.619,1.0,962,3,Normal,normal
0.0,205.505,97.492,1.0,6.0,0.0,0.0,0.0,6.0,0.0,0.0,2.0738,0.1873,0.0,0.0,0.0,0.0,0.0,0.9667,0.0333,0.224,1.0,962,4,Normal,normal
0.0,204.93,97.434,1.0,6.0,0.0,0.0,0.0,6.0,0.0,0.0,2.0738,0.1873,0.0,0.0,0.0,0.0,0.0,0.9567,0.0433,0.272,1.0,962,5,Normal,normal
0.0,211.127,97.046,1.0,6.0,0.0,0.0,0.0,6.0,0.0,0.0,0.6474,0.0585,0.0,0.0,0.0,0.0,0.0,0.9662,0.0338,-1.435,1.0,963,1,Normal,normal
0.0,209.905,97.099,1.0,6.0,0.0,0.0,0.0,6.0,0.0,0.0,0.6474,0.0585,0.0,0.0,0.0,0.0,0.0,0.9628,0.0372,0.606,1.0,963,2,Normal,normal
0.0,209.047,97.23,1.0,6.0,0.0,0.0,0.0,6.0,0.0,0.0,0.6474,0.0585,0.0,0.0,0.0,0.0,0.0,0.9621,0.0379,0.604,1.0,963,3,Normal,normal
0.0,208.168,97.44,1.0,6.0,0.0,0.0,0.0,6.0,0.0,0.0,0.6474,0.0585,0.0,0.0,0.0,0.0,0.0,0.965,0.035,0.219,1.0,963,4,Normal,normal
0.0,207.547,97.381,1.0,6.0,0.0,0.0,0.0,6.0,0.0,0.0,0.6474,0.0585,0.0,0.0,0.0,0.0,0.0,0.9591,0.0409,0.258,1.0,963,5,Normal,normal
0.0,255.062,144.351,1.0,6.0,0.0,0.0,0.0,6.0,0.0,0.0,0.929,0.0839,0.0,0.0,0.0,0.0,0.0,0.9706,0.0294,-1.415,1.0,964,1,Normal,normal
0.0,253.765,144.351,1.0,6.0,0.0,0.0,0.0,6.0,0.0,0.0,0.929,0.0839,0.0,0.0,0.0,0.0,0.0,0.9609,0.0391,0.601,1.0,964,2,Normal,normal
0.0,252.848,144.437,1.0,6.0,0.0,0.0,0.0,6.0,0.0,0.0,0.929,0.0839,0.0,0.0,0.0,0.0,0.0,0.9647,0.0353,0.597,1.0,964,3,Normal,normal
0.0,251.987,144.627,1.0,6.0,0.0,0.0,0.0,6.0,0.0,0.0,0.929,0.0839,0.0,0.0,0.0,0.0,0.0,0.9662,0.0338,0.212,1.0,964,4,Normal,normal
0.0,251.353,144.586,1.0,6.0,0.0,0.0,0.0,6.0,0.0,0.0,0.929,0.0839,0.0,0.0,0.0,0.0,0.0,0.9593,0.0407,0.263,1.0,964,5,Normal,normal
0.0,259.558,142.559,1.0,6.0,0.0,0.0,0.0,6.0,0.0,0.0,0.7462,0.0674,0.0,0.0,0.0,0.0,0.0,0.9707,0.0293,-1.35,1.0,965,1,Normal,normal
0.0,258.21,142.666,1.0,6.0,0.0,0.0,0.0,6.0,0.0,0.0,0.7462,0.0674,0.0,0.0,0.0,0.0,0.0,0.9659,0.0341,0.579,1.0,965,2,Normal,normal
0.0,257.367,142.684,1.0,6.0,0.0,0.0,0.0,6.0,0.0,0.0,0.7462,0.0674,0.0,0.0,0.0,0.0,0.0,0.966,0.034,0.578,1.0,965,3,Normal,normal
0.0,256.69,142.745,1.0,6.0,0.0,0.0,0.0,6.0,0.0,0.0,0.7462,0.0674,0.0,0.0,0.0,0.0,0.0,0.9657,0.0343,0.203,1.0,965,4,Normal,normal
0.0,256.065,142.679,1.0,6.0,0.0,0.0,0.0,6.0,0.0,0.0,0.7462,0.0674,0.0,0.0,0.0,0.0,0.0,0.9615,0.0385,0.251,1.0,965,5,Normal,normal
0.0,328.997,155.694,1.0,6.0,0.0,0.0,0.0,6.0,0.0,0.0,1.4441,0.1304,0.0,0.0,0.0,0.0,0.0,0.97,0.03,-1.297,1.0,966,1,Normal,normal
0.0,327.66,155.703,1.0,6.0,0.0,0.0,0.0,6.0,0.0,0.0,1.4441,0.1304,0.0,0.0,0.0,0.0,0.0,0.966,0.034,0.55,1.0,966,2,Normal,normal
0.0,326.853,155.715,1.0,6.0,0.0,0.0,0.0,6.0,0.0,0.0,1.4441,0.1304,0.0,0.0,0.0,0.0,0.0,0.9668,0.0332,0.553,1.0,966,3,Normal,normal
0.0,326.222,155.787,1.0,6.0,0.0,0.0,0.0,6.0,0.0,0.0,1.4441,0.1304,0.0,0.0,0.0,0.0,0.0,0.9648,0.0352,0.194,1.0,966,4,Normal,normal
0.0,325.632,155.784,1.0,6.0,0.0,0.0,0.0,6.0,0.0,0.0,1.4441,0.1304,0.0,0.0,0.0,0.0,0.0,0.963,0.037,0.242,1.0,966,5,Normal,normal
0.0,318.483,133.297,1.0,6.0,0.0,0.0,0.0,6.0,0.0,0.0,0.3427,0.031,0.0,0.0,0.0,0.0,0.0,0.9717,0.0283,-1.273,1.0,967,1,Normal,normal
0.0,316.995,133.244,1.0,6.0,0.0,0.0,0.0,6.0,0.0,0.0,0.3427,0.031,0.0,0.0,0.0,0.0,0.0,0.9653,0.0347,0.54,1.0,967,2,Normal,normal
0.0,316.222,133.208,1.0,6.0,0.0,0.0,0.0,6.0,0.0,0.0,0.3427,0.031,0.0,0.0,0.0,0.0,0.0,0.9688,0.0312,0.531,1.0,967,3,Normal,normal
0.0,315.687,133.228,1.0,6.0,0.0,0.0,0.0,6.0,0.0,0.0,0.3427,0.031,0.0,0.0,0.0,0.0,0.0,0.9687,0.0313,0.187,1.0,967,4,Normal,normal
0.0,315.162,133.215,1.0,6.0,0.0,0.0,0.0,6.0,0.0,0.0,0.3427,0.031,0.0,0.0,0.0,0.0,0.0,0.9637,0.0363,0.238,1.0,967,5,Normal,normal
0.0,270.073,143.912,1.0,6.0,0.0,0.0,0.0,6.0,0.0,0.0,0.3505,0.0317,0.0,0.0,0.0,0.0,0.0,0.9756,0.0244,-1.215,1.0,968,1,Normal,normal
0.0,268.787,143.79,1.0,6.0,0.0,0.0,0.0,6.0,0.0,0.0,0.3505,0.0317,0.0,0.0,0.0,0.0,0.0,0.9695,0.0305,0.515,1.0,968,2,Normal,normal
0.0,267.998,143.847,1.0,6.0,0.0,0.0,0.0,6.0,0.0,0.0,0.3505,0.0317,0.0,0.0,0.0,0.0,0.0,0.9702,0.0298,0.52,1.0,968,3,Normal,normal
0.0,267.265,144.021,1.0,6.0,0.0,0.0,0.0,6.0,0.0,0.0,0.3505,0.0317,0.0,0.0,0.0,0.0,0.0,0.971,0.029,0.186,1.0,968,4,Normal,normal
0.0,266.705,144.071,1.0,6.0,0.0,0.0,0.0,6.0,0.0,0.0,0.3505,0.0317,0.0,0.0,0.0,0.0,0.0,0.9676,0.0324,0.226,1.0,968,5,Normal,normal
0.0,285.728,130.666,1.0,6.0,0.0,0.0,0.0,6.0,0.0,0.0,1.5138,0.1367,0.0,0.0,0.0,0.0,0.0,0.9739,0.0261,-1.153,1.0,969,1,Normal,normal
0.0,284.532,130.429,1.0,6.0,0.0,0.0,0.0,6.0,0.0,0.0,1.5138,0.1367,0.0,0.0,0.0,0.0,0.0,0.97,0.03,0.497,1.0,969,2,Normal,normal
0.0,283.792,130.451,1.0,6.0,0.0,0.0,0.0,6.0,0.0,0.0,1.5138,0.1367,0.0,0.0,0.0,0.0,0.0,0.9733,0.0267,0.486,1.0,969,3,Normal,normal
0.0,283.128,130.599,1.0,6.0,0.0,0.0,0.0,6.0,0.0,0.0,1.5138,0.1367,0.0,0.0,0.0,0.0,0.0,0.9696,0.0304,0.179,1.0,969,4,Normal,normal
0.0,282.523,130.71,1.0,6.0,0.0,0.0,0.0,6.0,0.0,0.0,1.5138,0.1367,0.0,0.0,0.0,0.0,0.0,0.9683,0.0317,0.214,1.0,969,5,Normal,normal
0.0,243.573,74.257,1.0,6.0,0.0,0.0,0.0,6.0,0.0,0.0,1.3513,0.1221,0.0,0.0,0.0,0.0,0.0,0.9757,0.0243,-1.132,1.0,970,1,Normal,normal
0.0,242.322,73.877,1.0,6.0,0.0,0.0,0.0,6.0,0.0,0.0,1.3513,0.1221,0.0,0.0,0.0,0.0,0.0,0.97,0.03,0.481,1.0,970,2,Normal,normal
0.0,241.568,73.866,1.0,6.0,0.0,0.0,0.0,6.0,0.0,0.0,1.3513,0.1221,0.0,0.0,0.0,0.0,0.0,0.972,0.028,0.482,1.0,970,3,Normal,normal
0.0,240.862,73.945,1.0,6.0,0.0,0.0,0.0,6.0,0.0,0.0,1.3513,0.1221,0.0,0.0,0.0,0.0,0.0,0.9767,0.0233,0.174,1.0,970,4,Normal,normal
0.0,240.197,73.915,1.0,6.0,0.0,0.0,0.0,6.0,0.0,0.0,1.3513,0.1221,0.0,0.0,0.0,0.0,0.0,0.968,0.032,0.205,1.0,970,5,Normal,normal
0.0,207.017,82.135,1.0,6.0,0.0,0.0,0.0,6.0,0.0,0.0,2.5173,0.2274,0.0,0.0,0.0,0.0,0.0,0.9762,0.0238,-1.08,1.0,971,1,Normal,normal
0.0,205.688,81.83,1.0,6.0,0.0,0.0,0.0,6.0,0.0,0.0,2.5173,0.2274,0.0,0.0,0.0,0.0,0.0,0.9678,0.0322,0.455,1.0,971,2,Normal,normal
0.0,205.005,81.764,1.0,6.0,0.0,0.0,0.0,6.0,0.0,0.0,2.5173,0.2274,0.0,0.0,0.0,0.0,0.0,0.9744,0.0256,0.455,1.0,971,3,Normal,normal
0.0,204.287,81.933,1.0,6.0,0.0,0.0,0.0,6.0,0.0,0.0,2.5173,0.2274,0.0,0.0,0.0,0.0,0.0,0.9739,0.0261,0.159,1.0,971,4,Normal,normal
0.0,203.737,81.835,1.0,6.0,0.0,0.0,0.0,6.0,0.0,0.0,2.5173,0.2274,0.0,0.0,0.0,0.0,0.0,0.9723,0.0277,0.199,1.0,971,5,Normal,normal
0.0,206.947,82.21,1.0,6.0,0.0,0.0,0.0,6.0,0.0,0.0,4.0349,0.3645,0.0,0.0,0.0,0.0,0.0,0.9721,0.0279,-1.057,1.0,972,1,Normal,normal
0.0,205.637,81.885,1.0,6.0,0.0,0.0,0.0,6.0,0.0,0.0,4.0349,0.3645,0.0,0.0,0.0,0.0,0.0,0.9707,0.0293,0.443,1.0,972,2,Normal,normal
0.0,204.982,81.789,1.0,6.0,0.0,0.0,0.0,6.0,0.0,0.0,4.0349,0.3645,0.0,0.0,0.0,0.0,0.0,0.9758,0.0242,0.441,1.0,972,3,Normal,normal
0.0,204.337,81.88,1.0,6.0,0.0,0.0,0.0,6.0,0.0,0.0,4.0349,0.3645,0.0,0.0,0.0,0.0,0.0,0.977,0.023,0.163,1.0,972,4,Normal,normal
0.0,203.805,81.762,1.0,6.0,0.0,0.0,0.0,6.0,0.0,0.0,4.0349,0.3645,0.0,0.0,0.0,0.0,0.0,0.9692,0.0308,0.196,1.0,972,5,Normal,normal
0.0,168.372,55.338,1.0,6.0,0.0,0.0,0.0,6.0,0.0,0.0,6.4515,0.5828,0.0,0.0,0.0,0.0,0.0,0.9796,0.0204,-1.015,1.0,973,1,Normal,normal
0.0,167.208,55.326,1.0,6.0,0.0,0.0,0.0,6.0,0.0,0.0,6.4515,0.5828,0.0,0.0,0.0,0.0,0.0,0.9777,0.0223,0.424,1.0,973,2,Normal,normal
0.0,166.632,55.35,1.0,6.0,0.0,0.0,0.0,6.0,0.0,0.0,6.4515,0.5828,0.0,0.0,0.0,0.0,0.0,0.9742,0.0258,0.433,1.0,973,3,Normal,normal
0.0,166.048,55.523,1.0,6.0,0.0,0.0,0.0,6.0,0.0,0.0,6.4515,0.5828,0.0,0.0,0.0,0.0,0.0,0.9718,0.0282,0.155,1.0,973,4,Normal,normal
0.0,165.63,55.536,1.0,6.0,0.0,0.0,0.0,6.0,0.0,0.0,6.4515,0.5828,0.0,0.0,0.0,0.0,0.0,0.9673,0.0327,0.197,1.0,973,5,Normal,normal
0.0,148.028,32.385,1.0,6.0,0.0,0.0,0.0,6.0,0.0,0.0,0.9989,0.0902,0.0,0.0,0.0,0.0,0.0,0.9768,0.0232,-0.981,1.0,974,1,Normal,normal
0.0,146.885,32.355,1.0,6.0,0.0,0.0,0.0,6.0,0.0,0.0,0.9989,0.0902,0.0,0.0,0.0,0.0,0.0,0.9735,0.0265,0.422,1.0,974,2,Normal,normal
0.0,146.315,32.384,1.0,6.0,0.0,0.0,0.0,6.0,0.0,0.0,0.9989,0.0902,0.0,0.0,0.0,0.0,0.0,0.9774,0.0226,0.424,1.0,974,3,Normal,normal
0.0,145.733,32.527,1.0,6.0,0.0,0.0,0.0,6.0,0.0,0.0,0.9989,0.0902,0.0,0.0,0.0,0.0,0.0,0.9776,0.0224,0.147,1.0,974,4,Normal,normal
0.0,145.292,32.47,1.0,6.0,0.0,0.0,0.0,6.0,0.0,0.0,0.9989,0.0902,0.0,0.0,0.0,0.0,0.0,0.9722,0.0278,0.178,1.0,974,5,Normal,normal
0.0,238.42,135.204,1.0,6.0,0.0,0.0,0.0,6.0,0.0,0.0,0.3613,0.0326,0.0,0.0,0.0,0.0,0.0,0.9797,0.0203,-0.973,1.0,975,1,Normal,normal
0.0,237.22,135.043,1.0,6.0,0.0,0.0,0.0,6.0,0.0,0.0,0.3613,0.0326,0.0,0.0,0.0,0.0,0.0,0.975,0.025,0.419,1.0,975,2,Normal,normal
0.0,236.518,134.884,1.0,6.0,0.0,0.0,0.0,6.0,0.0,0.0,0.3613,0.0326,0.0,0.0,0.0,0.0,0.0,0.9778,0.0222,0.413,1.0,975,3,Normal,normal
0.0,235.99,134.726,1.0,6.0,0.0,0.0,0.0,6.0,0.0,0.0,0.3613,0.0326,0.0,0.0,0.0,0.0,0.0,0.979,0.021,0.15,1.0,975,4,Normal,normal
0.0,235.423,134.578,1.0,6.0,0.0,0.0,0.0,6.0,0.0,0.0,0.3613,0.0326,0.0,0.0,0.0,0.0,0.0,0.9734,0.0266,0.183,1.0,975,5,Normal,normal
0.0,237.448,135.8,1.0,6.0,0.0,0.0,0.0,6.0,0.0,0.0,1.638,0.148,0.0,0.0,0.0,0.0,0.0,0.9783,0.0217,-0.95,1.0,976,1,Normal,normal
0.0,236.11,135.665,1.0,6.0,0.0,0.0,0.0,6.0,0.0,0.0,1.638,0.148,0.0,0.0,0.0,0.0,0.0,0.9744,0.0256,0.406,1.0,976,2,Normal,normal
0.0,235.403,135.516,1.0,6.0,0.0,0.0,0.0,6.0,0.0,0.0,1.638,0.148,0.0,0.0,0.0,0.0,0.0,0.9788,0.0212,0.405,1.0,976,3,Normal,normal
0.0,234.76,135.415,1.0,6.0,0.0,0.0,0.0,6.0,0.0,0.0,1.638,0.148,0.0,0.0,0.0,0.0,0.0,0.9806,0.0194,0.145,1.0,976,4,Normal,normal
0.0,234.142,135.301,1.0,6.0,0.0,0.0,0.0,6.0,0.0,0.0,1.638,0.148,0.0,0.0,0.0,0.0,0.0,0.9757,0.0243,0.179,1.0,976,5,Normal,normal
0.0,244.438,130.743,1.0,6.0,0.0,0.0,0.0,6.0,46.8954,1.0,2636.6913,238.1727,1.0,46.8954,0.0,1.0,1.0,1.1477,0.1477,-0.937,1.0,977,1,Cyber Intrusion,data_injection
0.0,243.14,130.573,1.0,6.0,0.0,0.0,0.0,6.0,46.8954,0.0,2636.6913,238.1727,1.0,9.5311,0.0,1.0,1.0,0.9745,0.0255,0.404,1.0,977,2,Normal,normal
0.0,242.39,130.452,1.0,6.0,0.0,0.0,0.0,6.0,46.8954,0.0,2636.6913,238.1727,1.0,9.267,0.0,1.0,1.0,0.9764,0.0236,0.4,1.0,977,3,Normal,normal
0.0,241.71,130.386,1.0,6.0,0.0,0.0,0.0,6.0,46.8954,0.0,2636.6913,238.1727,1.0,9.8787,0.0,1.0,1.0,0.9756,0.0244,0.143,1.0,977,4,Normal,normal
0.0,241.063,130.302,1.0,6.0,0.0,0.0,0.0,6.0,46.8954,0.0,2636.6913,238.1727,1.0,9.0881,0.0,1.0,1.0,0.9744,0.0256,0.176,1.0,977,5,Normal,normal
0.0,253.225,108.423,1.0,6.0,0.0,0.0,0.0,6.0,47.1153,1.0,2663.2606,240.5727,1.0,47.1153,0.0,1.0,1.0,1.1477,0.1477,-0.931,1.0,978,1,Cyber Intrusion,data_injection
0.0,251.897,108.362,1.0,6.0,0.0,0.0,0.0,6.0,47.1153,0.0,2663.2606,240.5727,1.0,8.6831,0.0,1.0,1.0,0.9764,0.0236,0.394,1.0,978,2,Normal,normal
0.0,251.12,108.223,1.0,6.0,0.0,0.0,0.0,6.0,47.1153,0.0,2663.2606,240.5727,1.0,10.4862,0.0,1.0,1.0,0.9721,0.0279,0.393,1.0,978,3,Normal,normal
0.0,250.273,107.925,1.0,6.0,0.0,0.0,0.0,6.0,47.1153,0.0,2663.2606,240.5727,1.0,9.2633,0.0,1.0,1.0,0.9768,0.0232,0.149,1.0,978,4,Normal,normal
0.0,249.608,107.8,1.0,6.0,0.0,0.0,0.0,6.0,47.1153,0.0,2663.2606,240.5727,1.0,9.7947,0.0,1.0,1.0,0.9717,0.0283,0.172,1.0,978,5,Normal,normal
0.0,209.487,106.867,1.0,6.0,0.0,0.0,0.0,6.0,46.679,1.0,2613.5881,236.0858,1.0,46.679,0.0,1.0,1.0,1.1477,0.1477,-0.938,1.0,979,1,Cyber Intrusion,data_injection
0.0,208.328,106.719,1.0,6.0,0.0,0.0,0.0,6.0,46.679,0.0,2613.5881,236.0858,1.0,10.1927,0.0,1.0,1.0,0.9732,0.0268,0.397,1.0,979,2,Normal,normal
0.0,207.602,106.651,1.0,6.0,0.0,0.0,0.0,6.0,46.679,0.0,2613.5881,236.0858,1.0,8.4717,0.0,1.0,1.0,0.9795,0.0205,0.396,1.0,979,3,Normal,normal
0.0,206.842,106.394,1.0,6.0,0.0,0.0,0.0,6.0,46.679,0.0,2613.5881,236.0858,1.0,9.6267,0.0,1.0,1.0,0.9771,0.0229,0.137,1.0,979,4,Normal,normal
0.0,206.21,106.367,1.0,6.0,0.0,0.0,0.0,6.0,46.679,0.0,2613.5881,236.0858,1.0,9.0653,0.0,1.0,1.0,0.9752,0.0248,0.175,1.0,979,5,Normal,normal
0.0,210.615,105.901,1.0,6.0,0.0,0.0,0.0,6.0,46.4938,1.0,2591.4849,234.0892,1.0,46.4938,0.0,1.0,1.0,1.1477,0.1477,-0.932,1.0,980,1,Cyber Intrusion,data_injection
0.0,209.383,105.816,1.0,6.0,0.0,0.0,0.0,6.0,46.4938,0.0,2591.4849,234.0892,1.0,8.9146,0.0,1.0,1.0,0.9776,0.0224,0.398,1.0,980,2,Normal,normal
0.0,208.668,105.737,1.0,6.0,0.0,0.0,0.0,6.0,46.4938,0.0,2591.4849,234.0892,1.0,9.5023,0.0,1.0,1.0,0.9769,0.0231,0.396,1.0,980,3,Normal,normal
0.0,207.923,105.467,1.0,6.0,0.0,0.0,0.0,6.0,46.4938,0.0,2591.4849,234.0892,1.0,9.4891,0.0,1.0,1.0,0.978,0.022,0.142,1.0,980,4,Normal,normal
0.0,207.358,105.384,1.0,6.0,0.0,0.0,0.0,6.0,46.4938,0.0,2591.4849,234.0892,1.0,9.0897,0.0,1.0,1.0,0.9757,0.0243,0.177,1.0,980,5,Normal,normal
0.0,165.12,50.815,1.0,6.0,0.0,0.0,0.0,6.0,0.0,0.0,0.2442,0.0221,0.0,0.0,0.0,0.0,0.0,0.9804,0.0196,-0.938,1.0,981,1,Cyber Intrusion,data_injection
0.0,163.968,50.703,1.0,6.0,0.0,0.0,0.0,6.0,0.0,0.0,0.2442,0.0221,0.0,0.0,0.0,0.0,0.0,0.975,0.025,0.399,1.0,981,2,Normal,normal
0.0,163.265,50.741,1.0,6.0,0.0,0.0,0.0,6.0,0.0,0.0,0.2442,0.0221,0.0,0.0,0.0,0.0,0.0,0.9779,0.0221,0.403,1.0,981,3,Normal,normal
0.0,162.703,50.876,1.0,6.0,0.0,0.0,0.0,6.0,0.0,0.0,0.2442,0.0221,0.0,0.0,0.0,0.0,0.0,0.9786,0.0214,0.142,1.0,981,4,Normal,normal
0.0,162.197,51.004,1.0,6.0,0.0,0.0,0.0,6.0,0.0,0.0,0.2442,0.0221,0.0,0.0,0.0,0.0,0.0,0.9754,0.0246,0.173,1.0,981,5,Normal,normal
0.0,148.525,32.522,1.0,6.0,0.0,0.0,0.0,6.0,0.0,0.0,1.4124,0.1276,0.0,0.0,0.0,0.0,0.0,0.9785,0.0215,-0.949,1.0,982,1,Cyber Intrusion,data_injection
0.0,147.455,32.53,1.0,6.0,0.0,0.0,0.0,6.0,0.0,0.0,1.4124,0.1276,0.0,0.0,0.0,0.0,0.0,0.9738,0.0262,0.397,1.0,982,2,Normal,normal
0.0,146.762,32.509,1.0,6.0,0.0,0.0,0.0,6.0,0.0,0.0,1.4124,0.1276,0.0,0.0,0.0,0.0,0.0,0.9738,0.0262,0.404,1.0,982,3,Normal,normal
0.0,146.195,32.6,1.0,6.0,0.0,0.0,0.0,6.0,0.0,0.0,1.4124,0.1276,0.0,0.0,0.0,0.0,0.0,0.9775,0.0225,0.151,1.0,982,4,Normal,normal
0.0,145.663,32.692,1.0,6.0,0.0,0.0,0.0,6.0,0.0,0.0,1.4124,0.1276,0.0,0.0,0.0,0.0,0.0,0.9703,0.0297,0.181,1.0,982,5,Normal,normal
0.0,220.912,108.421,1.0,6.0,0.0,0.0,0.0,6.0,0.0,0.0,0.3183,0.0288,0.0,0.0,0.0,0.0,0.0,0.981,0.019,-0.953,1.0,983,1,Cyber Intrusion,data_injection
0.0,219.848,108.447,1.0,6.0,0.0,0.0,0.0,6.0,0.0,0.0,0.3183,0.0288,0.0,0.0,0.0,0.0,0.0,0.9754,0.0246,0.402,1.0,983,2,Normal,normal
0.0,219.185,108.51,1.0,6.0,0.0,0.0,0.0,6.0,0.0,0.0,0.3183,0.0288,0.0,0.0,0.0,0.0,0.0,0.9762,0.0238,0.404,1.0,983,3,Normal,normal
0.0,218.683,108.515,1.0,6.0,0.0,0.0,0.0,6.0,0.0,0.0,0.3183,0.0288,0.0,0.0,0.0,0.0,0.0,0.979,0.021,0.152,1.0,983,4,Normal,normal
0.0,218.175,108.434,1.0,6.0,0.0,0.0,0.0,6.0,0.0,0.0,0.3183,0.0288,0.0,0.0,0.0,0.0,0.0,0.9746,0.0254,0.177,1.0,983,5,Normal,normal
0.0,320.922,123.942,1.0,5.0,0.0,0.0,0.0,5.0,0.0,0.0,2.2515,0.2034,0.0,0.0,0.0,0.0,0.0,0.9769,0.0231,-0.966,1.0,984,1,Normal,normal
0.0,285.925,136.083,1.0,6.0,0.0,0.0,0.0,6.0,0.0,0.0,2.2515,0.2034,0.0,0.0,0.0,0.0,0.0,0.9743,0.0257,0.41,1.0,984,2,Normal,normal
1.0,269.033,131.907,2.0,6.0,1.0,0.0,0.0,7.0,0.0,0.0,2.2515,0.2034,0.0,0.0,0.0,0.0,0.0,0.9728,0.0272,0.41,1.0,984,3,Cyber Intrusion,command_injection
0.0,284.592,135.66,1.0,6.0,0.0,0.0,0.0,6.0,0.0,0.0,2.2515,0.2034,0.0,0.0,0.0,0.0,0.0,0.9729,0.0271,0.143,1.0,984,4,Normal,normal
0.0,284.04,135.522,1.0,6.0,0.0,0.0,0.0,6.0,0.0,0.0,2.2515,0.2034,0.0,0.0,0.0,0.0,0.0,0.974,0.026,0.181,1.0,984,5,Normal,normal
0.0,277.826,127.646,1.0,5.0,0.0,0.0,0.0,5.0,0.0,0.0,0.5981,0.054,0.0,0.0,0.0,0.0,0.0,0.9793,0.0207,-0.976,1.0,985,1,Normal,normal
0.0,297.19,126.248,1.0,6.0,0.0,0.0,0.0,6.0,0.0,0.0,0.5981,0.054,0.0,0.0,0.0,0.0,0.0,0.9729,0.0271,0.411,1.0,985,2,Normal,normal
1.0,278.589,124.639,2.0,6.0,1.0,0.0,0.0,7.0,0.0,0.0,0.5981,0.054,0.0,0.0,0.0,0.0,0.0,0.976,0.024,0.422,1.0,985,3,Cyber Intrusion,command_injection
0.0,295.642,126.021,1.0,6.0,0.0,0.0,0.0,6.0,0.0,0.0,0.5981,0.054,0.0,0.0,0.0,0.0,0.0,0.9753,0.0247,0.152,1.0,985,4,Normal,normal
0.0,295.025,125.948,1.0,6.0,0.0,0.0,0.0,6.0,0.0,0.0,0.5981,0.054,0.0,0.0,0.0,0.0,0.0,0.9732,0.0268,0.183,1.0,985,5,Normal,normal
0.0,242.62,133.1,1.0,5.0,0.0,0.0,0.0,5.0,0.0,0.0,0.8901,0.0804,0.0,0.0,0.0,0.0,0.0,0.9773,0.0227,-0.984,1.0,986,1,Normal,normal
0.0,255.085,126.046,1.0,6.0,0.0,0.0,0.0,6.0,0.0,0.0,0.8901,0.0804,0.0,0.0,0.0,0.0,0.0,0.9755,0.0245,0.421,1.0,986,2,Normal,normal
1.0,242.461,120.026,2.0,6.0,1.0,0.0,0.0,7.0,0.0,0.0,0.8901,0.0804,0.0,0.0,0.0,0.0,0.0,0.9749,0.0251,0.415,1.0,986,3,Cyber Intrusion,command_injection
0.0,253.452,125.655,1.0,6.0,0.0,0.0,0.0,6.0,0.0,0.0,0.8901,0.0804,0.0,0.0,0.0,0.0,0.0,0.976,0.024,0.145,1.0,986,4,Normal,normal
0.0,252.858,125.553,1.0,6.0,0.0,0.0,0.0,6.0,0.0,0.0,0.8901,0.0804,0.0,0.0,0.0,0.0,0.0,0.9704,0.0296,0.179,1.0,986,5,Normal,normal
0.0,292.747,136.582,1.0,6.0,0.0,0.0,0.0,6.0,0.0,0.0,1.9345,0.1747,0.0,0.0,0.0,0.0,0.0,0.9822,0.0178,-1.007,1.0,987,1,Normal,normal
0.0,290.828,137.128,1.0,6.0,0.0,0.0,0.0,6.0,0.0,0.0,1.9345,0.1747,0.0,0.0,0.0,0.0,0.0,0.9721,0.0279,0.422,1.0,987,2,Normal,normal
0.0,289.922,137.038,1.0,6.0,0.0,0.0,0.0,6.0,0.0,0.0,1.9345,0.1747,0.0,0.0,0.0,0.0,0.0,0.9759,0.0241,0.42,1.0,987,3,Cyber Intrusion,command_injection
0.0,289.145,136.914,1.0,6.0,0.0,0.0,0.0,6.0,0.0,0.0,1.9345,0.1747,0.0,0.0,0.0,0.0,0.0,0.9772,0.0228,0.154,1.0,987,4,Normal,normal
0.0,288.56,136.886,1.0,6.0,0.0,0.0,0.0,6.0,0.0,0.0,1.9345,0.1747,0.0,0.0,0.0,0.0,0.0,0.973,0.027,0.184,1.0,987,5,Normal,normal
0.0,228.825,110.815,1.0,6.0,0.0,0.0,0.0,6.0,0.0,0.0,1.2977,0.1172,0.0,0.0,0.0,0.0,0.0,0.9768,0.0232,-1.011,1.0,988,1,Normal,normal
0.0,227.152,111.147,1.0,6.0,0.0,0.0,0.0,6.0,0.0,0.0,1.2977,0.1172,0.0,0.0,0.0,0.0,0.0,0.9753,0.0247,0.424,1.0,988,2,Normal,normal
0.0,226.488,111.165,1.0,6.0,0.0,0.0,0.0,6.0,0.0,0.0,1.2977,0.1172,0.0,0.0,0.0,0.0,0.0,0.9759,0.0241,0.423,1.0,988,3,Cyber Intrusion,command_injection
0.0,225.362,111.617,1.0,6.0,0.0,0.0,0.0,6.0,0.0,0.0,1.2977,0.1172,0.0,0.0,0.0,0.0,0.0,0.9736,0.0264,0.144,1.0,988,4,Normal,normal
0.0,224.782,111.731,1.0,6.0,0.0,0.0,0.0,6.0,0.0,0.0,1.2977,0.1172,0.0,0.0,0.0,0.0,0.0,0.9724,0.0276,0.187,1.0,988,5,Normal,normal
0.0,237.068,104.519,1.0,6.0,0.0,0.0,0.0,6.0,0.0,0.0,4.9644,0.4484,0.0,0.0,0.0,0.0,0.0,0.9755,0.0245,-1.016,1.0,989,1,Normal,normal
0.0,235.743,104.51,1.0,6.0,0.0,0.0,0.0,6.0,0.0,0.0,4.9644,0.4484,0.0,0.0,0.0,0.0,0.0,0.9701,0.0299,0.43,1.0,989,2,Normal,normal
0.0,235.042,104.535,1.0,6.0,0.0,0.0,0.0,6.0,0.0,0.0,4.9644,0.4484,0.0,0.0,0.0,0.0,0.0,0.9714,0.0286,0.431,1.0,989,3,Cyber Intrusion,command_injection
0.0,233.943,105.019,1.0,6.0,0.0,0.0,0.0,6.0,0.0,0.0,4.9644,0.4484,0.0,0.0,0.0,0.0,0.0,0.9801,0.0199,0.153,1.0,989,4,Normal,normal
0.0,233.395,105.112,1.0,6.0,0.0,0.0,0.0,6.0,0.0,0.0,4.9644,0.4484,0.0,0.0,0.0,0.0,0.0,0.9693,0.0307,0.194,1.0,989,5,Normal,normal
0.0,256.962,102.241,1.0,6.0,0.0,0.0,0.0,6.0,0.0,0.0,0.6151,0.0556,0.0,0.0,0.0,0.0,0.0,0.9767,0.0233,-1.027,1.0,990,1,Normal,normal
0.0,255.725,102.193,1.0,6.0,0.0,0.0,0.0,6.0,0.0,0.0,0.6151,0.0556,0.0,0.0,0.0,0.0,0.0,0.9754,0.0246,0.436,1.0,990,2,Normal,normal
0.0,255.063,102.205,1.0,6.0,0.0,0.0,0.0,6.0,0.0,0.0,0.6151,0.0556,0.0,0.0,0.0,0.0,0.0,0.9755,0.0245,0.425,1.0,990,3,Cyber Intrusion,command_injection
0.0,254.013,102.817,1.0,6.0,0.0,0.0,0.0,6.0,0.0,0.0,0.6151,0.0556,0.0,0.0,0.0,0.0,0.0,0.9758,0.0242,0.157,1.0,990,4,Normal,normal
0.0,253.422,102.856,1.0,6.0,0.0,0.0,0.0,6.0,0.0,0.0,0.6151,0.0556,0.0,0.0,0.0,0.0,0.0,0.9715,0.0285,0.182,1.0,990,5,Normal,normal
0.0,210.728,95.376,1.0,6.0,0.0,0.0,0.0,6.0,0.0,0.0,0.6771,0.0612,0.0,0.0,0.0,0.0,0.0,0.9774,0.0226,-1.023,1.0,991,1,Normal,normal
0.0,209.532,95.302,1.0,6.0,0.0,0.0,0.0,6.0,0.0,0.0,0.6771,0.0612,0.0,0.0,0.0,0.0,0.0,0.9738,0.0262,0.431,1.0,991,2,Normal,normal
0.0,208.912,95.303,1.0,6.0,0.0,0.0,0.0,6.0,0.0,0.0,0.6771,0.0612,0.0,0.0,0.0,0.0,0.0,0.9752,0.0248,0.432,1.0,991,3,Cyber Intrusion,command_injection
0.0,207.923,95.717,1.0,6.0,0.0,0.0,0.0,6.0,0.0,0.0,0.6771,0.0612,0.0,0.0,0.0,0.0,0.0,0.9736,0.0264,0.162,1.0,991,4,Normal,normal
0.0,207.358,95.699,1.0,6.0,0.0,0.0,0.0,6.0,0.0,0.0,0.6771,0.0612,0.0,0.0,0.0,0.0,0.0,0.9728,0.0272,0.197,1.0,991,5,Normal,normal
0.0,212.79,93.78,1.0,6.0,0.0,0.0,0.0,6.0,0.0,0.0,3.3461,0.3023,0.0,0.0,0.0,0.0,0.0,0.9782,0.0218,-1.028,1.0,992,1,Normal,normal
0.0,211.535,93.751,1.0,6.0,0.0,0.0,0.0,6.0,0.0,0.0,3.3461,0.3023,0.0,0.0,0.0,0.0,0.0,0.9678,0.0322,0.437,1.0,992,2,Normal,normal
0.0,210.882,93.78,1.0,6.0,0.0,0.0,0.0,6.0,0.0,0.0,3.3461,0.3023,0.0,0.0,0.0,0.0,0.0,0.975,0.025,0.428,1.0,992,3,Cyber Intrusion,command_injection
0.0,210.335,93.826,1.0,6.0,0.0,0.0,0.0,6.0,0.0,0.0,3.3461,0.3023,0.0,0.0,0.0,0.0,0.0,0.9763,0.0237,0.152,1.0,992,4,Normal,normal
0.0,209.827,93.758,1.0,6.0,0.0,0.0,0.0,6.0,0.0,0.0,3.3461,0.3023,0.0,0.0,0.0,0.0,0.0,0.9722,0.0278,0.193,1.0,992,5,Normal,normal
0.0,225.92,94.911,1.0,6.0,0.0,0.0,0.0,6.0,0.0,0.0,0.8826,0.0797,0.0,0.0,0.0,0.0,0.0,0.9764,0.0236,-1.032,1.0,993,1,Normal,normal
0.0,224.647,94.707,1.0,6.0,0.0,0.0,0.0,6.0,0.0,0.0,0.8826,0.0797,0.0,0.0,0.0,0.0,0.0,0.9727,0.0273,0.435,1.0,993,2,Normal,normal
0.0,224.043,94.661,1.0,6.0,0.0,0.0,0.0,6.0,0.0,0.0,0.8826,0.0797,0.0,0.0,0.0,0.0,0.0,0.9733,0.0267,0.436,1.0,993,3,Cyber Intrusion,command_injection
0.0,223.545,94.693,1.0,6.0,0.0,0.0,0.0,6.0,0.0,0.0,0.8826,0.0797,0.0,0.0,0.0,0.0,0.0,0.9768,0.0232,0.153,1.0,993,4,Normal,normal
0.0,223.07,94.643,1.0,6.0,0.0,0.0,0.0,6.0,0.0,0.0,0.8826,0.0797,0.0,0.0,0.0,0.0,0.0,0.9735,0.0265,0.196,1.0,993,5,Normal,normal
0.0,206.288,101.049,1.0,6.0,0.0,0.0,0.0,6.0,0.0,0.0,0.3334,0.0301,0.0,0.0,0.0,0.0,0.0,0.9764,0.0236,-1.033,1.0,994,1,Normal,normal
0.0,204.878,100.823,1.0,6.0,0.0,0.0,0.0,6.0,0.0,0.0,0.3334,0.0301,0.0,0.0,0.0,0.0,0.0,0.9726,0.0274,0.439,1.0,994,2,Normal,normal
0.0,204.2,100.768,1.0,6.0,0.0,0.0,0.0,6.0,0.0,0.0,0.3334,0.0301,0.0,0.0,0.0,0.0,0.0,0.9746,0.0254,0.446,1.0,994,3,Cyber Intrusion,command_injection
0.0,203.62,100.815,1.0,6.0,0.0,0.0,0.0,6.0,0.0,0.0,0.3334,0.0301,0.0,0.0,0.0,0.0,0.0,0.9763,0.0237,0.163,1.0,994,4,Normal,normal
0.0,203.032,100.781,1.0,6.0,0.0,0.0,0.0,6.0,0.0,0.0,0.3334,0.0301,0.0,0.0,0.0,0.0,0.0,0.9706,0.0294,0.189,1.0,994,5,Normal,normal
0.0,205.62,101.632,1.0,6.0,0.0,0.0,0.0,6.0,0.0,0.0,3.0071,0.2716,0.0,0.0,0.0,0.0,0.0,0.9762,0.0238,-1.042,1.0,995,1,Normal,normal
0.0,204.168,101.443,1.0,6.0,0.0,0.0,0.0,6.0,0.0,0.0,3.0071,0.2716,0.0,0.0,0.0,0.0,0.0,0.9739,0.0261,0.443,1.0,995,2,Normal,normal
0.0,203.435,101.437,1.0,6.0,0.0,0.0,0.0,6.0,0.0,0.0,3.0071,0.2716,0.0,0.0,0.0,0.0,0.0,0.974,0.026,0.444,1.0,995,3,Cyber Intrusion,command_injection
0.0,202.787,101.545,1.0,6.0,0.0,0.0,0.0,6.0,0.0,0.0,3.0071,0.2716,0.0,0.0,0.0,0.0,0.0,0.9783,0.0217,0.154,1.0,995,4,Normal,normal
0.0,202.21,101.501,1.0,6.0,0.0,0.0,0.0,6.0,0.0,0.0,3.0071,0.2716,0.0,0.0,0.0,0.0,0.0,0.9673,0.0327,0.186,1.0,995,5,Normal,normal
0.0,167.818,51.14,1.0,6.0,0.0,0.0,0.0,6.0,0.0,0.0,1.7734,0.1602,0.0,0.0,0.0,0.0,0.0,0.9743,0.0257,-1.05,1.0,996,1,Normal,normal
0.0,166.417,51.066,1.0,6.0,0.0,0.0,0.0,6.0,0.0,0.0,1.7734,0.1602,0.0,0.0,0.0,0.0,0.0,0.9731,0.0269,0.445,1.0,996,2,Normal,normal
0.0,165.653,51.008,1.0,6.0,0.0,0.0,0.0,6.0,0.0,0.0,1.7734,0.1602,0.0,0.0,0.0,0.0,0.0,0.974,0.026,0.444,1.0,996,3,Cyber Intrusion,replay
0.0,164.93,51.051,1.0,6.0,0.0,0.0,0.0,6.0,0.0,0.0,1.7734,0.1602,0.0,0.0,0.0,0.0,0.0,0.972,0.028,0.153,1.0,996,4,Normal,normal
0.0,164.35,51.065,1.0,6.0,0.0,0.0,0.0,6.0,0.0,0.0,1.7734,0.1602,0.0,0.0,0.0,0.0,0.0,0.9683,0.0317,0.19,1.0,996,5,Normal,normal
0.0,156.958,38.317,1.0,6.0,0.0,0.0,0.0,6.0,0.0,0.0,0.848,0.0766,0.0,0.0,0.0,0.0,0.0,0.9751,0.0249,-1.066,1.0,997,1,Normal,normal
0.0,155.592,38.173,1.0,6.0,0.0,0.0,0.0,6.0,0.0,0.0,0.848,0.0766,0.0,0.0,0.0,0.0,0.0,0.9711,0.0289,0.453,1.0,997,2,Normal,normal
0.0,154.857,38.098,1.0,6.0,0.0,0.0,0.0,6.0,0.0,0.0,0.848,0.0766,0.0,0.0,0.0,0.0,0.0,0.9735,0.0265,0.447,1.0,997,3,Cyber Intrusion,replay
0.0,154.073,38.019,1.0,6.0,0.0,0.0,0.0,6.0,0.0,0.0,0.848,0.0766,0.0,0.0,0.0,0.0,0.0,0.9765,0.0235,0.16,1.0,997,4,Normal,normal
0.0,153.417,37.916,1.0,6.0,0.0,0.0,0.0,6.0,0.0,0.0,0.848,0.0766,0.0,0.0,0.0,0.0,0.0,0.9702,0.0298,0.201,1.0,997,5,Normal,normal
0.0,222.308,104.474,1.0,6.0,0.0,0.0,0.0,6.0,0.0,0.0,2.6047,0.2353,0.0,0.0,0.0,0.0,0.0,0.9761,0.0239,-1.07,1.0,998,1,Normal,normal
0.0,220.78,104.378,1.0,6.0,0.0,0.0,0.0,6.0,0.0,0.0,2.6047,0.2353,0.0,0.0,0.0,0.0,0.0,0.9721,0.0279,0.456,1.0,998,2,Normal,normal
0.0,219.985,104.343,1.0,6.0,0.0,0.0,0.0,6.0,0.0,0.0,2.6047,0.2353,0.0,0.0,0.0,0.0,0.0,0.9761,0.0239,0.456,1.0,998,3,Cyber Intrusion,replay
0.0,219.185,104.368,1.0,6.0,0.0,0.0,0.0,6.0,0.0,0.0,2.6047,0.2353,0.0,0.0,0.0,0.0,0.0,0.9739,0.0261,0.167,1.0,998,4,Normal,normal
0.0,218.328,104.127,1.0,6.0,0.0,0.0,0.0,6.0,0.0,0.0,2.6047,0.2353,0.0,0.0,0.0,0.0,0.0,0.9665,0.0335,0.2,1.0,998,5,Normal,normal
0.0,219.615,104.883,1.0,6.0,0.0,0.0,0.0,6.0,0.0,0.0,1.627,0.147,0.0,0.0,0.0,0.0,0.0,0.9756,0.0244,-1.09,1.0,999,1,Normal,normal
0.0,218.212,104.716,1.0,6.0,0.0,0.0,0.0,6.0,0.0,0.0,1.627,0.147,0.0,0.0,0.0,0.0,0.0,0.9705,0.0295,0.462,1.0,999,2,Normal,normal
0.0,217.502,104.652,1.0,6.0,0.0,0.0,0.0,6.0,0.0,0.0,1.627,0.147,0.0,0.0,0.0,0.0,0.0,0.9689,0.0311,0.461,1.0,999,3,Cyber Intrusion,replay
0.0,216.842,104.604,1.0,6.0,0.0,0.0,0.0,6.0,0.0,0.0,1.627,0.147,0.0,0.0,0.0,0.0,0.0,0.9736,0.0264,0.17,1.0,999,4,Normal,normal
0.0,216.003,104.373,1.0,6.0,0.0,0.0,0.0,6.0,0.0,0.0,1.627,0.147,0.0,0.0,0.0,0.0,0.0,0.9708,0.0292,0.198,1.0,999,5,Normal,normal
0.0,218.548,105.912,1.0,6.0,0.0,0.0,0.0,6.0,0.0,0.0,1.6226,0.1466,0.0,0.0,0.0,0.0,0.0,0.9767,0.0233,-1.1,1.0,1000,1,Normal,normal
0.0,217.205,105.687,1.0,6.0,0.0,0.0,0.0,6.0,0.0,0.0,1.6226,0.1466,0.0,0.0,0.0,0.0,0.0,0.9706,0.0294,0.466,1.0,1000,2,Normal,normal
0.0,216.458,105.658,1.0,6.0,0.0,0.0,0.0,6.0,0.0,0.0,1.6226,0.1466,0.0,0.0,0.0,0.0,0.0,0.9722,0.0278,0.463,1.0,1000,3,Normal,normal
0.0,215.778,105.629,1.0,6.0,0.0,0.0,0.0,6.0,0.0,0.0,1.6226,0.1466,0.0,0.0,0.0,0.0,0.0,0.9704,0.0296,0.154,1.0,1000,4,Normal,normal
0.0,214.987,105.352,1.0,6.0,0.0,0.0,0.0,6.0,0.0,0.0,1.6226,0.1466,0.0,0.0,0.0,0.0,0.0,0.9709,0.0291,0.207,1.0,1000,5,Normal,normal
0.0,171.955,65.002,1.0,6.0,0.0,0.0,0.0,6.0,0.0,0.0,1.588,0.1434,0.0,0.0,0.0,0.0,0.0,0.9767,0.0233,-1.125,1.0,1001,1,Normal,normal
0.0,170.57,64.497,1.0,6.0,0.0,0.0,0.0,6.0,0.0,0.0,1.588,0.1434,0.0,0.0,0.0,0.0,0.0,0.9689,0.0311,0.473,1.0,1001,2,Normal,normal
0.0,169.597,64.675,1.0,6.0,0.0,0.0,0.0,6.0,0.0,0.0,1.588,0.1434,0.0,0.0,0.0,0.0,0.0,0.9687,0.0313,0.473,1.0,1001,3,Normal,normal
0.0,168.962,64.607,1.0,6.0,0.0,0.0,0.0,6.0,0.0,0.0,1.588,0.1434,0.0,0.0,0.0,0.0,0.0,0.9711,0.0289,0.173,1.0,1001,4,Normal,normal
0.0,168.218,64.252,1.0,6.0,0.0,0.0,0.0,6.0,0.0,0.0,1.588,0.1434,0.0,0.0,0.0,0.0,0.0,0.9671,0.0329,0.203,1.0,1001,5,Normal,normal
0.0,142.202,35.871,1.0,6.0,0.0,0.0,0.0,6.0,0.0,0.0,1.6893,0.1526,0.0,0.0,0.0,0.0,0.0,0.9728,0.0272,-1.151,1.0,1002,1,Normal,normal
0.0,140.997,35.756,1.0,6.0,0.0,0.0,0.0,6.0,0.0,0.0,1.6893,0.1526,0.0,0.0,0.0,0.0,0.0,0.9673,0.0327,0.485,1.0,1002,2,Normal,normal
0.0,140.082,35.982,1.0,6.0,0.0,0.0,0.0,6.0,0.0,0.0,1.6893,0.1526,0.0,0.0,0.0,0.0,0.0,0.9693,0.0307,0.487,1.0,1002,3,Normal,normal
0.0,139.513,35.893,1.0,6.0,0.0,0.0,0.0,6.0,0.0,0.0,1.6893,0.1526,0.0,0.0,0.0,0.0,0.0,0.97,0.03,0.174,1.0,1002,4,Normal,normal
0.0,138.877,35.736,1.0,6.0,0.0,0.0,0.0,6.0,0.0,0.0,1.6893,0.1526,0.0,0.0,0.0,0.0,0.0,0.9696,0.0304,0.22,1.0,1002,5,Normal,normal
0.0,139.982,33.352,1.0,6.0,0.0,0.0,0.0,6.0,0.0,0.0,4.8555,0.4386,0.0,0.0,0.0,0.0,0.0,0.9724,0.0276,-1.182,1.0,1003,1,Normal,normal
0.0,138.828,33.18,1.0,6.0,0.0,0.0,0.0,6.0,0.0,0.0,4.8555,0.4386,0.0,0.0,0.0,0.0,0.0,0.969,0.031,0.499,1.0,1003,2,Normal,normal
0.0,137.968,33.368,1.0,6.0,0.0,0.0,0.0,6.0,0.0,0.0,4.8555,0.4386,0.0,0.0,0.0,0.0,0.0,0.9708,0.0292,0.497,1.0,1003,3,Normal,normal
0.0,137.432,33.246,1.0,6.0,0.0,0.0,0.0,6.0,0.0,0.0,4.8555,0.4386,0.0,0.0,0.0,0.0,0.0,0.9737,0.0263,0.182,1.0,1003,4,Normal,normal
0.0,136.84,32.994,1.0,6.0,0.0,0.0,0.0,6.0,0.0,0.0,4.8555,0.4386,0.0,0.0,0.0,0.0,0.0,0.9608,0.0392,0.222,1.0,1003,5,Normal,normal
0.0,148.377,32.128,1.0,6.0,0.0,0.0,0.0,6.0,0.0,0.0,2.9435,0.2659,0.0,0.0,0.0,0.0,0.0,0.9699,0.0301,-1.224,1.0,1004,1,Normal,normal
0.0,147.067,31.925,1.0,6.0,0.0,0.0,0.0,6.0,0.0,0.0,2.9435,0.2659,0.0,0.0,0.0,0.0,0.0,0.9677,0.0323,0.513,1.0,1004,2,Normal,normal
0.0,146.098,32.082,1.0,6.0,0.0,0.0,0.0,6.0,0.0,0.0,2.9435,0.2659,0.0,0.0,0.0,0.0,0.0,0.9714,0.0286,0.52,1.0,1004,3,Normal,normal
0.0,145.465,31.874,1.0,6.0,0.0,0.0,0.0,6.0,0.0,0.0,2.9435,0.2659,0.0,0.0,0.0,0.0,0.0,0.9667,0.0333,0.184,1.0,1004,4,Normal,normal
0.0,144.787,31.645,1.0,6.0,0.0,0.0,0.0,6.0,0.0,0.0,2.9435,0.2659,0.0,0.0,0.0,0.0,0.0,0.9653,0.0347,0.237,1.0,1004,5,Normal,normal
0.0,248.213,150.417,1.0,6.0,0.0,0.0,0.0,6.0,0.0,0.0,0.3285,0.0297,0.0,0.0,0.0,0.0,0.0,0.9718,0.0282,-1.24,1.0,1005,1,Normal,normal
0.0,246.957,150.527,1.0,6.0,0.0,0.0,0.0,6.0,0.0,0.0,0.3285,0.0297,0.0,0.0,0.0,0.0,0.0,0.9665,0.0335,0.527,1.0,1005,2,Normal,normal
0.0,246.248,150.607,1.0,6.0,0.0,0.0,0.0,6.0,0.0,0.0,0.3285,0.0297,0.0,0.0,0.0,0.0,0.0,0.9678,0.0322,0.528,1.0,1005,3,Normal,normal
0.0,245.678,150.692,1.0,6.0,0.0,0.0,0.0,6.0,0.0,0.0,0.3285,0.0297,0.0,0.0,0.0,0.0,0.0,0.9685,0.0315,0.189,1.0,1005,4,Normal,normal
0.0,245.128,150.777,1.0,6.0,0.0,0.0,0.0,6.0,0.0,0.0,0.3285,0.0297,0.0,0.0,0.0,0.0,0.0,0.9654,0.0346,0.235,1.0,1005,5,Normal,normal
0.0,249.788,149.88,1.0,6.0,0.0,0.0,0.0,6.0,0.0,0.0,1.5544,0.1404,0.0,0.0,0.0,0.0,0.0,0.9692,0.0308,-1.29,1.0,1006,1,Normal,normal
0.0,248.545,149.956,1.0,6.0,0.0,0.0,0.0,6.0,0.0,0.0,1.5544,0.1404,0.0,0.0,0.0,0.0,0.0,0.9674,0.0326,0.552,1.0,1006,2,Normal,normal
0.0,247.77,150.068,1.0,6.0,0.0,0.0,0.0,6.0,0.0,0.0,1.5544,0.1404,0.0,0.0,0.0,0.0,0.0,0.9678,0.0322,0.543,1.0,1006,3,Normal,normal
0.0,247.115,150.218,1.0,6.0,0.0,0.0,0.0,6.0,0.0,0.0,1.5544,0.1404,0.0,0.0,0.0,0.0,0.0,0.9668,0.0332,0.2,1.0,1006,4,Normal,normal
0.0,246.602,150.274,1.0,6.0,0.0,0.0,0.0,6.0,0.0,0.0,1.5544,0.1404,0.0,0.0,0.0,0.0,0.0,0.9653,0.0347,0.244,1.0,1006,5,Normal,normal
0.0,255.325,145.413,1.0,6.0,0.0,0.0,0.0,6.0,0.0,0.0,0.422,0.0381,0.0,0.0,0.0,0.0,0.0,0.9698,0.0302,-1.339,1.0,1007,1,Normal,normal
0.0,253.917,145.626,1.0,6.0,0.0,0.0,0.0,6.0,0.0,0.0,0.422,0.0381,0.0,0.0,0.0,0.0,0.0,0.9644,0.0356,0.568,1.0,1007,2,Normal,normal
0.0,252.935,145.902,1.0,6.0,0.0,0.0,0.0,6.0,0.0,0.0,0.422,0.0381,0.0,0.0,0.0,0.0,0.0,0.9655,0.0345,0.568,1.0,1007,3,Normal,normal
0.0,252.178,146.138,1.0,6.0,0.0,0.0,0.0,6.0,0.0,0.0,0.422,0.0381,0.0,0.0,0.0,0.0,0.0,0.9692,0.0308,0.206,1.0,1007,4,Normal,normal
0.0,251.575,146.268,1.0,6.0,0.0,0.0,0.0,6.0,0.0,0.0,0.422,0.0381,0.0,0.0,0.0,0.0,0.0,0.9618,0.0382,0.248,1.0,1007,5,Normal,normal
0.0,264.185,126.051,1.0,6.0,0.0,0.0,0.0,6.0,0.0,0.0,2.2587,0.204,0.0,0.0,0.0,0.0,0.0,0.9693,0.0307,-1.36,1.0,1008,1,Normal,normal
0.0,262.648,126.149,1.0,6.0,0.0,0.0,0.0,6.0,0.0,0.0,2.2587,0.204,0.0,0.0,0.0,0.0,0.0,0.9659,0.0341,0.579,1.0,1008,2,Normal,normal
0.0,261.645,126.285,1.0,6.0,0.0,0.0,0.0,6.0,0.0,0.0,2.2587,0.204,0.0,0.0,0.0,0.0,0.0,0.9642,0.0358,0.58,1.0,1008,3,Normal,normal
0.0,260.872,126.382,1.0,6.0,0.0,0.0,0.0,6.0,0.0,0.0,2.2587,0.204,0.0,0.0,0.0,0.0,0.0,0.964,0.036,0.207,1.0,1008,4,Normal,normal
0.0,260.165,126.39,1.0,6.0,0.0,0.0,0.0,6.0,0.0,0.0,2.2587,0.204,0.0,0.0,0.0,0.0,0.0,0.964,0.036,0.253,1.0,1008,5,Normal,normal
0.0,218.36,107.935,1.0,6.0,0.0,0.0,0.0,6.0,0.0,0.0,0.7088,0.064,0.0,0.0,0.0,0.0,0.0,0.9662,0.0338,-1.411,1.0,1009,1,Normal,normal
0.0,216.867,107.806,1.0,6.0,0.0,0.0,0.0,6.0,0.0,0.0,0.7088,0.064,0.0,0.0,0.0,0.0,0.0,0.9621,0.0379,0.593,1.0,1009,2,Normal,normal
0.0,215.833,107.794,1.0,6.0,0.0,0.0,0.0,6.0,0.0,0.0,0.7088,0.064,0.0,0.0,0.0,0.0,0.0,0.9621,0.0379,0.601,1.0,1009,3,Normal,normal
0.0,215.038,107.757,1.0,6.0,0.0,0.0,0.0,6.0,0.0,0.0,0.7088,0.064,0.0,0.0,0.0,0.0,0.0,0.9648,0.0352,0.215,1.0,1009,4,Normal,normal
0.0,214.257,107.642,1.0,6.0,0.0,0.0,0.0,6.0,0.0,0.0,0.7088,0.064,0.0,0.0,0.0,0.0,0.0,0.9585,0.0415,0.268,1.0,1009,5,Normal,normal
0.0,226.835,101.259,1.0,6.0,0.0,0.0,0.0,6.0,0.0,0.0,2.5959,0.2345,0.0,0.0,0.0,0.0,0.0,0.9682,0.0318,-1.453,1.0,1010,1,Normal,normal
0.0,225.288,101.19,1.0,6.0,0.0,0.0,0.0,6.0,0.0,0.0,2.5959,0.2345,0.0,0.0,0.0,0.0,0.0,0.9628,0.0372,0.612,1.0,1010,2,Normal,normal
0.0,224.192,101.251,1.0,6.0,0.0,0.0,0.0,6.0,0.0,0.0,2.5959,0.2345,0.0,0.0,0.0,0.0,0.0,0.9593,0.0407,0.616,1.0,1010,3,Normal,normal
0.0,223.367,101.238,1.0,6.0,0.0,0.0,0.0,6.0,0.0,0.0,2.5959,0.2345,0.0,0.0,0.0,0.0,0.0,0.9617,0.0383,0.219,1.0,1010,4,Normal,normal
0.0,222.488,101.189,1.0,6.0,0.0,0.0,0.0,6.0,0.0,0.0,2.5959,0.2345,0.0,0.0,0.0,0.0,0.0,0.9592,0.0408,0.269,1.0,1010,5,Normal,normal
0.0,241.86,84.411,1.0,6.0,0.0,0.0,0.0,6.0,0.0,0.0,2.4593,0.2221,0.0,0.0,0.0,0.0,0.0,0.9666,0.0334,-1.48,1.0,1011,1,Normal,normal
0.0,240.393,84.319,1.0,6.0,0.0,0.0,0.0,6.0,0.0,0.0,2.4593,0.2221,0.0,0.0,0.0,0.0,0.0,0.9594,0.0406,0.625,1.0,1011,2,Normal,normal
0.0,239.493,84.349,1.0,6.0,0.0,0.0,0.0,6.0,0.0,0.0,2.4593,0.2221,0.0,0.0,0.0,0.0,0.0,0.9591,0.0409,0.622,1.0,1011,3,Normal,normal
0.0,238.78,84.348,1.0,6.0,0.0,0.0,0.0,6.0,0.0,0.0,2.4593,0.2221,0.0,0.0,0.0,0.0,0.0,0.9663,0.0337,0.234,1.0,1011,4,Normal,normal
0.0,237.885,84.218,1.0,6.0,0.0,0.0,0.0,6.0,0.0,0.0,2.4593,0.2221,0.0,0.0,0.0,0.0,0.0,0.9557,0.0443,0.272,1.0,1011,5,Normal,normal
0.0,212.877,93.505,1.0,6.0,0.0,0.0,0.0,6.0,0.0,0.0,2.2995,0.2077,0.0,0.0,0.0,0.0,0.0,0.9617,0.0383,-1.502,1.0,1012,1,Normal,normal
0.0,211.547,93.513,1.0,6.0,0.0,0.0,0.0,6.0,0.0,0.0,2.2995,0.2077,0.0,0.0,0.0,0.0,0.0,0.9596,0.0404,0.633,1.0,1012,2,Normal,normal
0.0,210.78,93.546,1.0,6.0,0.0,0.0,0.0,6.0,0.0,0.0,2.2995,0.2077,0.0,0.0,0.0,0.0,0.0,0.9604,0.0396,0.642,1.0,1012,3,Normal,normal
0.0,210.117,93.596,1.0,6.0,0.0,0.0,0.0,6.0,0.0,0.0,2.2995,0.2077,0.0,0.0,0.0,0.0,0.0,0.9645,0.0355,0.228,1.0,1012,4,Normal,normal
0.0,209.243,93.518,1.0,6.0,0.0,0.0,0.0,6.0,0.0,0.0,2.2995,0.2077,0.0,0.0,0.0,0.0,0.0,0.9575,0.0425,0.281,1.0,1012,5,Normal,normal
0.0,218.422,88.881,1.0,6.0,0.0,0.0,0.0,6.0,0.0,0.0,0.5804,0.0524,0.0,0.0,0.0,0.0,0.0,0.9664,0.0336,-1.53,1.0,1013,1,Normal,normal
0.0,216.98,88.982,1.0,6.0,0.0,0.0,0.0,6.0,0.0,0.0,0.5804,0.0524,0.0,0.0,0.0,0.0,0.0,0.9601,0.0399,0.657,1.0,1013,2,Normal,normal
0.0,216.18,89.036,1.0,6.0,0.0,0.0,0.0,6.0,0.0,0.0,0.5804,0.0524,0.0,0.0,0.0,0.0,0.0,0.9596,0.0404,0.654,1.0,1013,3,Normal,normal
0.0,215.46,89.141,1.0,6.0,0.0,0.0,0.0,6.0,0.0,0.0,0.5804,0.0524,0.0,0.0,0.0,0.0,0.0,0.9644,0.0356,0.236,1.0,1013,4,Normal,normal
0.0,214.567,89.092,1.0,6.0,0.0,0.0,0.0,6.0,0.0,0.0,0.5804,0.0524,0.0,0.0,0.0,0.0,0.0,0.9571,0.0429,0.286,1.0,1013,5,Normal,normal
0.0,225.975,71.4,1.0,6.0,0.0,0.0,0.0,6.0,0.0,0.0,2.1532,0.1945,0.0,0.0,0.0,0.0,0.0,0.9646,0.0354,-1.546,1.0,1014,1,Normal,normal
0.0,224.515,71.471,1.0,6.0,0.0,0.0,0.0,6.0,0.0,0.0,2.1532,0.1945,0.0,0.0,0.0,0.0,0.0,0.9592,0.0408,0.653,1.0,1014,2,Normal,normal
0.0,223.783,71.527,1.0,6.0,0.0,0.0,0.0,6.0,0.0,0.0,2.1532,0.1945,0.0,0.0,0.0,0.0,0.0,0.9622,0.0378,0.651,1.0,1014,3,Normal,normal
0.0,223.137,71.655,1.0,6.0,0.0,0.0,0.0,6.0,0.0,0.0,2.1532,0.1945,0.0,0.0,0.0,0.0,0.0,0.9591,0.0409,0.228,1.0,1014,4,Normal,normal
0.0,222.512,71.844,1.0,6.0,0.0,0.0,0.0,6.0,0.0,0.0,2.1532,0.1945,0.0,0.0,0.0,0.0,0.0,0.9535,0.0465,0.293,1.0,1014,5,Normal,normal
0.0,201.142,76.47,1.0,6.0,0.0,0.0,0.0,6.0,0.0,0.0,2.4708,0.2232,0.0,0.0,0.0,0.0,0.0,0.9628,0.0372,-1.555,1.0,1015,1,Normal,normal
0.0,199.68,76.485,1.0,6.0,0.0,0.0,0.0,6.0,0.0,0.0,2.4708,0.2232,0.0,0.0,0.0,0.0,0.0,0.9592,0.0408,0.663,1.0,1015,2,Normal,normal
0.0,198.878,76.557,1.0,6.0,0.0,0.0,0.0,6.0,0.0,0.0,2.4708,0.2232,0.0,0.0,0.0,0.0,0.0,0.9632,0.0368,0.657,1.0,1015,3,Normal,normal
0.0,197.948,76.773,1.0,6.0,0.0,0.0,0.0,6.0,0.0,0.0,2.4708,0.2232,0.0,0.0,0.0,0.0,0.0,0.9639,0.0361,0.244,1.0,1015,4,Normal,normal
0.0,197.098,76.948,1.0,6.0,0.0,0.0,0.0,6.0,0.0,0.0,2.4708,0.2232,0.0,0.0,0.0,0.0,0.0,0.9539,0.0461,0.298,1.0,1015,5,Normal,normal
0.0,215.29,67.288,1.0,6.0,0.0,0.0,0.0,6.0,0.0,0.0,0.953,0.0861,0.0,0.0,0.0,0.0,0.0,0.9654,0.0346,-1.563,1.0,1016,1,Normal,normal
0.0,213.808,67.323,1.0,6.0,0.0,0.0,0.0,6.0,0.0,0.0,0.953,0.0861,0.0,0.0,0.0,0.0,0.0,0.9564,0.0436,0.659,1.0,1016,2,Normal,normal
0.0,213.007,67.411,1.0,6.0,0.0,0.0,0.0,6.0,0.0,0.0,0.953,0.0861,0.0,0.0,0.0,0.0,0.0,0.9612,0.0388,0.656,1.0,1016,3,Normal,normal
0.0,212.052,67.682,1.0,6.0,0.0,0.0,0.0,6.0,0.0,0.0,0.953,0.0861,0.0,0.0,0.0,0.0,0.0,0.9608,0.0392,0.235,1.0,1016,4,Normal,normal
0.0,211.287,67.814,1.0,6.0,0.0,0.0,0.0,6.0,0.0,0.0,0.953,0.0861,0.0,0.0,0.0,0.0,0.0,0.9574,0.0426,0.284,1.0,1016,5,Normal,normal
0.0,282.925,125.927,1.0,6.0,0.0,0.0,0.0,6.0,0.0,0.0,1.176,0.1062,0.0,0.0,0.0,0.0,0.0,0.9628,0.0372,-1.553,1.0,1017,1,Normal,normal
0.0,281.56,126.015,1.0,6.0,0.0,0.0,0.0,6.0,0.0,0.0,1.176,0.1062,0.0,0.0,0.0,0.0,0.0,0.9577,0.0423,0.66,1.0,1017,2,Normal,normal
0.0,280.805,126.03,1.0,6.0,0.0,0.0,0.0,6.0,0.0,0.0,1.176,0.1062,0.0,0.0,0.0,0.0,0.0,0.9599,0.0401,0.659,1.0,1017,3,Normal,normal
0.0,279.832,126.241,1.0,6.0,0.0,0.0,0.0,6.0,0.0,0.0,1.176,0.1062,0.0,0.0,0.0,0.0,0.0,0.9585,0.0415,0.232,1.0,1017,4,Normal,normal
0.0,279.04,126.321,1.0,6.0,0.0,0.0,0.0,6.0,0.0,0.0,1.176,0.1062,0.0,0.0,0.0,0.0,0.0,0.955,0.045,0.287,1.0,1017,5,Normal,normal
0.0,276.492,127.13,1.0,6.0,0.0,0.0,0.0,6.0,0.0,0.0,0.3018,0.0273,0.0,0.0,0.0,0.0,0.0,0.9657,0.0343,-1.541,1.0,1018,1,Normal,normal
0.0,275.055,127.238,1.0,6.0,0.0,0.0,0.0,6.0,0.0,0.0,0.3018,0.0273,0.0,0.0,0.0,0.0,0.0,0.9588,0.0412,0.652,1.0,1018,2,Normal,normal
0.0,274.25,127.258,1.0,6.0,0.0,0.0,0.0,6.0,0.0,0.0,0.3018,0.0273,0.0,0.0,0.0,0.0,0.0,0.9593,0.0407,0.656,1.0,1018,3,Normal,normal
0.0,273.208,127.464,1.0,6.0,0.0,0.0,0.0,6.0,0.0,0.0,0.3018,0.0273,0.0,0.0,0.0,0.0,0.0,0.9626,0.0374,0.233,1.0,1018,4,Normal,normal
0.0,272.305,127.556,1.0,6.0,0.0,0.0,0.0,6.0,0.0,0.0,0.3018,0.0273,0.0,0.0,0.0,0.0,0.0,0.9556,0.0444,0.282,1.0,1018,5,Normal,normal
0.0,384.072,123.954,1.0,6.0,0.0,0.0,0.0,6.0,0.0,0.0,2.2557,0.2038,0.0,0.0,0.0,0.0,0.0,0.9667,0.0333,-1.519,1.0,1019,1,Normal,normal
0.0,382.648,124.083,1.0,6.0,0.0,0.0,0.0,6.0,0.0,0.0,2.2557,0.2038,0.0,0.0,0.0,0.0,0.0,0.9594,0.0406,0.644,1.0,1019,2,Normal,normal
0.0,381.797,124.015,1.0,6.0,0.0,0.0,0.0,6.0,0.0,0.0,2.2557,0.2038,0.0,0.0,0.0,0.0,0.0,0.9652,0.0348,0.638,1.0,1019,3,Normal,normal
0.0,380.84,123.948,1.0,6.0,0.0,0.0,0.0,6.0,0.0,0.0,2.2557,0.2038,0.0,0.0,0.0,0.0,0.0,0.9607,0.0393,0.232,1.0,1019,4,Normal,normal
0.0,380.0,123.85,1.0,6.0,0.0,0.0,0.0,6.0,0.0,0.0,2.2557,0.2038,0.0,0.0,0.0,0.0,0.0,0.9569,0.0431,0.28,1.0,1019,5,Normal,normal
0.0,373.387,98.156,1.0,6.0,0.0,0.0,0.0,6.0,0.0,0.0,2.848,0.2573,0.0,0.0,0.0,0.0,0.0,0.9666,0.0334,-1.49,1.0,1020,1,Normal,normal
0.0,372.087,98.15,1.0,6.0,0.0,0.0,0.0,6.0,0.0,0.0,2.848,0.2573,0.0,0.0,0.0,0.0,0.0,0.9585,0.0415,0.637,1.0,1020,2,Normal,normal
0.0,371.355,98.005,1.0,6.0,0.0,0.0,0.0,6.0,0.0,0.0,2.848,0.2573,0.0,0.0,0.0,0.0,0.0,0.9612,0.0388,0.639,1.0,1020,3,Normal,normal
0.0,370.552,97.846,1.0,6.0,0.0,0.0,0.0,6.0,0.0,0.0,2.848,0.2573,0.0,0.0,0.0,0.0,0.0,0.962,0.038,0.221,1.0,1020,4,Normal,normal
0.0,369.775,97.761,1.0,6.0,0.0,0.0,0.0,6.0,0.0,0.0,2.848,0.2573,0.0,0.0,0.0,0.0,0.0,0.9622,0.0378,0.281,1.0,1020,5,Normal,normal
0.0,323.173,142.892,1.0,6.0,0.0,0.0,0.0,6.0,0.0,0.0,1.1256,0.1017,0.0,0.0,0.0,0.0,0.0,0.9671,0.0329,-1.451,1.0,1021,1,Normal,normal
0.0,321.818,142.919,1.0,6.0,0.0,0.0,0.0,6.0,0.0,0.0,1.1256,0.1017,0.0,0.0,0.0,0.0,0.0,0.9629,0.0371,0.626,1.0,1021,2,Normal,normal
0.0,321.143,142.722,1.0,6.0,0.0,0.0,0.0,6.0,0.0,0.0,1.1256,0.1017,0.0,0.0,0.0,0.0,0.0,0.9615,0.0385,0.614,1.0,1021,3,Normal,normal
0.0,320.452,142.418,1.0,6.0,0.0,0.0,0.0,6.0,0.0,0.0,1.1256,0.1017,0.0,0.0,0.0,0.0,0.0,0.9668,0.0332,0.228,1.0,1021,4,Normal,normal
0.0,319.805,142.149,1.0,6.0,0.0,0.0,0.0,6.0,0.0,0.0,1.1256,0.1017,0.0,0.0,0.0,0.0,0.0,0.9606,0.0394,0.271,1.0,1021,5,Normal,normal
0.0,260.978,136.958,1.0,6.0,0.0,0.0,0.0,6.0,0.0,0.0,1.9299,0.1743,0.0,0.0,0.0,0.0,0.0,0.9699,0.0301,-1.428,1.0,1022,1,Normal,normal
0.0,259.578,137.339,1.0,6.0,0.0,0.0,0.0,6.0,0.0,0.0,1.9299,0.1743,0.0,0.0,0.0,0.0,0.0,0.9594,0.0406,0.609,1.0,1022,2,Normal,normal
0.0,259.02,137.328,1.0,6.0,0.0,0.0,0.0,6.0,0.0,0.0,1.9299,0.1743,0.0,0.0,0.0,0.0,0.0,0.9609,0.0391,0.608,1.0,1022,3,Normal,normal
0.0,258.387,137.145,1.0,6.0,0.0,0.0,0.0,6.0,0.0,0.0,1.9299,0.1743,0.0,0.0,0.0,0.0,0.0,0.9662,0.0338,0.215,1.0,1022,4,Normal,normal
0.0,257.808,136.977,1.0,6.0,0.0,0.0,0.0,6.0,0.0,0.0,1.9299,0.1743,0.0,0.0,0.0,0.0,0.0,0.9589,0.0411,0.263,1.0,1022,5,Normal,normal
0.0,172.5,57.466,1.0,6.0,0.0,0.0,0.0,6.0,0.0,0.0,1.0965,0.099,0.0,0.0,0.0,0.0,0.0,0.9704,0.0296,-1.384,1.0,1023,1,Normal,normal
0.0,171.02,57.561,1.0,6.0,0.0,0.0,0.0,6.0,0.0,0.0,1.0965,0.099,0.0,0.0,0.0,0.0,0.0,0.9622,0.0378,0.578,1.0,1023,2,Normal,normal
0.0,169.945,57.955,1.0,6.0,0.0,0.0,0.0,6.0,0.0,0.0,1.0965,0.099,0.0,0.0,0.0,0.0,0.0,0.9622,0.0378,0.588,1.0,1023,3,Normal,normal
0.0,169.307,58.041,1.0,6.0,0.0,0.0,0.0,6.0,0.0,0.0,1.0965,0.099,0.0,0.0,0.0,0.0,0.0,0.9664,0.0336,0.213,1.0,1023,4,Normal,normal
0.0,168.372,58.426,1.0,6.0,0.0,0.0,0.0,6.0,0.0,0.0,1.0965,0.099,0.0,0.0,0.0,0.0,0.0,0.9615,0.0385,0.258,1.0,1023,5,Normal,normal
0.0,153.308,38.164,1.0,6.0,0.0,0.0,0.0,6.0,0.0,0.0,1.5772,0.1425,0.0,0.0,0.0,0.0,0.0,0.9681,0.0319,-1.328,1.0,1024,1,Normal,normal
0.0,151.797,38.034,1.0,6.0,0.0,0.0,0.0,6.0,0.0,0.0,1.5772,0.1425,0.0,0.0,0.0,0.0,0.0,0.9655,0.0345,0.56,1.0,1024,2,Normal,normal
0.0,150.713,38.28,1.0,6.0,0.0,0.0,0.0,6.0,0.0,0.0,1.5772,0.1425,0.0,0.0,0.0,0.0,0.0,0.9645,0.0355,0.56,1.0,1024,3,Normal,normal
0.0,150.11,38.398,1.0,6.0,0.0,0.0,0.0,6.0,0.0,0.0,1.5772,0.1425,0.0,0.0,0.0,0.0,0.0,0.9681,0.0319,0.2,1.0,1024,4,Normal,normal
0.0,149.218,38.813,1.0,6.0,0.0,0.0,0.0,6.0,0.0,0.0,1.5772,0.1425,0.0,0.0,0.0,0.0,0.0,0.9596,0.0404,0.252,1.0,1024,5,Normal,normal
0.0,221.917,104.802,1.0,6.0,0.0,0.0,0.0,6.0,0.0,0.0,1.2321,0.1113,0.0,0.0,0.0,0.0,0.0,0.9722,0.0278,-1.305,1.0,1025,1,Normal,normal
0.0,220.495,104.797,1.0,6.0,0.0,0.0,0.0,6.0,0.0,0.0,1.2321,0.1113,0.0,0.0,0.0,0.0,0.0,0.9646,0.0354,0.543,1.0,1025,2,Normal,normal
0.0,219.382,105.188,1.0,6.0,0.0,0.0,0.0,6.0,0.0,0.0,1.2321,0.1113,0.0,0.0,0.0,0.0,0.0,0.9698,0.0302,0.558,1.0,1025,3,Normal,normal
0.0,218.702,105.252,1.0,6.0,0.0,0.0,0.0,6.0,0.0,0.0,1.2321,0.1113,0.0,0.0,0.0,0.0,0.0,0.9686,0.0314,0.203,1.0,1025,4,Normal,normal
0.0,217.733,105.644,1.0,6.0,0.0,0.0,0.0,6.0,0.0,0.0,1.2321,0.1113,0.0,0.0,0.0,0.0,0.0,0.9622,0.0378,0.234,1.0,1025,5,Normal,normal
0.0,235.277,95.507,1.0,6.0,0.0,0.0,0.0,6.0,0.0,0.0,1.5057,0.136,0.0,0.0,0.0,0.0,0.0,0.9703,0.0297,-1.238,1.0,1026,1,Normal,normal
0.0,234.085,95.29,1.0,6.0,0.0,0.0,0.0,6.0,0.0,0.0,1.5057,0.136,0.0,0.0,0.0,0.0,0.0,0.9668,0.0332,0.53,1.0,1026,2,Normal,normal
0.0,232.997,95.774,1.0,6.0,0.0,0.0,0.0,6.0,0.0,0.0,1.5057,0.136,0.0,0.0,0.0,0.0,0.0,0.967,0.033,0.531,1.0,1026,3,Normal,normal
0.0,232.375,95.81,1.0,6.0,0.0,0.0,0.0,6.0,0.0,0.0,1.5057,0.136,0.0,0.0,0.0,0.0,0.0,0.9719,0.0281,0.18,1.0,1026,4,Normal,normal
0.0,231.438,96.276,1.0,6.0,0.0,0.0,0.0,6.0,0.0,0.0,1.5057,0.136,0.0,0.0,0.0,0.0,0.0,0.9668,0.0332,0.237,1.0,1026,5,Normal,normal
0.0,361.67,154.081,1.0,6.0,0.0,0.0,0.0,6.0,0.0,0.0,1.9713,0.1781,0.0,0.0,0.0,0.0,0.0,0.9716,0.0284,-1.178,1.0,1027,1,Normal,normal
0.0,360.583,154.125,1.0,6.0,0.0,0.0,0.0,6.0,0.0,0.0,1.9713,0.1781,0.0,0.0,0.0,0.0,0.0,0.9709,0.0291,0.5,1.0,1027,2,Normal,normal
0.0,359.995,154.044,1.0,6.0,0.0,0.0,0.0,6.0,0.0,0.0,1.9713,0.1781,0.0,0.0,0.0,0.0,0.0,0.9708,0.0292,0.5,1.0,1027,3,Normal,normal
0.0,359.515,154.031,1.0,6.0,0.0,0.0,0.0,6.0,0.0,0.0,1.9713,0.1781,0.0,0.0,0.0,0.0,0.0,0.9749,0.0251,0.177,1.0,1027,4,Normal,normal
0.0,359.035,153.992,1.0,6.0,0.0,0.0,0.0,6.0,0.0,0.0,1.9713,0.1781,0.0,0.0,0.0,0.0,0.0,0.9685,0.0315,0.215,1.0,1027,5,Normal,normal
0.0,387.742,135.693,1.0,6.0,0.0,0.0,0.0,6.0,0.0,0.0,0.7168,0.0647,0.0,0.0,0.0,0.0,0.0,0.9737,0.0263,-1.158,1.0,1028,1,Normal,normal
0.0,386.68,135.692,1.0,6.0,0.0,0.0,0.0,6.0,0.0,0.0,0.7168,0.0647,0.0,0.0,0.0,0.0,0.0,0.9689,0.0311,0.493,1.0,1028,2,Normal,normal
0.0,386.067,135.642,1.0,6.0,0.0,0.0,0.0,6.0,0.0,0.0,0.7168,0.0647,0.0,0.0,0.0,0.0,0.0,0.9712,0.0288,0.489,1.0,1028,3,Normal,normal
0.0,385.628,135.634,1.0,6.0,0.0,0.0,0.0,6.0,0.0,0.0,0.7168,0.0647,0.0,0.0,0.0,0.0,0.0,0.9704,0.0296,0.183,1.0,1028,4,Normal,normal
0.0,385.197,135.622,1.0,6.0,0.0,0.0,0.0,6.0,0.0,0.0,0.7168,0.0647,0.0,0.0,0.0,0.0,0.0,0.9691,0.0309,0.209,1.0,1028,5,Normal,normal
0.0,354.658,167.824,1.0,6.0,0.0,0.0,0.0,6.0,0.0,0.0,3.5907,0.3243,0.0,0.0,0.0,0.0,0.0,0.9718,0.0282,-1.099,1.0,1029,1,Normal,normal
0.0,353.427,167.979,1.0,6.0,0.0,0.0,0.0,6.0,0.0,0.0,3.5907,0.3243,0.0,0.0,0.0,0.0,0.0,0.971,0.029,0.464,1.0,1029,2,Normal,normal
0.0,352.363,168.31,1.0,6.0,0.0,0.0,0.0,6.0,0.0,0.0,3.5907,0.3243,0.0,0.0,0.0,0.0,0.0,0.9751,0.0249,0.46,1.0,1029,3,Normal,normal
0.0,351.712,168.532,1.0,6.0,0.0,0.0,0.0,6.0,0.0,0.0,3.5907,0.3243,0.0,0.0,0.0,0.0,0.0,0.9763,0.0237,0.17,1.0,1029,4,Normal,normal
0.0,351.153,168.665,1.0,6.0,0.0,0.0,0.0,6.0,0.0,0.0,3.5907,0.3243,0.0,0.0,0.0,0.0,0.0,0.9716,0.0284,0.207,1.0,1029,5,Normal,normal
0.0,286.353,149.621,1.0,6.0,0.0,0.0,0.0,6.0,0.0,0.0,0.9441,0.0853,0.0,0.0,0.0,0.0,0.0,0.9756,0.0244,-1.06,1.0,1030,1,Normal,normal
0.0,285.095,149.621,1.0,6.0,0.0,0.0,0.0,6.0,0.0,0.0,0.9441,0.0853,0.0,0.0,0.0,0.0,0.0,0.9719,0.0281,0.441,1.0,1030,2,Normal,normal
0.0,284.06,149.821,1.0,6.0,0.0,0.0,0.0,6.0,0.0,0.0,0.9441,0.0853,0.0,0.0,0.0,0.0,0.0,0.9722,0.0278,0.441,1.0,1030,3,Normal,normal
0.0,283.407,149.97,1.0,6.0,0.0,0.0,0.0,6.0,0.0,0.0,0.9441,0.0853,0.0,0.0,0.0,0.0,0.0,0.9768,0.0232,0.16,1.0,1030,4,Normal,normal
0.0,282.843,150.089,1.0,6.0,0.0,0.0,0.0,6.0,0.0,0.0,0.9441,0.0853,0.0,0.0,0.0,0.0,0.0,0.9701,0.0299,0.192,1.0,1030,5,Normal,normal
0.0,234.267,80.238,1.0,6.0,0.0,0.0,0.0,6.0,0.0,0.0,1.2722,0.1149,0.0,0.0,0.0,0.0,0.0,0.9768,0.0232,-1.038,1.0,1031,1,Normal,normal
0.0,233.14,80.365,1.0,6.0,0.0,0.0,0.0,6.0,0.0,0.0,1.2722,0.1149,0.0,0.0,0.0,0.0,0.0,0.9702,0.0298,0.437,1.0,1031,2,Normal,normal
0.0,232.055,80.407,1.0,6.0,0.0,0.0,0.0,6.0,0.0,0.0,1.2722,0.1149,0.0,0.0,0.0,0.0,0.0,0.973,0.027,0.438,1.0,1031,3,Normal,normal
0.0,231.433,80.592,1.0,6.0,0.0,0.0,0.0,6.0,0.0,0.0,1.2722,0.1149,0.0,0.0,0.0,0.0,0.0,0.9755,0.0245,0.161,1.0,1031,4,Normal,normal
0.0,230.89,80.744,1.0,6.0,0.0,0.0,0.0,6.0,0.0,0.0,1.2722,0.1149,0.0,0.0,0.0,0.0,0.0,0.973,0.027,0.189,1.0,1031,5,Normal,normal
0.0,223.158,80.252,1.0,6.0,0.0,0.0,0.0,6.0,0.0,0.0,1.6749,0.1513,0.0,0.0,0.0,0.0,0.0,0.9779,0.0221,-0.996,1.0,1032,1,Normal,normal
0.0,221.857,80.438,1.0,6.0,0.0,0.0,0.0,6.0,0.0,0.0,1.6749,0.1513,0.0,0.0,0.0,0.0,0.0,0.972,0.028,0.428,1.0,1032,2,Normal,normal
0.0,220.638,80.464,1.0,6.0,0.0,0.0,0.0,6.0,0.0,0.0,1.6749,0.1513,0.0,0.0,0.0,0.0,0.0,0.9745,0.0255,0.421,1.0,1032,3,Normal,normal
0.0,219.998,80.623,1.0,6.0,0.0,0.0,0.0,6.0,0.0,0.0,1.6749,0.1513,0.0,0.0,0.0,0.0,0.0,0.9791,0.0209,0.152,1.0,1032,4,Normal,normal
0.0,219.413,80.766,1.0,6.0,0.0,0.0,0.0,6.0,0.0,0.0,1.6749,0.1513,0.0,0.0,0.0,0.0,0.0,0.9742,0.0258,0.182,1.0,1032,5,Normal,normal
0.0,340.102,138.862,1.0,6.0,0.0,0.0,0.0,6.0,0.0,0.0,4.8795,0.4408,0.0,0.0,0.0,0.0,0.0,0.9804,0.0196,-0.973,1.0,1033,1,Normal,normal
0.0,339.027,139.165,1.0,6.0,0.0,0.0,0.0,6.0,0.0,0.0,4.8795,0.4408,0.0,0.0,0.0,0.0,0.0,0.9759,0.0241,0.411,1.0,1033,2,Normal,normal
0.0,338.14,139.193,1.0,6.0,0.0,0.0,0.0,6.0,0.0,0.0,4.8795,0.4408,0.0,0.0,0.0,0.0,0.0,0.9766,0.0234,0.409,1.0,1033,3,Normal,normal
0.0,337.363,138.756,1.0,6.0,0.0,0.0,0.0,6.0,0.0,0.0,4.8795,0.4408,0.0,0.0,0.0,0.0,0.0,0.9771,0.0229,0.151,1.0,1033,4,Normal,normal
0.0,336.747,138.588,1.0,6.0,0.0,0.0,0.0,6.0,0.0,0.0,4.8795,0.4408,0.0,0.0,0.0,0.0,0.0,0.9669,0.0331,0.183,1.0,1033,5,Normal,normal
0.0,393.522,113.669,1.0,6.0,0.0,0.0,0.0,6.0,0.0,0.0,4.225,0.3816,0.0,0.0,0.0,0.0,0.0,0.9792,0.0208,-0.958,1.0,1034,1,Normal,normal
0.0,392.27,114.113,1.0,6.0,0.0,0.0,0.0,6.0,0.0,0.0,4.225,0.3816,0.0,0.0,0.0,0.0,0.0,0.9757,0.0243,0.41,1.0,1034,2,Normal,normal
0.0,391.423,114.275,1.0,6.0,0.0,0.0,0.0,6.0,0.0,0.0,4.225,0.3816,0.0,0.0,0.0,0.0,0.0,0.9808,0.0192,0.4,1.0,1034,3,Normal,normal
0.0,390.572,113.924,1.0,6.0,0.0,0.0,0.0,6.0,0.0,0.0,4.225,0.3816,0.0,0.0,0.0,0.0,0.0,0.9746,0.0254,0.15,1.0,1034,4,Normal,normal
0.0,389.905,113.811,1.0,6.0,0.0,0.0,0.0,6.0,0.0,0.0,4.225,0.3816,0.0,0.0,0.0,0.0,0.0,0.9706,0.0294,0.176,1.0,1034,5,Normal,normal
0.0,370.405,135.547,1.0,6.0,0.0,0.0,0.0,6.0,0.0,0.0,0.8616,0.0778,0.0,0.0,0.0,0.0,0.0,0.9784,0.0216,-0.938,1.0,1035,1,Normal,normal
0.0,369.047,135.992,1.0,6.0,0.0,0.0,0.0,6.0,0.0,0.0,0.8616,0.0778,0.0,0.0,0.0,0.0,0.0,0.9739,0.0261,0.402,1.0,1035,2,Normal,normal
0.0,368.102,136.207,1.0,6.0,0.0,0.0,0.0,6.0,0.0,0.0,0.8616,0.0778,0.0,0.0,0.0,0.0,0.0,0.9735,0.0265,0.396,1.0,1035,3,Normal,normal
0.0,367.187,135.904,1.0,6.0,0.0,0.0,0.0,6.0,0.0,0.0,0.8616,0.0778,0.0,0.0,0.0,0.0,0.0,0.9774,0.0226,0.144,1.0,1035,4,Normal,normal
0.0,366.518,135.76,1.0,6.0,0.0,0.0,0.0,6.0,0.0,0.0,0.8616,0.0778,0.0,0.0,0.0,0.0,0.0,0.9731,0.0269,0.177,1.0,1035,5,Normal,normal
0.0,423.172,117.681,1.0,6.0,0.0,0.0,0.0,6.0,0.0,0.0,1.6809,0.1518,0.0,0.0,0.0,0.0,0.0,0.9828,0.0172,-0.933,1.0,1036,1,Normal,normal
0.0,421.845,117.904,1.0,6.0,0.0,0.0,0.0,6.0,0.0,0.0,1.6809,0.1518,0.0,0.0,0.0,0.0,0.0,0.9758,0.0242,0.39,1.0,1036,2,Normal,normal
0.0,420.98,117.997,1.0,6.0,0.0,0.0,0.0,6.0,0.0,0.0,1.6809,0.1518,0.0,0.0,0.0,0.0,0.0,0.9807,0.0193,0.394,1.0,1036,3,Normal,normal
0.0,420.178,117.939,1.0,6.0,0.0,0.0,0.0,6.0,0.0,0.0,1.6809,0.1518,0.0,0.0,0.0,0.0,0.0,0.978,0.022,0.145,1.0,1036,4,Normal,normal
0.0,419.525,117.81,1.0,6.0,0.0,0.0,0.0,6.0,0.0,0.0,1.6809,0.1518,0.0,0.0,0.0,0.0,0.0,0.9775,0.0225,0.18,1.0,1036,5,Normal,normal
0.0,389.437,113.563,1.0,6.0,0.0,0.0,0.0,6.0,0.0,0.0,1.666,0.1505,0.0,0.0,0.0,0.0,0.0,0.9813,0.0187,-0.935,1.0,1037,1,Normal,normal
0.0,387.89,113.693,1.0,6.0,0.0,0.0,0.0,6.0,0.0,0.0,1.666,0.1505,0.0,0.0,0.0,0.0,0.0,0.9732,0.0268,0.389,1.0,1037,2,Normal,normal
0.0,387.053,113.709,1.0,6.0,0.0,0.0,0.0,6.0,0.0,0.0,1.666,0.1505,0.0,0.0,0.0,0.0,0.0,0.9746,0.0254,0.399,1.0,1037,3,Normal,normal
0.0,386.322,113.62,1.0,6.0,0.0,0.0,0.0,6.0,0.0,0.0,1.666,0.1505,0.0,0.0,0.0,0.0,0.0,0.9782,0.0218,0.148,1.0,1037,4,Normal,normal
0.0,385.745,113.461,1.0,6.0,0.0,0.0,0.0,6.0,0.0,0.0,1.666,0.1505,0.0,0.0,0.0,0.0,0.0,0.9726,0.0274,0.174,1.0,1037,5,Normal,normal
0.0,355.175,147.907,1.0,6.0,0.0,0.0,0.0,6.0,0.0,0.0,1.4104,0.1274,0.0,0.0,0.0,0.0,0.0,0.9825,0.0175,-0.935,1.0,1038,1,Normal,normal
0.0,353.763,147.956,1.0,6.0,0.0,0.0,0.0,6.0,0.0,0.0,1.4104,0.1274,0.0,0.0,0.0,0.0,0.0,0.9764,0.0236,0.397,1.0,1038,2,Normal,normal
0.0,352.853,148.141,1.0,6.0,0.0,0.0,0.0,6.0,0.0,0.0,1.4104,0.1274,0.0,0.0,0.0,0.0,0.0,0.9752,0.0248,0.398,1.0,1038,3,Normal,normal
0.0,352.198,148.038,1.0,6.0,0.0,0.0,0.0,6.0,0.0,0.0,1.4104,0.1274,0.0,0.0,0.0,0.0,0.0,0.9769,0.0231,0.142,1.0,1038,4,Normal,normal
0.0,351.453,148.229,1.0,6.0,0.0,0.0,0.0,6.0,0.0,0.0,1.4104,0.1274,0.0,0.0,0.0,0.0,0.0,0.9736,0.0264,0.173,1.0,1038,5,Normal,normal
0.0,295.845,133.906,1.0,6.0,0.0,0.0,0.0,6.0,0.0,0.0,1.6344,0.1476,0.0,0.0,0.0,0.0,0.0,0.9783,0.0217,-0.933,1.0,1039,1,Normal,normal
0.0,294.278,133.463,1.0,6.0,0.0,0.0,0.0,6.0,0.0,0.0,1.6344,0.1476,0.0,0.0,0.0,0.0,0.0,0.9763,0.0237,0.397,1.0,1039,2,Normal,normal
0.0,293.442,133.623,1.0,6.0,0.0,0.0,0.0,6.0,0.0,0.0,1.6344,0.1476,0.0,0.0,0.0,0.0,0.0,0.9797,0.0203,0.398,1.0,1039,3,Normal,normal
0.0,292.883,133.57,1.0,6.0,0.0,0.0,0.0,6.0,0.0,0.0,1.6344,0.1476,0.0,0.0,0.0,0.0,0.0,0.9769,0.0231,0.15,1.0,1039,4,Normal,normal
0.0,292.225,133.759,1.0,6.0,0.0,0.0,0.0,6.0,0.0,0.0,1.6344,0.1476,0.0,0.0,0.0,0.0,0.0,0.9767,0.0233,0.176,1.0,1039,5,Normal,normal
0.0,270.333,100.925,1.0,6.0,0.0,0.0,0.0,6.0,0.0,0.0,0.272,0.0246,0.0,0.0,0.0,0.0,0.0,0.98,0.02,-0.941,1.0,1040,1,Normal,normal
0.0,269.112,100.974,1.0,6.0,0.0,0.0,0.0,6.0,0.0,0.0,0.272,0.0246,0.0,0.0,0.0,0.0,0.0,0.9778,0.0222,0.403,1.0,1040,2,Normal,normal
0.0,268.305,101.245,1.0,6.0,0.0,0.0,0.0,6.0,0.0,0.0,0.272,0.0246,0.0,0.0,0.0,0.0,0.0,0.978,0.022,0.395,1.0,1040,3,Normal,normal
0.0,267.63,101.097,1.0,6.0,0.0,0.0,0.0,6.0,0.0,0.0,0.272,0.0246,0.0,0.0,0.0,0.0,0.0,0.9791,0.0209,0.145,1.0,1040,4,Normal,normal
0.0,266.865,101.241,1.0,6.0,0.0,0.0,0.0,6.0,0.0,0.0,0.272,0.0246,0.0,0.0,0.0,0.0,0.0,0.9759,0.0241,0.174,1.0,1040,5,Normal,normal
0.0,229.887,109.751,1.0,6.0,0.0,0.0,0.0,6.0,0.0,0.0,2.1918,0.198,0.0,0.0,0.0,0.0,0.0,0.9098,0.0902,-3.371,1.0,1041,1,Natural Fault,short_circuit
0.0,228.512,109.891,1.0,6.0,0.0,0.0,0.0,6.0,0.0,0.0,2.1918,0.198,0.0,0.0,0.0,0.0,0.0,0.8763,0.1237,2.827,1.0,1041,2,Natural Fault,short_circuit
0.0,227.567,110.126,1.0,6.0,0.0,0.0,0.0,6.0,0.0,0.0,2.1918,0.198,0.0,0.0,0.0,0.0,0.0,0.9086,0.0914,0.405,1.0,1041,3,Natural Fault,short_circuit
0.0,226.707,109.972,1.0,6.0,0.0,0.0,0.0,6.0,0.0,0.0,2.1918,0.198,0.0,0.0,0.0,0.0,0.0,0.9116,0.0884,0.145,1.0,1041,4,Natural Fault,short_circuit
0.0,225.822,109.986,1.0,6.0,0.0,0.0,0.0,6.0,0.0,0.0,2.1918,0.198,0.0,0.0,0.0,0.0,0.0,0.8787,0.1213,0.175,1.0,1041,5,Natural Fault,short_circuit
0.0,240.555,101.46,1.0,6.0,0.0,0.0,0.0,6.0,0.0,0.0,2.1181,0.1913,0.0,0.0,0.0,0.0,0.0,0.9099,0.0901,-3.384,1.0,1042,1,Natural Fault,short_circuit
0.0,239.237,101.531,1.0,6.0,0.0,0.0,0.0,6.0,0.0,0.0,2.1181,0.1913,0.0,0.0,0.0,0.0,0.0,0.8808,0.1192,2.827,1.0,1042,2,Natural Fault,short_circuit
0.0,238.49,101.587,1.0,6.0,0.0,0.0,0.0,6.0,0.0,0.0,2.1181,0.1913,0.0,0.0,0.0,0.0,0.0,0.9058,0.0942,0.401,1.0,1042,3,Natural Fault,short_circuit
0.0,237.722,101.376,1.0,6.0,0.0,0.0,0.0,6.0,0.0,0.0,2.1181,0.1913,0.0,0.0,0.0,0.0,0.0,0.9124,0.0876,0.149,1.0,1042,4,Natural Fault,short_circuit
0.0,237.057,101.182,1.0,6.0,0.0,0.0,0.0,6.0,0.0,0.0,2.1181,0.1913,0.0,0.0,0.0,0.0,0.0,0.8782,0.1218,0.18,1.0,1042,5,Natural Fault,short_circuit
0.0,241.193,128.146,1.0,6.0,0.0,0.0,0.0,6.0,0.0,0.0,1.2408,0.1121,0.0,0.0,0.0,0.0,0.0,0.9097,0.0903,-3.395,1.0,1043,1,Natural Fault,short_circuit
0.0,239.9,128.311,1.0,6.0,0.0,0.0,0.0,6.0,0.0,0.0,1.2408,0.1121,0.0,0.0,0.0,0.0,0.0,0.8815,0.1185,2.836,1.0,1043,2,Natural Fault,short_circuit
0.0,239.262,128.497,1.0,6.0,0.0,0.0,0.0,6.0,0.0,0.0,1.2408,0.1121,0.0,0.0,0.0,0.0,0.0,0.9094,0.0906,0.416,1.0,1043,3,Natural Fault,short_circuit
0.0,238.63,128.446,1.0,6.0,0.0,0.0,0.0,6.0,0.0,0.0,1.2408,0.1121,0.0,0.0,0.0,0.0,0.0,0.9119,0.0881,0.145,1.0,1043,4,Natural Fault,short_circuit
0.0,238.045,128.321,1.0,6.0,0.0,0.0,0.0,6.0,0.0,0.0,1.2408,0.1121,0.0,0.0,0.0,0.0,0.0,0.8785,0.1215,0.185,1.0,1043,5,Natural Fault,short_circuit
0.0,196.535,118.128,1.0,6.0,0.0,0.0,0.0,6.0,0.0,0.0,0.9992,0.0903,0.0,0.0,0.0,0.0,0.0,0.977,0.023,-0.99,1.0,1044,1,Natural Fault,short_circuit
0.0,195.415,118.248,1.0,6.0,0.0,0.0,0.0,6.0,0.0,0.0,0.9992,0.0903,0.0,0.0,0.0,0.0,0.0,0.9741,0.0259,0.421,1.0,1044,2,Natural Fault,short_circuit
0.0,194.707,118.45,1.0,6.0,0.0,0.0,0.0,6.0,0.0,0.0,0.9992,0.0903,0.0,0.0,0.0,0.0,0.0,0.9761,0.0239,0.417,1.0,1044,3,Natural Fault,short_circuit
0.0,194.177,118.368,1.0,6.0,0.0,0.0,0.0,6.0,0.0,0.0,0.9992,0.0903,0.0,0.0,0.0,0.0,0.0,0.9738,0.0262,0.145,1.0,1044,4,Natural Fault,short_circuit
0.0,193.723,118.305,1.0,6.0,0.0,0.0,0.0,6.0,0.0,0.0,0.9992,0.0903,0.0,0.0,0.0,0.0,0.0,0.973,0.027,0.181,1.0,1044,5,Natural Fault,short_circuit
0.0,204.727,113.806,1.0,6.0,0.0,0.0,0.0,6.0,0.0,0.0,1.1971,0.1081,0.0,0.0,0.0,0.0,0.0,0.9783,0.0217,-1.0,1.0,1045,1,Natural Fault,short_circuit
0.0,203.432,113.999,1.0,6.0,0.0,0.0,0.0,6.0,0.0,0.0,1.1971,0.1081,0.0,0.0,0.0,0.0,0.0,0.9715,0.0285,0.425,1.0,1045,2,Natural Fault,short_circuit
0.0,202.692,114.203,1.0,6.0,0.0,0.0,0.0,6.0,0.0,0.0,1.1971,0.1081,0.0,0.0,0.0,0.0,0.0,0.9745,0.0255,0.422,1.0,1045,3,Natural Fault,short_circuit
0.0,202.193,114.082,1.0,6.0,0.0,0.0,0.0,6.0,0.0,0.0,1.1971,0.1081,0.0,0.0,0.0,0.0,0.0,0.9782,0.0218,0.149,1.0,1045,4,Natural Fault,short_circuit
0.0,201.643,114.04,1.0,6.0,0.0,0.0,0.0,6.0,0.0,0.0,1.1971,0.1081,0.0,0.0,0.0,0.0,0.0,0.973,0.027,0.186,1.0,1045,5,Natural Fault,short_circuit
0.0,225.987,117.637,1.0,6.0,0.0,0.0,0.0,6.0,0.0,0.0,1.18,0.1066,0.0,0.0,0.0,0.0,0.0,0.9754,0.0246,-1.002,1.0,1046,1,Natural Fault,short_circuit
0.0,224.578,117.507,1.0,6.0,0.0,0.0,0.0,6.0,0.0,0.0,1.18,0.1066,0.0,0.0,0.0,0.0,0.0,0.9716,0.0284,0.428,1.0,1046,2,Natural Fault,short_circuit
0.0,223.665,117.435,1.0,6.0,0.0,0.0,0.0,6.0,0.0,0.0,1.18,0.1066,0.0,0.0,0.0,0.0,0.0,0.9743,0.0257,0.429,1.0,1046,3,Natural Fault,short_circuit
0.0,223.072,117.252,1.0,6.0,0.0,0.0,0.0,6.0,0.0,0.0,1.18,0.1066,0.0,0.0,0.0,0.0,0.0,0.9764,0.0236,0.152,1.0,1046,4,Natural Fault,short_circuit
0.0,222.428,117.136,1.0,6.0,0.0,0.0,0.0,6.0,0.0,0.0,1.18,0.1066,0.0,0.0,0.0,0.0,0.0,0.973,0.027,0.186,1.0,1046,5,Natural Fault,short_circuit
0.0,223.513,118.709,1.0,6.0,0.0,0.0,0.0,6.0,0.0,0.0,4.8238,0.4357,0.0,0.0,0.0,0.0,0.0,0.978,0.022,-1.016,1.0,1047,1,Natural Fault,short_circuit
0.0,222.253,118.487,1.0,6.0,0.0,0.0,0.0,6.0,0.0,0.0,4.8238,0.4357,0.0,0.0,0.0,0.0,0.0,0.9709,0.0291,0.433,1.0,1047,2,Natural Fault,short_circuit
0.0,221.525,118.36,1.0,6.0,0.0,0.0,0.0,6.0,0.0,0.0,4.8238,0.4357,0.0,0.0,0.0,0.0,0.0,0.9684,0.0316,0.439,1.0,1047,3,Natural Fault,short_circuit
0.0,221.025,118.126,1.0,6.0,0.0,0.0,0.0,6.0,0.0,0.0,4.8238,0.4357,0.0,0.0,0.0,0.0,0.0,0.9745,0.0255,0.161,1.0,1047,4,Natural Fault,short_circuit
0.0,220.302,118.019,1.0,6.0,0.0,0.0,0.0,6.0,0.0,0.0,4.8238,0.4357,0.0,0.0,0.0,0.0,0.0,0.974,0.026,0.186,1.0,1047,5,Natural Fault,short_circuit
0.0,229.687,114.054,1.0,6.0,0.0,0.0,0.0,6.0,0.0,0.0,0.9861,0.0891,0.0,0.0,0.0,0.0,0.0,0.9789,0.0211,-1.017,1.0,1048,1,Normal,normal
0.0,228.4,113.856,1.0,6.0,0.0,0.0,0.0,6.0,0.0,0.0,0.9861,0.0891,0.0,0.0,0.0,0.0,0.0,0.9718,0.0282,0.43,1.0,1048,2,Normal,normal
0.0,227.685,113.726,1.0,6.0,0.0,0.0,0.0,6.0,0.0,0.0,0.9861,0.0891,0.0,0.0,0.0,0.0,0.0,0.9759,0.0241,0.431,1.0,1048,3,Normal,normal
0.0,227.173,113.497,1.0,6.0,0.0,0.0,0.0,6.0,0.0,0.0,0.9861,0.0891,0.0,0.0,0.0,0.0,0.0,0.9778,0.0222,0.154,1.0,1048,4,Normal,normal
0.0,226.552,113.308,1.0,6.0,0.0,0.0,0.0,6.0,0.0,0.0,0.9861,0.0891,0.0,0.0,0.0,0.0,0.0,0.9713,0.0287,0.186,1.0,1048,5,Normal,normal
0.0,255.293,111.539,1.0,6.0,0.0,0.0,0.0,6.0,0.0,0.0,1.1331,0.1024,0.0,0.0,0.0,0.0,0.0,0.9776,0.0224,-1.026,1.0,1049,1,Normal,normal
0.0,254.26,111.413,1.0,6.0,0.0,0.0,0.0,6.0,0.0,0.0,1.1331,0.1024,0.0,0.0,0.0,0.0,0.0,0.9704,0.0296,0.432,1.0,1049,2,Normal,normal
0.0,253.668,111.321,1.0,6.0,0.0,0.0,0.0,6.0,0.0,0.0,1.1331,0.1024,0.0,0.0,0.0,0.0,0.0,0.973,0.027,0.439,1.0,1049,3,Normal,normal
0.0,253.283,111.232,1.0,6.0,0.0,0.0,0.0,6.0,0.0,0.0,1.1331,0.1024,0.0,0.0,0.0,0.0,0.0,0.973,0.027,0.154,1.0,1049,4,Normal,normal
0.0,252.883,111.129,1.0,6.0,0.0,0.0,0.0,6.0,0.0,0.0,1.1331,0.1024,0.0,0.0,0.0,0.0,0.0,0.9697,0.0303,0.187,1.0,1049,5,Normal,normal
0.0,223.048,115.699,1.0,6.0,0.0,0.0,0.0,6.0,0.0,0.0,1.0815,0.0977,0.0,0.0,0.0,0.0,0.0,0.9802,0.0198,-1.026,1.0,1050,1,Normal,normal
0.0,222.067,115.566,1.0,6.0,0.0,0.0,0.0,6.0,0.0,0.0,1.0815,0.0977,0.0,0.0,0.0,0.0,0.0,0.9737,0.0263,0.43,1.0,1050,2,Normal,normal
0.0,221.445,115.567,1.0,6.0,0.0,0.0,0.0,6.0,0.0,0.0,1.0815,0.0977,0.0,0.0,0.0,0.0,0.0,0.973,0.027,0.438,1.0,1050,3,Normal,normal
0.0,220.882,115.6,1.0,6.0,0.0,0.0,0.0,6.0,0.0,0.0,1.0815,0.0977,0.0,0.0,0.0,0.0,0.0,0.9749,0.0251,0.156,1.0,1050,4,Normal,normal
0.0,220.382,115.616,1.0,6.0,0.0,0.0,0.0,6.0,0.0,0.0,1.0815,0.0977,0.0,0.0,0.0,0.0,0.0,0.9726,0.0274,0.187,1.0,1050,5,Normal,normal
0.0,224.48,114.357,1.0,6.0,0.0,0.0,0.0,6.0,0.0,0.0,1.1555,0.1044,0.0,0.0,0.0,0.0,0.0,0.9748,0.0252,-1.026,1.0,1051,1,Normal,normal
0.0,223.4,114.317,1.0,6.0,0.0,0.0,0.0,6.0,0.0,0.0,1.1555,0.1044,0.0,0.0,0.0,0.0,0.0,0.9731,0.0269,0.438,1.0,1051,2,Normal,normal
0.0,222.68,114.409,1.0,6.0,0.0,0.0,0.0,6.0,0.0,0.0,1.1555,0.1044,0.0,0.0,0.0,0.0,0.0,0.9753,0.0247,0.438,1.0,1051,3,Normal,normal
0.0,222.075,114.484,1.0,6.0,0.0,0.0,0.0,6.0,0.0,0.0,1.1555,0.1044,0.0,0.0,0.0,0.0,0.0,0.9761,0.0239,0.152,1.0,1051,4,Normal,normal
0.0,221.56,114.517,1.0,6.0,0.0,0.0,0.0,6.0,0.0,0.0,1.1555,0.1044,0.0,0.0,0.0,0.0,0.0,0.9701,0.0299,0.187,1.0,1051,5,Normal,normal
0.0,182.965,74.543,1.0,6.0,0.0,0.0,0.0,6.0,0.0,0.0,3.7348,0.3374,0.0,0.0,0.0,0.0,0.0,0.9799,0.0201,-1.043,1.0,1052,1,Normal,normal
0.0,181.853,74.441,1.0,6.0,0.0,0.0,0.0,6.0,0.0,0.0,3.7348,0.3374,0.0,0.0,0.0,0.0,0.0,0.9741,0.0259,0.44,1.0,1052,2,Normal,normal
0.0,181.02,74.488,1.0,6.0,0.0,0.0,0.0,6.0,0.0,0.0,3.7348,0.3374,0.0,0.0,0.0,0.0,0.0,0.9741,0.0259,0.434,1.0,1052,3,Normal,normal
0.0,180.347,74.461,1.0,6.0,0.0,0.0,0.0,6.0,0.0,0.0,3.7348,0.3374,0.0,0.0,0.0,0.0,0.0,0.974,0.026,0.159,1.0,1052,4,Normal,normal
0.0,179.72,74.489,1.0,6.0,0.0,0.0,0.0,6.0,0.0,0.0,3.7348,0.3374,0.0,0.0,0.0,0.0,0.0,0.9665,0.0335,0.189,1.0,1052,5,Normal,normal
0.0,153.987,34.0,1.0,6.0,0.0,0.0,0.0,6.0,0.0,0.0,1.7431,0.1575,0.0,0.0,0.0,0.0,0.0,0.9796,0.0204,-1.045,1.0,1053,1,Normal,normal
0.0,152.798,33.897,1.0,6.0,0.0,0.0,0.0,6.0,0.0,0.0,1.7431,0.1575,0.0,0.0,0.0,0.0,0.0,0.9736,0.0264,0.436,1.0,1053,2,Normal,normal
0.0,151.95,34.021,1.0,6.0,0.0,0.0,0.0,6.0,0.0,0.0,1.7431,0.1575,0.0,0.0,0.0,0.0,0.0,0.9765,0.0235,0.446,1.0,1053,3,Normal,normal
0.0,151.163,33.898,1.0,6.0,0.0,0.0,0.0,6.0,0.0,0.0,1.7431,0.1575,0.0,0.0,0.0,0.0,0.0,0.9752,0.0248,0.154,1.0,1053,4,Normal,normal
0.0,150.462,33.795,1.0,6.0,0.0,0.0,0.0,6.0,0.0,0.0,1.7431,0.1575,0.0,0.0,0.0,0.0,0.0,0.9689,0.0311,0.197,1.0,1053,5,Normal,normal
0.0,232.493,118.647,1.0,6.0,0.0,0.0,0.0,6.0,0.0,0.0,0.3919,0.0354,0.0,0.0,0.0,0.0,0.0,0.9769,0.0231,-1.042,1.0,1054,1,Normal,normal
0.0,231.157,118.593,1.0,6.0,0.0,0.0,0.0,6.0,0.0,0.0,0.3919,0.0354,0.0,0.0,0.0,0.0,0.0,0.9729,0.0271,0.443,1.0,1054,2,Normal,normal
0.0,230.307,118.652,1.0,6.0,0.0,0.0,0.0,6.0,0.0,0.0,0.3919,0.0354,0.0,0.0,0.0,0.0,0.0,0.9721,0.0279,0.44,1.0,1054,3,Normal,normal
0.0,229.652,118.733,1.0,6.0,0.0,0.0,0.0,6.0,0.0,0.0,0.3919,0.0354,0.0,0.0,0.0,0.0,0.0,0.9744,0.0256,0.161,1.0,1054,4,Normal,normal
0.0,229.042,118.782,1.0,6.0,0.0,0.0,0.0,6.0,0.0,0.0,0.3919,0.0354,0.0,0.0,0.0,0.0,0.0,0.9706,0.0294,0.199,1.0,1054,5,Normal,normal
0.0,232.622,118.49,1.0,6.0,0.0,0.0,0.0,6.0,0.0,0.0,2.5386,0.2293,0.0,0.0,0.0,0.0,0.0,0.9749,0.0251,-1.055,1.0,1055,1,Normal,normal
0.0,231.502,118.316,1.0,6.0,0.0,0.0,0.0,6.0,0.0,0.0,2.5386,0.2293,0.0,0.0,0.0,0.0,0.0,0.9747,0.0253,0.443,1.0,1055,2,Normal,normal
0.0,230.778,118.288,1.0,6.0,0.0,0.0,0.0,6.0,0.0,0.0,2.5386,0.2293,0.0,0.0,0.0,0.0,0.0,0.9735,0.0265,0.448,1.0,1055,3,Normal,normal
0.0,229.872,118.546,1.0,6.0,0.0,0.0,0.0,6.0,0.0,0.0,2.5386,0.2293,0.0,0.0,0.0,0.0,0.0,0.9723,0.0277,0.165,1.0,1055,4,Normal,normal
0.0,229.078,118.646,1.0,6.0,0.0,0.0,0.0,6.0,0.0,0.0,2.5386,0.2293,0.0,0.0,0.0,0.0,0.0,0.9675,0.0325,0.196,1.0,1055,5,Normal,normal
0.0,240.282,113.0,1.0,6.0,0.0,0.0,0.0,6.0,0.0,0.0,0.4296,0.0388,0.0,0.0,0.0,0.0,0.0,0.9773,0.0227,-1.067,1.0,1056,1,Normal,normal
0.0,239.082,112.883,1.0,6.0,0.0,0.0,0.0,6.0,0.0,0.0,0.4296,0.0388,0.0,0.0,0.0,0.0,0.0,0.971,0.029,0.454,1.0,1056,2,Normal,normal
0.0,238.22,112.931,1.0,6.0,0.0,0.0,0.0,6.0,0.0,0.0,0.4296,0.0388,0.0,0.0,0.0,0.0,0.0,0.9727,0.0273,0.454,1.0,1056,3,Normal,normal
0.0,237.298,113.231,1.0,6.0,0.0,0.0,0.0,6.0,0.0,0.0,0.4296,0.0388,0.0,0.0,0.0,0.0,0.0,0.9743,0.0257,0.16,1.0,1056,4,Normal,normal
0.0,236.59,113.288,1.0,6.0,0.0,0.0,0.0,6.0,0.0,0.0,0.4296,0.0388,0.0,0.0,0.0,0.0,0.0,0.9717,0.0283,0.201,1.0,1056,5,Normal,normal
0.0,256.715,100.429,1.0,6.0,0.0,0.0,0.0,6.0,0.0,0.0,0.816,0.0737,0.0,0.0,0.0,0.0,0.0,0.9765,0.0235,-1.075,1.0,1057,1,Normal,normal
0.0,255.748,100.495,1.0,6.0,0.0,0.0,0.0,6.0,0.0,0.0,0.816,0.0737,0.0,0.0,0.0,0.0,0.0,0.9714,0.0286,0.461,1.0,1057,2,Normal,normal
0.0,255.03,100.657,1.0,6.0,0.0,0.0,0.0,6.0,0.0,0.0,0.816,0.0737,0.0,0.0,0.0,0.0,0.0,0.9757,0.0243,0.46,1.0,1057,3,Normal,normal
0.0,254.11,100.79,1.0,6.0,0.0,0.0,0.0,6.0,0.0,0.0,0.816,0.0737,0.0,0.0,0.0,0.0,0.0,0.9753,0.0247,0.168,1.0,1057,4,Normal,normal
0.0,253.383,100.725,1.0,6.0,0.0,0.0,0.0,6.0,0.0,0.0,0.816,0.0737,0.0,0.0,0.0,0.0,0.0,0.9693,0.0307,0.206,1.0,1057,5,Normal,normal
0.0,219.353,100.607,1.0,6.0,0.0,0.0,0.0,6.0,0.0,0.0,1.11,0.1003,0.0,0.0,0.0,0.0,0.0,0.9753,0.0247,-1.097,1.0,1058,1,Normal,normal
0.0,218.385,100.622,1.0,6.0,0.0,0.0,0.0,6.0,0.0,0.0,1.11,0.1003,0.0,0.0,0.0,0.0,0.0,0.9695,0.0305,0.467,1.0,1058,2,Normal,normal
0.0,217.605,100.723,1.0,6.0,0.0,0.0,0.0,6.0,0.0,0.0,1.11,0.1003,0.0,0.0,0.0,0.0,0.0,0.9736,0.0264,0.472,1.0,1058,3,Normal,normal
0.0,216.787,100.623,1.0,6.0,0.0,0.0,0.0,6.0,0.0,0.0,1.11,0.1003,0.0,0.0,0.0,0.0,0.0,0.9749,0.0251,0.178,1.0,1058,4,Normal,normal
0.0,216.268,100.378,1.0,6.0,0.0,0.0,0.0,6.0,0.0,0.0,1.11,0.1003,0.0,0.0,0.0,0.0,0.0,0.9675,0.0325,0.211,1.0,1058,5,Normal,normal
0.0,222.807,97.493,1.0,6.0,0.0,0.0,0.0,6.0,0.0,0.0,3.1745,0.2868,0.0,0.0,0.0,0.0,0.0,0.9742,0.0258,-1.127,1.0,1059,1,Normal,normal
0.0,221.713,97.62,1.0,6.0,0.0,0.0,0.0,6.0,0.0,0.0,3.1745,0.2868,0.0,0.0,0.0,0.0,0.0,0.9743,0.0257,0.476,1.0,1059,2,Normal,normal
0.0,220.845,97.804,1.0,6.0,0.0,0.0,0.0,6.0,0.0,0.0,3.1745,0.2868,0.0,0.0,0.0,0.0,0.0,0.9749,0.0251,0.473,1.0,1059,3,Normal,normal
0.0,220.108,97.611,1.0,6.0,0.0,0.0,0.0,6.0,0.0,0.0,3.1745,0.2868,0.0,0.0,0.0,0.0,0.0,0.9707,0.0293,0.164,1.0,1059,4,Normal,normal
0.0,219.472,97.465,1.0,6.0,0.0,0.0,0.0,6.0,0.0,0.0,3.1745,0.2868,0.0,0.0,0.0,0.0,0.0,0.9701,0.0299,0.205,1.0,1059,5,Normal,normal
0.0,243.528,104.406,1.0,6.0,0.0,0.0,0.0,6.0,0.0,0.0,1.76,0.159,0.0,0.0,0.0,0.0,0.0,0.976,0.024,-1.151,1.0,1060,1,Normal,normal
0.0,242.258,104.314,1.0,6.0,0.0,0.0,0.0,6.0,0.0,0.0,1.76,0.159,0.0,0.0,0.0,0.0,0.0,0.9727,0.0273,0.489,1.0,1060,2,Normal,normal
0.0,241.483,104.353,1.0,6.0,0.0,0.0,0.0,6.0,0.0,0.0,1.76,0.159,0.0,0.0,0.0,0.0,0.0,0.9718,0.0282,0.483,1.0,1060,3,Normal,normal
0.0,240.907,104.397,1.0,6.0,0.0,0.0,0.0,6.0,0.0,0.0,1.76,0.159,0.0,0.0,0.0,0.0,0.0,0.9745,0.0255,0.175,1.0,1060,4,Normal,normal
0.0,240.338,104.464,1.0,6.0,0.0,0.0,0.0,6.0,0.0,0.0,1.76,0.159,0.0,0.0,0.0,0.0,0.0,0.9658,0.0342,0.208,1.0,1060,5,Normal,normal
0.0,215.823,112.517,1.0,6.0,0.0,0.0,0.0,6.0,0.0,0.0,5.3572,0.4839,0.0,0.0,0.0,0.0,0.0,0.9733,0.0267,-1.19,1.0,1061,1,Normal,normal
0.0,214.452,112.464,1.0,6.0,0.0,0.0,0.0,6.0,0.0,0.0,5.3572,0.4839,0.0,0.0,0.0,0.0,0.0,0.9712,0.0288,0.498,1.0,1061,2,Normal,normal
0.0,213.645,112.447,1.0,6.0,0.0,0.0,0.0,6.0,0.0,0.0,5.3572,0.4839,0.0,0.0,0.0,0.0,0.0,0.9727,0.0273,0.507,1.0,1061,3,Normal,normal
0.0,212.618,112.832,1.0,6.0,0.0,0.0,0.0,6.0,0.0,0.0,5.3572,0.4839,0.0,0.0,0.0,0.0,0.0,0.9681,0.0319,0.176,1.0,1061,4,Normal,normal
0.0,212.04,112.887,1.0,6.0,0.0,0.0,0.0,6.0,0.0,0.0,5.3572,0.4839,0.0,0.0,0.0,0.0,0.0,0.962,0.038,0.218,1.0,1061,5,Normal,normal
0.0,253.283,113.13,1.0,6.0,0.0,0.0,0.0,6.0,0.0,0.0,2.044,0.1846,0.0,0.0,0.0,0.0,0.0,0.9706,0.0294,-1.206,1.0,1062,1,Normal,normal
0.0,251.847,113.244,1.0,6.0,0.0,0.0,0.0,6.0,0.0,0.0,2.044,0.1846,0.0,0.0,0.0,0.0,0.0,0.9687,0.0313,0.506,1.0,1062,2,Normal,normal
0.0,251.08,113.33,1.0,6.0,0.0,0.0,0.0,6.0,0.0,0.0,2.044,0.1846,0.0,0.0,0.0,0.0,0.0,0.9697,0.0303,0.509,1.0,1062,3,Normal,normal
0.0,250.025,113.916,1.0,6.0,0.0,0.0,0.0,6.0,0.0,0.0,2.044,0.1846,0.0,0.0,0.0,0.0,0.0,0.9681,0.0319,0.19,1.0,1062,4,Normal,normal
0.0,249.395,114.022,1.0,6.0,0.0,0.0,0.0,6.0,0.0,0.0,2.044,0.1846,0.0,0.0,0.0,0.0,0.0,0.9682,0.0318,0.223,1.0,1062,5,Normal,normal
0.0,210.322,82.363,1.0,6.0,0.0,0.0,0.0,6.0,0.0,0.0,0.8982,0.0811,0.0,0.0,0.0,0.0,0.0,0.9703,0.0297,-1.244,1.0,1063,1,Normal,normal
0.0,208.877,82.36,1.0,6.0,0.0,0.0,0.0,6.0,0.0,0.0,0.8982,0.0811,0.0,0.0,0.0,0.0,0.0,0.9671,0.0329,0.527,1.0,1063,2,Normal,normal
0.0,208.16,82.466,1.0,6.0,0.0,0.0,0.0,6.0,0.0,0.0,0.8982,0.0811,0.0,0.0,0.0,0.0,0.0,0.9664,0.0336,0.528,1.0,1063,3,Normal,normal
0.0,207.062,82.941,1.0,6.0,0.0,0.0,0.0,6.0,0.0,0.0,0.8982,0.0811,0.0,0.0,0.0,0.0,0.0,0.97,0.03,0.195,1.0,1063,4,Normal,normal
0.0,206.447,82.969,1.0,6.0,0.0,0.0,0.0,6.0,0.0,0.0,0.8982,0.0811,0.0,0.0,0.0,0.0,0.0,0.9656,0.0344,0.235,1.0,1063,5,Normal,normal
0.0,185.252,81.831,1.0,6.0,0.0,0.0,0.0,6.0,0.0,0.0,1.1633,0.1051,0.0,0.0,0.0,0.0,0.0,0.975,0.025,-1.272,1.0,1064,1,Normal,normal
0.0,183.95,81.826,1.0,6.0,0.0,0.0,0.0,6.0,0.0,0.0,1.1633,0.1051,0.0,0.0,0.0,0.0,0.0,0.9677,0.0323,0.534,1.0,1064,2,Normal,normal
0.0,183.282,81.917,1.0,6.0,0.0,0.0,0.0,6.0,0.0,0.0,1.1633,0.1051,0.0,0.0,0.0,0.0,0.0,0.9687,0.0313,0.544,1.0,1064,3,Normal,normal
0.0,182.212,82.173,1.0,6.0,0.0,0.0,0.0,6.0,0.0,0.0,1.1633,0.1051,0.0,0.0,0.0,0.0,0.0,0.9689,0.0311,0.191,1.0,1064,4,Normal,normal
0.0,181.615,82.131,1.0,6.0,0.0,0.0,0.0,6.0,0.0,0.0,1.1633,0.1051,0.0,0.0,0.0,0.0,0.0,0.9636,0.0364,0.235,1.0,1064,5,Normal,normal
0.0,191.197,82.147,1.0,6.0,0.0,0.0,0.0,6.0,0.0,0.0,1.3141,0.1187,0.0,0.0,0.0,0.0,0.0,0.9699,0.0301,-1.315,1.0,1065,1,Normal,normal
0.0,189.798,82.136,1.0,6.0,0.0,0.0,0.0,6.0,0.0,0.0,1.3141,0.1187,0.0,0.0,0.0,0.0,0.0,0.966,0.034,0.555,1.0,1065,2,Normal,normal
0.0,189.075,82.229,1.0,6.0,0.0,0.0,0.0,6.0,0.0,0.0,1.3141,0.1187,0.0,0.0,0.0,0.0,0.0,0.9663,0.0337,0.552,1.0,1065,3,Normal,normal
0.0,188.437,82.172,1.0,6.0,0.0,0.0,0.0,6.0,0.0,0.0,1.3141,0.1187,0.0,0.0,0.0,0.0,0.0,0.9718,0.0282,0.198,1.0,1065,4,Normal,normal
0.0,187.88,82.125,1.0,6.0,0.0,0.0,0.0,6.0,0.0,0.0,1.3141,0.1187,0.0,0.0,0.0,0.0,0.0,0.9635,0.0365,0.243,1.0,1065,5,Normal,normal
0.0,158.453,42.298,1.0,6.0,0.0,0.0,0.0,6.0,0.0,0.0,2.4628,0.2225,0.0,0.0,0.0,0.0,0.0,0.9705,0.0295,-1.365,1.0,1066,1,Normal,normal
0.0,157.067,42.037,1.0,6.0,0.0,0.0,0.0,6.0,0.0,0.0,2.4628,0.2225,0.0,0.0,0.0,0.0,0.0,0.9636,0.0364,0.583,1.0,1066,2,Normal,normal
0.0,156.308,41.94,1.0,6.0,0.0,0.0,0.0,6.0,0.0,0.0,2.4628,0.2225,0.0,0.0,0.0,0.0,0.0,0.9626,0.0374,0.576,1.0,1066,3,Normal,normal
0.0,155.697,41.715,1.0,6.0,0.0,0.0,0.0,6.0,0.0,0.0,2.4628,0.2225,0.0,0.0,0.0,0.0,0.0,0.9657,0.0343,0.21,1.0,1066,4,Normal,normal
0.0,155.192,41.65,1.0,6.0,0.0,0.0,0.0,6.0,0.0,0.0,2.4628,0.2225,0.0,0.0,0.0,0.0,0.0,0.9572,0.0428,0.256,1.0,1066,5,Normal,normal
0.0,224.043,104.315,1.0,6.0,0.0,0.0,0.0,6.0,0.0,0.0,1.0819,0.0977,0.0,0.0,0.0,0.0,0.0,0.9742,0.0258,-1.12,1.0,1067,1,Natural Fault,line_trip
0.0,222.687,104.322,1.0,6.0,0.0,0.0,0.0,6.0,0.0,0.0,1.0819,0.0977,0.0,0.0,0.0,0.0,0.0,0.9705,0.0295,0.331,1.0,1067,2,Natural Fault,line_trip
0.0,221.997,104.318,1.0,6.0,0.0,0.0,0.0,6.0,0.0,0.0,1.0819,0.0977,0.0,0.0,0.0,0.0,0.0,0.9701,0.0299,0.585,1.0,1067,3,Natural Fault,line_trip
0.0,221.382,104.144,1.0,6.0,0.0,0.0,0.0,6.0,0.0,0.0,1.0819,0.0977,0.0,0.0,0.0,0.0,0.0,0.9724,0.0276,0.212,1.0,1067,4,Natural Fault,line_trip
0.0,220.757,103.847,1.0,6.0,0.0,0.0,0.0,6.0,0.0,0.0,1.0819,0.0977,0.0,0.0,0.0,0.0,0.0,0.0,1.0,0.004,3.0,1067,5,Natural Fault,line_trip
0.0,236.035,95.963,1.0,6.0,0.0,0.0,0.0,6.0,0.0,0.0,0.3816,0.0345,0.0,0.0,0.0,0.0,0.0,0.9738,0.0262,-1.159,1.0,1068,1,Natural Fault,line_trip
0.0,234.658,96.033,1.0,6.0,0.0,0.0,0.0,6.0,0.0,0.0,0.3816,0.0345,0.0,0.0,0.0,0.0,0.0,0.9715,0.0285,0.342,1.0,1068,2,Natural Fault,line_trip
0.0,233.967,96.053,1.0,6.0,0.0,0.0,0.0,6.0,0.0,0.0,0.3816,0.0345,0.0,0.0,0.0,0.0,0.0,0.9703,0.0297,0.607,1.0,1068,3,Natural Fault,line_trip
0.0,233.335,95.916,1.0,6.0,0.0,0.0,0.0,6.0,0.0,0.0,0.3816,0.0345,0.0,0.0,0.0,0.0,0.0,0.9728,0.0272,0.219,1.0,1068,4,Natural Fault,line_trip
0.0,232.688,95.64,1.0,6.0,0.0,0.0,0.0,6.0,0.0,0.0,0.3816,0.0345,0.0,0.0,0.0,0.0,0.0,0.0,1.0,0.002,3.0,1068,5,Natural Fault,line_trip
0.0,346.313,140.563,1.0,6.0,0.0,0.0,0.0,6.0,0.0,0.0,4.1472,0.3746,0.0,0.0,0.0,0.0,0.0,0.9751,0.0249,-1.193,1.0,1069,1,Natural Fault,line_trip
0.0,345.168,140.565,1.0,6.0,0.0,0.0,0.0,6.0,0.0,0.0,4.1472,0.3746,0.0,0.0,0.0,0.0,0.0,0.9689,0.0311,0.344,1.0,1069,2,Natural Fault,line_trip
0.0,344.513,140.461,1.0,6.0,0.0,0.0,0.0,6.0,0.0,0.0,4.1472,0.3746,0.0,0.0,0.0,0.0,0.0,0.9682,0.0318,0.63,1.0,1069,3,Natural Fault,line_trip
0.0,343.907,140.392,1.0,6.0,0.0,0.0,0.0,6.0,0.0,0.0,4.1472,0.3746,0.0,0.0,0.0,0.0,0.0,0.9711,0.0289,0.224,1.0,1069,4,Natural Fault,line_trip
0.0,343.205,140.269,1.0,6.0,0.0,0.0,0.0,6.0,0.0,0.0,4.1472,0.3746,0.0,0.0,0.0,0.0,0.0,0.0,1.0,0.003,3.0,1069,5,Natural Fault,line_trip
0.0,379.817,114.859,1.0,6.0,0.0,0.0,0.0,6.0,0.0,0.0,1.2865,0.1162,0.0,0.0,0.0,0.0,0.0,0.9765,0.0235,-1.207,1.0,1070,1,Natural Fault,line_trip
0.0,378.497,114.955,1.0,6.0,0.0,0.0,0.0,6.0,0.0,0.0,1.2865,0.1162,0.0,0.0,0.0,0.0,0.0,0.971,0.029,0.353,1.0,1070,2,Natural Fault,line_trip
0.0,377.792,114.898,1.0,6.0,0.0,0.0,0.0,6.0,0.0,0.0,1.2865,0.1162,0.0,0.0,0.0,0.0,0.0,0.9683,0.0317,0.633,1.0,1070,3,Natural Fault,line_trip
0.0,377.172,114.92,1.0,6.0,0.0,0.0,0.0,6.0,0.0,0.0,1.2865,0.1162,0.0,0.0,0.0,0.0,0.0,0.9697,0.0303,0.224,1.0,1070,4,Natural Fault,line_trip
0.0,376.528,114.931,1.0,6.0,0.0,0.0,0.0,6.0,0.0,0.0,1.2865,0.1162,0.0,0.0,0.0,0.0,0.0,0.0,1.0,-0.002,3.0,1070,5,Natural Fault,line_trip
0.0,350.533,148.459,1.0,6.0,0.0,0.0,0.0,6.0,0.0,0.0,0.8369,0.0756,0.0,0.0,0.0,0.0,0.0,0.9722,0.0278,-1.234,1.0,1071,1,Natural Fault,line_trip
0.0,349.175,148.59,1.0,6.0,0.0,0.0,0.0,6.0,0.0,0.0,0.8369,0.0756,0.0,0.0,0.0,0.0,0.0,0.9691,0.0309,0.359,1.0,1071,2,Natural Fault,line_trip
0.0,348.402,148.613,1.0,6.0,0.0,0.0,0.0,6.0,0.0,0.0,0.8369,0.0756,0.0,0.0,0.0,0.0,0.0,0.968,0.032,0.65,1.0,1071,3,Natural Fault,line_trip
0.0,347.808,148.678,1.0,6.0,0.0,0.0,0.0,6.0,0.0,0.0,0.8369,0.0756,0.0,0.0,0.0,0.0,0.0,0.9677,0.0323,0.235,1.0,1071,4,Natural Fault,line_trip
0.0,347.228,148.684,1.0,6.0,0.0,0.0,0.0,6.0,0.0,0.0,0.8369,0.0756,0.0,0.0,0.0,0.0,0.0,0.0,1.0,0.003,3.0,1071,5,Natural Fault,line_trip
0.0,297.358,130.515,1.0,6.0,0.0,0.0,0.0,6.0,0.0,0.0,2.3075,0.2084,0.0,0.0,0.0,0.0,0.0,0.971,0.029,-1.257,1.0,1072,1,Natural Fault,line_trip
0.0,295.917,130.496,1.0,6.0,0.0,0.0,0.0,6.0,0.0,0.0,2.3075,0.2084,0.0,0.0,0.0,0.0,0.0,0.9652,0.0348,0.362,1.0,1072,2,Natural Fault,line_trip
0.0,295.145,130.397,1.0,6.0,0.0,0.0,0.0,6.0,0.0,0.0,2.3075,0.2084,0.0,0.0,0.0,0.0,0.0,0.9636,0.0364,0.659,1.0,1072,3,Natural Fault,line_trip
0.0,294.565,130.358,1.0,6.0,0.0,0.0,0.0,6.0,0.0,0.0,2.3075,0.2084,0.0,0.0,0.0,0.0,0.0,0.9696,0.0304,0.238,1.0,1072,4,Natural Fault,line_trip
0.0,294.04,130.355,1.0,6.0,0.0,0.0,0.0,6.0,0.0,0.0,2.3075,0.2084,0.0,0.0,0.0,0.0,0.0,0.0,1.0,-0.003,3.0,1072,5,Natural Fault,line_trip
0.0,249.543,80.021,1.0,6.0,0.0,0.0,0.0,6.0,0.0,0.0,0.8273,0.0747,0.0,0.0,0.0,0.0,0.0,0.9648,0.0352,-1.549,1.0,1073,1,Normal,normal
0.0,248.183,79.994,1.0,6.0,0.0,0.0,0.0,6.0,0.0,0.0,0.8273,0.0747,0.0,0.0,0.0,0.0,0.0,0.9562,0.0438,0.661,1.0,1073,2,Normal,normal
0.0,247.458,79.951,1.0,6.0,0.0,0.0,0.0,6.0,0.0,0.0,0.8273,0.0747,0.0,0.0,0.0,0.0,0.0,0.9614,0.0386,0.659,1.0,1073,3,Normal,normal
0.0,246.933,79.977,1.0,6.0,0.0,0.0,0.0,6.0,0.0,0.0,0.8273,0.0747,0.0,0.0,0.0,0.0,0.0,0.9611,0.0389,0.246,1.0,1073,4,Normal,normal
0.0,246.278,79.829,1.0,6.0,0.0,0.0,0.0,6.0,0.0,0.0,0.8273,0.0747,0.0,0.0,0.0,0.0,0.0,0.9567,0.0433,0.289,1.0,1073,5,Normal,normal
0.0,216.652,83.876,1.0,6.0,0.0,0.0,0.0,6.0,0.0,0.0,1.4456,0.1306,0.0,0.0,0.0,0.0,0.0,0.9636,0.0364,-1.558,1.0,1074,1,Normal,normal
0.0,215.492,83.92,1.0,6.0,0.0,0.0,0.0,6.0,0.0,0.0,1.4456,0.1306,0.0,0.0,0.0,0.0,0.0,0.9574,0.0426,0.666,1.0,1074,2,Normal,normal
0.0,214.852,83.971,1.0,6.0,0.0,0.0,0.0,6.0,0.0,0.0,1.4456,0.1306,0.0,0.0,0.0,0.0,0.0,0.9601,0.0399,0.658,1.0,1074,3,Normal,normal
0.0,214.375,84.027,1.0,6.0,0.0,0.0,0.0,6.0,0.0,0.0,1.4456,0.1306,0.0,0.0,0.0,0.0,0.0,0.9648,0.0352,0.231,1.0,1074,4,Normal,normal
0.0,213.69,83.914,1.0,6.0,0.0,0.0,0.0,6.0,0.0,0.0,1.4456,0.1306,0.0,0.0,0.0,0.0,0.0,0.9545,0.0455,0.288,1.0,1074,5,Normal,normal
0.0,230.46,72.819,1.0,6.0,0.0,0.0,0.0,6.0,0.0,0.0,1.2864,0.1162,0.0,0.0,0.0,0.0,0.0,0.9646,0.0354,-1.553,1.0,1075,1,Normal,normal
0.0,229.313,72.843,1.0,6.0,0.0,0.0,0.0,6.0,0.0,0.0,1.2864,0.1162,0.0,0.0,0.0,0.0,0.0,0.9574,0.0426,0.668,1.0,1075,2,Normal,normal
0.0,228.738,72.827,1.0,6.0,0.0,0.0,0.0,6.0,0.0,0.0,1.2864,0.1162,0.0,0.0,0.0,0.0,0.0,0.9615,0.0385,0.667,1.0,1075,3,Normal,normal
0.0,228.297,72.821,1.0,6.0,0.0,0.0,0.0,6.0,0.0,0.0,1.2864,0.1162,0.0,0.0,0.0,0.0,0.0,0.9589,0.0411,0.237,1.0,1075,4,Normal,normal
0.0,227.65,72.681,1.0,6.0,0.0,0.0,0.0,6.0,0.0,0.0,1.2864,0.1162,0.0,0.0,0.0,0.0,0.0,0.955,0.045,0.297,1.0,1075,5,Normal,normal
0.0,275.032,131.322,1.0,6.0,0.0,0.0,0.0,6.0,0.0,0.0,1.5831,0.143,0.0,0.0,0.0,0.0,0.0,0.9654,0.0346,-1.553,1.0,1076,1,Normal,normal
0.0,273.917,131.373,1.0,6.0,0.0,0.0,0.0,6.0,0.0,0.0,1.5831,0.143,0.0,0.0,0.0,0.0,0.0,0.9596,0.0404,0.659,1.0,1076,2,Normal,normal
0.0,273.367,131.429,1.0,6.0,0.0,0.0,0.0,6.0,0.0,0.0,1.5831,0.143,0.0,0.0,0.0,0.0,0.0,0.9587,0.0413,0.658,1.0,1076,3,Normal,normal
0.0,272.915,131.435,1.0,6.0,0.0,0.0,0.0,6.0,0.0,0.0,1.5831,0.143,0.0,0.0,0.0,0.0,0.0,0.96,0.04,0.243,1.0,1076,4,Normal,normal
0.0,272.285,131.34,1.0,6.0,0.0,0.0,0.0,6.0,0.0,0.0,1.5831,0.143,0.0,0.0,0.0,0.0,0.0,0.9585,0.0415,0.289,1.0,1076,5,Normal,normal
0.0,241.567,147.027,1.0,6.0,0.0,0.0,0.0,6.0,0.0,0.0,2.9569,0.2671,0.0,0.0,0.0,0.0,0.0,0.9669,0.0331,-1.532,1.0,1077,1,Normal,normal
0.0,240.462,147.032,1.0,6.0,0.0,0.0,0.0,6.0,0.0,0.0,2.9569,0.2671,0.0,0.0,0.0,0.0,0.0,0.9607,0.0393,0.641,1.0,1077,2,Normal,normal
0.0,239.912,147.066,1.0,6.0,0.0,0.0,0.0,6.0,0.0,0.0,2.9569,0.2671,0.0,0.0,0.0,0.0,0.0,0.9562,0.0438,0.648,1.0,1077,3,Normal,normal
0.0,239.465,147.038,1.0,6.0,0.0,0.0,0.0,6.0,0.0,0.0,2.9569,0.2671,0.0,0.0,0.0,0.0,0.0,0.9629,0.0371,0.236,1.0,1077,4,Normal,normal
0.0,238.905,146.884,1.0,6.0,0.0,0.0,0.0,6.0,0.0,0.0,2.9569,0.2671,0.0,0.0,0.0,0.0,0.0,0.9561,0.0439,0.295,1.0,1077,5,Normal,normal
0.0,240.193,148.162,1.0,6.0,0.0,0.0,0.0,6.0,0.0,0.0,1.6698,0.1508,0.0,0.0,0.0,0.0,0.0,0.9676,0.0324,-1.517,1.0,1078,1,Normal,normal
0.0,239.112,148.147,1.0,6.0,0.0,0.0,0.0,6.0,0.0,0.0,1.6698,0.1508,0.0,0.0,0.0,0.0,0.0,0.9612,0.0388,0.649,1.0,1078,2,Normal,normal
0.0,238.633,148.123,1.0,6.0,0.0,0.0,0.0,6.0,0.0,0.0,1.6698,0.1508,0.0,0.0,0.0,0.0,0.0,0.9585,0.0415,0.643,1.0,1078,3,Normal,normal
0.0,238.188,148.095,1.0,6.0,0.0,0.0,0.0,6.0,0.0,0.0,1.6698,0.1508,0.0,0.0,0.0,0.0,0.0,0.962,0.038,0.231,1.0,1078,4,Normal,normal
0.0,237.717,147.871,1.0,6.0,0.0,0.0,0.0,6.0,0.0,0.0,1.6698,0.1508,0.0,0.0,0.0,0.0,0.0,0.9575,0.0425,0.282,1.0,1078,5,Normal,normal
0.0,168.622,66.947,1.0,6.0,0.0,0.0,0.0,6.0,0.0,0.0,2.392,0.2161,0.0,0.0,0.0,0.0,0.0,0.9642,0.0358,-1.474,1.0,1079,1,Normal,normal
0.0,167.498,66.842,1.0,6.0,0.0,0.0,0.0,6.0,0.0,0.0,2.392,0.2161,0.0,0.0,0.0,0.0,0.0,0.9599,0.0401,0.621,1.0,1079,2,Normal,normal
0.0,166.945,66.79,1.0,6.0,0.0,0.0,0.0,6.0,0.0,0.0,2.392,0.2161,0.0,0.0,0.0,0.0,0.0,0.966,0.034,0.62,1.0,1079,3,Normal,normal
0.0,166.498,66.802,1.0,6.0,0.0,0.0,0.0,6.0,0.0,0.0,2.392,0.2161,0.0,0.0,0.0,0.0,0.0,0.9636,0.0364,0.226,1.0,1079,4,Normal,normal
0.0,166.085,66.8,1.0,6.0,0.0,0.0,0.0,6.0,0.0,0.0,2.392,0.2161,0.0,0.0,0.0,0.0,0.0,0.9583,0.0417,0.268,1.0,1079,5,Normal,normal
0.0,150.01,37.019,1.0,6.0,0.0,0.0,0.0,6.0,0.0,0.0,3.1993,0.289,0.0,0.0,0.0,0.0,0.0,0.9715,0.0285,-1.43,1.0,1080,1,Normal,normal
0.0,148.873,36.889,1.0,6.0,0.0,0.0,0.0,6.0,0.0,0.0,3.1993,0.289,0.0,0.0,0.0,0.0,0.0,0.96,0.04,0.612,1.0,1080,2,Normal,normal
0.0,148.282,36.786,1.0,6.0,0.0,0.0,0.0,6.0,0.0,0.0,3.1993,0.289,0.0,0.0,0.0,0.0,0.0,0.9627,0.0373,0.614,1.0,1080,3,Normal,normal
0.0,147.783,36.738,1.0,6.0,0.0,0.0,0.0,6.0,0.0,0.0,3.1993,0.289,0.0,0.0,0.0,0.0,0.0,0.967,0.033,0.222,1.0,1080,4,Normal,normal
0.0,147.373,36.75,1.0,6.0,0.0,0.0,0.0,6.0,0.0,0.0,3.1993,0.289,0.0,0.0,0.0,0.0,0.0,0.9567,0.0433,0.269,1.0,1080,5,Normal,normal
0.0,226.662,115.35,1.0,6.0,0.0,0.0,0.0,6.0,0.0,0.0,2.5803,0.2331,0.0,0.0,0.0,0.0,0.0,0.9704,0.0296,-1.416,1.0,1081,1,Normal,normal
0.0,225.325,115.171,1.0,6.0,0.0,0.0,0.0,6.0,0.0,0.0,2.5803,0.2331,0.0,0.0,0.0,0.0,0.0,0.9626,0.0374,0.59,1.0,1081,2,Normal,normal
0.0,224.582,115.076,1.0,6.0,0.0,0.0,0.0,6.0,0.0,0.0,2.5803,0.2331,0.0,0.0,0.0,0.0,0.0,0.9602,0.0398,0.594,1.0,1081,3,Normal,normal
0.0,223.955,114.984,1.0,6.0,0.0,0.0,0.0,6.0,0.0,0.0,2.5803,0.2331,0.0,0.0,0.0,0.0,0.0,0.9659,0.0341,0.215,1.0,1081,4,Normal,normal
0.0,223.42,114.858,1.0,6.0,0.0,0.0,0.0,6.0,0.0,0.0,2.5803,0.2331,0.0,0.0,0.0,0.0,0.0,0.9623,0.0377,0.262,1.0,1081,5,Normal,normal
0.0,223.097,116.395,1.0,6.0,0.0,0.0,0.0,6.0,0.0,0.0,3.7681,0.3404,0.0,0.0,0.0,0.0,0.0,0.9667,0.0333,-1.351,1.0,1082,1,Normal,normal
0.0,221.8,116.23,1.0,6.0,0.0,0.0,0.0,6.0,0.0,0.0,3.7681,0.3404,0.0,0.0,0.0,0.0,0.0,0.964,0.036,0.58,1.0,1082,2,Normal,normal
0.0,221.13,116.114,1.0,6.0,0.0,0.0,0.0,6.0,0.0,0.0,3.7681,0.3404,0.0,0.0,0.0,0.0,0.0,0.9654,0.0346,0.571,1.0,1082,3,Normal,normal
0.0,220.568,115.985,1.0,6.0,0.0,0.0,0.0,6.0,0.0,0.0,3.7681,0.3404,0.0,0.0,0.0,0.0,0.0,0.968,0.032,0.204,1.0,1082,4,Normal,normal
0.0,220.048,115.86,1.0,6.0,0.0,0.0,0.0,6.0,0.0,0.0,3.7681,0.3404,0.0,0.0,0.0,0.0,0.0,0.9669,0.0331,0.252,1.0,1082,5,Normal,normal
0.0,224.57,115.055,1.0,6.0,0.0,0.0,0.0,6.0,0.0,0.0,0.1726,0.0156,0.0,0.0,0.0,0.0,0.0,0.9716,0.0284,-1.327,1.0,1083,1,Normal,normal
0.0,223.273,114.889,1.0,6.0,0.0,0.0,0.0,6.0,0.0,0.0,0.1726,0.0156,0.0,0.0,0.0,0.0,0.0,0.9654,0.0346,0.56,1.0,1083,2,Normal,normal
0.0,222.587,114.786,1.0,6.0,0.0,0.0,0.0,6.0,0.0,0.0,0.1726,0.0156,0.0,0.0,0.0,0.0,0.0,0.9671,0.0329,0.561,1.0,1083,3,Normal,normal
0.0,222.018,114.662,1.0,6.0,0.0,0.0,0.0,6.0,0.0,0.0,0.1726,0.0156,0.0,0.0,0.0,0.0,0.0,0.9694,0.0306,0.203,1.0,1083,4,Normal,normal
0.0,221.538,114.498,1.0,6.0,0.0,0.0,0.0,6.0,0.0,0.0,0.1726,0.0156,0.0,0.0,0.0,0.0,0.0,0.9647,0.0353,0.249,1.0,1083,5,Normal,normal
0.0,175.353,67.587,1.0,6.0,0.0,0.0,0.0,6.0,0.0,0.0,2.0676,0.1868,0.0,0.0,0.0,0.0,0.0,0.9703,0.0297,-1.27,1.0,1084,1,Normal,normal
0.0,174.075,67.445,1.0,6.0,0.0,0.0,0.0,6.0,0.0,0.0,2.0676,0.1868,0.0,0.0,0.0,0.0,0.0,0.9637,0.0363,0.535,1.0,1084,2,Normal,normal
0.0,173.325,67.432,1.0,6.0,0.0,0.0,0.0,6.0,0.0,0.0,2.0676,0.1868,0.0,0.0,0.0,0.0,0.0,0.9696,0.0304,0.538,1.0,1084,3,Normal,normal
0.0,172.693,67.507,1.0,6.0,0.0,0.0,0.0,6.0,0.0,0.0,2.0676,0.1868,0.0,0.0,0.0,0.0,0.0,0.9677,0.0323,0.19,1.0,1084,4,Normal,normal
0.0,172.102,67.548,1.0,6.0,0.0,0.0,0.0,6.0,0.0,0.0,2.0676,0.1868,0.0,0.0,0.0,0.0,0.0,0.9663,0.0337,0.238,1.0,1084,5,Normal,normal
0.0,145.293,38.438,1.0,6.0,0.0,0.0,0.0,6.0,0.0,0.0,1.8159,0.164,0.0,0.0,0.0,0.0,0.0,0.9757,0.0243,-1.24,1.0,1085,1,Normal,normal
0.0,144.137,38.442,1.0,6.0,0.0,0.0,0.0,6.0,0.0,0.0,1.8159,0.164,0.0,0.0,0.0,0.0,0.0,0.9692,0.0308,0.526,1.0,1085,2,Normal,normal
0.0,143.453,38.473,1.0,6.0,0.0,0.0,0.0,6.0,0.0,0.0,1.8159,0.164,0.0,0.0,0.0,0.0,0.0,0.9685,0.0315,0.522,1.0,1085,3,Normal,normal
0.0,142.818,38.45,1.0,6.0,0.0,0.0,0.0,6.0,0.0,0.0,1.8159,0.164,0.0,0.0,0.0,0.0,0.0,0.9681,0.0319,0.187,1.0,1085,4,Normal,normal
0.0,142.175,38.45,1.0,6.0,0.0,0.0,0.0,6.0,0.0,0.0,1.8159,0.164,0.0,0.0,0.0,0.0,0.0,0.9662,0.0338,0.227,1.0,1085,5,Normal,normal
0.0,146.285,38.566,1.0,6.0,0.0,0.0,0.0,6.0,0.0,0.0,1.0779,0.0974,0.0,0.0,0.0,0.0,0.0,0.9748,0.0252,-1.191,1.0,1086,1,Normal,normal
0.0,145.162,38.551,1.0,6.0,0.0,0.0,0.0,6.0,0.0,0.0,1.0779,0.0974,0.0,0.0,0.0,0.0,0.0,0.9712,0.0288,0.506,1.0,1086,2,Normal,normal
0.0,144.402,38.621,1.0,6.0,0.0,0.0,0.0,6.0,0.0,0.0,1.0779,0.0974,0.0,0.0,0.0,0.0,0.0,0.9698,0.0302,0.5,1.0,1086,3,Normal,normal
0.0,143.713,38.647,1.0,6.0,0.0,0.0,0.0,6.0,0.0,0.0,1.0779,0.0974,0.0,0.0,0.0,0.0,0.0,0.9748,0.0252,0.178,1.0,1086,4,Normal,normal
0.0,143.017,38.687,1.0,6.0,0.0,0.0,0.0,6.0,0.0,0.0,1.0779,0.0974,0.0,0.0,0.0,0.0,0.0,0.9673,0.0327,0.215,1.0,1086,5,Normal,normal
0.0,145.05,39.401,1.0,6.0,0.0,0.0,0.0,6.0,0.0,0.0,0.4109,0.0371,0.0,0.0,0.0,0.0,0.0,0.9743,0.0257,-1.156,1.0,1087,1,Normal,normal
0.0,143.778,39.503,1.0,6.0,0.0,0.0,0.0,6.0,0.0,0.0,0.4109,0.0371,0.0,0.0,0.0,0.0,0.0,0.9715,0.0285,0.491,1.0,1087,2,Normal,normal
0.0,143.018,39.572,1.0,6.0,0.0,0.0,0.0,6.0,0.0,0.0,0.4109,0.0371,0.0,0.0,0.0,0.0,0.0,0.9716,0.0284,0.488,1.0,1087,3,Normal,normal
0.0,142.302,39.614,1.0,6.0,0.0,0.0,0.0,6.0,0.0,0.0,0.4109,0.0371,0.0,0.0,0.0,0.0,0.0,0.9726,0.0274,0.176,1.0,1087,4,Normal,normal
0.0,141.542,39.691,1.0,6.0,0.0,0.0,0.0,6.0,0.0,0.0,0.4109,0.0371,0.0,0.0,0.0,0.0,0.0,0.9673,0.0327,0.214,1.0,1087,5,Normal,normal
0.0,145.93,38.335,1.0,6.0,0.0,0.0,0.0,6.0,0.0,0.0,2.9447,0.266,0.0,0.0,0.0,0.0,0.0,0.9799,0.0201,-1.098,1.0,1088,1,Normal,normal
0.0,144.693,38.404,1.0,6.0,0.0,0.0,0.0,6.0,0.0,0.0,2.9447,0.266,0.0,0.0,0.0,0.0,0.0,0.9743,0.0257,0.461,1.0,1088,2,Normal,normal
0.0,144.002,38.342,1.0,6.0,0.0,0.0,0.0,6.0,0.0,0.0,2.9447,0.266,0.0,0.0,0.0,0.0,0.0,0.9722,0.0278,0.475,1.0,1088,3,Normal,normal
0.0,143.393,38.289,1.0,6.0,0.0,0.0,0.0,6.0,0.0,0.0,2.9447,0.266,0.0,0.0,0.0,0.0,0.0,0.9724,0.0276,0.164,1.0,1088,4,Normal,normal
0.0,142.795,38.382,1.0,6.0,0.0,0.0,0.0,6.0,0.0,0.0,2.9447,0.266,0.0,0.0,0.0,0.0,0.0,0.9681,0.0319,0.206,1.0,1088,5,Normal,normal
0.0,147.98,37.292,1.0,6.0,0.0,0.0,0.0,6.0,0.0,0.0,0.6314,0.057,0.0,0.0,0.0,0.0,0.0,0.979,0.021,-1.056,1.0,1089,1,Normal,normal
0.0,146.632,37.419,1.0,6.0,0.0,0.0,0.0,6.0,0.0,0.0,0.6314,0.057,0.0,0.0,0.0,0.0,0.0,0.9731,0.0269,0.444,1.0,1089,2,Normal,normal
0.0,145.92,37.374,1.0,6.0,0.0,0.0,0.0,6.0,0.0,0.0,0.6314,0.057,0.0,0.0,0.0,0.0,0.0,0.9748,0.0252,0.445,1.0,1089,3,Normal,normal
0.0,145.292,37.336,1.0,6.0,0.0,0.0,0.0,6.0,0.0,0.0,0.6314,0.057,0.0,0.0,0.0,0.0,0.0,0.9771,0.0229,0.165,1.0,1089,4,Normal,normal
0.0,144.71,37.416,1.0,6.0,0.0,0.0,0.0,6.0,0.0,0.0,0.6314,0.057,0.0,0.0,0.0,0.0,0.0,0.9703,0.0297,0.197,1.0,1089,5,Normal,normal
0.0,195.78,76.75,1.0,6.0,0.0,0.0,0.0,6.0,0.0,0.0,2.1101,0.1906,0.0,0.0,0.0,0.0,0.0,0.9769,0.0231,-1.032,1.0,1090,1,Normal,normal
0.0,194.328,76.918,1.0,6.0,0.0,0.0,0.0,6.0,0.0,0.0,2.1101,0.1906,0.0,0.0,0.0,0.0,0.0,0.9731,0.0269,0.433,1.0,1090,2,Normal,normal
0.0,193.525,76.77,1.0,6.0,0.0,0.0,0.0,6.0,0.0,0.0,2.1101,0.1906,0.0,0.0,0.0,0.0,0.0,0.9754,0.0246,0.437,1.0,1090,3,Normal,normal
0.0,192.9,76.759,1.0,6.0,0.0,0.0,0.0,6.0,0.0,0.0,2.1101,0.1906,0.0,0.0,0.0,0.0,0.0,0.9746,0.0254,0.162,1.0,1090,4,Normal,normal
0.0,192.272,76.726,1.0,6.0,0.0,0.0,0.0,6.0,0.0,0.0,2.1101,0.1906,0.0,0.0,0.0,0.0,0.0,0.9672,0.0328,0.193,1.0,1090,5,Normal,normal
0.0,191.458,75.666,1.0,6.0,0.0,0.0,0.0,6.0,0.0,0.0,3.7126,0.3354,0.0,0.0,0.0,0.0,0.0,0.9788,0.0212,-0.994,1.0,1091,1,Normal,normal
0.0,190.142,75.718,1.0,6.0,0.0,0.0,0.0,6.0,0.0,0.0,3.7126,0.3354,0.0,0.0,0.0,0.0,0.0,0.9687,0.0313,0.419,1.0,1091,2,Normal,normal
0.0,189.372,75.571,1.0,6.0,0.0,0.0,0.0,6.0,0.0,0.0,3.7126,0.3354,0.0,0.0,0.0,0.0,0.0,0.9754,0.0246,0.437,1.0,1091,3,Cyber Intrusion,replay
0.0,188.732,75.572,1.0,6.0,0.0,0.0,0.0,6.0,0.0,0.0,3.7126,0.3354,0.0,0.0,0.0,0.0,0.0,0.9732,0.0268,0.16,1.0,1091,4,Normal,normal
0.0,188.107,75.516,1.0,6.0,0.0,0.0,0.0,6.0,0.0,0.0,3.7126,0.3354,0.0,0.0,0.0,0.0,0.0,0.9734,0.0266,0.186,1.0,1091,5,Normal,normal
0.0,200.28,70.169,1.0,6.0,0.0,0.0,0.0,6.0,0.0,0.0,0.5146,0.0465,0.0,0.0,0.0,0.0,0.0,0.9807,0.0193,-0.973,1.0,1092,1,Normal,normal
0.0,198.853,70.297,1.0,6.0,0.0,0.0,0.0,6.0,0.0,0.0,0.5146,0.0465,0.0,0.0,0.0,0.0,0.0,0.9758,0.0242,0.408,1.0,1092,2,Normal,normal
0.0,198.01,70.19,1.0,6.0,0.0,0.0,0.0,6.0,0.0,0.0,0.5146,0.0465,0.0,0.0,0.0,0.0,0.0,0.9754,0.0246,0.437,1.0,1092,3,Cyber Intrusion,replay
0.0,197.185,70.283,1.0,6.0,0.0,0.0,0.0,6.0,0.0,0.0,0.5146,0.0465,0.0,0.0,0.0,0.0,0.0,0.9793,0.0207,0.148,1.0,1092,4,Normal,normal
0.0,196.492,70.273,1.0,6.0,0.0,0.0,0.0,6.0,0.0,0.0,0.5146,0.0465,0.0,0.0,0.0,0.0,0.0,0.9736,0.0264,0.182,1.0,1092,5,Normal,normal
0.0,254.142,104.107,1.0,6.0,0.0,0.0,0.0,6.0,0.0,0.0,1.142,0.1032,0.0,0.0,0.0,0.0,0.0,0.9795,0.0205,-0.964,1.0,1093,1,Normal,normal
0.0,252.71,104.129,1.0,6.0,0.0,0.0,0.0,6.0,0.0,0.0,1.142,0.1032,0.0,0.0,0.0,0.0,0.0,0.9734,0.0266,0.409,1.0,1093,2,Normal,normal
0.0,251.713,103.871,1.0,6.0,0.0,0.0,0.0,6.0,0.0,0.0,1.142,0.1032,0.0,0.0,0.0,0.0,0.0,0.9756,0.0244,0.409,1.0,1093,3,Cyber Intrusion,replay
0.0,250.775,103.914,1.0,6.0,0.0,0.0,0.0,6.0,0.0,0.0,1.142,0.1032,0.0,0.0,0.0,0.0,0.0,0.9764,0.0236,0.142,1.0,1093,4,Normal,normal
0.0,250.06,103.877,1.0,6.0,0.0,0.0,0.0,6.0,0.0,0.0,1.142,0.1032,0.0,0.0,0.0,0.0,0.0,0.9703,0.0297,0.179,1.0,1093,5,Normal,normal
0.0,231.302,113.871,1.0,6.0,0.0,0.0,0.0,6.0,0.0,0.0,1.1174,0.1009,0.0,0.0,0.0,0.0,0.0,0.9777,0.0223,-0.947,1.0,1094,1,Normal,normal
0.0,229.813,113.829,1.0,6.0,0.0,0.0,0.0,6.0,0.0,0.0,1.1174,0.1009,0.0,0.0,0.0,0.0,0.0,0.9767,0.0233,0.4,1.0,1094,2,Normal,normal
0.0,228.773,113.528,1.0,6.0,0.0,0.0,0.0,6.0,0.0,0.0,1.1174,0.1009,0.0,0.0,0.0,0.0,0.0,0.9763,0.0237,0.4,1.0,1094,3,Cyber Intrusion,replay
0.0,227.73,113.461,1.0,6.0,0.0,0.0,0.0,6.0,0.0,0.0,1.1174,0.1009,0.0,0.0,0.0,0.0,0.0,0.9798,0.0202,0.138,1.0,1094,4,Normal,normal
0.0,227.038,113.346,1.0,6.0,0.0,0.0,0.0,6.0,0.0,0.0,1.1174,0.1009,0.0,0.0,0.0,0.0,0.0,0.9731,0.0269,0.188,1.0,1094,5,Normal,normal
0.0,237.548,108.45,1.0,6.0,0.0,0.0,0.0,6.0,0.0,0.0,1.7573,0.1587,0.0,0.0,0.0,0.0,0.0,0.9801,0.0199,-0.937,1.0,1095,1,Normal,normal
0.0,236.027,108.436,1.0,6.0,0.0,0.0,0.0,6.0,0.0,0.0,1.7573,0.1587,0.0,0.0,0.0,0.0,0.0,0.9805,0.0195,0.395,1.0,1095,2,Normal,normal
0.0,234.913,108.195,1.0,6.0,0.0,0.0,0.0,6.0,0.0,0.0,1.7573,0.1587,0.0,0.0,0.0,0.0,0.0,0.9773,0.0227,0.397,1.0,1095,3,Cyber Intrusion,replay
0.0,233.798,108.2,1.0,6.0,0.0,0.0,0.0,6.0,0.0,0.0,1.7573,0.1587,0.0,0.0,0.0,0.0,0.0,0.9785,0.0215,0.141,1.0,1095,4,Normal,normal
0.0,233.052,108.124,1.0,6.0,0.0,0.0,0.0,6.0,0.0,0.0,1.7573,0.1587,0.0,0.0,0.0,0.0,0.0,0.9744,0.0256,0.173,1.0,1095,5,Normal,normal
0.0,189.88,84.335,1.0,5.0,0.0,0.0,0.0,5.0,0.0,0.0,2.1283,0.1922,0.0,0.0,0.0,0.0,0.0,0.9792,0.0208,-0.933,1.0,1096,1,Normal,normal
0.0,215.762,98.004,1.0,6.0,0.0,0.0,0.0,6.0,0.0,0.0,2.1283,0.1922,0.0,0.0,0.0,0.0,0.0,0.9752,0.0248,0.398,1.0,1096,2,Normal,normal
0.0,214.922,97.99,1.0,6.0,0.0,0.0,0.0,6.0,0.0,0.0,2.1283,0.1922,0.0,0.0,0.0,0.0,0.0,0.9777,0.0223,0.388,1.0,1096,3,Normal,normal
0.0,214.052,97.902,1.0,6.0,0.0,0.0,0.0,6.0,0.0,0.0,2.1283,0.1922,0.0,0.0,0.0,0.0,0.0,0.9812,0.0188,0.137,1.0,1096,4,Normal,normal
1.0,224.627,94.675,2.0,6.0,1.0,0.0,0.0,7.0,0.0,0.0,2.1283,0.1922,0.0,0.0,0.0,0.0,0.0,0.9716,0.0284,0.181,1.0,1096,5,Cyber Intrusion,command_injection
0.0,189.324,84.314,1.0,5.0,0.0,0.0,0.0,5.0,0.0,0.0,2.3404,0.2114,0.0,0.0,0.0,0.0,0.0,0.982,0.018,-0.927,1.0,1097,1,Normal,normal
0.0,176.272,81.365,1.0,6.0,0.0,0.0,0.0,6.0,0.0,0.0,2.3404,0.2114,0.0,0.0,0.0,0.0,0.0,0.9736,0.0264,0.403,1.0,1097,2,Normal,normal
0.0,175.362,81.468,1.0,6.0,0.0,0.0,0.0,6.0,0.0,0.0,2.3404,0.2114,0.0,0.0,0.0,0.0,0.0,0.9762,0.0238,0.395,1.0,1097,3,Normal,normal
0.0,174.61,81.408,1.0,6.0,0.0,0.0,0.0,6.0,0.0,0.0,2.3404,0.2114,0.0,0.0,0.0,0.0,0.0,0.9742,0.0258,0.141,1.0,1097,4,Normal,normal
1.0,190.877,85.944,2.0,6.0,1.0,0.0,0.0,7.0,0.0,0.0,2.3404,0.2114,0.0,0.0,0.0,0.0,0.0,0.9736,0.0264,0.17,1.0,1097,5,Cyber Intrusion,command_injection
0.0,182.038,88.299,1.0,5.0,0.0,0.0,0.0,5.0,0.0,0.0,0.7188,0.0649,0.0,0.0,0.0,0.0,0.0,0.978,0.022,-0.938,1.0,1098,1,Normal,normal
0.0,176.54,81.172,1.0,6.0,0.0,0.0,0.0,6.0,0.0,0.0,0.7188,0.0649,0.0,0.0,0.0,0.0,0.0,0.9732,0.0268,0.401,1.0,1098,2,Normal,normal
0.0,175.647,81.264,1.0,6.0,0.0,0.0,0.0,6.0,0.0,0.0,0.7188,0.0649,0.0,0.0,0.0,0.0,0.0,0.9749,0.0251,0.398,1.0,1098,3,Normal,normal
0.0,174.853,81.235,1.0,6.0,0.0,0.0,0.0,6.0,0.0,0.0,0.7188,0.0649,0.0,0.0,0.0,0.0,0.0,0.9759,0.0241,0.147,1.0,1098,4,Normal,normal
1.0,191.07,85.776,2.0,6.0,1.0,0.0,0.0,7.0,0.0,0.0,0.7188,0.0649,0.0,0.0,0.0,0.0,0.0,0.9739,0.0261,0.175,1.0,1098,5,Cyber Intrusion,command_injection
0.0,144.05,35.09,1.0,6.0,0.0,0.0,0.0,6.0,0.0,0.0,0.4908,0.0443,0.0,0.0,0.0,0.0,0.0,0.9797,0.0203,-0.941,1.0,1099,1,Normal,normal
0.0,142.817,35.017,1.0,6.0,0.0,0.0,0.0,6.0,0.0,0.0,0.4908,0.0443,0.0,0.0,0.0,0.0,0.0,0.9742,0.0258,0.401,1.0,1099,2,Normal,normal
0.0,141.967,35.085,1.0,6.0,0.0,0.0,0.0,6.0,0.0,0.0,0.4908,0.0443,0.0,0.0,0.0,0.0,0.0,0.9781,0.0219,0.4,1.0,1099,3,Normal,normal
0.0,141.26,34.842,1.0,6.0,0.0,0.0,0.0,6.0,0.0,0.0,0.4908,0.0443,0.0,0.0,0.0,0.0,0.0,0.9778,0.0222,0.15,1.0,1099,4,Normal,normal
0.0,140.7,34.691,1.0,6.0,0.0,0.0,0.0,6.0,0.0,0.0,0.4908,0.0443,0.0,0.0,0.0,0.0,0.0,0.9751,0.0249,0.172,1.0,1099,5,Cyber Intrusion,command_injection
0.0,142.847,35.909,1.0,6.0,0.0,0.0,0.0,6.0,0.0,0.0,4.509,0.4073,0.0,0.0,0.0,0.0,0.0,0.9785,0.0215,-0.945,1.0,1100,1,Normal,normal
0.0,141.55,35.869,1.0,6.0,0.0,0.0,0.0,6.0,0.0,0.0,4.509,0.4073,0.0,0.0,0.0,0.0,0.0,0.9775,0.0225,0.401,1.0,1100,2,Normal,normal
0.0,140.71,35.916,1.0,6.0,0.0,0.0,0.0,6.0,0.0,0.0,4.509,0.4073,0.0,0.0,0.0,0.0,0.0,0.977,0.023,0.409,1.0,1100,3,Normal,normal
0.0,139.94,35.714,1.0,6.0,0.0,0.0,0.0,6.0,0.0,0.0,4.509,0.4073,0.0,0.0,0.0,0.0,0.0,0.972,0.028,0.139,1.0,1100,4,Normal,normal
0.0,139.372,35.573,1.0,6.0,0.0,0.0,0.0,6.0,0.0,0.0,4.509,0.4073,0.0,0.0,0.0,0.0,0.0,0.9706,0.0294,0.173,1.0,1100,5,Cyber Intrusion,command_injection
0.0,131.36,23.948,1.0,6.0,0.0,0.0,0.0,6.0,0.0,0.0,1.6403,0.1482,0.0,0.0,0.0,0.0,0.0,0.982,0.018,-0.965,1.0,1101,1,Normal,normal
0.0,130.198,23.787,1.0,6.0,0.0,0.0,0.0,6.0,0.0,0.0,1.6403,0.1482,0.0,0.0,0.0,0.0,0.0,0.9735,0.0265,0.402,1.0,1101,2,Normal,normal
0.0,129.58,23.673,1.0,6.0,0.0,0.0,0.0,6.0,0.0,0.0,1.6403,0.1482,0.0,0.0,0.0,0.0,0.0,0.9757,0.0243,0.408,1.0,1101,3,Normal,normal
0.0,129.035,23.652,1.0,6.0,0.0,0.0,0.0,6.0,0.0,0.0,1.6403,0.1482,0.0,0.0,0.0,0.0,0.0,0.9761,0.0239,0.141,1.0,1101,4,Normal,normal
0.0,128.562,23.582,1.0,6.0,0.0,0.0,0.0,6.0,0.0,0.0,1.6403,0.1482,0.0,0.0,0.0,0.0,0.0,0.9752,0.0248,0.186,1.0,1101,5,Cyber Intrusion,command_injection
0.0,142.178,30.311,1.0,6.0,0.0,0.0,0.0,6.0,0.0,0.0,2.759,0.2492,0.0,0.0,0.0,0.0,0.0,0.9828,0.0172,-0.975,1.0,1102,1,Normal,normal
0.0,141.072,30.18,1.0,6.0,0.0,0.0,0.0,6.0,0.0,0.0,2.759,0.2492,0.0,0.0,0.0,0.0,0.0,0.9737,0.0263,0.412,1.0,1102,2,Normal,normal
0.0,140.462,30.091,1.0,6.0,0.0,0.0,0.0,6.0,0.0,0.0,2.759,0.2492,0.0,0.0,0.0,0.0,0.0,0.9745,0.0255,0.418,1.0,1102,3,Normal,normal
0.0,139.972,30.111,1.0,6.0,0.0,0.0,0.0,6.0,0.0,0.0,2.759,0.2492,0.0,0.0,0.0,0.0,0.0,0.9745,0.0255,0.148,1.0,1102,4,Normal,normal
0.0,139.523,30.083,1.0,6.0,0.0,0.0,0.0,6.0,0.0,0.0,2.759,0.2492,0.0,0.0,0.0,0.0,0.0,0.9732,0.0268,0.178,1.0,1102,5,Cyber Intrusion,command_injection
0.0,240.487,147.919,1.0,6.0,0.0,0.0,0.0,6.0,0.0,0.0,0.5979,0.054,0.0,0.0,0.0,0.0,0.0,0.9777,0.0223,-0.982,1.0,1103,1,Normal,normal
0.0,239.317,147.749,1.0,6.0,0.0,0.0,0.0,6.0,0.0,0.0,0.5979,0.054,0.0,0.0,0.0,0.0,0.0,0.9734,0.0266,0.409,1.0,1103,2,Normal,normal
0.0,238.73,147.644,1.0,6.0,0.0,0.0,0.0,6.0,0.0,0.0,0.5979,0.054,0.0,0.0,0.0,0.0,0.0,0.9773,0.0227,0.408,1.0,1103,3,Normal,normal
0.0,238.27,147.627,1.0,6.0,0.0,0.0,0.0,6.0,0.0,0.0,0.5979,0.054,0.0,0.0,0.0,0.0,0.0,0.9773,0.0227,0.152,1.0,1103,4,Normal,normal
0.0,237.815,147.541,1.0,6.0,0.0,0.0,0.0,6.0,0.0,0.0,0.5979,0.054,0.0,0.0,0.0,0.0,0.0,0.9727,0.0273,0.179,1.0,1103,5,Cyber Intrusion,command_injection
0.0,258.385,138.123,1.0,6.0,0.0,0.0,0.0,6.0,0.0,0.0,0.898,0.0811,0.0,0.0,0.0,0.0,0.0,0.9194,0.0806,-3.648,1.0,1104,1,Natural Fault,short_circuit
0.0,257.09,138.013,1.0,6.0,0.0,0.0,0.0,6.0,0.0,0.0,0.898,0.0811,0.0,0.0,0.0,0.0,0.0,0.9181,0.0819,0.423,1.0,1104,2,Natural Fault,short_circuit
0.0,256.325,138.019,1.0,6.0,0.0,0.0,0.0,6.0,0.0,0.0,0.898,0.0811,0.0,0.0,0.0,0.0,0.0,0.9169,0.0831,0.42,1.0,1104,3,Natural Fault,short_circuit
0.0,255.473,138.149,1.0,6.0,0.0,0.0,0.0,6.0,0.0,0.0,0.898,0.0811,0.0,0.0,0.0,0.0,0.0,0.8862,0.1138,2.817,1.0,1104,4,Natural Fault,short_circuit
0.0,254.775,138.196,1.0,6.0,0.0,0.0,0.0,6.0,0.0,0.0,0.898,0.0811,0.0,0.0,0.0,0.0,0.0,0.9149,0.0851,0.188,1.0,1104,5,Natural Fault,short_circuit
0.0,264.232,132.953,1.0,6.0,0.0,0.0,0.0,6.0,0.0,0.0,1.1224,0.1014,0.0,0.0,0.0,0.0,0.0,0.9205,0.0795,-3.663,1.0,1105,1,Natural Fault,short_circuit
0.0,262.853,132.926,1.0,6.0,0.0,0.0,0.0,6.0,0.0,0.0,1.1224,0.1014,0.0,0.0,0.0,0.0,0.0,0.9166,0.0834,0.422,1.0,1105,2,Natural Fault,short_circuit
0.0,262.007,133.006,1.0,6.0,0.0,0.0,0.0,6.0,0.0,0.0,1.1224,0.1014,0.0,0.0,0.0,0.0,0.0,0.9162,0.0838,0.425,1.0,1105,3,Natural Fault,short_circuit
0.0,261.085,133.22,1.0,6.0,0.0,0.0,0.0,6.0,0.0,0.0,1.1224,0.1014,0.0,0.0,0.0,0.0,0.0,0.8861,0.1139,2.812,1.0,1105,4,Natural Fault,short_circuit
0.0,260.313,133.343,1.0,6.0,0.0,0.0,0.0,6.0,0.0,0.0,1.1224,0.1014,0.0,0.0,0.0,0.0,0.0,0.912,0.088,0.192,1.0,1105,5,Natural Fault,short_circuit
0.0,284.432,123.694,1.0,6.0,0.0,0.0,0.0,6.0,0.0,0.0,2.6563,0.2399,0.0,0.0,0.0,0.0,0.0,0.9209,0.0791,-3.671,1.0,1106,1,Natural Fault,short_circuit
0.0,282.932,123.568,1.0,6.0,0.0,0.0,0.0,6.0,0.0,0.0,2.6563,0.2399,0.0,0.0,0.0,0.0,0.0,0.9205,0.0795,0.429,1.0,1106,2,Natural Fault,short_circuit
0.0,281.955,123.491,1.0,6.0,0.0,0.0,0.0,6.0,0.0,0.0,2.6563,0.2399,0.0,0.0,0.0,0.0,0.0,0.9157,0.0843,0.422,1.0,1106,3,Natural Fault,short_circuit
0.0,280.932,123.684,1.0,6.0,0.0,0.0,0.0,6.0,0.0,0.0,2.6563,0.2399,0.0,0.0,0.0,0.0,0.0,0.8848,0.1152,2.806,1.0,1106,4,Natural Fault,short_circuit
0.0,280.073,123.77,1.0,6.0,0.0,0.0,0.0,6.0,0.0,0.0,2.6563,0.2399,0.0,0.0,0.0,0.0,0.0,0.9159,0.0841,0.187,1.0,1106,5,Natural Fault,short_circuit
0.0,246.525,113.15,1.0,6.0,0.0,0.0,0.0,6.0,0.0,0.0,2.1925,0.198,0.0,0.0,0.0,0.0,0.0,0.9234,0.0766,-3.677,1.0,1107,1,Natural Fault,short_circuit
0.0,245.122,113.14,1.0,6.0,0.0,0.0,0.0,6.0,0.0,0.0,2.1925,0.198,0.0,0.0,0.0,0.0,0.0,0.9171,0.0829,0.43,1.0,1107,2,Natural Fault,short_circuit
0.0,244.117,113.029,1.0,6.0,0.0,0.0,0.0,6.0,0.0,0.0,2.1925,0.198,0.0,0.0,0.0,0.0,0.0,0.9183,0.0817,0.427,1.0,1107,3,Natural Fault,short_circuit
0.0,243.033,113.081,1.0,6.0,0.0,0.0,0.0,6.0,0.0,0.0,2.1925,0.198,0.0,0.0,0.0,0.0,0.0,0.8864,0.1136,2.82,1.0,1107,4,Natural Fault,short_circuit
0.0,242.055,113.106,1.0,6.0,0.0,0.0,0.0,6.0,0.0,0.0,2.1925,0.198,0.0,0.0,0.0,0.0,0.0,0.9112,0.0888,0.189,1.0,1107,5,Natural Fault,short_circuit
0.0,359.28,146.675,1.0,6.0,0.0,0.0,0.0,6.0,0.0,0.0,2.0507,0.1852,0.0,0.0,0.0,0.0,0.0,0.9765,0.0235,-1.025,1.0,1108,1,Natural Fault,short_circuit
0.0,358.018,146.767,1.0,6.0,0.0,0.0,0.0,6.0,0.0,0.0,2.0507,0.1852,0.0,0.0,0.0,0.0,0.0,0.9745,0.0255,0.428,1.0,1108,2,Natural Fault,short_circuit
0.0,357.068,146.755,1.0,6.0,0.0,0.0,0.0,6.0,0.0,0.0,2.0507,0.1852,0.0,0.0,0.0,0.0,0.0,0.9759,0.0241,0.426,1.0,1108,3,Natural Fault,short_circuit
0.0,356.3,146.649,1.0,6.0,0.0,0.0,0.0,6.0,0.0,0.0,2.0507,0.1852,0.0,0.0,0.0,0.0,0.0,0.9729,0.0271,0.153,1.0,1108,4,Natural Fault,short_circuit
0.0,355.532,146.722,1.0,6.0,0.0,0.0,0.0,6.0,0.0,0.0,2.0507,0.1852,0.0,0.0,0.0,0.0,0.0,0.9742,0.0258,0.189,1.0,1108,5,Natural Fault,short_circuit
0.0,376.332,115.846,1.0,6.0,0.0,0.0,0.0,6.0,0.0,0.0,2.7626,0.2495,0.0,0.0,0.0,0.0,0.0,0.9779,0.0221,-1.03,1.0,1109,1,Natural Fault,short_circuit
0.0,374.995,115.982,1.0,6.0,0.0,0.0,0.0,6.0,0.0,0.0,2.7626,0.2495,0.0,0.0,0.0,0.0,0.0,0.9759,0.0241,0.442,1.0,1109,2,Natural Fault,short_circuit
0.0,374.28,115.982,1.0,6.0,0.0,0.0,0.0,6.0,0.0,0.0,2.7626,0.2495,0.0,0.0,0.0,0.0,0.0,0.9763,0.0237,0.436,1.0,1109,3,Natural Fault,short_circuit
0.0,373.652,115.893,1.0,6.0,0.0,0.0,0.0,6.0,0.0,0.0,2.7626,0.2495,0.0,0.0,0.0,0.0,0.0,0.9734,0.0266,0.162,1.0,1109,4,Natural Fault,short_circuit
0.0,373.072,116.023,1.0,6.0,0.0,0.0,0.0,6.0,0.0,0.0,2.7626,0.2495,0.0,0.0,0.0,0.0,0.0,0.9759,0.0241,0.189,1.0,1109,5,Natural Fault,short_circuit
0.0,343.552,147.981,1.0,6.0,0.0,0.0,0.0,6.0,0.0,0.0,1.8726,0.1692,0.0,0.0,0.0,0.0,0.0,0.9772,0.0228,-1.026,1.0,1110,1,Natural Fault,short_circuit
0.0,342.275,148.0,1.0,6.0,0.0,0.0,0.0,6.0,0.0,0.0,1.8726,0.1692,0.0,0.0,0.0,0.0,0.0,0.9712,0.0288,0.435,1.0,1110,2,Natural Fault,short_circuit
0.0,341.595,147.914,1.0,6.0,0.0,0.0,0.0,6.0,0.0,0.0,1.8726,0.1692,0.0,0.0,0.0,0.0,0.0,0.9711,0.0289,0.439,1.0,1110,3,Natural Fault,short_circuit
0.0,341.01,147.736,1.0,6.0,0.0,0.0,0.0,6.0,0.0,0.0,1.8726,0.1692,0.0,0.0,0.0,0.0,0.0,0.9767,0.0233,0.162,1.0,1110,4,Natural Fault,short_circuit
0.0,340.517,147.704,1.0,6.0,0.0,0.0,0.0,6.0,0.0,0.0,1.8726,0.1692,0.0,0.0,0.0,0.0,0.0,0.9729,0.0271,0.183,1.0,1110,5,Natural Fault,short_circuit
0.0,281.872,151.756,1.0,6.0,0.0,0.0,0.0,6.0,0.0,0.0,0.3039,0.0275,0.0,0.0,0.0,0.0,0.0,0.979,0.021,-1.038,1.0,1111,1,Natural Fault,short_circuit
0.0,280.407,151.853,1.0,6.0,0.0,0.0,0.0,6.0,0.0,0.0,0.3039,0.0275,0.0,0.0,0.0,0.0,0.0,0.9737,0.0263,0.44,1.0,1111,2,Natural Fault,short_circuit
0.0,279.617,151.855,1.0,6.0,0.0,0.0,0.0,6.0,0.0,0.0,0.3039,0.0275,0.0,0.0,0.0,0.0,0.0,0.9751,0.0249,0.438,1.0,1111,3,Natural Fault,short_circuit
0.0,279.003,151.596,1.0,6.0,0.0,0.0,0.0,6.0,0.0,0.0,0.3039,0.0275,0.0,0.0,0.0,0.0,0.0,0.9761,0.0239,0.158,1.0,1111,4,Natural Fault,short_circuit
0.0,278.492,151.489,1.0,6.0,0.0,0.0,0.0,6.0,0.0,0.0,0.3039,0.0275,0.0,0.0,0.0,0.0,0.0,0.9739,0.0261,0.194,1.0,1111,5,Natural Fault,short_circuit
0.0,181.295,73.978,1.0,6.0,0.0,0.0,0.0,6.0,0.0,0.0,4.8262,0.436,0.0,0.0,0.0,0.0,0.0,0.9761,0.0239,-1.041,1.0,1112,1,Natural Fault,short_circuit
0.0,179.848,74.009,1.0,6.0,0.0,0.0,0.0,6.0,0.0,0.0,4.8262,0.436,0.0,0.0,0.0,0.0,0.0,0.9726,0.0274,0.441,1.0,1112,2,Natural Fault,short_circuit
0.0,179.0,74.065,1.0,6.0,0.0,0.0,0.0,6.0,0.0,0.0,4.8262,0.436,0.0,0.0,0.0,0.0,0.0,0.9714,0.0286,0.444,1.0,1112,3,Natural Fault,short_circuit
0.0,178.44,74.017,1.0,6.0,0.0,0.0,0.0,6.0,0.0,0.0,4.8262,0.436,0.0,0.0,0.0,0.0,0.0,0.9786,0.0214,0.157,1.0,1112,4,Natural Fault,short_circuit
0.0,177.918,74.012,1.0,6.0,0.0,0.0,0.0,6.0,0.0,0.0,4.8262,0.436,0.0,0.0,0.0,0.0,0.0,0.966,0.034,0.189,1.0,1112,5,Natural Fault,short_circuit
0.0,174.844,72.872,1.0,5.0,0.0,0.0,0.0,5.0,0.0,0.0,0.2982,0.0269,0.0,0.0,0.0,0.0,0.0,0.9771,0.0229,-1.047,1.0,1113,1,Normal,normal
1.0,217.443,142.892,2.0,6.0,1.0,0.0,0.0,7.0,0.0,0.0,0.2982,0.0269,0.0,0.0,0.0,0.0,0.0,0.9727,0.0273,0.441,1.0,1113,2,Cyber Intrusion,command_injection
0.0,164.197,69.144,1.0,6.0,0.0,0.0,0.0,6.0,0.0,0.0,0.2982,0.0269,0.0,0.0,0.0,0.0,0.0,0.9747,0.0253,0.44,1.0,1113,3,Normal,normal
0.0,163.472,68.944,1.0,6.0,0.0,0.0,0.0,6.0,0.0,0.0,0.2982,0.0269,0.0,0.0,0.0,0.0,0.0,0.9741,0.0259,0.164,1.0,1113,4,Normal,normal
0.0,162.827,68.851,1.0,6.0,0.0,0.0,0.0,6.0,0.0,0.0,0.2982,0.0269,0.0,0.0,0.0,0.0,0.0,0.9722,0.0278,0.193,1.0,1113,5,Normal,normal
0.0,174.296,73.302,1.0,5.0,0.0,0.0,0.0,5.0,0.0,0.0,3.2254,0.2914,0.0,0.0,0.0,0.0,0.0,0.9793,0.0207,-1.052,1.0,1114,1,Normal,normal
1.0,215.873,143.95,2.0,6.0,1.0,0.0,0.0,7.0,0.0,0.0,3.2254,0.2914,0.0,0.0,0.0,0.0,0.0,0.9695,0.0305,0.443,1.0,1114,2,Cyber Intrusion,command_injection
0.0,162.315,70.332,1.0,6.0,0.0,0.0,0.0,6.0,0.0,0.0,3.2254,0.2914,0.0,0.0,0.0,0.0,0.0,0.9713,0.0287,0.45,1.0,1114,3,Normal,normal
0.0,161.505,70.187,1.0,6.0,0.0,0.0,0.0,6.0,0.0,0.0,3.2254,0.2914,0.0,0.0,0.0,0.0,0.0,0.9762,0.0238,0.161,1.0,1114,4,Normal,normal
0.0,160.848,70.103,1.0,6.0,0.0,0.0,0.0,6.0,0.0,0.0,3.2254,0.2914,0.0,0.0,0.0,0.0,0.0,0.9736,0.0264,0.186,1.0,1114,5,Normal,normal
0.0,167.042,71.016,1.0,5.0,0.0,0.0,0.0,5.0,0.0,0.0,1.4524,0.1312,0.0,0.0,0.0,0.0,0.0,0.9773,0.0227,-1.062,1.0,1115,1,Normal,normal
1.0,224.086,139.615,2.0,6.0,1.0,0.0,0.0,7.0,0.0,0.0,1.4524,0.1312,0.0,0.0,0.0,0.0,0.0,0.9734,0.0266,0.453,1.0,1115,2,Cyber Intrusion,command_injection
0.0,172.015,67.096,1.0,6.0,0.0,0.0,0.0,6.0,0.0,0.0,1.4524,0.1312,0.0,0.0,0.0,0.0,0.0,0.9723,0.0277,0.449,1.0,1115,3,Normal,normal
0.0,171.207,66.994,1.0,6.0,0.0,0.0,0.0,6.0,0.0,0.0,1.4524,0.1312,0.0,0.0,0.0,0.0,0.0,0.9719,0.0281,0.162,1.0,1115,4,Normal,normal
0.0,170.543,66.947,1.0,6.0,0.0,0.0,0.0,6.0,0.0,0.0,1.4524,0.1312,0.0,0.0,0.0,0.0,0.0,0.972,0.028,0.196,1.0,1115,5,Normal,normal
0.0,250.433,116.604,1.0,6.0,0.0,0.0,0.0,6.0,0.0,0.0,4.9822,0.45,0.0,0.0,0.0,0.0,0.0,0.98,0.02,-1.072,1.0,1116,1,Normal,normal
0.0,249.058,116.783,1.0,6.0,0.0,0.0,0.0,6.0,0.0,0.0,4.9822,0.45,0.0,0.0,0.0,0.0,0.0,0.9671,0.0329,0.449,1.0,1116,2,Cyber Intrusion,command_injection
0.0,248.168,117.044,1.0,6.0,0.0,0.0,0.0,6.0,0.0,0.0,4.9822,0.45,0.0,0.0,0.0,0.0,0.0,0.9709,0.0291,0.462,1.0,1116,3,Normal,normal
0.0,247.418,117.116,1.0,6.0,0.0,0.0,0.0,6.0,0.0,0.0,4.9822,0.45,0.0,0.0,0.0,0.0,0.0,0.9761,0.0239,0.163,1.0,1116,4,Normal,normal
0.0,246.847,117.215,1.0,6.0,0.0,0.0,0.0,6.0,0.0,0.0,4.9822,0.45,0.0,0.0,0.0,0.0,0.0,0.969,0.031,0.2,1.0,1116,5,Normal,normal
0.0,228.305,117.668,1.0,6.0,0.0,0.0,0.0,6.0,0.0,0.0,0.3628,0.0328,0.0,0.0,0.0,0.0,0.0,0.9756,0.0244,-1.087,1.0,1117,1,Normal,normal
0.0,227.12,117.66,1.0,6.0,0.0,0.0,0.0,6.0,0.0,0.0,0.3628,0.0328,0.0,0.0,0.0,0.0,0.0,0.9719,0.0281,0.471,1.0,1117,2,Cyber Intrusion,command_injection
0.0,226.515,117.641,1.0,6.0,0.0,0.0,0.0,6.0,0.0,0.0,0.3628,0.0328,0.0,0.0,0.0,0.0,0.0,0.9733,0.0267,0.463,1.0,1117,3,Normal,normal
0.0,225.972,117.611,1.0,6.0,0.0,0.0,0.0,6.0,0.0,0.0,0.3628,0.0328,0.0,0.0,0.0,0.0,0.0,0.9728,0.0272,0.169,1.0,1117,4,Normal,normal
0.0,225.373,117.796,1.0,6.0,0.0,0.0,0.0,6.0,0.0,0.0,0.3628,0.0328,0.0,0.0,0.0,0.0,0.0,0.9689,0.0311,0.2,1.0,1117,5,Normal,normal
0.0,229.872,116.213,1.0,6.0,0.0,0.0,0.0,6.0,0.0,0.0,3.7847,0.3419,0.0,0.0,0.0,0.0,0.0,0.9749,0.0251,-1.098,1.0,1118,1,Normal,normal
0.0,228.662,116.227,1.0,6.0,0.0,0.0,0.0,6.0,0.0,0.0,3.7847,0.3419,0.0,0.0,0.0,0.0,0.0,0.9673,0.0327,0.462,1.0,1118,2,Cyber Intrusion,command_injection
0.0,228.073,116.187,1.0,6.0,0.0,0.0,0.0,6.0,0.0,0.0,3.7847,0.3419,0.0,0.0,0.0,0.0,0.0,0.9702,0.0298,0.468,1.0,1118,3,Normal,normal
0.0,227.567,116.119,1.0,6.0,0.0,0.0,0.0,6.0,0.0,0.0,3.7847,0.3419,0.0,0.0,0.0,0.0,0.0,0.975,0.025,0.167,1.0,1118,4,Normal,normal
0.0,226.978,116.295,1.0,6.0,0.0,0.0,0.0,6.0,0.0,0.0,3.7847,0.3419,0.0,0.0,0.0,0.0,0.0,0.9729,0.0271,0.204,1.0,1118,5,Normal,normal
0.0,183.942,87.904,1.0,6.0,0.0,0.0,0.0,6.0,0.0,0.0,2.5958,0.2345,0.0,0.0,0.0,0.0,0.0,0.9778,0.0222,-1.13,1.0,1119,1,Normal,normal
0.0,182.742,87.863,1.0,6.0,0.0,0.0,0.0,6.0,0.0,0.0,2.5958,0.2345,0.0,0.0,0.0,0.0,0.0,0.9693,0.0307,0.482,1.0,1119,2,Cyber Intrusion,command_injection
0.0,182.13,87.813,1.0,6.0,0.0,0.0,0.0,6.0,0.0,0.0,2.5958,0.2345,0.0,0.0,0.0,0.0,0.0,0.9698,0.0302,0.471,1.0,1119,3,Normal,normal
0.0,181.652,87.83,1.0,6.0,0.0,0.0,0.0,6.0,0.0,0.0,2.5958,0.2345,0.0,0.0,0.0,0.0,0.0,0.9732,0.0268,0.175,1.0,1119,4,Normal,normal
0.0,181.043,87.996,1.0,6.0,0.0,0.0,0.0,6.0,0.0,0.0,2.5958,0.2345,0.0,0.0,0.0,0.0,0.0,0.9724,0.0276,0.211,1.0,1119,5,Normal,normal
0.0,141.56,26.994,1.0,6.0,0.0,0.0,0.0,6.0,0.0,0.0,1.1453,0.1035,0.0,0.0,0.0,0.0,0.0,0.9738,0.0262,-1.149,1.0,1120,1,Normal,normal
0.0,140.455,26.998,1.0,6.0,0.0,0.0,0.0,6.0,0.0,0.0,1.1453,0.1035,0.0,0.0,0.0,0.0,0.0,0.9694,0.0306,0.489,1.0,1120,2,Cyber Intrusion,command_injection
0.0,139.922,27.095,1.0,6.0,0.0,0.0,0.0,6.0,0.0,0.0,1.1453,0.1035,0.0,0.0,0.0,0.0,0.0,0.9694,0.0306,0.49,1.0,1120,3,Normal,normal
0.0,139.467,27.18,1.0,6.0,0.0,0.0,0.0,6.0,0.0,0.0,1.1453,0.1035,0.0,0.0,0.0,0.0,0.0,0.9735,0.0265,0.18,1.0,1120,4,Normal,normal
0.0,138.872,27.367,1.0,6.0,0.0,0.0,0.0,6.0,0.0,0.0,1.1453,0.1035,0.0,0.0,0.0,0.0,0.0,0.9702,0.0298,0.215,1.0,1120,5,Normal,normal
0.0,137.835,25.766,1.0,6.0,0.0,0.0,0.0,6.0,0.0,0.0,1.3106,0.1184,0.0,0.0,0.0,0.0,0.0,0.9779,0.0221,-1.006,1.0,1121,1,Natural Fault,line_trip
0.0,136.702,25.672,1.0,6.0,0.0,0.0,0.0,6.0,0.0,0.0,1.3106,0.1184,0.0,0.0,0.0,0.0,0.0,0.9739,0.0261,0.496,1.0,1121,2,Natural Fault,line_trip
0.0,136.147,25.762,1.0,6.0,0.0,0.0,0.0,6.0,0.0,0.0,1.3106,0.1184,0.0,0.0,0.0,0.0,0.0,0.9733,0.0267,0.499,1.0,1121,3,Natural Fault,line_trip
0.0,135.673,25.818,1.0,6.0,0.0,0.0,0.0,6.0,0.0,0.0,1.3106,0.1184,0.0,0.0,0.0,0.0,0.0,0.0,1.0,-0.004,3.0,1121,4,Natural Fault,line_trip
0.0,135.228,25.835,1.0,6.0,0.0,0.0,0.0,6.0,0.0,0.0,1.3106,0.1184,0.0,0.0,0.0,0.0,0.0,0.9721,0.0279,0.223,1.0,1121,5,Natural Fault,line_trip
0.0,136.612,26.502,1.0,6.0,0.0,0.0,0.0,6.0,0.0,0.0,5.7077,0.5156,0.0,0.0,0.0,0.0,0.0,0.9782,0.0218,-1.018,1.0,1122,1,Natural Fault,line_trip
0.0,135.427,26.46,1.0,6.0,0.0,0.0,0.0,6.0,0.0,0.0,5.7077,0.5156,0.0,0.0,0.0,0.0,0.0,0.9716,0.0284,0.509,1.0,1122,2,Natural Fault,line_trip
0.0,134.873,26.561,1.0,6.0,0.0,0.0,0.0,6.0,0.0,0.0,5.7077,0.5156,0.0,0.0,0.0,0.0,0.0,0.9754,0.0246,0.51,1.0,1122,3,Natural Fault,line_trip
0.0,134.435,26.601,1.0,6.0,0.0,0.0,0.0,6.0,0.0,0.0,5.7077,0.5156,0.0,0.0,0.0,0.0,0.0,0.0,1.0,-0.011,3.0,1122,4,Natural Fault,line_trip
0.0,134.042,26.589,1.0,6.0,0.0,0.0,0.0,6.0,0.0,0.0,5.7077,0.5156,0.0,0.0,0.0,0.0,0.0,0.9687,0.0313,0.23,1.0,1122,5,Natural Fault,line_trip
0.0,134.623,28.263,1.0,6.0,0.0,0.0,0.0,6.0,0.0,0.0,2.7868,0.2517,0.0,0.0,0.0,0.0,0.0,0.9764,0.0236,-1.054,1.0,1123,1,Natural Fault,line_trip
0.0,133.367,28.173,1.0,6.0,0.0,0.0,0.0,6.0,0.0,0.0,2.7868,0.2517,0.0,0.0,0.0,0.0,0.0,0.9696,0.0304,0.53,1.0,1123,2,Natural Fault,line_trip
0.0,132.812,28.162,1.0,6.0,0.0,0.0,0.0,6.0,0.0,0.0,2.7868,0.2517,0.0,0.0,0.0,0.0,0.0,0.9715,0.0285,0.527,1.0,1123,3,Natural Fault,line_trip
0.0,132.37,28.161,1.0,6.0,0.0,0.0,0.0,6.0,0.0,0.0,2.7868,0.2517,0.0,0.0,0.0,0.0,0.0,0.0,1.0,0.006,3.0,1123,4,Natural Fault,line_trip
0.0,131.97,28.092,1.0,6.0,0.0,0.0,0.0,6.0,0.0,0.0,2.7868,0.2517,0.0,0.0,0.0,0.0,0.0,0.9706,0.0294,0.233,1.0,1123,5,Natural Fault,line_trip
0.0,199.368,140.099,1.0,6.0,0.0,0.0,0.0,6.0,0.0,0.0,1.9896,0.1797,0.0,0.0,0.0,0.0,0.0,0.9784,0.0216,-1.095,1.0,1124,1,Natural Fault,line_trip
0.0,197.995,140.05,1.0,6.0,0.0,0.0,0.0,6.0,0.0,0.0,1.9896,0.1797,0.0,0.0,0.0,0.0,0.0,0.9735,0.0265,0.547,1.0,1124,2,Natural Fault,line_trip
0.0,197.363,139.974,1.0,6.0,0.0,0.0,0.0,6.0,0.0,0.0,1.9896,0.1797,0.0,0.0,0.0,0.0,0.0,0.975,0.025,0.545,1.0,1124,3,Natural Fault,line_trip
0.0,196.838,139.824,1.0,6.0,0.0,0.0,0.0,6.0,0.0,0.0,1.9896,0.1797,0.0,0.0,0.0,0.0,0.0,0.0,1.0,0.003,3.0,1124,4,Natural Fault,line_trip
0.0,196.323,139.6,1.0,6.0,0.0,0.0,0.0,6.0,0.0,0.0,1.9896,0.1797,0.0,0.0,0.0,0.0,0.0,0.9678,0.0322,0.235,1.0,1124,5,Natural Fault,line_trip
0.0,256.892,137.605,1.0,6.0,0.0,0.0,0.0,6.0,0.0,0.0,1.5473,0.1398,0.0,0.0,0.0,0.0,0.0,0.9752,0.0248,-1.111,1.0,1125,1,Natural Fault,line_trip
0.0,255.503,137.666,1.0,6.0,0.0,0.0,0.0,6.0,0.0,0.0,1.5473,0.1398,0.0,0.0,0.0,0.0,0.0,0.9706,0.0294,0.559,1.0,1125,2,Natural Fault,line_trip
0.0,254.827,137.644,1.0,6.0,0.0,0.0,0.0,6.0,0.0,0.0,1.5473,0.1398,0.0,0.0,0.0,0.0,0.0,0.9723,0.0277,0.552,1.0,1125,3,Natural Fault,line_trip
0.0,254.23,137.533,1.0,6.0,0.0,0.0,0.0,6.0,0.0,0.0,1.5473,0.1398,0.0,0.0,0.0,0.0,0.0,0.0,1.0,0.005,3.0,1125,4,Natural Fault,line_trip
0.0,253.693,137.357,1.0,6.0,0.0,0.0,0.0,6.0,0.0,0.0,1.5473,0.1398,0.0,0.0,0.0,0.0,0.0,0.9672,0.0328,0.249,1.0,1125,5,Natural Fault,line_trip
0.0,255.265,138.778,1.0,6.0,0.0,0.0,0.0,6.0,0.0,0.0,5.3044,0.4791,0.0,0.0,0.0,0.0,0.0,0.971,0.029,-1.148,1.0,1126,1,Natural Fault,line_trip
0.0,254.005,138.72,1.0,6.0,0.0,0.0,0.0,6.0,0.0,0.0,5.3044,0.4791,0.0,0.0,0.0,0.0,0.0,0.9674,0.0326,0.579,1.0,1126,2,Natural Fault,line_trip
0.0,253.385,138.637,1.0,6.0,0.0,0.0,0.0,6.0,0.0,0.0,5.3044,0.4791,0.0,0.0,0.0,0.0,0.0,0.9703,0.0297,0.574,1.0,1126,3,Natural Fault,line_trip
0.0,252.802,138.502,1.0,6.0,0.0,0.0,0.0,6.0,0.0,0.0,5.3044,0.4791,0.0,0.0,0.0,0.0,0.0,0.0,1.0,-0.004,3.0,1126,4,Natural Fault,line_trip
0.0,252.195,138.368,1.0,6.0,0.0,0.0,0.0,6.0,0.0,0.0,5.3044,0.4791,0.0,0.0,0.0,0.0,0.0,0.9636,0.0364,0.255,1.0,1126,5,Natural Fault,line_trip
0.0,256.148,137.874,1.0,6.0,0.0,0.0,0.0,6.0,0.0,0.0,0.5693,0.0514,0.0,0.0,0.0,0.0,0.0,0.9703,0.0297,-1.384,1.0,1127,1,Normal,normal
0.0,254.915,137.788,1.0,6.0,0.0,0.0,0.0,6.0,0.0,0.0,0.5693,0.0514,0.0,0.0,0.0,0.0,0.0,0.9618,0.0382,0.587,1.0,1127,2,Normal,normal
0.0,254.312,137.687,1.0,6.0,0.0,0.0,0.0,6.0,0.0,0.0,0.5693,0.0514,0.0,0.0,0.0,0.0,0.0,0.9659,0.0341,0.595,1.0,1127,3,Normal,normal
0.0,253.763,137.517,1.0,6.0,0.0,0.0,0.0,6.0,0.0,0.0,0.5693,0.0514,0.0,0.0,0.0,0.0,0.0,0.9659,0.0341,0.207,1.0,1127,4,Normal,normal
0.0,253.182,137.357,1.0,6.0,0.0,0.0,0.0,6.0,0.0,0.0,0.5693,0.0514,0.0,0.0,0.0,0.0,0.0,0.9606,0.0394,0.257,1.0,1127,5,Normal,normal
0.0,171.017,68.521,1.0,6.0,0.0,0.0,0.0,6.0,0.0,0.0,1.9634,0.1774,0.0,0.0,0.0,0.0,0.0,0.966,0.034,-1.436,1.0,1128,1,Normal,normal
0.0,169.787,68.569,1.0,6.0,0.0,0.0,0.0,6.0,0.0,0.0,1.9634,0.1774,0.0,0.0,0.0,0.0,0.0,0.9606,0.0394,0.603,1.0,1128,2,Normal,normal
0.0,169.247,68.517,1.0,6.0,0.0,0.0,0.0,6.0,0.0,0.0,1.9634,0.1774,0.0,0.0,0.0,0.0,0.0,0.9668,0.0332,0.61,1.0,1128,3,Normal,normal
0.0,168.777,68.401,1.0,6.0,0.0,0.0,0.0,6.0,0.0,0.0,1.9634,0.1774,0.0,0.0,0.0,0.0,0.0,0.9648,0.0352,0.224,1.0,1128,4,Normal,normal
0.0,168.275,68.363,1.0,6.0,0.0,0.0,0.0,6.0,0.0,0.0,1.9634,0.1774,0.0,0.0,0.0,0.0,0.0,0.9609,0.0391,0.26,1.0,1128,5,Normal,normal
0.0,154.303,40.018,1.0,6.0,0.0,0.0,0.0,6.0,0.0,0.0,2.9633,0.2677,0.0,0.0,0.0,0.0,0.0,0.965,0.035,-1.472,1.0,1129,1,Normal,normal
0.0,152.852,39.738,1.0,6.0,0.0,0.0,0.0,6.0,0.0,0.0,2.9633,0.2677,0.0,0.0,0.0,0.0,0.0,0.9592,0.0408,0.626,1.0,1129,2,Normal,normal
0.0,152.203,39.515,1.0,6.0,0.0,0.0,0.0,6.0,0.0,0.0,2.9633,0.2677,0.0,0.0,0.0,0.0,0.0,0.9654,0.0346,0.627,1.0,1129,3,Normal,normal
0.0,151.617,39.239,1.0,6.0,0.0,0.0,0.0,6.0,0.0,0.0,2.9633,0.2677,0.0,0.0,0.0,0.0,0.0,0.9604,0.0396,0.225,1.0,1129,4,Normal,normal
0.0,150.922,38.884,1.0,6.0,0.0,0.0,0.0,6.0,0.0,0.0,2.9633,0.2677,0.0,0.0,0.0,0.0,0.0,0.9578,0.0422,0.268,1.0,1129,5,Normal,normal
0.0,240.31,123.167,1.0,6.0,0.0,0.0,0.0,6.0,0.0,0.0,0.3413,0.0308,0.0,0.0,0.0,0.0,0.0,0.9661,0.0339,-1.487,1.0,1130,1,Normal,normal
0.0,238.757,123.161,1.0,6.0,0.0,0.0,0.0,6.0,0.0,0.0,0.3413,0.0308,0.0,0.0,0.0,0.0,0.0,0.959,0.041,0.64,1.0,1130,2,Normal,normal
0.0,238.075,123.095,1.0,6.0,0.0,0.0,0.0,6.0,0.0,0.0,0.3413,0.0308,0.0,0.0,0.0,0.0,0.0,0.9614,0.0386,0.631,1.0,1130,3,Normal,normal
0.0,237.48,123.101,1.0,6.0,0.0,0.0,0.0,6.0,0.0,0.0,0.3413,0.0308,0.0,0.0,0.0,0.0,0.0,0.9645,0.0355,0.224,1.0,1130,4,Normal,normal
0.0,236.813,123.084,1.0,6.0,0.0,0.0,0.0,6.0,0.0,0.0,0.3413,0.0308,0.0,0.0,0.0,0.0,0.0,0.9584,0.0416,0.285,1.0,1130,5,Normal,normal
0.0,251.187,114.347,1.0,6.0,0.0,0.0,0.0,6.0,0.0,0.0,1.6612,0.1501,0.0,0.0,0.0,0.0,0.0,0.963,0.037,-1.525,1.0,1131,1,Normal,normal
0.0,249.638,114.364,1.0,6.0,0.0,0.0,0.0,6.0,0.0,0.0,1.6612,0.1501,0.0,0.0,0.0,0.0,0.0,0.9598,0.0402,0.641,1.0,1131,2,Normal,normal
0.0,248.933,114.327,1.0,6.0,0.0,0.0,0.0,6.0,0.0,0.0,1.6612,0.1501,0.0,0.0,0.0,0.0,0.0,0.9622,0.0378,0.647,1.0,1131,3,Normal,normal
0.0,248.343,114.353,1.0,6.0,0.0,0.0,0.0,6.0,0.0,0.0,1.6612,0.1501,0.0,0.0,0.0,0.0,0.0,0.9652,0.0348,0.234,1.0,1131,4,Normal,normal
0.0,247.665,114.376,1.0,6.0,0.0,0.0,0.0,6.0,0.0,0.0,1.6612,0.1501,0.0,0.0,0.0,0.0,0.0,0.9568,0.0432,0.29,1.0,1131,5,Normal,normal
0.0,371.003,135.176,1.0,6.0,0.0,0.0,0.0,6.0,0.0,0.0,1.1323,0.1023,0.0,0.0,0.0,0.0,0.0,0.9655,0.0345,-1.542,1.0,1132,1,Normal,normal
0.0,369.508,135.4,1.0,6.0,0.0,0.0,0.0,6.0,0.0,0.0,1.1323,0.1023,0.0,0.0,0.0,0.0,0.0,0.9575,0.0425,0.651,1.0,1132,2,Normal,normal
0.0,368.788,135.515,1.0,6.0,0.0,0.0,0.0,6.0,0.0,0.0,1.1323,0.1023,0.0,0.0,0.0,0.0,0.0,0.9625,0.0375,0.652,1.0,1132,3,Normal,normal
0.0,368.075,135.515,1.0,6.0,0.0,0.0,0.0,6.0,0.0,0.0,1.1323,0.1023,0.0,0.0,0.0,0.0,0.0,0.9651,0.0349,0.236,1.0,1132,4,Normal,normal
0.0,367.327,135.611,1.0,6.0,0.0,0.0,0.0,6.0,0.0,0.0,1.1323,0.1023,0.0,0.0,0.0,0.0,0.0,0.958,0.042,0.284,1.0,1132,5,Normal,normal
0.0,386.057,115.299,1.0,6.0,0.0,0.0,0.0,6.0,0.0,0.0,2.2102,0.1996,0.0,0.0,0.0,0.0,0.0,0.9664,0.0336,-1.554,1.0,1133,1,Normal,normal
0.0,384.633,115.332,1.0,6.0,0.0,0.0,0.0,6.0,0.0,0.0,2.2102,0.1996,0.0,0.0,0.0,0.0,0.0,0.9568,0.0432,0.657,1.0,1133,2,Normal,normal
0.0,384.005,115.363,1.0,6.0,0.0,0.0,0.0,6.0,0.0,0.0,2.2102,0.1996,0.0,0.0,0.0,0.0,0.0,0.9633,0.0367,0.665,1.0,1133,3,Normal,normal
0.0,383.315,115.186,1.0,6.0,0.0,0.0,0.0,6.0,0.0,0.0,2.2102,0.1996,0.0,0.0,0.0,0.0,0.0,0.9626,0.0374,0.231,1.0,1133,4,Normal,normal
0.0,382.733,115.06,1.0,6.0,0.0,0.0,0.0,6.0,0.0,0.0,2.2102,0.1996,0.0,0.0,0.0,0.0,0.0,0.96,0.04,0.287,1.0,1133,5,Normal,normal
0.0,355.705,137.593,1.0,6.0,0.0,0.0,0.0,6.0,0.0,0.0,1.8945,0.1711,0.0,0.0,0.0,0.0,0.0,0.9608,0.0392,-1.56,1.0,1134,1,Normal,normal
0.0,354.328,137.578,1.0,6.0,0.0,0.0,0.0,6.0,0.0,0.0,1.8945,0.1711,0.0,0.0,0.0,0.0,0.0,0.9565,0.0435,0.664,1.0,1134,2,Normal,normal
0.0,353.703,137.586,1.0,6.0,0.0,0.0,0.0,6.0,0.0,0.0,1.8945,0.1711,0.0,0.0,0.0,0.0,0.0,0.9606,0.0394,0.663,1.0,1134,3,Normal,normal
0.0,352.978,137.432,1.0,6.0,0.0,0.0,0.0,6.0,0.0,0.0,1.8945,0.1711,0.0,0.0,0.0,0.0,0.0,0.9593,0.0407,0.231,1.0,1134,4,Normal,normal
0.0,352.412,137.304,1.0,6.0,0.0,0.0,0.0,6.0,0.0,0.0,1.8945,0.1711,0.0,0.0,0.0,0.0,0.0,0.9549,0.0451,0.302,1.0,1134,5,Normal,normal
0.0,409.03,124.652,1.0,6.0,0.0,0.0,0.0,6.0,0.0,0.0,0.7596,0.0686,0.0,0.0,0.0,0.0,0.0,0.9647,0.0353,-1.555,1.0,1135,1,Normal,normal
0.0,407.528,124.572,1.0,6.0,0.0,0.0,0.0,6.0,0.0,0.0,0.7596,0.0686,0.0,0.0,0.0,0.0,0.0,0.9596,0.0404,0.661,1.0,1135,2,Normal,normal
0.0,406.898,124.6,1.0,6.0,0.0,0.0,0.0,6.0,0.0,0.0,0.7596,0.0686,0.0,0.0,0.0,0.0,0.0,0.958,0.042,0.661,1.0,1135,3,Normal,normal
0.0,406.265,124.713,1.0,6.0,0.0,0.0,0.0,6.0,0.0,0.0,0.7596,0.0686,0.0,0.0,0.0,0.0,0.0,0.9619,0.0381,0.235,1.0,1135,4,Normal,normal
0.0,405.813,124.77,1.0,6.0,0.0,0.0,0.0,6.0,0.0,0.0,0.7596,0.0686,0.0,0.0,0.0,0.0,0.0,0.956,0.044,0.289,1.0,1135,5,Normal,normal
0.0,372.33,128.218,1.0,6.0,0.0,0.0,0.0,6.0,0.0,0.0,0.7224,0.0653,0.0,0.0,0.0,0.0,0.0,0.9639,0.0361,-1.555,1.0,1136,1,Normal,normal
0.0,370.863,128.133,1.0,6.0,0.0,0.0,0.0,6.0,0.0,0.0,0.7224,0.0653,0.0,0.0,0.0,0.0,0.0,0.9572,0.0428,0.661,1.0,1136,2,Normal,normal
0.0,370.182,128.144,1.0,6.0,0.0,0.0,0.0,6.0,0.0,0.0,0.7224,0.0653,0.0,0.0,0.0,0.0,0.0,0.9613,0.0387,0.652,1.0,1136,3,Normal,normal
0.0,369.62,128.263,1.0,6.0,0.0,0.0,0.0,6.0,0.0,0.0,0.7224,0.0653,0.0,0.0,0.0,0.0,0.0,0.9604,0.0396,0.231,1.0,1136,4,Normal,normal
0.0,369.203,128.317,1.0,6.0,0.0,0.0,0.0,6.0,0.0,0.0,0.7224,0.0653,0.0,0.0,0.0,0.0,0.0,0.9547,0.0453,0.293,1.0,1136,5,Normal,normal
0.0,342.453,155.248,1.0,6.0,0.0,0.0,0.0,6.0,0.0,0.0,0.4777,0.0432,0.0,0.0,0.0,0.0,0.0,0.9649,0.0351,-1.536,1.0,1137,1,Normal,normal
0.0,340.903,155.234,1.0,6.0,0.0,0.0,0.0,6.0,0.0,0.0,0.4777,0.0432,0.0,0.0,0.0,0.0,0.0,0.9596,0.0404,0.653,1.0,1137,2,Normal,normal
0.0,340.208,155.27,1.0,6.0,0.0,0.0,0.0,6.0,0.0,0.0,0.4777,0.0432,0.0,0.0,0.0,0.0,0.0,0.9619,0.0381,0.647,1.0,1137,3,Normal,normal
0.0,339.735,155.303,1.0,6.0,0.0,0.0,0.0,6.0,0.0,0.0,0.4777,0.0432,0.0,0.0,0.0,0.0,0.0,0.9629,0.0371,0.236,1.0,1137,4,Normal,normal
0.0,339.333,155.349,1.0,6.0,0.0,0.0,0.0,6.0,0.0,0.0,0.4777,0.0432,0.0,0.0,0.0,0.0,0.0,0.9588,0.0412,0.283,1.0,1137,5,Normal,normal
0.0,274.028,128.924,1.0,6.0,0.0,0.0,0.0,6.0,0.0,0.0,0.5961,0.0538,0.0,0.0,0.0,0.0,0.0,0.9687,0.0313,-1.495,1.0,1138,1,Normal,normal
0.0,272.303,129.118,1.0,6.0,0.0,0.0,0.0,6.0,0.0,0.0,0.5961,0.0538,0.0,0.0,0.0,0.0,0.0,0.9611,0.0389,0.638,1.0,1138,2,Normal,normal
0.0,271.557,129.136,1.0,6.0,0.0,0.0,0.0,6.0,0.0,0.0,0.5961,0.0538,0.0,0.0,0.0,0.0,0.0,0.963,0.037,0.634,1.0,1138,3,Normal,normal
0.0,271.038,129.157,1.0,6.0,0.0,0.0,0.0,6.0,0.0,0.0,0.5961,0.0538,0.0,0.0,0.0,0.0,0.0,0.9627,0.0373,0.218,1.0,1138,4,Normal,normal
0.0,270.55,129.243,1.0,6.0,0.0,0.0,0.0,6.0,0.0,0.0,0.5961,0.0538,0.0,0.0,0.0,0.0,0.0,0.9588,0.0412,0.278,1.0,1138,5,Normal,normal
0.0,241.647,86.696,1.0,6.0,0.0,0.0,0.0,6.0,0.0,0.0,3.635,0.3284,0.0,0.0,0.0,0.0,0.0,0.9685,0.0315,-1.48,1.0,1139,1,Normal,normal
0.0,239.863,86.795,1.0,6.0,0.0,0.0,0.0,6.0,0.0,0.0,3.635,0.3284,0.0,0.0,0.0,0.0,0.0,0.9646,0.0354,0.623,1.0,1139,2,Normal,normal
0.0,239.02,86.678,1.0,6.0,0.0,0.0,0.0,6.0,0.0,0.0,3.635,0.3284,0.0,0.0,0.0,0.0,0.0,0.9604,0.0396,0.627,1.0,1139,3,Normal,normal
0.0,238.288,86.416,1.0,6.0,0.0,0.0,0.0,6.0,0.0,0.0,3.635,0.3284,0.0,0.0,0.0,0.0,0.0,0.9612,0.0388,0.227,1.0,1139,4,Normal,normal
0.0,237.632,86.288,1.0,6.0,0.0,0.0,0.0,6.0,0.0,0.0,3.635,0.3284,0.0,0.0,0.0,0.0,0.0,0.9602,0.0398,0.275,1.0,1139,5,Normal,normal
0.0,213.768,98.112,1.0,6.0,0.0,0.0,0.0,6.0,0.0,0.0,4.5602,0.4119,0.0,0.0,0.0,0.0,0.0,0.969,0.031,-1.431,1.0,1140,1,Normal,normal
0.0,212.292,98.004,1.0,6.0,0.0,0.0,0.0,6.0,0.0,0.0,4.5602,0.4119,0.0,0.0,0.0,0.0,0.0,0.965,0.035,0.614,1.0,1140,2,Normal,normal
0.0,211.568,97.8,1.0,6.0,0.0,0.0,0.0,6.0,0.0,0.0,4.5602,0.4119,0.0,0.0,0.0,0.0,0.0,0.9622,0.0378,0.612,1.0,1140,3,Normal,normal
0.0,210.945,97.451,1.0,6.0,0.0,0.0,0.0,6.0,0.0,0.0,4.5602,0.4119,0.0,0.0,0.0,0.0,0.0,0.9623,0.0377,0.214,1.0,1140,4,Normal,normal
0.0,210.277,97.254,1.0,6.0,0.0,0.0,0.0,6.0,0.0,0.0,4.5602,0.4119,0.0,0.0,0.0,0.0,0.0,0.9549,0.0451,0.267,1.0,1140,5,Normal,normal
0.0,211.107,100.576,1.0,6.0,0.0,0.0,0.0,6.0,0.0,0.0,2.4552,0.2218,0.0,0.0,0.0,0.0,0.0,0.9653,0.0347,-1.409,1.0,1141,1,Normal,normal
0.0,209.57,100.514,1.0,6.0,0.0,0.0,0.0,6.0,0.0,0.0,2.4552,0.2218,0.0,0.0,0.0,0.0,0.0,0.9654,0.0346,0.596,1.0,1141,2,Normal,normal
0.0,208.877,100.282,1.0,6.0,0.0,0.0,0.0,6.0,0.0,0.0,2.4552,0.2218,0.0,0.0,0.0,0.0,0.0,0.9627,0.0373,0.6,1.0,1141,3,Normal,normal
0.0,208.282,99.906,1.0,6.0,0.0,0.0,0.0,6.0,0.0,0.0,2.4552,0.2218,0.0,0.0,0.0,0.0,0.0,0.9652,0.0348,0.211,1.0,1141,4,Normal,normal
0.0,207.633,99.687,1.0,6.0,0.0,0.0,0.0,6.0,0.0,0.0,2.4552,0.2218,0.0,0.0,0.0,0.0,0.0,0.9591,0.0409,0.259,1.0,1141,5,Normal,normal
0.0,180.767,81.743,1.0,6.0,0.0,0.0,0.0,6.0,0.0,0.0,1.8732,0.1692,0.0,0.0,0.0,0.0,0.0,0.9704,0.0296,-1.359,1.0,1142,1,Normal,normal
0.0,179.402,81.54,1.0,6.0,0.0,0.0,0.0,6.0,0.0,0.0,1.8732,0.1692,0.0,0.0,0.0,0.0,0.0,0.9629,0.0371,0.582,1.0,1142,2,Normal,normal
0.0,178.773,81.407,1.0,6.0,0.0,0.0,0.0,6.0,0.0,0.0,1.8732,0.1692,0.0,0.0,0.0,0.0,0.0,0.968,0.032,0.574,1.0,1142,3,Normal,normal
0.0,178.218,81.192,1.0,6.0,0.0,0.0,0.0,6.0,0.0,0.0,1.8732,0.1692,0.0,0.0,0.0,0.0,0.0,0.967,0.033,0.212,1.0,1142,4,Normal,normal
0.0,177.36,81.328,1.0,6.0,0.0,0.0,0.0,6.0,0.0,0.0,1.8732,0.1692,0.0,0.0,0.0,0.0,0.0,0.9588,0.0412,0.244,1.0,1142,5,Normal,normal
0.0,144.798,41.64,1.0,6.0,0.0,0.0,0.0,6.0,0.0,0.0,2.1579,0.1949,0.0,0.0,0.0,0.0,0.0,0.9711,0.0289,-1.325,1.0,1143,1,Normal,normal
0.0,143.472,41.321,1.0,6.0,0.0,0.0,0.0,6.0,0.0,0.0,2.1579,0.1949,0.0,0.0,0.0,0.0,0.0,0.9612,0.0388,0.562,1.0,1143,2,Normal,normal
0.0,142.842,41.13,1.0,6.0,0.0,0.0,0.0,6.0,0.0,0.0,2.1579,0.1949,0.0,0.0,0.0,0.0,0.0,0.9676,0.0324,0.559,1.0,1143,3,Normal,normal
0.0,142.34,40.874,1.0,6.0,0.0,0.0,0.0,6.0,0.0,0.0,2.1579,0.1949,0.0,0.0,0.0,0.0,0.0,0.9652,0.0348,0.207,1.0,1143,4,Normal,normal
0.0,141.522,40.95,1.0,6.0,0.0,0.0,0.0,6.0,0.0,0.0,2.1579,0.1949,0.0,0.0,0.0,0.0,0.0,0.9614,0.0386,0.249,1.0,1143,5,Normal,normal
0.0,149.007,43.579,1.0,6.0,0.0,0.0,0.0,6.0,0.0,0.0,0.6934,0.0626,0.0,0.0,0.0,0.0,0.0,0.9724,0.0276,-1.267,1.0,1144,1,Normal,normal
0.0,147.532,43.252,1.0,6.0,0.0,0.0,0.0,6.0,0.0,0.0,0.6934,0.0626,0.0,0.0,0.0,0.0,0.0,0.9677,0.0323,0.54,1.0,1144,2,Normal,normal
0.0,146.852,43.119,1.0,6.0,0.0,0.0,0.0,6.0,0.0,0.0,0.6934,0.0626,0.0,0.0,0.0,0.0,0.0,0.9662,0.0338,0.537,1.0,1144,3,Normal,normal
0.0,146.278,42.89,1.0,6.0,0.0,0.0,0.0,6.0,0.0,0.0,0.6934,0.0626,0.0,0.0,0.0,0.0,0.0,0.969,0.031,0.194,1.0,1144,4,Normal,normal
0.0,145.457,43.086,1.0,6.0,0.0,0.0,0.0,6.0,0.0,0.0,0.6934,0.0626,0.0,0.0,0.0,0.0,0.0,0.9637,0.0363,0.231,1.0,1144,5,Normal,normal
0.0,149.112,43.492,1.0,6.0,0.0,0.0,0.0,6.0,0.0,0.0,1.1776,0.1064,0.0,0.0,0.0,0.0,0.0,0.9735,0.0265,-1.242,1.0,1145,1,Normal,normal
0.0,147.61,43.186,1.0,6.0,0.0,0.0,0.0,6.0,0.0,0.0,1.1776,0.1064,0.0,0.0,0.0,0.0,0.0,0.9681,0.0319,0.525,1.0,1145,2,Normal,normal
0.0,146.905,43.074,1.0,6.0,0.0,0.0,0.0,6.0,0.0,0.0,1.1776,0.1064,0.0,0.0,0.0,0.0,0.0,0.967,0.033,0.531,1.0,1145,3,Normal,normal
0.0,146.307,42.866,1.0,6.0,0.0,0.0,0.0,6.0,0.0,0.0,1.1776,0.1064,0.0,0.0,0.0,0.0,0.0,0.9682,0.0318,0.187,1.0,1145,4,Normal,normal
0.0,145.478,43.069,1.0,6.0,0.0,0.0,0.0,6.0,0.0,0.0,1.1776,0.1064,0.0,0.0,0.0,0.0,0.0,0.9666,0.0334,0.224,1.0,1145,5,Normal,normal
0.0,149.317,38.921,1.0,6.0,0.0,0.0,0.0,6.0,0.0,0.0,1.0703,0.0967,0.0,0.0,0.0,0.0,0.0,0.9726,0.0274,-1.183,1.0,1146,1,Normal,normal
0.0,147.955,38.915,1.0,6.0,0.0,0.0,0.0,6.0,0.0,0.0,1.0703,0.0967,0.0,0.0,0.0,0.0,0.0,0.9669,0.0331,0.505,1.0,1146,2,Normal,normal
0.0,147.343,38.979,1.0,6.0,0.0,0.0,0.0,6.0,0.0,0.0,1.0703,0.0967,0.0,0.0,0.0,0.0,0.0,0.9697,0.0303,0.501,1.0,1146,3,Normal,normal
0.0,145.923,39.585,1.0,6.0,0.0,0.0,0.0,6.0,0.0,0.0,1.0703,0.0967,0.0,0.0,0.0,0.0,0.0,0.9709,0.0291,0.182,1.0,1146,4,Normal,normal
0.0,145.34,39.694,1.0,6.0,0.0,0.0,0.0,6.0,0.0,0.0,1.0703,0.0967,0.0,0.0,0.0,0.0,0.0,0.9636,0.0364,0.219,1.0,1146,5,Normal,normal
0.0,150.283,38.34,1.0,6.0,0.0,0.0,0.0,6.0,0.0,0.0,2.0868,0.1885,0.0,0.0,0.0,0.0,0.0,0.9161,0.0839,-3.705,1.0,1147,1,Natural Fault,short_circuit
0.0,148.797,38.405,1.0,6.0,0.0,0.0,0.0,6.0,0.0,0.0,2.0868,0.1885,0.0,0.0,0.0,0.0,0.0,0.8837,0.1163,3.035,1.0,1147,2,Natural Fault,short_circuit
0.0,148.175,38.472,1.0,6.0,0.0,0.0,0.0,6.0,0.0,0.0,2.0868,0.1885,0.0,0.0,0.0,0.0,0.0,0.9125,0.0875,0.494,1.0,1147,3,Natural Fault,short_circuit
0.0,146.757,39.106,1.0,6.0,0.0,0.0,0.0,6.0,0.0,0.0,2.0868,0.1885,0.0,0.0,0.0,0.0,0.0,0.91,0.09,0.179,1.0,1147,4,Natural Fault,short_circuit
0.0,146.167,39.224,1.0,6.0,0.0,0.0,0.0,6.0,0.0,0.0,2.0868,0.1885,0.0,0.0,0.0,0.0,0.0,0.8587,0.1413,2.687,1.0,1147,5,Natural Fault,short_circuit
0.0,153.715,44.626,1.0,6.0,0.0,0.0,0.0,6.0,0.0,0.0,4.3518,0.3931,0.0,0.0,0.0,0.0,0.0,0.9135,0.0865,-3.651,1.0,1148,1,Natural Fault,short_circuit
0.0,152.088,44.575,1.0,6.0,0.0,0.0,0.0,6.0,0.0,0.0,4.3518,0.3931,0.0,0.0,0.0,0.0,0.0,0.8902,0.1098,3.013,1.0,1148,2,Natural Fault,short_circuit
0.0,151.362,44.539,1.0,6.0,0.0,0.0,0.0,6.0,0.0,0.0,4.3518,0.3931,0.0,0.0,0.0,0.0,0.0,0.9146,0.0854,0.465,1.0,1148,3,Natural Fault,short_circuit
0.0,149.738,45.155,1.0,6.0,0.0,0.0,0.0,6.0,0.0,0.0,4.3518,0.3931,0.0,0.0,0.0,0.0,0.0,0.9121,0.0879,0.166,1.0,1148,4,Natural Fault,short_circuit
0.0,148.975,45.206,1.0,6.0,0.0,0.0,0.0,6.0,0.0,0.0,4.3518,0.3931,0.0,0.0,0.0,0.0,0.0,0.8665,0.1335,2.682,1.0,1148,5,Natural Fault,short_circuit
0.0,163.572,40.951,1.0,6.0,0.0,0.0,0.0,6.0,0.0,0.0,0.9698,0.0876,0.0,0.0,0.0,0.0,0.0,0.917,0.083,-3.611,1.0,1149,1,Natural Fault,short_circuit
0.0,161.885,40.928,1.0,6.0,0.0,0.0,0.0,6.0,0.0,0.0,0.9698,0.0876,0.0,0.0,0.0,0.0,0.0,0.8875,0.1125,2.995,1.0,1149,2,Natural Fault,short_circuit
0.0,161.162,40.937,1.0,6.0,0.0,0.0,0.0,6.0,0.0,0.0,0.9698,0.0876,0.0,0.0,0.0,0.0,0.0,0.9128,0.0872,0.45,1.0,1149,3,Natural Fault,short_circuit
0.0,159.523,41.906,1.0,6.0,0.0,0.0,0.0,6.0,0.0,0.0,0.9698,0.0876,0.0,0.0,0.0,0.0,0.0,0.9152,0.0848,0.159,1.0,1149,4,Natural Fault,short_circuit
0.0,158.733,42.06,1.0,6.0,0.0,0.0,0.0,6.0,0.0,0.0,0.9698,0.0876,0.0,0.0,0.0,0.0,0.0,0.8676,0.1324,2.668,1.0,1149,5,Natural Fault,short_circuit
0.0,221.88,91.796,1.0,6.0,0.0,0.0,0.0,6.0,0.0,0.0,0.7394,0.0668,0.0,0.0,0.0,0.0,0.0,0.9194,0.0806,-3.585,1.0,1150,1,Natural Fault,short_circuit
0.0,220.032,91.827,1.0,6.0,0.0,0.0,0.0,6.0,0.0,0.0,0.7394,0.0668,0.0,0.0,0.0,0.0,0.0,0.8865,0.1135,2.992,1.0,1150,2,Natural Fault,short_circuit
0.0,219.222,91.775,1.0,6.0,0.0,0.0,0.0,6.0,0.0,0.0,0.7394,0.0668,0.0,0.0,0.0,0.0,0.0,0.9145,0.0855,0.434,1.0,1150,3,Natural Fault,short_circuit
0.0,218.395,91.705,1.0,6.0,0.0,0.0,0.0,6.0,0.0,0.0,0.7394,0.0668,0.0,0.0,0.0,0.0,0.0,0.915,0.085,0.164,1.0,1150,4,Natural Fault,short_circuit
0.0,217.693,91.763,1.0,6.0,0.0,0.0,0.0,6.0,0.0,0.0,0.7394,0.0668,0.0,0.0,0.0,0.0,0.0,0.8655,0.1345,2.668,1.0,1150,5,Natural Fault,short_circuit
0.0,217.582,93.941,1.0,6.0,0.0,0.0,0.0,6.0,0.0,0.0,0.6375,0.0576,0.0,0.0,0.0,0.0,0.0,0.9793,0.0207,-0.995,1.0,1151,1,Natural Fault,short_circuit
0.0,215.923,93.84,1.0,6.0,0.0,0.0,0.0,6.0,0.0,0.0,0.6375,0.0576,0.0,0.0,0.0,0.0,0.0,0.9752,0.0248,0.418,1.0,1151,2,Natural Fault,short_circuit
0.0,215.127,93.743,1.0,6.0,0.0,0.0,0.0,6.0,0.0,0.0,0.6375,0.0576,0.0,0.0,0.0,0.0,0.0,0.9775,0.0225,0.419,1.0,1151,3,Natural Fault,short_circuit
0.0,214.328,93.665,1.0,6.0,0.0,0.0,0.0,6.0,0.0,0.0,0.6375,0.0576,0.0,0.0,0.0,0.0,0.0,0.9779,0.0221,0.151,1.0,1151,4,Natural Fault,short_circuit
0.0,213.692,93.706,1.0,6.0,0.0,0.0,0.0,6.0,0.0,0.0,0.6375,0.0576,0.0,0.0,0.0,0.0,0.0,0.9717,0.0283,0.187,1.0,1151,5,Natural Fault,short_circuit
0.0,218.278,93.237,1.0,6.0,0.0,0.0,0.0,6.0,0.0,0.0,0.7194,0.065,0.0,0.0,0.0,0.0,0.0,0.9785,0.0215,-0.986,1.0,1152,1,Natural Fault,short_circuit
0.0,216.667,93.089,1.0,6.0,0.0,0.0,0.0,6.0,0.0,0.0,0.7194,0.065,0.0,0.0,0.0,0.0,0.0,0.9747,0.0253,0.425,1.0,1152,2,Natural Fault,short_circuit
0.0,215.863,92.997,1.0,6.0,0.0,0.0,0.0,6.0,0.0,0.0,0.7194,0.065,0.0,0.0,0.0,0.0,0.0,0.9749,0.0251,0.418,1.0,1152,3,Natural Fault,short_circuit
0.0,215.157,92.823,1.0,6.0,0.0,0.0,0.0,6.0,0.0,0.0,0.7194,0.065,0.0,0.0,0.0,0.0,0.0,0.9742,0.0258,0.15,1.0,1152,4,Natural Fault,short_circuit
0.0,214.572,92.807,1.0,6.0,0.0,0.0,0.0,6.0,0.0,0.0,0.7194,0.065,0.0,0.0,0.0,0.0,0.0,0.972,0.028,0.187,1.0,1152,5,Natural Fault,short_circuit
0.0,189.265,76.269,1.0,6.0,0.0,0.0,0.0,6.0,0.0,0.0,1.0116,0.0914,0.0,0.0,0.0,0.0,0.0,0.9791,0.0209,-0.956,1.0,1153,1,Natural Fault,short_circuit
0.0,187.758,76.327,1.0,6.0,0.0,0.0,0.0,6.0,0.0,0.0,1.0116,0.0914,0.0,0.0,0.0,0.0,0.0,0.9758,0.0242,0.406,1.0,1153,2,Natural Fault,short_circuit
0.0,186.882,76.415,1.0,6.0,0.0,0.0,0.0,6.0,0.0,0.0,1.0116,0.0914,0.0,0.0,0.0,0.0,0.0,0.9751,0.0249,0.4,1.0,1153,3,Natural Fault,short_circuit
0.0,186.283,76.502,1.0,6.0,0.0,0.0,0.0,6.0,0.0,0.0,1.0116,0.0914,0.0,0.0,0.0,0.0,0.0,0.9778,0.0222,0.14,1.0,1153,4,Natural Fault,short_circuit
0.0,185.66,76.555,1.0,6.0,0.0,0.0,0.0,6.0,0.0,0.0,1.0116,0.0914,0.0,0.0,0.0,0.0,0.0,0.9708,0.0292,0.182,1.0,1153,5,Natural Fault,short_circuit
0.0,158.615,40.888,1.0,6.0,0.0,0.0,0.0,6.0,0.0,0.0,6.4964,0.5868,0.0,0.0,0.0,0.0,0.0,0.9865,0.0135,-0.541,1.0,1154,1,Natural Fault,line_trip
0.0,157.062,40.694,1.0,6.0,0.0,0.0,0.0,6.0,0.0,0.0,6.4964,0.5868,0.0,0.0,0.0,0.0,0.0,0.0,1.0,-0.005,3.0,1154,2,Natural Fault,line_trip
0.0,156.173,40.525,1.0,6.0,0.0,0.0,0.0,6.0,0.0,0.0,6.4964,0.5868,0.0,0.0,0.0,0.0,0.0,0.9841,0.0159,0.401,1.0,1154,3,Natural Fault,line_trip
0.0,155.565,40.479,1.0,6.0,0.0,0.0,0.0,6.0,0.0,0.0,6.4964,0.5868,0.0,0.0,0.0,0.0,0.0,0.9875,0.0125,0.143,1.0,1154,4,Natural Fault,line_trip
0.0,154.928,40.375,1.0,6.0,0.0,0.0,0.0,6.0,0.0,0.0,6.4964,0.5868,0.0,0.0,0.0,0.0,0.0,0.0,1.0,-0.004,3.0,1154,5,Natural Fault,line_trip
0.0,208.555,83.912,1.0,6.0,0.0,0.0,0.0,6.0,0.0,0.0,5.269,0.4759,0.0,0.0,0.0,0.0,0.0,0.9896,0.0104,-0.54,1.0,1155,1,Natural Fault,line_trip
0.0,207.015,83.941,1.0,6.0,0.0,0.0,0.0,6.0,0.0,0.0,5.269,0.4759,0.0,0.0,0.0,0.0,0.0,0.0,1.0,-0.006,3.0,1155,2,Natural Fault,line_trip
0.0,205.993,83.662,1.0,6.0,0.0,0.0,0.0,6.0,0.0,0.0,5.269,0.4759,0.0,0.0,0.0,0.0,0.0,0.9855,0.0145,0.404,1.0,1155,3,Natural Fault,line_trip
0.0,205.325,83.541,1.0,6.0,0.0,0.0,0.0,6.0,0.0,0.0,5.269,0.4759,0.0,0.0,0.0,0.0,0.0,0.9857,0.0143,0.143,1.0,1155,4,Natural Fault,line_trip
0.0,204.632,83.465,1.0,6.0,0.0,0.0,0.0,6.0,0.0,0.0,5.269,0.4759,0.0,0.0,0.0,0.0,0.0,0.0,1.0,0.003,3.0,1155,5,Natural Fault,line_trip
0.0,208.978,84.186,1.0,6.0,0.0,0.0,0.0,6.0,0.0,0.0,1.565,0.1414,0.0,0.0,0.0,0.0,0.0,0.9864,0.0136,-0.545,1.0,1156,1,Natural Fault,line_trip
0.0,207.362,84.279,1.0,6.0,0.0,0.0,0.0,6.0,0.0,0.0,1.565,0.1414,0.0,0.0,0.0,0.0,0.0,0.0,1.0,0.001,3.0,1156,2,Natural Fault,line_trip
0.0,206.297,84.036,1.0,6.0,0.0,0.0,0.0,6.0,0.0,0.0,1.565,0.1414,0.0,0.0,0.0,0.0,0.0,0.9841,0.0159,0.393,1.0,1156,3,Natural Fault,line_trip
0.0,205.51,83.917,1.0,6.0,0.0,0.0,0.0,6.0,0.0,0.0,1.565,0.1414,0.0,0.0,0.0,0.0,0.0,0.9881,0.0119,0.142,1.0,1156,4,Natural Fault,line_trip
0.0,204.823,83.822,1.0,6.0,0.0,0.0,0.0,6.0,0.0,0.0,1.565,0.1414,0.0,0.0,0.0,0.0,0.0,0.0,1.0,-0.001,3.0,1156,5,Natural Fault,line_trip
0.0,211.647,81.853,1.0,6.0,0.0,0.0,0.0,6.0,0.0,0.0,2.1939,0.1982,0.0,0.0,0.0,0.0,0.0,0.9858,0.0142,-0.537,1.0,1157,1,Natural Fault,line_trip
0.0,209.888,82.064,1.0,6.0,0.0,0.0,0.0,6.0,0.0,0.0,2.1939,0.1982,0.0,0.0,0.0,0.0,0.0,0.0,1.0,0.0,3.0,1157,2,Natural Fault,line_trip
0.0,208.853,81.788,1.0,6.0,0.0,0.0,0.0,6.0,0.0,0.0,2.1939,0.1982,0.0,0.0,0.0,0.0,0.0,0.9846,0.0154,0.397,1.0,1157,3,Natural Fault,line_trip
0.0,208.078,81.66,1.0,6.0,0.0,0.0,0.0,6.0,0.0,0.0,2.1939,0.1982,0.0,0.0,0.0,0.0,0.0,0.9845,0.0155,0.141,1.0,1157,4,Natural Fault,line_trip
0.0,207.417,81.545,1.0,6.0,0.0,0.0,0.0,6.0,0.0,0.0,2.1939,0.1982,0.0,0.0,0.0,0.0,0.0,0.0,1.0,-0.004,3.0,1157,5,Natural Fault,line_trip
0.0,243.292,88.112,1.0,6.0,0.0,0.0,0.0,6.0,0.0,0.0,12.6982,1.147,1.0,0.0,0.0,0.0,1.0,0.9876,0.0124,-0.541,1.0,1158,1,Natural Fault,line_trip
0.0,241.485,88.386,1.0,6.0,0.0,0.0,0.0,6.0,0.0,0.0,12.6982,1.147,1.0,0.0,0.0,0.0,1.0,0.0,1.0,0.008,3.0,1158,2,Natural Fault,line_trip
0.0,240.632,88.559,1.0,6.0,0.0,0.0,0.0,6.0,0.0,0.0,12.6982,1.147,1.0,0.0,0.0,0.0,1.0,0.9838,0.0162,0.402,1.0,1158,3,Natural Fault,line_trip
0.0,239.832,88.562,1.0,6.0,0.0,0.0,0.0,6.0,0.0,0.0,12.6982,1.147,1.0,0.0,0.0,0.0,1.0,0.9897,0.0103,0.144,1.0,1158,4,Natural Fault,line_trip
0.0,239.193,88.573,1.0,6.0,0.0,0.0,0.0,6.0,0.0,0.0,12.6982,1.147,1.0,0.0,0.0,0.0,1.0,0.0,1.0,-0.01,3.0,1158,5,Natural Fault,line_trip
0.0,219.18,97.056,1.0,6.0,0.0,0.0,0.0,6.0,0.0,0.0,1.565,0.1414,0.0,0.0,0.0,0.0,0.0,0.9869,0.0131,-0.54,1.0,1159,1,Natural Fault,line_trip
0.0,217.498,97.246,1.0,6.0,0.0,0.0,0.0,6.0,0.0,0.0,1.565,0.1414,0.0,0.0,0.0,0.0,0.0,0.0,1.0,-0.001,3.0,1159,2,Natural Fault,line_trip
0.0,216.66,97.392,1.0,6.0,0.0,0.0,0.0,6.0,0.0,0.0,1.565,0.1414,0.0,0.0,0.0,0.0,0.0,0.9855,0.0145,0.402,1.0,1159,3,Natural Fault,line_trip
0.0,215.685,97.587,1.0,6.0,0.0,0.0,0.0,6.0,0.0,0.0,1.565,0.1414,0.0,0.0,0.0,0.0,0.0,0.9841,0.0159,0.14,1.0,1159,4,Natural Fault,line_trip
0.0,215.0,97.655,1.0,6.0,0.0,0.0,0.0,6.0,0.0,0.0,1.565,0.1414,0.0,0.0,0.0,0.0,0.0,0.0,1.0,-0.001,3.0,1159,5,Natural Fault,line_trip
0.0,218.828,97.401,1.0,6.0,0.0,0.0,0.0,6.0,0.0,0.0,3.1951,0.2886,0.0,0.0,0.0,0.0,0.0,0.9898,0.0102,-0.553,1.0,1160,1,Natural Fault,line_trip
0.0,217.19,97.549,1.0,6.0,0.0,0.0,0.0,6.0,0.0,0.0,3.1951,0.2886,0.0,0.0,0.0,0.0,0.0,0.0,1.0,0.0,3.0,1160,2,Natural Fault,line_trip
0.0,216.407,97.641,1.0,6.0,0.0,0.0,0.0,6.0,0.0,0.0,3.1951,0.2886,0.0,0.0,0.0,0.0,0.0,0.9848,0.0152,0.405,1.0,1160,3,Natural Fault,line_trip
0.0,215.458,97.809,1.0,6.0,0.0,0.0,0.0,6.0,0.0,0.0,3.1951,0.2886,0.0,0.0,0.0,0.0,0.0,0.9856,0.0144,0.146,1.0,1160,4,Natural Fault,line_trip
0.0,214.825,97.826,1.0,6.0,0.0,0.0,0.0,6.0,0.0,0.0,3.1951,0.2886,0.0,0.0,0.0,0.0,0.0,0.0,1.0,-0.003,3.0,1160,5,Natural Fault,line_trip
0.0,243.675,93.728,1.0,6.0,0.0,0.0,0.0,6.0,0.0,0.0,4.8656,0.4395,0.0,0.0,0.0,0.0,0.0,0.9915,0.0085,-0.554,1.0,1161,1,Natural Fault,line_trip
0.0,242.255,93.815,1.0,6.0,0.0,0.0,0.0,6.0,0.0,0.0,4.8656,0.4395,0.0,0.0,0.0,0.0,0.0,0.0,1.0,0.007,3.0,1161,2,Natural Fault,line_trip
0.0,241.55,93.925,1.0,6.0,0.0,0.0,0.0,6.0,0.0,0.0,4.8656,0.4395,0.0,0.0,0.0,0.0,0.0,0.9852,0.0148,0.413,1.0,1161,3,Natural Fault,line_trip
0.0,240.727,94.313,1.0,6.0,0.0,0.0,0.0,6.0,0.0,0.0,4.8656,0.4395,0.0,0.0,0.0,0.0,0.0,0.9854,0.0146,0.148,1.0,1161,4,Natural Fault,line_trip
0.0,240.143,94.427,1.0,6.0,0.0,0.0,0.0,6.0,0.0,0.0,4.8656,0.4395,0.0,0.0,0.0,0.0,0.0,0.0,1.0,0.0,3.0,1161,5,Natural Fault,line_trip
0.0,203.427,90.644,1.0,6.0,0.0,0.0,0.0,6.0,0.0,0.0,0.8285,0.0748,0.0,0.0,0.0,0.0,0.0,0.9892,0.0108,-0.558,1.0,1162,1,Natural Fault,line_trip
0.0,201.853,90.724,1.0,6.0,0.0,0.0,0.0,6.0,0.0,0.0,0.8285,0.0748,0.0,0.0,0.0,0.0,0.0,0.0,1.0,-0.001,3.0,1162,2,Natural Fault,line_trip
0.0,201.0,90.813,1.0,6.0,0.0,0.0,0.0,6.0,0.0,0.0,0.8285,0.0748,0.0,0.0,0.0,0.0,0.0,0.9846,0.0154,0.416,1.0,1162,3,Natural Fault,line_trip
0.0,200.158,91.147,1.0,6.0,0.0,0.0,0.0,6.0,0.0,0.0,0.8285,0.0748,0.0,0.0,0.0,0.0,0.0,0.9851,0.0149,0.141,1.0,1162,4,Natural Fault,line_trip
0.0,199.55,91.246,1.0,6.0,0.0,0.0,0.0,6.0,0.0,0.0,0.8285,0.0748,0.0,0.0,0.0,0.0,0.0,0.0,1.0,-0.003,3.0,1162,5,Natural Fault,line_trip
0.0,206.645,88.086,1.0,6.0,0.0,0.0,0.0,6.0,0.0,0.0,1.4938,0.1349,0.0,0.0,0.0,0.0,0.0,0.9802,0.0198,-0.982,1.0,1163,1,Normal,normal
0.0,205.033,88.196,1.0,6.0,0.0,0.0,0.0,6.0,0.0,0.0,1.4938,0.1349,0.0,0.0,0.0,0.0,0.0,0.973,0.027,0.422,1.0,1163,2,Normal,normal
0.0,204.192,88.276,1.0,6.0,0.0,0.0,0.0,6.0,0.0,0.0,1.4938,0.1349,0.0,0.0,0.0,0.0,0.0,0.9732,0.0268,0.421,1.0,1163,3,Normal,normal
0.0,203.547,88.431,1.0,6.0,0.0,0.0,0.0,6.0,0.0,0.0,1.4938,0.1349,0.0,0.0,0.0,0.0,0.0,0.9756,0.0244,0.151,1.0,1163,4,Normal,normal
0.0,202.993,88.475,1.0,6.0,0.0,0.0,0.0,6.0,0.0,0.0,1.4938,0.1349,0.0,0.0,0.0,0.0,0.0,0.9703,0.0297,0.182,1.0,1163,5,Normal,normal
0.0,252.678,100.088,1.0,6.0,0.0,0.0,0.0,6.0,0.0,0.0,1.7325,0.1565,0.0,0.0,0.0,0.0,0.0,0.9751,0.0249,-0.995,1.0,1164,1,Normal,normal
0.0,251.063,100.194,1.0,6.0,0.0,0.0,0.0,6.0,0.0,0.0,1.7325,0.1565,0.0,0.0,0.0,0.0,0.0,0.9762,0.0238,0.42,1.0,1164,2,Normal,normal
0.0,250.258,100.326,1.0,6.0,0.0,0.0,0.0,6.0,0.0,0.0,1.7325,0.1565,0.0,0.0,0.0,0.0,0.0,0.9745,0.0255,0.419,1.0,1164,3,Normal,normal
0.0,249.642,100.493,1.0,6.0,0.0,0.0,0.0,6.0,0.0,0.0,1.7325,0.1565,0.0,0.0,0.0,0.0,0.0,0.9754,0.0246,0.14,1.0,1164,4,Normal,normal
0.0,249.023,100.532,1.0,6.0,0.0,0.0,0.0,6.0,0.0,0.0,1.7325,0.1565,0.0,0.0,0.0,0.0,0.0,0.9726,0.0274,0.185,1.0,1164,5,Normal,normal
0.0,218.973,100.85,1.0,6.0,0.0,0.0,0.0,6.0,0.0,0.0,2.4112,0.2178,0.0,0.0,0.0,0.0,0.0,0.9796,0.0204,-1.005,1.0,1165,1,Normal,normal
0.0,217.237,101.006,1.0,6.0,0.0,0.0,0.0,6.0,0.0,0.0,2.4112,0.2178,0.0,0.0,0.0,0.0,0.0,0.9773,0.0227,0.427,1.0,1165,2,Normal,normal
0.0,216.38,101.118,1.0,6.0,0.0,0.0,0.0,6.0,0.0,0.0,2.4112,0.2178,0.0,0.0,0.0,0.0,0.0,0.9768,0.0232,0.427,1.0,1165,3,Normal,normal
0.0,215.598,101.314,1.0,6.0,0.0,0.0,0.0,6.0,0.0,0.0,2.4112,0.2178,0.0,0.0,0.0,0.0,0.0,0.9748,0.0252,0.146,1.0,1165,4,Normal,normal
0.0,214.8,101.449,1.0,6.0,0.0,0.0,0.0,6.0,0.0,0.0,2.4112,0.2178,0.0,0.0,0.0,0.0,0.0,0.9767,0.0233,0.188,1.0,1165,5,Normal,normal
0.0,223.587,96.773,1.0,6.0,0.0,0.0,0.0,6.0,0.0,0.0,0.2124,0.0192,0.0,0.0,0.0,0.0,0.0,0.9775,0.0225,-1.003,1.0,1166,1,Normal,normal
0.0,221.837,96.949,1.0,6.0,0.0,0.0,0.0,6.0,0.0,0.0,0.2124,0.0192,0.0,0.0,0.0,0.0,0.0,0.9725,0.0275,0.43,1.0,1166,2,Normal,normal
0.0,220.915,97.126,1.0,6.0,0.0,0.0,0.0,6.0,0.0,0.0,0.2124,0.0192,0.0,0.0,0.0,0.0,0.0,0.9744,0.0256,0.432,1.0,1166,3,Normal,normal
0.0,220.02,97.429,1.0,6.0,0.0,0.0,0.0,6.0,0.0,0.0,0.2124,0.0192,0.0,0.0,0.0,0.0,0.0,0.975,0.025,0.155,1.0,1166,4,Normal,normal
0.0,219.153,97.64,1.0,6.0,0.0,0.0,0.0,6.0,0.0,0.0,0.2124,0.0192,0.0,0.0,0.0,0.0,0.0,0.9722,0.0278,0.185,1.0,1166,5,Normal,normal
0.0,244.212,104.296,1.0,6.0,0.0,0.0,0.0,6.0,0.0,0.0,3.7824,0.3417,0.0,0.0,0.0,0.0,0.0,0.9732,0.0268,-1.016,1.0,1167,1,Normal,normal
0.0,242.528,104.44,1.0,6.0,0.0,0.0,0.0,6.0,0.0,0.0,3.7824,0.3417,0.0,0.0,0.0,0.0,0.0,0.9705,0.0295,0.432,1.0,1167,2,Normal,normal
0.0,241.543,104.419,1.0,6.0,0.0,0.0,0.0,6.0,0.0,0.0,3.7824,0.3417,0.0,0.0,0.0,0.0,0.0,0.9765,0.0235,0.436,1.0,1167,3,Normal,normal
0.0,240.588,104.482,1.0,6.0,0.0,0.0,0.0,6.0,0.0,0.0,3.7824,0.3417,0.0,0.0,0.0,0.0,0.0,0.9765,0.0235,0.149,1.0,1167,4,Normal,normal
0.0,239.788,104.699,1.0,6.0,0.0,0.0,0.0,6.0,0.0,0.0,3.7824,0.3417,0.0,0.0,0.0,0.0,0.0,0.9733,0.0267,0.19,1.0,1167,5,Normal,normal
0.0,203.103,93.308,1.0,6.0,0.0,0.0,0.0,6.0,0.0,0.0,4.396,0.3971,0.0,0.0,0.0,0.0,0.0,0.978,0.022,-1.029,1.0,1168,1,Normal,normal
0.0,201.448,93.38,1.0,6.0,0.0,0.0,0.0,6.0,0.0,0.0,4.396,0.3971,0.0,0.0,0.0,0.0,0.0,0.9732,0.0268,0.431,1.0,1168,2,Normal,normal
0.0,200.443,93.238,1.0,6.0,0.0,0.0,0.0,6.0,0.0,0.0,4.396,0.3971,0.0,0.0,0.0,0.0,0.0,0.9694,0.0306,0.429,1.0,1168,3,Normal,normal
0.0,199.36,93.146,1.0,6.0,0.0,0.0,0.0,6.0,0.0,0.0,4.396,0.3971,0.0,0.0,0.0,0.0,0.0,0.9788,0.0212,0.152,1.0,1168,4,Normal,normal
0.0,198.497,93.383,1.0,6.0,0.0,0.0,0.0,6.0,0.0,0.0,4.396,0.3971,0.0,0.0,0.0,0.0,0.0,0.9736,0.0264,0.188,1.0,1168,5,Normal,normal
0.0,268.167,111.819,1.0,6.0,0.0,0.0,0.0,6.0,0.0,0.0,1.1073,0.1,0.0,0.0,0.0,0.0,0.0,0.9772,0.0228,-1.021,1.0,1169,1,Normal,normal
0.0,266.435,111.603,1.0,6.0,0.0,0.0,0.0,6.0,0.0,0.0,1.1073,0.1,0.0,0.0,0.0,0.0,0.0,0.9707,0.0293,0.436,1.0,1169,2,Normal,normal
0.0,265.433,111.374,1.0,6.0,0.0,0.0,0.0,6.0,0.0,0.0,1.1073,0.1,0.0,0.0,0.0,0.0,0.0,0.974,0.026,0.437,1.0,1169,3,Normal,normal
0.0,264.497,111.386,1.0,6.0,0.0,0.0,0.0,6.0,0.0,0.0,1.1073,0.1,0.0,0.0,0.0,0.0,0.0,0.9725,0.0275,0.154,1.0,1169,4,Normal,normal
0.0,263.87,111.539,1.0,6.0,0.0,0.0,0.0,6.0,0.0,0.0,1.1073,0.1,0.0,0.0,0.0,0.0,0.0,0.9708,0.0292,0.196,1.0,1169,5,Normal,normal
0.0,233.38,102.12,1.0,6.0,0.0,0.0,0.0,6.0,0.0,0.0,1.2319,0.1113,0.0,0.0,0.0,0.0,0.0,0.9776,0.0224,-1.027,1.0,1170,1,Normal,normal
0.0,231.568,101.804,1.0,6.0,0.0,0.0,0.0,6.0,0.0,0.0,1.2319,0.1113,0.0,0.0,0.0,0.0,0.0,0.9703,0.0297,0.43,1.0,1170,2,Normal,normal
0.0,230.688,101.563,1.0,6.0,0.0,0.0,0.0,6.0,0.0,0.0,1.2319,0.1113,0.0,0.0,0.0,0.0,0.0,0.9733,0.0267,0.435,1.0,1170,3,Normal,normal
0.0,229.937,101.595,1.0,6.0,0.0,0.0,0.0,6.0,0.0,0.0,1.2319,0.1113,0.0,0.0,0.0,0.0,0.0,0.9732,0.0268,0.161,1.0,1170,4,Normal,normal
0.0,228.993,102.003,1.0,6.0,0.0,0.0,0.0,6.0,0.0,0.0,1.2319,0.1113,0.0,0.0,0.0,0.0,0.0,0.9688,0.0312,0.189,1.0,1170,5,Normal,normal
0.0,224.52,106.526,1.0,6.0,0.0,0.0,0.0,6.0,0.0,0.0,2.2462,0.2029,0.0,0.0,0.0,0.0,0.0,0.9739,0.0261,-1.036,1.0,1171,1,Normal,normal
0.0,222.718,106.176,1.0,6.0,0.0,0.0,0.0,6.0,0.0,0.0,2.2462,0.2029,0.0,0.0,0.0,0.0,0.0,0.9745,0.0255,0.441,1.0,1171,2,Normal,normal
0.0,221.737,105.975,1.0,6.0,0.0,0.0,0.0,6.0,0.0,0.0,2.2462,0.2029,0.0,0.0,0.0,0.0,0.0,0.9763,0.0237,0.441,1.0,1171,3,Normal,normal
0.0,220.902,106.035,1.0,6.0,0.0,0.0,0.0,6.0,0.0,0.0,2.2462,0.2029,0.0,0.0,0.0,0.0,0.0,0.9743,0.0257,0.152,1.0,1171,4,Normal,normal
0.0,219.815,106.474,1.0,6.0,0.0,0.0,0.0,6.0,0.0,0.0,2.2462,0.2029,0.0,0.0,0.0,0.0,0.0,0.9714,0.0286,0.191,1.0,1171,5,Normal,normal
0.0,236.308,86.731,1.0,6.0,0.0,0.0,0.0,6.0,0.0,0.0,3.2497,0.2935,0.0,0.0,0.0,0.0,0.0,0.9737,0.0263,-1.037,1.0,1172,1,Normal,normal
0.0,234.593,86.625,1.0,6.0,0.0,0.0,0.0,6.0,0.0,0.0,3.2497,0.2935,0.0,0.0,0.0,0.0,0.0,0.9726,0.0274,0.433,1.0,1172,2,Normal,normal
0.0,233.718,86.604,1.0,6.0,0.0,0.0,0.0,6.0,0.0,0.0,3.2497,0.2935,0.0,0.0,0.0,0.0,0.0,0.9738,0.0262,0.441,1.0,1172,3,Normal,normal
0.0,233.028,86.7,1.0,6.0,0.0,0.0,0.0,6.0,0.0,0.0,3.2497,0.2935,0.0,0.0,0.0,0.0,0.0,0.9771,0.0229,0.152,1.0,1172,4,Normal,normal
0.0,232.087,87.291,1.0,6.0,0.0,0.0,0.0,6.0,0.0,0.0,3.2497,0.2935,0.0,0.0,0.0,0.0,0.0,0.975,0.025,0.194,1.0,1172,5,Normal,normal
0.0,199.495,75.313,1.0,6.0,0.0,0.0,0.0,6.0,0.0,0.0,0.5652,0.0511,0.0,0.0,0.0,0.0,0.0,0.9783,0.0217,-1.044,1.0,1173,1,Normal,normal
0.0,197.845,75.337,1.0,6.0,0.0,0.0,0.0,6.0,0.0,0.0,0.5652,0.0511,0.0,0.0,0.0,0.0,0.0,0.9719,0.0281,0.45,1.0,1173,2,Normal,normal
0.0,196.975,75.413,1.0,6.0,0.0,0.0,0.0,6.0,0.0,0.0,0.5652,0.0511,0.0,0.0,0.0,0.0,0.0,0.9726,0.0274,0.443,1.0,1173,3,Normal,normal
0.0,196.247,75.532,1.0,6.0,0.0,0.0,0.0,6.0,0.0,0.0,0.5652,0.0511,0.0,0.0,0.0,0.0,0.0,0.9742,0.0258,0.161,1.0,1173,4,Normal,normal
0.0,195.228,75.982,1.0,6.0,0.0,0.0,0.0,6.0,0.0,0.0,0.5652,0.0511,0.0,0.0,0.0,0.0,0.0,0.9699,0.0301,0.206,1.0,1173,5,Normal,normal
0.0,282.985,118.397,1.0,6.0,0.0,0.0,0.0,6.0,0.0,0.0,7.2638,0.6561,0.0,0.0,0.0,0.0,0.0,0.9733,0.0267,-1.046,1.0,1174,1,Normal,normal
0.0,281.303,118.306,1.0,6.0,0.0,0.0,0.0,6.0,0.0,0.0,7.2638,0.6561,0.0,0.0,0.0,0.0,0.0,0.9727,0.0273,0.444,1.0,1174,2,Normal,normal
0.0,280.325,118.304,1.0,6.0,0.0,0.0,0.0,6.0,0.0,0.0,7.2638,0.6561,0.0,0.0,0.0,0.0,0.0,0.9767,0.0233,0.446,1.0,1174,3,Normal,normal
0.0,279.598,118.381,1.0,6.0,0.0,0.0,0.0,6.0,0.0,0.0,7.2638,0.6561,0.0,0.0,0.0,0.0,0.0,0.9677,0.0323,0.162,1.0,1174,4,Normal,normal
0.0,278.79,118.411,1.0,6.0,0.0,0.0,0.0,6.0,0.0,0.0,7.2638,0.6561,0.0,0.0,0.0,0.0,0.0,0.9704,0.0296,0.192,1.0,1174,5,Normal,normal
0.0,250.768,127.041,1.0,6.0,0.0,0.0,0.0,6.0,0.0,0.0,4.1684,0.3765,0.0,0.0,0.0,0.0,0.0,0.9806,0.0194,-1.058,1.0,1175,1,Normal,normal
0.0,249.04,126.877,1.0,6.0,0.0,0.0,0.0,6.0,0.0,0.0,4.1684,0.3765,0.0,0.0,0.0,0.0,0.0,0.9699,0.0301,0.451,1.0,1175,2,Normal,normal
0.0,248.095,126.707,1.0,6.0,0.0,0.0,0.0,6.0,0.0,0.0,4.1684,0.3765,0.0,0.0,0.0,0.0,0.0,0.9709,0.0291,0.45,1.0,1175,3,Normal,normal
0.0,247.38,126.663,1.0,6.0,0.0,0.0,0.0,6.0,0.0,0.0,4.1684,0.3765,0.0,0.0,0.0,0.0,0.0,0.9713,0.0287,0.163,1.0,1175,4,Normal,normal
0.0,246.677,126.481,1.0,6.0,0.0,0.0,0.0,6.0,0.0,0.0,4.1684,0.3765,0.0,0.0,0.0,0.0,0.0,0.9684,0.0316,0.196,1.0,1175,5,Normal,normal
0.0,228.915,136.947,1.0,6.0,0.0,0.0,0.0,6.0,0.0,0.0,1.2155,0.1098,0.0,0.0,0.0,0.0,0.0,0.9748,0.0252,-1.07,1.0,1176,1,Normal,normal
0.0,227.227,136.774,1.0,6.0,0.0,0.0,0.0,6.0,0.0,0.0,1.2155,0.1098,0.0,0.0,0.0,0.0,0.0,0.9706,0.0294,0.459,1.0,1176,2,Normal,normal
0.0,226.302,136.604,1.0,6.0,0.0,0.0,0.0,6.0,0.0,0.0,1.2155,0.1098,0.0,0.0,0.0,0.0,0.0,0.9744,0.0256,0.454,1.0,1176,3,Normal,normal
0.0,225.6,136.546,1.0,6.0,0.0,0.0,0.0,6.0,0.0,0.0,1.2155,0.1098,0.0,0.0,0.0,0.0,0.0,0.9717,0.0283,0.159,1.0,1176,4,Normal,normal
0.0,224.91,136.34,1.0,6.0,0.0,0.0,0.0,6.0,0.0,0.0,1.2155,0.1098,0.0,0.0,0.0,0.0,0.0,0.9697,0.0303,0.202,1.0,1176,5,Normal,normal
0.0,187.197,90.116,1.0,6.0,0.0,0.0,0.0,6.0,0.0,0.0,0.1909,0.0172,0.0,0.0,0.0,0.0,0.0,0.9767,0.0233,-1.093,1.0,1177,1,Normal,normal
0.0,185.57,89.778,1.0,6.0,0.0,0.0,0.0,6.0,0.0,0.0,0.1909,0.0172,0.0,0.0,0.0,0.0,0.0,0.9719,0.0281,0.464,1.0,1177,2,Normal,normal
0.0,184.752,89.593,1.0,6.0,0.0,0.0,0.0,6.0,0.0,0.0,0.1909,0.0172,0.0,0.0,0.0,0.0,0.0,0.9732,0.0268,0.456,1.0,1177,3,Normal,normal
0.0,184.065,89.502,1.0,6.0,0.0,0.0,0.0,6.0,0.0,0.0,0.1909,0.0172,0.0,0.0,0.0,0.0,0.0,0.9753,0.0247,0.158,1.0,1177,4,Normal,normal
0.0,183.247,89.445,1.0,6.0,0.0,0.0,0.0,6.0,0.0,0.0,0.1909,0.0172,0.0,0.0,0.0,0.0,0.0,0.9692,0.0308,0.206,1.0,1177,5,Normal,normal
0.0,144.672,37.567,1.0,6.0,0.0,0.0,0.0,6.0,0.0,0.0,1.6645,0.1504,0.0,0.0,0.0,0.0,0.0,0.9742,0.0258,-1.105,1.0,1178,1,Normal,normal
0.0,143.228,37.429,1.0,6.0,0.0,0.0,0.0,6.0,0.0,0.0,1.6645,0.1504,0.0,0.0,0.0,0.0,0.0,0.9719,0.0281,0.458,1.0,1178,2,Normal,normal
0.0,142.513,37.354,1.0,6.0,0.0,0.0,0.0,6.0,0.0,0.0,1.6645,0.1504,0.0,0.0,0.0,0.0,0.0,0.9703,0.0297,0.468,1.0,1178,3,Normal,normal
0.0,141.893,37.192,1.0,6.0,0.0,0.0,0.0,6.0,0.0,0.0,1.6645,0.1504,0.0,0.0,0.0,0.0,0.0,0.97,0.03,0.167,1.0,1178,4,Normal,normal
0.0,141.13,37.211,1.0,6.0,0.0,0.0,0.0,6.0,0.0,0.0,1.6645,0.1504,0.0,0.0,0.0,0.0,0.0,0.9693,0.0307,0.205,1.0,1178,5,Normal,normal
0.0,143.322,36.883,1.0,6.0,0.0,0.0,0.0,6.0,0.0,0.0,2.9927,0.2703,0.0,0.0,0.0,0.0,0.0,0.9774,0.0226,-1.13,1.0,1179,1,Normal,normal
0.0,141.968,36.804,1.0,6.0,0.0,0.0,0.0,6.0,0.0,0.0,2.9927,0.2703,0.0,0.0,0.0,0.0,0.0,0.9689,0.0311,0.475,1.0,1179,2,Normal,normal
0.0,141.277,36.816,1.0,6.0,0.0,0.0,0.0,6.0,0.0,0.0,2.9927,0.2703,0.0,0.0,0.0,0.0,0.0,0.9739,0.0261,0.481,1.0,1179,3,Normal,normal
0.0,140.722,36.712,1.0,6.0,0.0,0.0,0.0,6.0,0.0,0.0,2.9927,0.2703,0.0,0.0,0.0,0.0,0.0,0.9707,0.0293,0.177,1.0,1179,4,Normal,normal
0.0,139.983,36.77,1.0,6.0,0.0,0.0,0.0,6.0,0.0,0.0,2.9927,0.2703,0.0,0.0,0.0,0.0,0.0,0.9724,0.0276,0.206,1.0,1179,5,Normal,normal
0.0,151.953,35.135,1.0,6.0,0.0,0.0,0.0,6.0,0.0,0.0,1.9358,0.1749,0.0,0.0,0.0,0.0,0.0,0.9743,0.0257,-1.164,1.0,1180,1,Normal,normal
0.0,150.582,34.992,1.0,6.0,0.0,0.0,0.0,6.0,0.0,0.0,1.9358,0.1749,0.0,0.0,0.0,0.0,0.0,0.9699,0.0301,0.495,1.0,1180,2,Normal,normal
0.0,149.872,34.958,1.0,6.0,0.0,0.0,0.0,6.0,0.0,0.0,1.9358,0.1749,0.0,0.0,0.0,0.0,0.0,0.9705,0.0295,0.496,1.0,1180,3,Normal,normal
0.0,149.275,34.821,1.0,6.0,0.0,0.0,0.0,6.0,0.0,0.0,1.9358,0.1749,0.0,0.0,0.0,0.0,0.0,0.9721,0.0279,0.171,1.0,1180,4,Normal,normal
0.0,148.467,34.923,1.0,6.0,0.0,0.0,0.0,6.0,0.0,0.0,1.9358,0.1749,0.0,0.0,0.0,0.0,0.0,0.9633,0.0367,0.214,1.0,1180,5,Normal,normal
0.0,247.92,153.277,1.0,6.0,0.0,0.0,0.0,6.0,0.0,0.0,1.2647,0.1142,0.0,0.0,0.0,0.0,0.0,0.9161,0.0839,-3.994,1.0,1181,1,Natural Fault,short_circuit
0.0,246.562,153.179,1.0,6.0,0.0,0.0,0.0,6.0,0.0,0.0,1.2647,0.1142,0.0,0.0,0.0,0.0,0.0,0.9121,0.0879,0.499,1.0,1181,2,Natural Fault,short_circuit
0.0,245.883,153.166,1.0,6.0,0.0,0.0,0.0,6.0,0.0,0.0,1.2647,0.1142,0.0,0.0,0.0,0.0,0.0,0.892,0.108,3.303,1.0,1181,3,Natural Fault,short_circuit
0.0,245.225,152.973,1.0,6.0,0.0,0.0,0.0,6.0,0.0,0.0,1.2647,0.1142,0.0,0.0,0.0,0.0,0.0,0.914,0.086,0.188,1.0,1181,4,Natural Fault,short_circuit
0.0,244.508,152.804,1.0,6.0,0.0,0.0,0.0,6.0,0.0,0.0,1.2647,0.1142,0.0,0.0,0.0,0.0,0.0,0.9058,0.0942,0.218,1.0,1181,5,Natural Fault,short_circuit
0.0,248.275,153.182,1.0,6.0,0.0,0.0,0.0,6.0,0.0,0.0,0.7777,0.0702,0.0,0.0,0.0,0.0,0.0,0.9119,0.0881,-4.028,1.0,1182,1,Natural Fault,short_circuit
0.0,246.9,153.09,1.0,6.0,0.0,0.0,0.0,6.0,0.0,0.0,0.7777,0.0702,0.0,0.0,0.0,0.0,0.0,0.9079,0.0921,0.514,1.0,1182,2,Natural Fault,short_circuit
0.0,246.265,153.043,1.0,6.0,0.0,0.0,0.0,6.0,0.0,0.0,0.7777,0.0702,0.0,0.0,0.0,0.0,0.0,0.8888,0.1112,3.321,1.0,1182,3,Natural Fault,short_circuit
0.0,245.572,152.866,1.0,6.0,0.0,0.0,0.0,6.0,0.0,0.0,0.7777,0.0702,0.0,0.0,0.0,0.0,0.0,0.9125,0.0875,0.182,1.0,1182,4,Natural Fault,short_circuit
0.0,244.852,152.677,1.0,6.0,0.0,0.0,0.0,6.0,0.0,0.0,0.7777,0.0702,0.0,0.0,0.0,0.0,0.0,0.9058,0.0942,0.22,1.0,1182,5,Natural Fault,short_circuit
0.0,249.307,152.289,1.0,6.0,0.0,0.0,0.0,6.0,0.0,0.0,2.3279,0.2103,0.0,0.0,0.0,0.0,0.0,0.9747,0.0253,-1.249,1.0,1183,1,Natural Fault,short_circuit
0.0,247.903,152.223,1.0,6.0,0.0,0.0,0.0,6.0,0.0,0.0,2.3279,0.2103,0.0,0.0,0.0,0.0,0.0,0.9641,0.0359,0.531,1.0,1183,2,Natural Fault,short_circuit
0.0,247.272,152.172,1.0,6.0,0.0,0.0,0.0,6.0,0.0,0.0,2.3279,0.2103,0.0,0.0,0.0,0.0,0.0,0.968,0.032,0.535,1.0,1183,3,Natural Fault,short_circuit
0.0,246.585,151.991,1.0,6.0,0.0,0.0,0.0,6.0,0.0,0.0,2.3279,0.2103,0.0,0.0,0.0,0.0,0.0,0.9709,0.0291,0.192,1.0,1183,4,Natural Fault,short_circuit
0.0,245.863,151.804,1.0,6.0,0.0,0.0,0.0,6.0,0.0,0.0,2.3279,0.2103,0.0,0.0,0.0,0.0,0.0,0.9628,0.0372,0.229,1.0,1183,5,Natural Fault,short_circuit
0.0,194.112,104.832,1.0,6.0,0.0,0.0,0.0,6.0,0.0,0.0,0.9934,0.0897,0.0,0.0,0.0,0.0,0.0,0.97,0.03,-1.299,1.0,1184,1,Natural Fault,short_circuit
0.0,192.755,104.89,1.0,6.0,0.0,0.0,0.0,6.0,0.0,0.0,0.9934,0.0897,0.0,0.0,0.0,0.0,0.0,0.965,0.035,0.547,1.0,1184,2,Natural Fault,short_circuit
0.0,192.172,104.899,1.0,6.0,0.0,0.0,0.0,6.0,0.0,0.0,0.9934,0.0897,0.0,0.0,0.0,0.0,0.0,0.9663,0.0337,0.541,1.0,1184,3,Natural Fault,short_circuit
0.0,190.415,105.344,1.0,6.0,0.0,0.0,0.0,6.0,0.0,0.0,0.9934,0.0897,0.0,0.0,0.0,0.0,0.0,0.9709,0.0291,0.201,1.0,1184,4,Natural Fault,short_circuit
0.0,189.672,105.12,1.0,6.0,0.0,0.0,0.0,6.0,0.0,0.0,0.9934,0.0897,0.0,0.0,0.0,0.0,0.0,0.9645,0.0355,0.244,1.0,1184,5,Natural Fault,short_circuit
0.0,154.962,34.352,1.0,6.0,0.0,0.0,0.0,6.0,0.0,0.0,1.39,0.1256,0.0,0.0,0.0,0.0,0.0,0.9689,0.0311,-1.344,1.0,1185,1,Normal,normal
0.0,153.632,34.395,1.0,6.0,0.0,0.0,0.0,6.0,0.0,0.0,1.39,0.1256,0.0,0.0,0.0,0.0,0.0,0.9663,0.0337,0.577,1.0,1185,2,Normal,normal
0.0,153.03,34.347,1.0,6.0,0.0,0.0,0.0,6.0,0.0,0.0,1.39,0.1256,0.0,0.0,0.0,0.0,0.0,0.9644,0.0356,0.564,1.0,1185,3,Normal,normal
0.0,151.398,35.136,1.0,6.0,0.0,0.0,0.0,6.0,0.0,0.0,1.39,0.1256,0.0,0.0,0.0,0.0,0.0,0.9653,0.0347,0.206,1.0,1185,4,Normal,normal
0.0,150.787,35.101,1.0,6.0,0.0,0.0,0.0,6.0,0.0,0.0,1.39,0.1256,0.0,0.0,0.0,0.0,0.0,0.9625,0.0375,0.243,1.0,1185,5,Normal,normal
0.0,238.855,115.958,1.0,6.0,0.0,0.0,0.0,6.0,0.0,0.0,2.5298,0.2285,0.0,0.0,0.0,0.0,0.0,0.9664,0.0336,-1.365,1.0,1186,1,Normal,normal
0.0,237.407,115.844,1.0,6.0,0.0,0.0,0.0,6.0,0.0,0.0,2.5298,0.2285,0.0,0.0,0.0,0.0,0.0,0.9659,0.0341,0.579,1.0,1186,2,Normal,normal
0.0,236.59,115.647,1.0,6.0,0.0,0.0,0.0,6.0,0.0,0.0,2.5298,0.2285,0.0,0.0,0.0,0.0,0.0,0.9683,0.0317,0.575,1.0,1186,3,Normal,normal
0.0,234.822,116.518,1.0,6.0,0.0,0.0,0.0,6.0,0.0,0.0,2.5298,0.2285,0.0,0.0,0.0,0.0,0.0,0.9681,0.0319,0.209,1.0,1186,4,Normal,normal
0.0,234.158,116.509,1.0,6.0,0.0,0.0,0.0,6.0,0.0,0.0,2.5298,0.2285,0.0,0.0,0.0,0.0,0.0,0.9616,0.0384,0.255,1.0,1186,5,Normal,normal
0.0,237.102,115.682,1.0,6.0,0.0,0.0,0.0,6.0,0.0,0.0,2.44,0.2204,0.0,0.0,0.0,0.0,0.0,0.9665,0.0335,-1.41,1.0,1187,1,Normal,normal
0.0,235.692,115.538,1.0,6.0,0.0,0.0,0.0,6.0,0.0,0.0,2.44,0.2204,0.0,0.0,0.0,0.0,0.0,0.9617,0.0383,0.595,1.0,1187,2,Normal,normal
0.0,234.885,115.331,1.0,6.0,0.0,0.0,0.0,6.0,0.0,0.0,2.44,0.2204,0.0,0.0,0.0,0.0,0.0,0.964,0.036,0.593,1.0,1187,3,Normal,normal
0.0,233.077,116.246,1.0,6.0,0.0,0.0,0.0,6.0,0.0,0.0,2.44,0.2204,0.0,0.0,0.0,0.0,0.0,0.9635,0.0365,0.208,1.0,1187,4,Normal,normal
0.0,232.325,116.281,1.0,6.0,0.0,0.0,0.0,6.0,0.0,0.0,2.44,0.2204,0.0,0.0,0.0,0.0,0.0,0.9638,0.0362,0.255,1.0,1187,5,Normal,normal
0.0,234.465,118.22,1.0,6.0,0.0,0.0,0.0,6.0,0.0,0.0,1.8995,0.1716,0.0,0.0,0.0,0.0,0.0,0.9692,0.0308,-1.434,1.0,1188,1,Normal,normal
0.0,233.132,118.009,1.0,6.0,0.0,0.0,0.0,6.0,0.0,0.0,1.8995,0.1716,0.0,0.0,0.0,0.0,0.0,0.9598,0.0402,0.608,1.0,1188,2,Normal,normal
0.0,232.353,117.777,1.0,6.0,0.0,0.0,0.0,6.0,0.0,0.0,1.8995,0.1716,0.0,0.0,0.0,0.0,0.0,0.9609,0.0391,0.611,1.0,1188,3,Normal,normal
0.0,231.677,117.626,1.0,6.0,0.0,0.0,0.0,6.0,0.0,0.0,1.8995,0.1716,0.0,0.0,0.0,0.0,0.0,0.9619,0.0381,0.22,1.0,1188,4,Normal,normal
0.0,230.963,117.626,1.0,6.0,0.0,0.0,0.0,6.0,0.0,0.0,1.8995,0.1716,0.0,0.0,0.0,0.0,0.0,0.9595,0.0405,0.268,1.0,1188,5,Normal,normal
0.0,187.408,91.886,1.0,6.0,0.0,0.0,0.0,6.0,0.0,0.0,2.2428,0.2026,0.0,0.0,0.0,0.0,0.0,0.967,0.033,-1.47,1.0,1189,1,Normal,normal
0.0,186.023,91.674,1.0,6.0,0.0,0.0,0.0,6.0,0.0,0.0,2.2428,0.2026,0.0,0.0,0.0,0.0,0.0,0.9565,0.0435,0.632,1.0,1189,2,Normal,normal
0.0,185.327,91.454,1.0,6.0,0.0,0.0,0.0,6.0,0.0,0.0,2.2428,0.2026,0.0,0.0,0.0,0.0,0.0,0.9631,0.0369,0.626,1.0,1189,3,Normal,normal
0.0,184.683,91.359,1.0,6.0,0.0,0.0,0.0,6.0,0.0,0.0,2.2428,0.2026,0.0,0.0,0.0,0.0,0.0,0.9643,0.0357,0.231,1.0,1189,4,Normal,normal
0.0,184.002,91.325,1.0,6.0,0.0,0.0,0.0,6.0,0.0,0.0,2.2428,0.2026,0.0,0.0,0.0,0.0,0.0,0.96,0.04,0.266,1.0,1189,5,Normal,normal
0.0,156.513,36.011,1.0,6.0,0.0,0.0,0.0,6.0,0.0,0.0,3.2454,0.2932,0.0,0.0,0.0,0.0,0.0,0.9667,0.0333,-1.505,1.0,1190,1,Normal,normal
0.0,155.017,35.664,1.0,6.0,0.0,0.0,0.0,6.0,0.0,0.0,3.2454,0.2932,0.0,0.0,0.0,0.0,0.0,0.9632,0.0368,0.646,1.0,1190,2,Normal,normal
0.0,154.373,35.576,1.0,6.0,0.0,0.0,0.0,6.0,0.0,0.0,3.2454,0.2932,0.0,0.0,0.0,0.0,0.0,0.9587,0.0413,0.64,1.0,1190,3,Normal,normal
0.0,153.772,35.537,1.0,6.0,0.0,0.0,0.0,6.0,0.0,0.0,3.2454,0.2932,0.0,0.0,0.0,0.0,0.0,0.9639,0.0361,0.236,1.0,1190,4,Normal,normal
0.0,153.115,35.441,1.0,6.0,0.0,0.0,0.0,6.0,0.0,0.0,3.2454,0.2932,0.0,0.0,0.0,0.0,0.0,0.9611,0.0389,0.282,1.0,1190,5,Normal,normal
0.0,209.722,92.601,1.0,6.0,0.0,0.0,0.0,6.0,0.0,0.0,2.3666,0.2138,0.0,0.0,0.0,0.0,0.0,0.9703,0.0297,-1.519,1.0,1191,1,Normal,normal
0.0,208.197,92.622,1.0,6.0,0.0,0.0,0.0,6.0,0.0,0.0,2.3666,0.2138,0.0,0.0,0.0,0.0,0.0,0.9591,0.0409,0.649,1.0,1191,2,Normal,normal
0.0,207.557,92.632,1.0,6.0,0.0,0.0,0.0,6.0,0.0,0.0,2.3666,0.2138,0.0,0.0,0.0,0.0,0.0,0.961,0.039,0.642,1.0,1191,3,Normal,normal
0.0,207.033,92.653,1.0,6.0,0.0,0.0,0.0,6.0,0.0,0.0,2.3666,0.2138,0.0,0.0,0.0,0.0,0.0,0.9627,0.0373,0.232,1.0,1191,4,Normal,normal
0.0,206.512,92.712,1.0,6.0,0.0,0.0,0.0,6.0,0.0,0.0,2.3666,0.2138,0.0,0.0,0.0,0.0,0.0,0.9554,0.0446,0.278,1.0,1191,5,Normal,normal
0.0,210.632,91.692,1.0,6.0,0.0,0.0,0.0,6.0,0.0,0.0,1.4022,0.1267,0.0,0.0,0.0,0.0,0.0,0.9634,0.0366,-1.55,1.0,1192,1,Normal,normal
0.0,209.1,91.721,1.0,6.0,0.0,0.0,0.0,6.0,0.0,0.0,1.4022,0.1267,0.0,0.0,0.0,0.0,0.0,0.9576,0.0424,0.659,1.0,1192,2,Normal,normal
0.0,208.49,91.703,1.0,6.0,0.0,0.0,0.0,6.0,0.0,0.0,1.4022,0.1267,0.0,0.0,0.0,0.0,0.0,0.9577,0.0423,0.663,1.0,1192,3,Normal,normal
0.0,207.975,91.716,1.0,6.0,0.0,0.0,0.0,6.0,0.0,0.0,1.4022,0.1267,0.0,0.0,0.0,0.0,0.0,0.9635,0.0365,0.24,1.0,1192,4,Normal,normal
0.0,207.458,91.767,1.0,6.0,0.0,0.0,0.0,6.0,0.0,0.0,1.4022,0.1267,0.0,0.0,0.0,0.0,0.0,0.9541,0.0459,0.291,1.0,1192,5,Normal,normal
0.0,269.538,111.05,1.0,6.0,0.0,0.0,0.0,6.0,0.0,0.0,1.283,0.1159,0.0,0.0,0.0,0.0,0.0,0.9642,0.0358,-1.553,1.0,1193,1,Normal,normal
0.0,268.083,111.207,1.0,6.0,0.0,0.0,0.0,6.0,0.0,0.0,1.283,0.1159,0.0,0.0,0.0,0.0,0.0,0.9573,0.0427,0.663,1.0,1193,2,Normal,normal
0.0,267.52,111.249,1.0,6.0,0.0,0.0,0.0,6.0,0.0,0.0,1.283,0.1159,0.0,0.0,0.0,0.0,0.0,0.9622,0.0378,0.662,1.0,1193,3,Normal,normal
0.0,267.013,111.153,1.0,6.0,0.0,0.0,0.0,6.0,0.0,0.0,1.283,0.1159,0.0,0.0,0.0,0.0,0.0,0.9624,0.0376,0.237,1.0,1193,4,Normal,normal
0.0,266.42,111.078,1.0,6.0,0.0,0.0,0.0,6.0,0.0,0.0,1.283,0.1159,0.0,0.0,0.0,0.0,0.0,0.9536,0.0464,0.286,1.0,1193,5,Normal,normal
0.0,227.735,106.289,1.0,6.0,0.0,0.0,0.0,6.0,0.0,0.0,2.1127,0.1908,0.0,0.0,0.0,0.0,0.0,0.9636,0.0364,-1.556,1.0,1194,1,Normal,normal
0.0,226.397,106.379,1.0,6.0,0.0,0.0,0.0,6.0,0.0,0.0,2.1127,0.1908,0.0,0.0,0.0,0.0,0.0,0.9611,0.0389,0.661,1.0,1194,2,Normal,normal
0.0,225.828,106.47,1.0,6.0,0.0,0.0,0.0,6.0,0.0,0.0,2.1127,0.1908,0.0,0.0,0.0,0.0,0.0,0.9583,0.0417,0.662,1.0,1194,3,Normal,normal
0.0,225.255,106.43,1.0,6.0,0.0,0.0,0.0,6.0,0.0,0.0,2.1127,0.1908,0.0,0.0,0.0,0.0,0.0,0.9599,0.0401,0.242,1.0,1194,4,Normal,normal
0.0,224.558,106.389,1.0,6.0,0.0,0.0,0.0,6.0,0.0,0.0,2.1127,0.1908,0.0,0.0,0.0,0.0,0.0,0.9541,0.0459,0.292,1.0,1194,5,Normal,normal
0.0,211.122,110.193,1.0,6.0,0.0,0.0,0.0,6.0,0.0,0.0,1.0216,0.0923,0.0,0.0,0.0,0.0,0.0,0.9634,0.0366,-1.55,1.0,1195,1,Normal,normal
0.0,209.615,110.366,1.0,6.0,0.0,0.0,0.0,6.0,0.0,0.0,1.0216,0.0923,0.0,0.0,0.0,0.0,0.0,0.9582,0.0418,0.664,1.0,1195,2,Normal,normal
0.0,208.85,110.581,1.0,6.0,0.0,0.0,0.0,6.0,0.0,0.0,1.0216,0.0923,0.0,0.0,0.0,0.0,0.0,0.9574,0.0426,0.661,1.0,1195,3,Normal,normal
0.0,208.225,110.547,1.0,6.0,0.0,0.0,0.0,6.0,0.0,0.0,1.0216,0.0923,0.0,0.0,0.0,0.0,0.0,0.9622,0.0378,0.229,1.0,1195,4,Normal,normal
0.0,207.417,110.531,1.0,6.0,0.0,0.0,0.0,6.0,0.0,0.0,1.0216,0.0923,0.0,0.0,0.0,0.0,0.0,0.9564,0.0436,0.299,1.0,1195,5,Normal,normal
0.0,246.608,106.686,1.0,6.0,0.0,0.0,0.0,6.0,0.0,0.0,2.6026,0.2351,0.0,0.0,0.0,0.0,0.0,0.968,0.032,-1.548,1.0,1196,1,Normal,normal
0.0,245.067,106.868,1.0,6.0,0.0,0.0,0.0,6.0,0.0,0.0,2.6026,0.2351,0.0,0.0,0.0,0.0,0.0,0.9561,0.0439,0.661,1.0,1196,2,Normal,normal
0.0,244.205,107.056,1.0,6.0,0.0,0.0,0.0,6.0,0.0,0.0,2.6026,0.2351,0.0,0.0,0.0,0.0,0.0,0.9614,0.0386,0.656,1.0,1196,3,Normal,normal
0.0,243.518,107.052,1.0,6.0,0.0,0.0,0.0,6.0,0.0,0.0,2.6026,0.2351,0.0,0.0,0.0,0.0,0.0,0.9616,0.0384,0.237,1.0,1196,4,Normal,normal
0.0,242.738,107.098,1.0,6.0,0.0,0.0,0.0,6.0,0.0,0.0,2.6026,0.2351,0.0,0.0,0.0,0.0,0.0,0.9532,0.0468,0.282,1.0,1196,5,Normal,normal
0.0,232.127,114.034,1.0,6.0,0.0,0.0,0.0,6.0,0.0,0.0,3.1686,0.2862,0.0,0.0,0.0,0.0,0.0,0.9672,0.0328,-1.523,1.0,1197,1,Normal,normal
0.0,230.46,114.229,1.0,6.0,0.0,0.0,0.0,6.0,0.0,0.0,3.1686,0.2862,0.0,0.0,0.0,0.0,0.0,0.9609,0.0391,0.649,1.0,1197,2,Normal,normal
0.0,229.527,114.389,1.0,6.0,0.0,0.0,0.0,6.0,0.0,0.0,3.1686,0.2862,0.0,0.0,0.0,0.0,0.0,0.959,0.041,0.643,1.0,1197,3,Normal,normal
0.0,228.917,114.273,1.0,6.0,0.0,0.0,0.0,6.0,0.0,0.0,3.1686,0.2862,0.0,0.0,0.0,0.0,0.0,0.9646,0.0354,0.235,1.0,1197,4,Normal,normal
0.0,228.033,114.356,1.0,6.0,0.0,0.0,0.0,6.0,0.0,0.0,3.1686,0.2862,0.0,0.0,0.0,0.0,0.0,0.9529,0.0471,0.28,1.0,1197,5,Normal,normal
0.0,237.815,109.306,1.0,6.0,0.0,0.0,0.0,6.0,0.0,0.0,2.4356,0.22,0.0,0.0,0.0,0.0,0.0,0.9695,0.0305,-1.501,1.0,1198,1,Normal,normal
0.0,236.082,109.562,1.0,6.0,0.0,0.0,0.0,6.0,0.0,0.0,2.4356,0.22,0.0,0.0,0.0,0.0,0.0,0.9571,0.0429,0.636,1.0,1198,2,Normal,normal
0.0,235.078,109.777,1.0,6.0,0.0,0.0,0.0,6.0,0.0,0.0,2.4356,0.22,0.0,0.0,0.0,0.0,0.0,0.9609,0.0391,0.628,1.0,1198,3,Normal,normal
0.0,234.53,109.592,1.0,6.0,0.0,0.0,0.0,6.0,0.0,0.0,2.4356,0.22,0.0,0.0,0.0,0.0,0.0,0.9639,0.0361,0.232,1.0,1198,4,Normal,normal
0.0,233.692,109.637,1.0,6.0,0.0,0.0,0.0,6.0,0.0,0.0,2.4356,0.22,0.0,0.0,0.0,0.0,0.0,0.9596,0.0404,0.279,1.0,1198,5,Normal,normal
0.0,302.012,150.539,1.0,6.0,0.0,0.0,0.0,6.0,0.0,0.0,2.2964,0.2074,0.0,0.0,0.0,0.0,0.0,0.9708,0.0292,-1.481,1.0,1199,1,Normal,normal
0.0,300.22,150.444,1.0,6.0,0.0,0.0,0.0,6.0,0.0,0.0,2.2964,0.2074,0.0,0.0,0.0,0.0,0.0,0.9611,0.0389,0.625,1.0,1199,2,Normal,normal
0.0,299.327,150.485,1.0,6.0,0.0,0.0,0.0,6.0,0.0,0.0,2.2964,0.2074,0.0,0.0,0.0,0.0,0.0,0.9599,0.0401,0.631,1.0,1199,3,Normal,normal
0.0,298.763,150.284,1.0,6.0,0.0,0.0,0.0,6.0,0.0,0.0,2.2964,0.2074,0.0,0.0,0.0,0.0,0.0,0.9638,0.0362,0.226,1.0,1199,4,Normal,normal
0.0,298.05,150.364,1.0,6.0,0.0,0.0,0.0,6.0,0.0,0.0,2.2964,0.2074,0.0,0.0,0.0,0.0,0.0,0.9581,0.0419,0.279,1.0,1199,5,Normal,normal
0.0,260.738,162.157,1.0,6.0,0.0,0.0,0.0,6.0,0.0,0.0,1.6054,0.145,0.0,0.0,0.0,0.0,0.0,0.965,0.035,-1.427,1.0,1200,1,Normal,normal
0.0,259.0,161.951,1.0,6.0,0.0,0.0,0.0,6.0,0.0,0.0,1.6054,0.145,0.0,0.0,0.0,0.0,0.0,0.9597,0.0403,0.601,1.0,1200,2,Normal,normal
0.0,258.07,161.927,1.0,6.0,0.0,0.0,0.0,6.0,0.0,0.0,1.6054,0.145,0.0,0.0,0.0,0.0,0.0,0.9633,0.0367,0.609,1.0,1200,3,Normal,normal
0.0,257.498,161.811,1.0,6.0,0.0,0.0,0.0,6.0,0.0,0.0,1.6054,0.145,0.0,0.0,0.0,0.0,0.0,0.9657,0.0343,0.214,1.0,1200,4,Normal,normal
0.0,256.773,161.881,1.0,6.0,0.0,0.0,0.0,6.0,0.0,0.0,1.6054,0.145,0.0,0.0,0.0,0.0,0.0,0.961,0.039,0.264,1.0,1200,5,Normal,normal
0.0,262.525,160.87,1.0,6.0,0.0,0.0,0.0,6.0,0.0,0.0,1.0198,0.0921,0.0,0.0,0.0,0.0,0.0,0.9675,0.0325,-1.389,1.0,1201,1,Normal,normal
0.0,260.705,160.721,1.0,6.0,0.0,0.0,0.0,6.0,0.0,0.0,1.0198,0.0921,0.0,0.0,0.0,0.0,0.0,0.9617,0.0383,0.588,1.0,1201,2,Normal,normal
0.0,259.573,160.841,1.0,6.0,0.0,0.0,0.0,6.0,0.0,0.0,1.0198,0.0921,0.0,0.0,0.0,0.0,0.0,0.9632,0.0368,0.589,1.0,1201,3,Normal,normal
0.0,258.802,160.871,1.0,6.0,0.0,0.0,0.0,6.0,0.0,0.0,1.0198,0.0921,0.0,0.0,0.0,0.0,0.0,0.9676,0.0324,0.209,1.0,1201,4,Normal,normal
0.0,258.133,160.898,1.0,6.0,0.0,0.0,0.0,6.0,0.0,0.0,1.0198,0.0921,0.0,0.0,0.0,0.0,0.0,0.9618,0.0382,0.26,1.0,1201,5,Normal,normal
0.0,262.685,116.657,1.0,6.0,0.0,0.0,0.0,6.0,0.0,0.0,2.7137,0.2451,0.0,0.0,0.0,0.0,0.0,0.9702,0.0298,-1.358,1.0,1202,1,Normal,normal
0.0,260.938,116.654,1.0,6.0,0.0,0.0,0.0,6.0,0.0,0.0,2.7137,0.2451,0.0,0.0,0.0,0.0,0.0,0.9659,0.0341,0.577,1.0,1202,2,Normal,normal
0.0,259.833,116.657,1.0,6.0,0.0,0.0,0.0,6.0,0.0,0.0,2.7137,0.2451,0.0,0.0,0.0,0.0,0.0,0.9613,0.0387,0.578,1.0,1202,3,Normal,normal
0.0,258.945,116.513,1.0,6.0,0.0,0.0,0.0,6.0,0.0,0.0,2.7137,0.2451,0.0,0.0,0.0,0.0,0.0,0.9662,0.0338,0.203,1.0,1202,4,Normal,normal
0.0,258.107,116.278,1.0,6.0,0.0,0.0,0.0,6.0,0.0,0.0,2.7137,0.2451,0.0,0.0,0.0,0.0,0.0,0.9628,0.0372,0.248,1.0,1202,5,Normal,normal
0.0,217.597,115.114,1.0,6.0,0.0,0.0,0.0,6.0,0.0,0.0,2.5355,0.229,0.0,0.0,0.0,0.0,0.0,0.9715,0.0285,-1.301,1.0,1203,1,Normal,normal
0.0,215.913,115.052,1.0,6.0,0.0,0.0,0.0,6.0,0.0,0.0,2.5355,0.229,0.0,0.0,0.0,0.0,0.0,0.9672,0.0328,0.554,1.0,1203,2,Normal,normal
0.0,214.933,114.982,1.0,6.0,0.0,0.0,0.0,6.0,0.0,0.0,2.5355,0.229,0.0,0.0,0.0,0.0,0.0,0.9656,0.0344,0.543,1.0,1203,3,Normal,normal
0.0,214.135,114.771,1.0,6.0,0.0,0.0,0.0,6.0,0.0,0.0,2.5355,0.229,0.0,0.0,0.0,0.0,0.0,0.9649,0.0351,0.206,1.0,1203,4,Normal,normal
0.0,213.32,114.437,1.0,6.0,0.0,0.0,0.0,6.0,0.0,0.0,2.5355,0.229,0.0,0.0,0.0,0.0,0.0,0.9655,0.0345,0.249,1.0,1203,5,Normal,normal
0.0,222.09,111.741,1.0,6.0,0.0,0.0,0.0,6.0,0.0,0.0,0.8362,0.0755,0.0,0.0,0.0,0.0,0.0,0.9724,0.0276,-1.241,1.0,1204,1,Normal,normal
0.0,220.323,111.743,1.0,6.0,0.0,0.0,0.0,6.0,0.0,0.0,0.8362,0.0755,0.0,0.0,0.0,0.0,0.0,0.9662,0.0338,0.517,1.0,1204,2,Normal,normal
0.0,219.308,111.711,1.0,6.0,0.0,0.0,0.0,6.0,0.0,0.0,0.8362,0.0755,0.0,0.0,0.0,0.0,0.0,0.9662,0.0338,0.524,1.0,1204,3,Normal,normal
0.0,218.528,111.497,1.0,6.0,0.0,0.0,0.0,6.0,0.0,0.0,0.8362,0.0755,0.0,0.0,0.0,0.0,0.0,0.9702,0.0298,0.192,1.0,1204,4,Normal,normal
0.0,217.682,111.194,1.0,6.0,0.0,0.0,0.0,6.0,0.0,0.0,0.8362,0.0755,0.0,0.0,0.0,0.0,0.0,0.9661,0.0339,0.229,1.0,1204,5,Normal,normal
0.0,257.152,121.027,1.0,6.0,0.0,0.0,0.0,6.0,0.0,0.0,0.4508,0.0407,0.0,0.0,0.0,0.0,0.0,0.9729,0.0271,-1.208,1.0,1205,1,Normal,normal
0.0,255.417,120.983,1.0,6.0,0.0,0.0,0.0,6.0,0.0,0.0,0.4508,0.0407,0.0,0.0,0.0,0.0,0.0,0.9668,0.0332,0.513,1.0,1205,2,Normal,normal
0.0,254.58,120.9,1.0,6.0,0.0,0.0,0.0,6.0,0.0,0.0,0.4508,0.0407,0.0,0.0,0.0,0.0,0.0,0.9697,0.0303,0.505,1.0,1205,3,Normal,normal
0.0,253.928,120.838,1.0,6.0,0.0,0.0,0.0,6.0,0.0,0.0,0.4508,0.0407,0.0,0.0,0.0,0.0,0.0,0.972,0.028,0.194,1.0,1205,4,Normal,normal
0.0,253.138,120.728,1.0,6.0,0.0,0.0,0.0,6.0,0.0,0.0,0.4508,0.0407,0.0,0.0,0.0,0.0,0.0,0.9652,0.0348,0.227,1.0,1205,5,Normal,normal
0.0,231.112,128.584,1.0,6.0,0.0,0.0,0.0,6.0,0.0,0.0,2.2126,0.1999,0.0,0.0,0.0,0.0,0.0,0.9758,0.0242,-1.156,1.0,1206,1,Normal,normal
0.0,229.52,128.51,1.0,6.0,0.0,0.0,0.0,6.0,0.0,0.0,2.2126,0.1999,0.0,0.0,0.0,0.0,0.0,0.9701,0.0299,0.486,1.0,1206,2,Normal,normal
0.0,228.685,128.424,1.0,6.0,0.0,0.0,0.0,6.0,0.0,0.0,2.2126,0.1999,0.0,0.0,0.0,0.0,0.0,0.9698,0.0302,0.487,1.0,1206,3,Normal,normal
0.0,228.065,128.339,1.0,6.0,0.0,0.0,0.0,6.0,0.0,0.0,2.2126,0.1999,0.0,0.0,0.0,0.0,0.0,0.977,0.023,0.18,1.0,1206,4,Normal,normal
0.0,227.317,128.222,1.0,6.0,0.0,0.0,0.0,6.0,0.0,0.0,2.2126,0.1999,0.0,0.0,0.0,0.0,0.0,0.9701,0.0299,0.222,1.0,1206,5,Normal,normal
0.0,238.277,123.17,1.0,6.0,0.0,0.0,0.0,6.0,0.0,0.0,4.0262,0.3637,0.0,0.0,0.0,0.0,0.0,0.9727,0.0273,-1.096,1.0,1207,1,Normal,normal
0.0,236.625,123.139,1.0,6.0,0.0,0.0,0.0,6.0,0.0,0.0,4.0262,0.3637,0.0,0.0,0.0,0.0,0.0,0.9639,0.0361,0.469,1.0,1207,2,Normal,normal
0.0,235.625,123.163,1.0,6.0,0.0,0.0,0.0,6.0,0.0,0.0,4.0262,0.3637,0.0,0.0,0.0,0.0,0.0,0.9684,0.0316,0.463,1.0,1207,3,Normal,normal
0.0,234.957,123.096,1.0,6.0,0.0,0.0,0.0,6.0,0.0,0.0,4.0262,0.3637,0.0,0.0,0.0,0.0,0.0,0.9719,0.0281,0.173,1.0,1207,4,Normal,normal
0.0,234.157,123.0,1.0,6.0,0.0,0.0,0.0,6.0,0.0,0.0,4.0262,0.3637,0.0,0.0,0.0,0.0,0.0,0.9683,0.0317,0.21,1.0,1207,5,Normal,normal
0.0,277.737,135.418,1.0,6.0,0.0,0.0,0.0,6.0,0.0,0.0,1.4674,0.1326,0.0,0.0,0.0,0.0,0.0,0.9772,0.0228,-0.879,1.0,1208,1,Natural Fault,line_trip
0.0,276.038,135.237,1.0,6.0,0.0,0.0,0.0,6.0,0.0,0.0,1.4674,0.1326,0.0,0.0,0.0,0.0,0.0,0.9763,0.0237,0.264,1.0,1208,2,Natural Fault,line_trip
0.0,274.882,135.177,1.0,6.0,0.0,0.0,0.0,6.0,0.0,0.0,1.4674,0.1326,0.0,0.0,0.0,0.0,0.0,0.9759,0.0241,0.452,1.0,1208,3,Natural Fault,line_trip
0.0,274.06,135.098,1.0,6.0,0.0,0.0,0.0,6.0,0.0,0.0,1.4674,0.1326,0.0,0.0,0.0,0.0,0.0,0.9773,0.0227,0.166,1.0,1208,4,Natural Fault,line_trip
0.0,273.188,135.114,1.0,6.0,0.0,0.0,0.0,6.0,0.0,0.0,1.4674,0.1326,0.0,0.0,0.0,0.0,0.0,0.0,1.0,0.0,3.0,1208,5,Natural Fault,line_trip
0.0,246.04,143.226,1.0,6.0,0.0,0.0,0.0,6.0,0.0,0.0,1.6503,0.1491,0.0,0.0,0.0,0.0,0.0,0.9794,0.0206,-0.845,1.0,1209,1,Natural Fault,line_trip
0.0,244.373,143.066,1.0,6.0,0.0,0.0,0.0,6.0,0.0,0.0,1.6503,0.1491,0.0,0.0,0.0,0.0,0.0,0.9805,0.0195,0.249,1.0,1209,2,Natural Fault,line_trip
0.0,243.192,143.026,1.0,6.0,0.0,0.0,0.0,6.0,0.0,0.0,1.6503,0.1491,0.0,0.0,0.0,0.0,0.0,0.9781,0.0219,0.435,1.0,1209,3,Natural Fault,line_trip
0.0,242.237,143.038,1.0,6.0,0.0,0.0,0.0,6.0,0.0,0.0,1.6503,0.1491,0.0,0.0,0.0,0.0,0.0,0.9791,0.0209,0.165,1.0,1209,4,Natural Fault,line_trip
0.0,241.205,143.219,1.0,6.0,0.0,0.0,0.0,6.0,0.0,0.0,1.6503,0.1491,0.0,0.0,0.0,0.0,0.0,0.0,1.0,-0.002,3.0,1209,5,Natural Fault,line_trip
0.0,253.287,137.738,1.0,6.0,0.0,0.0,0.0,6.0,0.0,0.0,4.641,0.4192,0.0,0.0,0.0,0.0,0.0,0.9818,0.0182,-0.811,1.0,1210,1,Natural Fault,line_trip
0.0,251.555,137.643,1.0,6.0,0.0,0.0,0.0,6.0,0.0,0.0,4.641,0.4192,0.0,0.0,0.0,0.0,0.0,0.9763,0.0237,0.241,1.0,1210,2,Natural Fault,line_trip
0.0,250.28,137.688,1.0,6.0,0.0,0.0,0.0,6.0,0.0,0.0,4.641,0.4192,0.0,0.0,0.0,0.0,0.0,0.9788,0.0212,0.42,1.0,1210,3,Natural Fault,line_trip
0.0,249.278,137.751,1.0,6.0,0.0,0.0,0.0,6.0,0.0,0.0,4.641,0.4192,0.0,0.0,0.0,0.0,0.0,0.9801,0.0199,0.151,1.0,1210,4,Natural Fault,line_trip
0.0,248.262,137.949,1.0,6.0,0.0,0.0,0.0,6.0,0.0,0.0,4.641,0.4192,0.0,0.0,0.0,0.0,0.0,0.0,1.0,0.009,3.0,1210,5,Natural Fault,line_trip
0.0,268.447,122.041,1.0,6.0,0.0,0.0,0.0,6.0,0.0,0.0,4.3388,0.3919,0.0,0.0,0.0,0.0,0.0,0.9817,0.0183,-0.797,1.0,1211,1,Natural Fault,line_trip
0.0,266.768,121.912,1.0,6.0,0.0,0.0,0.0,6.0,0.0,0.0,4.3388,0.3919,0.0,0.0,0.0,0.0,0.0,0.9802,0.0198,0.241,1.0,1211,2,Natural Fault,line_trip
0.0,265.705,121.996,1.0,6.0,0.0,0.0,0.0,6.0,0.0,0.0,4.3388,0.3919,0.0,0.0,0.0,0.0,0.0,0.9797,0.0203,0.417,1.0,1211,3,Natural Fault,line_trip
0.0,264.8,122.127,1.0,6.0,0.0,0.0,0.0,6.0,0.0,0.0,4.3388,0.3919,0.0,0.0,0.0,0.0,0.0,0.9812,0.0188,0.153,1.0,1211,4,Natural Fault,line_trip
0.0,263.893,122.348,1.0,6.0,0.0,0.0,0.0,6.0,0.0,0.0,4.3388,0.3919,0.0,0.0,0.0,0.0,0.0,0.0,1.0,-0.01,3.0,1211,5,Natural Fault,line_trip
0.0,233.155,128.248,1.0,6.0,0.0,0.0,0.0,6.0,0.0,0.0,2.5836,0.2334,0.0,0.0,0.0,0.0,0.0,0.9833,0.0167,-0.785,1.0,1212,1,Natural Fault,line_trip
0.0,231.652,128.09,1.0,6.0,0.0,0.0,0.0,6.0,0.0,0.0,2.5836,0.2334,0.0,0.0,0.0,0.0,0.0,0.9789,0.0211,0.226,1.0,1212,2,Natural Fault,line_trip
0.0,230.773,128.126,1.0,6.0,0.0,0.0,0.0,6.0,0.0,0.0,2.5836,0.2334,0.0,0.0,0.0,0.0,0.0,0.9781,0.0219,0.399,1.0,1212,3,Natural Fault,line_trip
0.0,230.028,128.213,1.0,6.0,0.0,0.0,0.0,6.0,0.0,0.0,2.5836,0.2334,0.0,0.0,0.0,0.0,0.0,0.9782,0.0218,0.149,1.0,1212,4,Natural Fault,line_trip
0.0,229.21,128.469,1.0,6.0,0.0,0.0,0.0,6.0,0.0,0.0,2.5836,0.2334,0.0,0.0,0.0,0.0,0.0,0.0,1.0,0.006,3.0,1212,5,Natural Fault,line_trip
0.0,237.295,124.85,1.0,6.0,0.0,0.0,0.0,6.0,0.0,0.0,1.4354,0.1297,0.0,0.0,0.0,0.0,0.0,0.9811,0.0189,-0.77,1.0,1213,1,Natural Fault,line_trip
0.0,235.775,124.699,1.0,6.0,0.0,0.0,0.0,6.0,0.0,0.0,1.4354,0.1297,0.0,0.0,0.0,0.0,0.0,0.9829,0.0171,0.229,1.0,1213,2,Natural Fault,line_trip
0.0,234.887,124.732,1.0,6.0,0.0,0.0,0.0,6.0,0.0,0.0,1.4354,0.1297,0.0,0.0,0.0,0.0,0.0,0.9794,0.0206,0.401,1.0,1213,3,Natural Fault,line_trip
0.0,234.14,124.81,1.0,6.0,0.0,0.0,0.0,6.0,0.0,0.0,1.4354,0.1297,0.0,0.0,0.0,0.0,0.0,0.9827,0.0173,0.143,1.0,1213,4,Natural Fault,line_trip
0.0,233.42,124.971,1.0,6.0,0.0,0.0,0.0,6.0,0.0,0.0,1.4354,0.1297,0.0,0.0,0.0,0.0,0.0,0.0,1.0,0.0,3.0,1213,5,Natural Fault,line_trip
0.0,257.545,121.567,1.0,6.0,0.0,0.0,0.0,6.0,0.0,0.0,1.228,0.1109,0.0,0.0,0.0,0.0,0.0,0.9846,0.0154,-0.763,1.0,1214,1,Natural Fault,line_trip
0.0,256.147,121.612,1.0,6.0,0.0,0.0,0.0,6.0,0.0,0.0,1.228,0.1109,0.0,0.0,0.0,0.0,0.0,0.9815,0.0185,0.229,1.0,1214,2,Natural Fault,line_trip
0.0,255.463,121.847,1.0,6.0,0.0,0.0,0.0,6.0,0.0,0.0,1.228,0.1109,0.0,0.0,0.0,0.0,0.0,0.9785,0.0215,0.4,1.0,1214,3,Natural Fault,line_trip
0.0,254.752,121.976,1.0,6.0,0.0,0.0,0.0,6.0,0.0,0.0,1.228,0.1109,0.0,0.0,0.0,0.0,0.0,0.982,0.018,0.146,1.0,1214,4,Natural Fault,line_trip
0.0,253.957,122.004,1.0,6.0,0.0,0.0,0.0,6.0,0.0,0.0,1.228,0.1109,0.0,0.0,0.0,0.0,0.0,0.0,1.0,-0.002,3.0,1214,5,Natural Fault,line_trip
0.0,233.323,129.405,1.0,6.0,0.0,0.0,0.0,6.0,0.0,0.0,3.8148,0.3446,0.0,0.0,0.0,0.0,0.0,0.9806,0.0194,-0.94,1.0,1215,1,Normal,normal
0.0,232.125,129.461,1.0,6.0,0.0,0.0,0.0,6.0,0.0,0.0,3.8148,0.3446,0.0,0.0,0.0,0.0,0.0,0.9815,0.0185,0.229,1.0,1215,2,Cyber Intrusion,replay
0.0,231.438,129.668,1.0,6.0,0.0,0.0,0.0,6.0,0.0,0.0,3.8148,0.3446,0.0,0.0,0.0,0.0,0.0,0.973,0.027,0.393,1.0,1215,3,Normal,normal
0.0,230.765,129.742,1.0,6.0,0.0,0.0,0.0,6.0,0.0,0.0,3.8148,0.3446,0.0,0.0,0.0,0.0,0.0,0.9782,0.0218,0.142,1.0,1215,4,Normal,normal
0.0,229.947,129.734,1.0,6.0,0.0,0.0,0.0,6.0,0.0,0.0,3.8148,0.3446,0.0,0.0,0.0,0.0,0.0,0.9747,0.0253,0.167,1.0,1215,5,Normal,normal
0.0,237.287,126.45,1.0,6.0,0.0,0.0,0.0,6.0,0.0,0.0,7.0996,0.6413,0.0,0.0,0.0,0.0,0.0,0.975,0.025,-0.936,1.0,1216,1,Normal,normal
0.0,236.037,126.535,1.0,6.0,0.0,0.0,0.0,6.0,0.0,0.0,7.0996,0.6413,0.0,0.0,0.0,0.0,0.0,0.9815,0.0185,0.229,1.0,1216,2,Cyber Intrusion,replay
0.0,235.333,126.765,1.0,6.0,0.0,0.0,0.0,6.0,0.0,0.0,7.0996,0.6413,0.0,0.0,0.0,0.0,0.0,0.9718,0.0282,0.395,1.0,1216,3,Normal,normal
0.0,234.692,126.821,1.0,6.0,0.0,0.0,0.0,6.0,0.0,0.0,7.0996,0.6413,0.0,0.0,0.0,0.0,0.0,0.9771,0.0229,0.143,1.0,1216,4,Normal,normal
0.0,233.975,126.738,1.0,6.0,0.0,0.0,0.0,6.0,0.0,0.0,7.0996,0.6413,0.0,0.0,0.0,0.0,0.0,0.9776,0.0224,0.174,1.0,1216,5,Normal,normal
0.0,241.557,98.998,1.0,6.0,0.0,0.0,0.0,6.0,0.0,0.0,5.9585,0.5382,0.0,0.0,0.0,0.0,0.0,0.9759,0.0241,-0.941,1.0,1217,1,Normal,normal
0.0,240.322,98.997,1.0,6.0,0.0,0.0,0.0,6.0,0.0,0.0,5.9585,0.5382,0.0,0.0,0.0,0.0,0.0,0.9815,0.0185,0.229,1.0,1217,2,Cyber Intrusion,replay
0.0,239.56,98.785,1.0,6.0,0.0,0.0,0.0,6.0,0.0,0.0,5.9585,0.5382,0.0,0.0,0.0,0.0,0.0,0.9779,0.0221,0.4,1.0,1217,3,Normal,normal
0.0,238.872,98.519,1.0,6.0,0.0,0.0,0.0,6.0,0.0,0.0,5.9585,0.5382,0.0,0.0,0.0,0.0,0.0,0.9765,0.0235,0.138,1.0,1217,4,Normal,normal
0.0,238.067,98.037,1.0,6.0,0.0,0.0,0.0,6.0,0.0,0.0,5.9585,0.5382,0.0,0.0,0.0,0.0,0.0,0.9713,0.0287,0.171,1.0,1217,5,Normal,normal
0.0,211.095,105.73,1.0,6.0,0.0,0.0,0.0,6.0,0.0,0.0,1.9359,0.1749,0.0,0.0,0.0,0.0,0.0,0.9806,0.0194,-0.942,1.0,1218,1,Normal,normal
0.0,209.588,105.765,1.0,6.0,0.0,0.0,0.0,6.0,0.0,0.0,1.9359,0.1749,0.0,0.0,0.0,0.0,0.0,0.9815,0.0185,0.229,1.0,1218,2,Cyber Intrusion,replay
0.0,208.863,105.57,1.0,6.0,0.0,0.0,0.0,6.0,0.0,0.0,1.9359,0.1749,0.0,0.0,0.0,0.0,0.0,0.9758,0.0242,0.396,1.0,1218,3,Normal,normal
0.0,208.205,105.363,1.0,6.0,0.0,0.0,0.0,6.0,0.0,0.0,1.9359,0.1749,0.0,0.0,0.0,0.0,0.0,0.9767,0.0233,0.153,1.0,1218,4,Normal,normal
0.0,207.338,104.876,1.0,6.0,0.0,0.0,0.0,6.0,0.0,0.0,1.9359,0.1749,0.0,0.0,0.0,0.0,0.0,0.9768,0.0232,0.181,1.0,1218,5,Normal,normal
0.0,217.678,101.533,1.0,6.0,0.0,0.0,0.0,6.0,0.0,0.0,7.3935,0.6679,0.0,0.0,0.0,0.0,0.0,0.9817,0.0183,-0.955,1.0,1219,1,Normal,normal
0.0,216.257,101.518,1.0,6.0,0.0,0.0,0.0,6.0,0.0,0.0,7.3935,0.6679,0.0,0.0,0.0,0.0,0.0,0.9815,0.0185,0.229,1.0,1219,2,Cyber Intrusion,replay
0.0,215.567,101.307,1.0,6.0,0.0,0.0,0.0,6.0,0.0,0.0,7.3935,0.6679,0.0,0.0,0.0,0.0,0.0,0.9756,0.0244,0.407,1.0,1219,3,Normal,normal
0.0,214.858,101.137,1.0,6.0,0.0,0.0,0.0,6.0,0.0,0.0,7.3935,0.6679,0.0,0.0,0.0,0.0,0.0,0.9766,0.0234,0.149,1.0,1219,4,Normal,normal
0.0,213.958,100.665,1.0,6.0,0.0,0.0,0.0,6.0,0.0,0.0,7.3935,0.6679,0.0,0.0,0.0,0.0,0.0,0.9693,0.0307,0.186,1.0,1219,5,Normal,normal
0.0,221.782,69.25,1.0,6.0,0.0,0.0,0.0,6.0,0.0,0.0,1.9046,0.172,0.0,0.0,0.0,0.0,0.0,0.9807,0.0193,-0.958,1.0,1220,1,Normal,normal
0.0,220.413,69.189,1.0,6.0,0.0,0.0,0.0,6.0,0.0,0.0,1.9046,0.172,0.0,0.0,0.0,0.0,0.0,0.9732,0.0268,0.407,1.0,1220,2,Cyber Intrusion,replay
0.0,219.843,69.233,1.0,6.0,0.0,0.0,0.0,6.0,0.0,0.0,1.9046,0.172,0.0,0.0,0.0,0.0,0.0,0.9751,0.0249,0.413,1.0,1220,3,Normal,normal
0.0,219.198,69.279,1.0,6.0,0.0,0.0,0.0,6.0,0.0,0.0,1.9046,0.172,0.0,0.0,0.0,0.0,0.0,0.9736,0.0264,0.144,1.0,1220,4,Normal,normal
0.0,218.432,69.272,1.0,6.0,0.0,0.0,0.0,6.0,0.0,0.0,1.9046,0.172,0.0,0.0,0.0,0.0,0.0,0.9727,0.0273,0.182,1.0,1220,5,Normal,normal
0.0,206.188,78.764,1.0,6.0,0.0,0.0,0.0,6.0,0.0,0.0,3.1083,0.2808,0.0,0.0,0.0,0.0,0.0,0.9836,0.0164,-0.973,1.0,1221,1,Normal,normal
0.0,204.7,78.713,1.0,6.0,0.0,0.0,0.0,6.0,0.0,0.0,3.1083,0.2808,0.0,0.0,0.0,0.0,0.0,0.9773,0.0227,0.411,1.0,1221,2,Cyber Intrusion,replay
0.0,203.915,78.811,1.0,6.0,0.0,0.0,0.0,6.0,0.0,0.0,3.1083,0.2808,0.0,0.0,0.0,0.0,0.0,0.9746,0.0254,0.412,1.0,1221,3,Normal,normal
0.0,203.037,78.88,1.0,6.0,0.0,0.0,0.0,6.0,0.0,0.0,3.1083,0.2808,0.0,0.0,0.0,0.0,0.0,0.9757,0.0243,0.15,1.0,1221,4,Normal,normal
0.0,202.092,78.911,1.0,6.0,0.0,0.0,0.0,6.0,0.0,0.0,3.1083,0.2808,0.0,0.0,0.0,0.0,0.0,0.9733,0.0267,0.181,1.0,1221,5,Normal,normal
0.0,205.948,79.028,1.0,6.0,0.0,0.0,0.0,6.0,0.0,0.0,2.2712,0.2052,0.0,0.0,0.0,0.0,0.0,0.9778,0.0222,-0.976,1.0,1222,1,Normal,normal
0.0,204.528,78.901,1.0,6.0,0.0,0.0,0.0,6.0,0.0,0.0,2.2712,0.2052,0.0,0.0,0.0,0.0,0.0,0.9754,0.0246,0.418,1.0,1222,2,Cyber Intrusion,replay
0.0,203.75,78.992,1.0,6.0,0.0,0.0,0.0,6.0,0.0,0.0,2.2712,0.2052,0.0,0.0,0.0,0.0,0.0,0.9746,0.0254,0.418,1.0,1222,3,Normal,normal
0.0,202.868,79.065,1.0,6.0,0.0,0.0,0.0,6.0,0.0,0.0,2.2712,0.2052,0.0,0.0,0.0,0.0,0.0,0.9729,0.0271,0.152,1.0,1222,4,Normal,normal
0.0,201.97,79.044,1.0,6.0,0.0,0.0,0.0,6.0,0.0,0.0,2.2712,0.2052,0.0,0.0,0.0,0.0,0.0,0.9749,0.0251,0.175,1.0,1222,5,Normal,normal
0.0,175.2,58.9,1.0,6.0,0.0,0.0,0.0,6.0,0.0,0.0,2.2651,0.2046,0.0,0.0,0.0,0.0,0.0,0.9793,0.0207,-0.992,1.0,1223,1,Normal,normal
0.0,173.667,58.897,1.0,6.0,0.0,0.0,0.0,6.0,0.0,0.0,2.2651,0.2046,0.0,0.0,0.0,0.0,0.0,0.9766,0.0234,0.414,1.0,1223,2,Cyber Intrusion,replay
0.0,172.715,58.946,1.0,6.0,0.0,0.0,0.0,6.0,0.0,0.0,2.2651,0.2046,0.0,0.0,0.0,0.0,0.0,0.9784,0.0216,0.415,1.0,1223,3,Normal,normal
0.0,171.835,58.959,1.0,6.0,0.0,0.0,0.0,6.0,0.0,0.0,2.2651,0.2046,0.0,0.0,0.0,0.0,0.0,0.9755,0.0245,0.145,1.0,1223,4,Normal,normal
0.0,171.04,58.829,1.0,6.0,0.0,0.0,0.0,6.0,0.0,0.0,2.2651,0.2046,0.0,0.0,0.0,0.0,0.0,0.9704,0.0296,0.184,1.0,1223,5,Normal,normal
0.0,148.832,42.266,1.0,6.0,0.0,0.0,0.0,6.0,0.0,0.0,2.8432,0.2568,0.0,0.0,0.0,0.0,0.0,0.9772,0.0228,-1.001,1.0,1224,1,Normal,normal
0.0,147.223,42.127,1.0,6.0,0.0,0.0,0.0,6.0,0.0,0.0,2.8432,0.2568,0.0,0.0,0.0,0.0,0.0,0.9757,0.0243,0.43,1.0,1224,2,Cyber Intrusion,replay
0.0,146.182,42.028,1.0,6.0,0.0,0.0,0.0,6.0,0.0,0.0,2.8432,0.2568,0.0,0.0,0.0,0.0,0.0,0.9785,0.0215,0.427,1.0,1224,3,Normal,normal
0.0,145.263,41.798,1.0,6.0,0.0,0.0,0.0,6.0,0.0,0.0,2.8432,0.2568,0.0,0.0,0.0,0.0,0.0,0.9734,0.0266,0.15,1.0,1224,4,Normal,normal
0.0,144.503,41.659,1.0,6.0,0.0,0.0,0.0,6.0,0.0,0.0,2.8432,0.2568,0.0,0.0,0.0,0.0,0.0,0.9711,0.0289,0.178,1.0,1224,5,Normal,normal
0.0,142.842,33.933,1.0,6.0,0.0,0.0,0.0,6.0,0.0,0.0,2.4039,0.2171,0.0,0.0,0.0,0.0,0.0,0.9865,0.0135,-0.593,1.0,1225,1,Natural Fault,line_trip
0.0,141.368,33.972,1.0,6.0,0.0,0.0,0.0,6.0,0.0,0.0,2.4039,0.2171,0.0,0.0,0.0,0.0,0.0,0.0,1.0,-0.005,3.0,1225,2,Natural Fault,line_trip
0.0,140.557,34.029,1.0,6.0,0.0,0.0,0.0,6.0,0.0,0.0,2.4039,0.2171,0.0,0.0,0.0,0.0,0.0,0.9855,0.0145,0.425,1.0,1225,3,Natural Fault,line_trip
0.0,139.652,34.164,1.0,6.0,0.0,0.0,0.0,6.0,0.0,0.0,2.4039,0.2171,0.0,0.0,0.0,0.0,0.0,0.9869,0.0131,0.152,1.0,1225,4,Natural Fault,line_trip
0.0,139.108,34.204,1.0,6.0,0.0,0.0,0.0,6.0,0.0,0.0,2.4039,0.2171,0.0,0.0,0.0,0.0,0.0,0.0,1.0,0.004,3.0,1225,5,Natural Fault,line_trip
0.0,148.883,32.271,1.0,6.0,0.0,0.0,0.0,6.0,0.0,0.0,1.5709,0.1419,0.0,0.0,0.0,0.0,0.0,0.9875,0.0125,-0.583,1.0,1226,1,Natural Fault,line_trip
0.0,147.368,32.37,1.0,6.0,0.0,0.0,0.0,6.0,0.0,0.0,1.5709,0.1419,0.0,0.0,0.0,0.0,0.0,0.0,1.0,-0.003,3.0,1226,2,Natural Fault,line_trip
0.0,146.588,32.44,1.0,6.0,0.0,0.0,0.0,6.0,0.0,0.0,1.5709,0.1419,0.0,0.0,0.0,0.0,0.0,0.9824,0.0176,0.431,1.0,1226,3,Natural Fault,line_trip
0.0,145.65,32.574,1.0,6.0,0.0,0.0,0.0,6.0,0.0,0.0,1.5709,0.1419,0.0,0.0,0.0,0.0,0.0,0.9829,0.0171,0.149,1.0,1226,4,Natural Fault,line_trip
0.0,145.072,32.613,1.0,6.0,0.0,0.0,0.0,6.0,0.0,0.0,1.5709,0.1419,0.0,0.0,0.0,0.0,0.0,0.0,1.0,-0.003,3.0,1226,5,Natural Fault,line_trip
0.0,224.567,120.366,1.0,6.0,0.0,0.0,0.0,6.0,0.0,0.0,1.6684,0.1507,0.0,0.0,0.0,0.0,0.0,0.9878,0.0122,-0.596,1.0,1227,1,Natural Fault,line_trip
0.0,223.11,120.294,1.0,6.0,0.0,0.0,0.0,6.0,0.0,0.0,1.6684,0.1507,0.0,0.0,0.0,0.0,0.0,0.0,1.0,-0.005,3.0,1227,2,Natural Fault,line_trip
0.0,222.408,120.253,1.0,6.0,0.0,0.0,0.0,6.0,0.0,0.0,1.6684,0.1507,0.0,0.0,0.0,0.0,0.0,0.9828,0.0172,0.43,1.0,1227,3,Natural Fault,line_trip
0.0,221.517,120.515,1.0,6.0,0.0,0.0,0.0,6.0,0.0,0.0,1.6684,0.1507,0.0,0.0,0.0,0.0,0.0,0.9859,0.0141,0.159,1.0,1227,4,Natural Fault,line_trip
0.0,220.922,120.567,1.0,6.0,0.0,0.0,0.0,6.0,0.0,0.0,1.6684,0.1507,0.0,0.0,0.0,0.0,0.0,0.0,1.0,0.002,3.0,1227,5,Natural Fault,line_trip
0.0,232.54,117.501,1.0,6.0,0.0,0.0,0.0,6.0,0.0,0.0,1.3618,0.123,0.0,0.0,0.0,0.0,0.0,0.9861,0.0139,-0.593,1.0,1228,1,Natural Fault,line_trip
0.0,231.027,117.415,1.0,6.0,0.0,0.0,0.0,6.0,0.0,0.0,1.3618,0.123,0.0,0.0,0.0,0.0,0.0,0.0,1.0,0.003,3.0,1228,2,Natural Fault,line_trip
0.0,230.33,117.303,1.0,6.0,0.0,0.0,0.0,6.0,0.0,0.0,1.3618,0.123,0.0,0.0,0.0,0.0,0.0,0.9827,0.0173,0.433,1.0,1228,3,Natural Fault,line_trip
0.0,229.188,117.614,1.0,6.0,0.0,0.0,0.0,6.0,0.0,0.0,1.3618,0.123,0.0,0.0,0.0,0.0,0.0,0.9835,0.0165,0.151,1.0,1228,4,Natural Fault,line_trip
0.0,228.532,117.688,1.0,6.0,0.0,0.0,0.0,6.0,0.0,0.0,1.3618,0.123,0.0,0.0,0.0,0.0,0.0,0.0,1.0,0.003,3.0,1228,5,Natural Fault,line_trip
0.0,239.322,111.671,1.0,6.0,0.0,0.0,0.0,6.0,0.0,0.0,1.6893,0.1526,0.0,0.0,0.0,0.0,0.0,0.9874,0.0126,-0.591,1.0,1229,1,Natural Fault,line_trip
0.0,237.782,111.605,1.0,6.0,0.0,0.0,0.0,6.0,0.0,0.0,1.6893,0.1526,0.0,0.0,0.0,0.0,0.0,0.0,1.0,-0.001,3.0,1229,2,Natural Fault,line_trip
0.0,237.093,111.493,1.0,6.0,0.0,0.0,0.0,6.0,0.0,0.0,1.6893,0.1526,0.0,0.0,0.0,0.0,0.0,0.9822,0.0178,0.433,1.0,1229,3,Natural Fault,line_trip
0.0,236.19,111.607,1.0,6.0,0.0,0.0,0.0,6.0,0.0,0.0,1.6893,0.1526,0.0,0.0,0.0,0.0,0.0,0.9844,0.0156,0.158,1.0,1229,4,Natural Fault,line_trip
0.0,235.568,111.66,1.0,6.0,0.0,0.0,0.0,6.0,0.0,0.0,1.6893,0.1526,0.0,0.0,0.0,0.0,0.0,0.0,1.0,0.002,3.0,1229,5,Natural Fault,line_trip
0.0,272.35,109.83,1.0,6.0,0.0,0.0,0.0,6.0,22.8387,0.0,627.3789,56.6712,1.0,3.7334,0.0,1.0,1.0,0.9754,0.0246,-1.04,1.0,1230,1,Normal,normal
0.0,270.833,109.873,1.0,6.0,0.0,0.0,0.0,6.0,22.8387,0.0,627.3789,56.6712,1.0,5.0183,0.0,1.0,1.0,0.9748,0.0252,0.437,1.0,1230,2,Normal,normal
0.0,270.167,109.822,1.0,6.0,0.0,0.0,0.0,6.0,22.8387,0.0,627.3789,56.6712,1.0,5.278,0.0,1.0,1.0,0.9768,0.0232,0.443,1.0,1230,3,Normal,normal
0.0,269.252,109.828,1.0,6.0,0.0,0.0,0.0,6.0,22.8387,1.0,627.3789,56.6712,1.0,22.8387,0.0,1.0,1.0,0.8937,0.1063,0.151,1.0,1230,4,Cyber Intrusion,data_injection
0.0,268.61,109.804,1.0,6.0,0.0,0.0,0.0,6.0,22.8387,0.0,627.3789,56.6712,1.0,4.1386,0.0,1.0,1.0,0.9706,0.0294,0.189,1.0,1230,5,Normal,normal
0.0,233.12,118.313,1.0,6.0,0.0,0.0,0.0,6.0,22.878,0.0,628.8566,56.8047,1.0,4.997,0.0,1.0,1.0,0.9794,0.0206,-1.047,1.0,1231,1,Normal,normal
0.0,231.677,118.28,1.0,6.0,0.0,0.0,0.0,6.0,22.878,0.0,628.8566,56.8047,1.0,4.1782,0.0,1.0,1.0,0.9725,0.0275,0.442,1.0,1231,2,Normal,normal
0.0,231.057,118.19,1.0,6.0,0.0,0.0,0.0,6.0,22.878,0.0,628.8566,56.8047,1.0,5.08,0.0,1.0,1.0,0.9764,0.0236,0.441,1.0,1231,3,Normal,normal
0.0,230.427,118.029,1.0,6.0,0.0,0.0,0.0,6.0,22.878,1.0,628.8566,56.8047,1.0,22.878,0.0,1.0,1.0,0.8937,0.1063,0.163,1.0,1231,4,Cyber Intrusion,data_injection
0.0,229.812,117.937,1.0,6.0,0.0,0.0,0.0,6.0,22.878,0.0,628.8566,56.8047,1.0,4.0737,0.0,1.0,1.0,0.9706,0.0294,0.191,1.0,1231,5,Normal,normal
0.0,246.252,109.849,1.0,6.0,0.0,0.0,0.0,6.0,22.9874,0.0,636.6008,57.5043,1.0,5.8399,0.0,1.0,1.0,0.9822,0.0178,-1.049,1.0,1232,1,Normal,normal
0.0,244.79,109.818,1.0,6.0,0.0,0.0,0.0,6.0,22.9874,0.0,636.6008,57.5043,1.0,3.6124,0.0,1.0,1.0,0.971,0.029,0.441,1.0,1232,2,Normal,normal
0.0,244.173,109.724,1.0,6.0,0.0,0.0,0.0,6.0,22.9874,0.0,636.6008,57.5043,1.0,4.5272,0.0,1.0,1.0,0.975,0.025,0.443,1.0,1232,3,Normal,normal
0.0,243.562,109.529,1.0,6.0,0.0,0.0,0.0,6.0,22.9874,1.0,636.6008,57.5043,1.0,22.9874,0.0,1.0,1.0,0.8937,0.1063,0.159,1.0,1232,4,Cyber Intrusion,data_injection
0.0,243.012,109.386,1.0,6.0,0.0,0.0,0.0,6.0,22.9874,0.0,636.6008,57.5043,1.0,4.6105,0.0,1.0,1.0,0.9724,0.0276,0.195,1.0,1232,5,Normal,normal
0.0,295.675,129.97,1.0,6.0,0.0,0.0,0.0,6.0,22.6171,0.0,614.2294,55.4834,1.0,4.0619,0.0,1.0,1.0,0.9758,0.0242,-1.048,1.0,1233,1,Normal,normal
0.0,294.125,129.835,1.0,6.0,0.0,0.0,0.0,6.0,22.6171,0.0,614.2294,55.4834,1.0,4.207,0.0,1.0,1.0,0.9717,0.0283,0.441,1.0,1233,2,Normal,normal
0.0,293.375,129.708,1.0,6.0,0.0,0.0,0.0,6.0,22.6171,0.0,614.2294,55.4834,1.0,4.7668,0.0,1.0,1.0,0.9747,0.0253,0.446,1.0,1233,3,Normal,normal
0.0,292.667,129.546,1.0,6.0,0.0,0.0,0.0,6.0,22.6171,1.0,614.2294,55.4834,1.0,22.6171,0.0,1.0,1.0,0.8937,0.1063,0.159,1.0,1233,4,Cyber Intrusion,data_injection
0.0,292.085,129.417,1.0,6.0,0.0,0.0,0.0,6.0,22.6171,0.0,614.2294,55.4834,1.0,4.8807,0.0,1.0,1.0,0.9721,0.0279,0.198,1.0,1233,5,Normal,normal
0.0,251.023,141.931,1.0,6.0,0.0,0.0,0.0,6.0,0.0,0.0,0.1913,0.0173,0.0,0.0,0.0,0.0,0.0,0.976,0.024,-1.068,1.0,1234,1,Normal,normal
0.0,249.572,141.745,1.0,6.0,0.0,0.0,0.0,6.0,0.0,0.0,0.1913,0.0173,0.0,0.0,0.0,0.0,0.0,0.9713,0.0287,0.452,1.0,1234,2,Normal,normal
0.0,248.822,141.594,1.0,6.0,0.0,0.0,0.0,6.0,0.0,0.0,0.1913,0.0173,0.0,0.0,0.0,0.0,0.0,0.9732,0.0268,0.454,1.0,1234,3,Normal,normal
0.0,248.19,141.433,1.0,6.0,0.0,0.0,0.0,6.0,0.0,0.0,0.1913,0.0173,0.0,0.0,0.0,0.0,0.0,0.9737,0.0263,0.166,1.0,1234,4,Cyber Intrusion,data_injection
0.0,247.58,141.359,1.0,6.0,0.0,0.0,0.0,6.0,0.0,0.0,0.1913,0.0173,0.0,0.0,0.0,0.0,0.0,0.9703,0.0297,0.196,1.0,1234,5,Normal,normal
0.0,250.712,142.203,1.0,6.0,0.0,0.0,0.0,6.0,0.0,0.0,2.4573,0.222,0.0,0.0,0.0,0.0,0.0,0.9752,0.0248,-1.069,1.0,1235,1,Normal,normal
0.0,249.168,142.098,1.0,6.0,0.0,0.0,0.0,6.0,0.0,0.0,2.4573,0.222,0.0,0.0,0.0,0.0,0.0,0.9687,0.0313,0.454,1.0,1235,2,Normal,normal
0.0,248.35,142.007,1.0,6.0,0.0,0.0,0.0,6.0,0.0,0.0,2.4573,0.222,0.0,0.0,0.0,0.0,0.0,0.9748,0.0252,0.456,1.0,1235,3,Normal,normal
0.0,247.7,141.862,1.0,6.0,0.0,0.0,0.0,6.0,0.0,0.0,2.4573,0.222,0.0,0.0,0.0,0.0,0.0,0.972,0.028,0.167,1.0,1235,4,Cyber Intrusion,data_injection
0.0,247.065,141.809,1.0,6.0,0.0,0.0,0.0,6.0,0.0,0.0,2.4573,0.222,0.0,0.0,0.0,0.0,0.0,0.9668,0.0332,0.193,1.0,1235,5,Normal,normal
0.0,188.945,90.809,1.0,6.0,0.0,0.0,0.0,6.0,0.0,0.0,1.6874,0.1524,0.0,0.0,0.0,0.0,0.0,0.9724,0.0276,-1.091,1.0,1236,1,Normal,normal
0.0,187.443,90.622,1.0,6.0,0.0,0.0,0.0,6.0,0.0,0.0,1.6874,0.1524,0.0,0.0,0.0,0.0,0.0,0.9701,0.0299,0.464,1.0,1236,2,Normal,normal
0.0,186.537,90.489,1.0,6.0,0.0,0.0,0.0,6.0,0.0,0.0,1.6874,0.1524,0.0,0.0,0.0,0.0,0.0,0.9698,0.0302,0.463,1.0,1236,3,Normal,normal
0.0,185.777,90.35,1.0,6.0,0.0,0.0,0.0,6.0,0.0,0.0,1.6874,0.1524,0.0,0.0,0.0,0.0,0.0,0.9739,0.0261,0.164,1.0,1236,4,Cyber Intrusion,data_injection
0.0,185.075,90.364,1.0,6.0,0.0,0.0,0.0,6.0,0.0,0.0,1.6874,0.1524,0.0,0.0,0.0,0.0,0.0,0.9698,0.0302,0.202,1.0,1236,5,Normal,normal
0.0,146.863,38.299,1.0,6.0,0.0,0.0,0.0,6.0,0.0,0.0,2.3346,0.2109,0.0,0.0,0.0,0.0,0.0,0.9771,0.0229,-1.1,1.0,1237,1,Normal,normal
0.0,145.383,38.356,1.0,6.0,0.0,0.0,0.0,6.0,0.0,0.0,2.3346,0.2109,0.0,0.0,0.0,0.0,0.0,0.9667,0.0333,0.464,1.0,1237,2,Normal,normal
0.0,144.495,38.483,1.0,6.0,0.0,0.0,0.0,6.0,0.0,0.0,2.3346,0.2109,0.0,0.0,0.0,0.0,0.0,0.9716,0.0284,0.467,1.0,1237,3,Normal,normal
0.0,143.788,38.439,1.0,6.0,0.0,0.0,0.0,6.0,0.0,0.0,2.3346,0.2109,0.0,0.0,0.0,0.0,0.0,0.9739,0.0261,0.172,1.0,1237,4,Normal,normal
0.0,143.058,38.499,1.0,6.0,0.0,0.0,0.0,6.0,0.0,0.0,2.3346,0.2109,0.0,0.0,0.0,0.0,0.0,0.9696,0.0304,0.206,1.0,1237,5,Normal,normal
0.0,147.57,39.449,1.0,6.0,0.0,0.0,0.0,6.0,0.0,0.0,2.2446,0.2028,0.0,0.0,0.0,0.0,0.0,0.9738,0.0262,-1.126,1.0,1238,1,Normal,normal
0.0,146.01,39.504,1.0,6.0,0.0,0.0,0.0,6.0,0.0,0.0,2.2446,0.2028,0.0,0.0,0.0,0.0,0.0,0.9679,0.0321,0.475,1.0,1238,2,Normal,normal
0.0,145.14,39.597,1.0,6.0,0.0,0.0,0.0,6.0,0.0,0.0,2.2446,0.2028,0.0,0.0,0.0,0.0,0.0,0.9735,0.0265,0.482,1.0,1238,3,Normal,normal
0.0,144.422,39.548,1.0,6.0,0.0,0.0,0.0,6.0,0.0,0.0,2.2446,0.2028,0.0,0.0,0.0,0.0,0.0,0.9757,0.0243,0.168,1.0,1238,4,Normal,normal
0.0,143.713,39.581,1.0,6.0,0.0,0.0,0.0,6.0,0.0,0.0,2.2446,0.2028,0.0,0.0,0.0,0.0,0.0,0.9674,0.0326,0.209,1.0,1238,5,Normal,normal
0.0,146.03,40.442,1.0,6.0,0.0,0.0,0.0,6.0,0.0,0.0,5.563,0.5025,0.0,0.0,0.0,0.0,0.0,0.9742,0.0258,-1.148,1.0,1239,1,Normal,normal
0.0,144.518,40.465,1.0,6.0,0.0,0.0,0.0,6.0,0.0,0.0,5.563,0.5025,0.0,0.0,0.0,0.0,0.0,0.9656,0.0344,0.489,1.0,1239,2,Normal,normal
0.0,143.718,40.509,1.0,6.0,0.0,0.0,0.0,6.0,0.0,0.0,5.563,0.5025,0.0,0.0,0.0,0.0,0.0,0.9747,0.0253,0.484,1.0,1239,3,Normal,normal
0.0,143.007,40.448,1.0,6.0,0.0,0.0,0.0,6.0,0.0,0.0,5.563,0.5025,0.0,0.0,0.0,0.0,0.0,0.9686,0.0314,0.177,1.0,1239,4,Normal,normal
0.0,142.328,40.453,1.0,6.0,0.0,0.0,0.0,6.0,0.0,0.0,5.563,0.5025,0.0,0.0,0.0,0.0,0.0,0.9704,0.0296,0.207,1.0,1239,5,Normal,normal
0.0,145.077,36.47,1.0,6.0,0.0,0.0,0.0,6.0,0.0,0.0,1.0257,0.0927,0.0,0.0,0.0,0.0,0.0,0.9749,0.0251,-1.184,1.0,1240,1,Normal,normal
0.0,143.498,36.478,1.0,6.0,0.0,0.0,0.0,6.0,0.0,0.0,1.0257,0.0927,0.0,0.0,0.0,0.0,0.0,0.9702,0.0298,0.505,1.0,1240,2,Normal,normal
0.0,142.718,36.479,1.0,6.0,0.0,0.0,0.0,6.0,0.0,0.0,1.0257,0.0927,0.0,0.0,0.0,0.0,0.0,0.9691,0.0309,0.502,1.0,1240,3,Normal,normal
0.0,141.938,36.493,1.0,6.0,0.0,0.0,0.0,6.0,0.0,0.0,1.0257,0.0927,0.0,0.0,0.0,0.0,0.0,0.9695,0.0305,0.176,1.0,1240,4,Normal,normal
0.0,141.29,36.505,1.0,6.0,0.0,0.0,0.0,6.0,0.0,0.0,1.0257,0.0927,0.0,0.0,0.0,0.0,0.0,0.9672,0.0328,0.222,1.0,1240,5,Normal,normal
0.0,152.605,35.626,1.0,6.0,0.0,0.0,0.0,6.0,0.0,0.0,0.7815,0.0706,0.0,0.0,0.0,0.0,0.0,0.9721,0.0279,-1.226,1.0,1241,1,Normal,normal
0.0,151.03,35.579,1.0,6.0,0.0,0.0,0.0,6.0,0.0,0.0,0.7815,0.0706,0.0,0.0,0.0,0.0,0.0,0.9664,0.0336,0.518,1.0,1241,2,Normal,normal
0.0,150.167,35.456,1.0,6.0,0.0,0.0,0.0,6.0,0.0,0.0,0.7815,0.0706,0.0,0.0,0.0,0.0,0.0,0.9693,0.0307,0.519,1.0,1241,3,Normal,normal
0.0,149.343,35.465,1.0,6.0,0.0,0.0,0.0,6.0,0.0,0.0,0.7815,0.0706,0.0,0.0,0.0,0.0,0.0,0.97,0.03,0.185,1.0,1241,4,Normal,normal
0.0,148.698,35.43,1.0,6.0,0.0,0.0,0.0,6.0,0.0,0.0,0.7815,0.0706,0.0,0.0,0.0,0.0,0.0,0.9678,0.0322,0.231,1.0,1241,5,Normal,normal
0.0,205.715,78.248,1.0,6.0,0.0,0.0,0.0,6.0,0.0,0.0,1.6229,0.1466,0.0,0.0,0.0,0.0,0.0,0.9695,0.0305,-1.25,1.0,1242,1,Normal,normal
0.0,204.152,78.291,1.0,6.0,0.0,0.0,0.0,6.0,0.0,0.0,1.6229,0.1466,0.0,0.0,0.0,0.0,0.0,0.9687,0.0313,0.529,1.0,1242,2,Normal,normal
0.0,203.215,78.343,1.0,6.0,0.0,0.0,0.0,6.0,0.0,0.0,1.6229,0.1466,0.0,0.0,0.0,0.0,0.0,0.9691,0.0309,0.524,1.0,1242,3,Normal,normal
0.0,202.305,78.431,1.0,6.0,0.0,0.0,0.0,6.0,0.0,0.0,1.6229,0.1466,0.0,0.0,0.0,0.0,0.0,0.9717,0.0283,0.193,1.0,1242,4,Normal,normal
0.0,201.675,78.422,1.0,6.0,0.0,0.0,0.0,6.0,0.0,0.0,1.6229,0.1466,0.0,0.0,0.0,0.0,0.0,0.9649,0.0351,0.235,1.0,1242,5,Normal,normal
0.0,199.365,80.14,1.0,6.0,0.0,0.0,0.0,6.0,0.0,0.0,6.1057,0.5515,0.0,0.0,0.0,0.0,0.0,0.97,0.03,-1.292,1.0,1243,1,Normal,normal
0.0,197.855,80.136,1.0,6.0,0.0,0.0,0.0,6.0,0.0,0.0,6.1057,0.5515,0.0,0.0,0.0,0.0,0.0,0.9647,0.0353,0.549,1.0,1243,2,Normal,normal
0.0,196.925,80.189,1.0,6.0,0.0,0.0,0.0,6.0,0.0,0.0,6.1057,0.5515,0.0,0.0,0.0,0.0,0.0,0.9723,0.0277,0.55,1.0,1243,3,Normal,normal
0.0,196.147,80.189,1.0,6.0,0.0,0.0,0.0,6.0,0.0,0.0,6.1057,0.5515,0.0,0.0,0.0,0.0,0.0,0.9636,0.0364,0.194,1.0,1243,4,Normal,normal
0.0,195.475,80.202,1.0,6.0,0.0,0.0,0.0,6.0,0.0,0.0,6.1057,0.5515,0.0,0.0,0.0,0.0,0.0,0.9645,0.0355,0.24,1.0,1243,5,Normal,normal
0.0,198.305,81.141,1.0,6.0,0.0,0.0,0.0,6.0,0.0,0.0,0.7514,0.0679,0.0,0.0,0.0,0.0,0.0,0.9687,0.0313,-1.316,1.0,1244,1,Normal,normal
0.0,196.65,81.28,1.0,6.0,0.0,0.0,0.0,6.0,0.0,0.0,0.7514,0.0679,0.0,0.0,0.0,0.0,0.0,0.964,0.036,0.563,1.0,1244,2,Normal,normal
0.0,195.703,81.349,1.0,6.0,0.0,0.0,0.0,6.0,0.0,0.0,0.7514,0.0679,0.0,0.0,0.0,0.0,0.0,0.9676,0.0324,0.56,1.0,1244,3,Normal,normal
0.0,195.097,81.191,1.0,6.0,0.0,0.0,0.0,6.0,0.0,0.0,0.7514,0.0679,0.0,0.0,0.0,0.0,0.0,0.9662,0.0338,0.204,1.0,1244,4,Normal,normal
0.0,194.46,81.169,1.0,6.0,0.0,0.0,0.0,6.0,0.0,0.0,0.7514,0.0679,0.0,0.0,0.0,0.0,0.0,0.9627,0.0373,0.253,1.0,1244,5,Normal,normal
0.0,232.452,160.576,1.0,6.0,0.0,0.0,0.0,6.0,0.0,0.0,1.5242,0.1377,0.0,0.0,0.0,0.0,0.0,0.9693,0.0307,-1.358,1.0,1245,1,Normal,normal
0.0,230.837,160.665,1.0,6.0,0.0,0.0,0.0,6.0,0.0,0.0,1.5242,0.1377,0.0,0.0,0.0,0.0,0.0,0.9626,0.0374,0.577,1.0,1245,2,Normal,normal
0.0,229.987,160.514,1.0,6.0,0.0,0.0,0.0,6.0,0.0,0.0,1.5242,0.1377,0.0,0.0,0.0,0.0,0.0,0.9663,0.0337,0.582,1.0,1245,3,Normal,normal
0.0,229.417,160.276,1.0,6.0,0.0,0.0,0.0,6.0,0.0,0.0,1.5242,0.1377,0.0,0.0,0.0,0.0,0.0,0.9683,0.0317,0.209,1.0,1245,4,Normal,normal
0.0,228.742,160.109,1.0,6.0,0.0,0.0,0.0,6.0,0.0,0.0,1.5242,0.1377,0.0,0.0,0.0,0.0,0.0,0.9585,0.0415,0.255,1.0,1245,5,Normal,normal
0.0,205.283,161.553,1.0,6.0,0.0,0.0,0.0,6.0,0.0,0.0,0.9606,0.0868,0.0,0.0,0.0,0.0,0.0,0.969,0.031,-1.403,1.0,1246,1,Normal,normal
0.0,203.622,161.627,1.0,6.0,0.0,0.0,0.0,6.0,0.0,0.0,0.9606,0.0868,0.0,0.0,0.0,0.0,0.0,0.9633,0.0367,0.609,1.0,1246,2,Normal,normal
0.0,202.792,161.483,1.0,6.0,0.0,0.0,0.0,6.0,0.0,0.0,0.9606,0.0868,0.0,0.0,0.0,0.0,0.0,0.9623,0.0377,0.598,1.0,1246,3,Normal,normal
0.0,202.32,161.294,1.0,6.0,0.0,0.0,0.0,6.0,0.0,0.0,0.9606,0.0868,0.0,0.0,0.0,0.0,0.0,0.9636,0.0364,0.222,1.0,1246,4,Normal,normal
0.0,201.757,161.111,1.0,6.0,0.0,0.0,0.0,6.0,0.0,0.0,0.9606,0.0868,0.0,0.0,0.0,0.0,0.0,0.9598,0.0402,0.263,1.0,1246,5,Normal,normal
0.0,209.108,159.502,1.0,6.0,0.0,0.0,0.0,6.0,0.0,0.0,0.8884,0.0802,0.0,0.0,0.0,0.0,0.0,0.9679,0.0321,-1.45,1.0,1247,1,Normal,normal
0.0,207.382,159.621,1.0,6.0,0.0,0.0,0.0,6.0,0.0,0.0,0.8884,0.0802,0.0,0.0,0.0,0.0,0.0,0.9607,0.0393,0.617,1.0,1247,2,Normal,normal
0.0,206.53,159.489,1.0,6.0,0.0,0.0,0.0,6.0,0.0,0.0,0.8884,0.0802,0.0,0.0,0.0,0.0,0.0,0.9617,0.0383,0.615,1.0,1247,3,Normal,normal
0.0,205.997,159.335,1.0,6.0,0.0,0.0,0.0,6.0,0.0,0.0,0.8884,0.0802,0.0,0.0,0.0,0.0,0.0,0.9671,0.0329,0.22,1.0,1247,4,Normal,normal
0.0,205.432,159.155,1.0,6.0,0.0,0.0,0.0,6.0,0.0,0.0,0.8884,0.0802,0.0,0.0,0.0,0.0,0.0,0.9588,0.0412,0.278,1.0,1247,5,Normal,normal
0.0,231.55,127.222,1.0,6.0,0.0,0.0,0.0,6.0,31.8885,0.0,1220.749,110.2704,1.0,6.5853,0.0,1.0,1.0,0.9685,0.0315,-1.468,1.0,1248,1,Normal,normal
0.0,230.167,127.475,1.0,6.0,0.0,0.0,0.0,6.0,31.8885,0.0,1220.749,110.2704,1.0,5.5465,0.0,1.0,1.0,0.9589,0.0411,0.627,1.0,1248,2,Normal,normal
0.0,229.457,127.501,1.0,6.0,0.0,0.0,0.0,6.0,31.8885,0.0,1220.749,110.2704,1.0,6.4808,0.0,1.0,1.0,0.9635,0.0365,0.632,1.0,1248,3,Normal,normal
0.0,228.837,127.267,1.0,6.0,0.0,0.0,0.0,6.0,31.8885,1.0,1220.749,110.2704,1.0,31.8885,0.0,1.0,1.0,0.8501,0.1499,0.224,1.0,1248,4,Cyber Intrusion,data_injection
0.0,228.215,127.089,1.0,6.0,0.0,0.0,0.0,6.0,31.8885,0.0,1220.749,110.2704,1.0,6.8694,0.0,1.0,1.0,0.9606,0.0394,0.273,1.0,1248,5,Normal,normal
0.0,233.403,127.122,1.0,6.0,0.0,0.0,0.0,6.0,31.6517,0.0,1202.7822,108.6475,1.0,6.1859,0.0,1.0,1.0,0.9667,0.0333,-1.507,1.0,1249,1,Normal,normal
0.0,232.128,127.366,1.0,6.0,0.0,0.0,0.0,6.0,31.6517,0.0,1202.7822,108.6475,1.0,6.8019,0.0,1.0,1.0,0.9619,0.0381,0.648,1.0,1249,2,Normal,normal
0.0,231.4,127.466,1.0,6.0,0.0,0.0,0.0,6.0,31.6517,0.0,1202.7822,108.6475,1.0,5.5357,0.0,1.0,1.0,0.96,0.04,0.64,1.0,1249,3,Normal,normal
0.0,230.677,127.34,1.0,6.0,0.0,0.0,0.0,6.0,31.6517,1.0,1202.7822,108.6475,1.0,31.6517,0.0,1.0,1.0,0.8501,0.1499,0.231,1.0,1249,4,Cyber Intrusion,data_injection
0.0,230.035,127.175,1.0,6.0,0.0,0.0,0.0,6.0,31.6517,0.0,1202.7822,108.6475,1.0,6.8164,0.0,1.0,1.0,0.9596,0.0404,0.28,1.0,1249,5,Normal,normal
0.0,238.357,122.905,1.0,6.0,0.0,0.0,0.0,6.0,31.1227,0.0,1163.6129,105.1093,1.0,5.5246,0.0,1.0,1.0,0.9632,0.0368,-1.537,1.0,1250,1,Normal,normal
0.0,237.057,123.175,1.0,6.0,0.0,0.0,0.0,6.0,31.1227,0.0,1163.6129,105.1093,1.0,5.4299,0.0,1.0,1.0,0.9561,0.0439,0.651,1.0,1250,2,Normal,normal
0.0,236.355,123.265,1.0,6.0,0.0,0.0,0.0,6.0,31.1227,0.0,1163.6129,105.1093,1.0,6.7203,0.0,1.0,1.0,0.9619,0.0381,0.654,1.0,1250,3,Normal,normal
0.0,235.647,123.137,1.0,6.0,0.0,0.0,0.0,6.0,31.1227,1.0,1163.6129,105.1093,1.0,31.1227,0.0,1.0,1.0,0.8501,0.1499,0.235,1.0,1250,4,Cyber Intrusion,data_injection
0.0,235.025,122.958,1.0,6.0,0.0,0.0,0.0,6.0,31.1227,0.0,1163.6129,105.1093,1.0,6.8296,0.0,1.0,1.0,0.9579,0.0421,0.286,1.0,1250,5,Normal,normal
0.0,265.982,111.135,1.0,6.0,0.0,0.0,0.0,6.0,0.0,0.0,1.9583,0.1769,0.0,0.0,0.0,0.0,0.0,0.9699,0.0301,-1.542,1.0,1251,1,Normal,normal
0.0,264.715,111.357,1.0,6.0,0.0,0.0,0.0,6.0,0.0,0.0,1.9583,0.1769,0.0,0.0,0.0,0.0,0.0,0.9581,0.0419,0.652,1.0,1251,2,Normal,normal
0.0,264.018,111.431,1.0,6.0,0.0,0.0,0.0,6.0,0.0,0.0,1.9583,0.1769,0.0,0.0,0.0,0.0,0.0,0.9633,0.0367,0.655,1.0,1251,3,Normal,normal
0.0,263.387,111.449,1.0,6.0,0.0,0.0,0.0,6.0,0.0,0.0,1.9583,0.1769,0.0,0.0,0.0,0.0,0.0,0.9632,0.0368,0.233,1.0,1251,4,Cyber Intrusion,data_injection
0.0,262.788,111.378,1.0,6.0,0.0,0.0,0.0,6.0,0.0,0.0,1.9583,0.1769,0.0,0.0,0.0,0.0,0.0,0.9567,0.0433,0.291,1.0,1251,5,Normal,normal
0.0,218.408,100.966,1.0,6.0,0.0,0.0,0.0,6.0,0.0,0.0,0.833,0.0752,0.0,0.0,0.0,0.0,0.0,0.9643,0.0357,-1.55,1.0,1252,1,Normal,normal
0.0,217.0,101.063,1.0,6.0,0.0,0.0,0.0,6.0,0.0,0.0,0.833,0.0752,0.0,0.0,0.0,0.0,0.0,0.9559,0.0441,0.654,1.0,1252,2,Normal,normal
0.0,216.203,101.068,1.0,6.0,0.0,0.0,0.0,6.0,0.0,0.0,0.833,0.0752,0.0,0.0,0.0,0.0,0.0,0.9609,0.0391,0.658,1.0,1252,3,Normal,normal
0.0,215.552,101.092,1.0,6.0,0.0,0.0,0.0,6.0,0.0,0.0,0.833,0.0752,0.0,0.0,0.0,0.0,0.0,0.9607,0.0393,0.236,1.0,1252,4,Cyber Intrusion,data_injection
0.0,214.928,101.087,1.0,6.0,0.0,0.0,0.0,6.0,0.0,0.0,0.833,0.0752,0.0,0.0,0.0,0.0,0.0,0.9562,0.0438,0.284,1.0,1252,5,Normal,normal
0.0,224.11,96.211,1.0,6.0,0.0,0.0,0.0,6.0,0.0,0.0,2.4594,0.2222,0.0,0.0,0.0,0.0,0.0,0.9638,0.0362,-1.563,1.0,1253,1,Normal,normal
0.0,222.633,96.353,1.0,6.0,0.0,0.0,0.0,6.0,0.0,0.0,2.4594,0.2222,0.0,0.0,0.0,0.0,0.0,0.9608,0.0392,0.659,1.0,1253,2,Normal,normal
0.0,221.878,96.308,1.0,6.0,0.0,0.0,0.0,6.0,0.0,0.0,2.4594,0.2222,0.0,0.0,0.0,0.0,0.0,0.9589,0.0411,0.659,1.0,1253,3,Normal,normal
0.0,221.305,96.252,1.0,6.0,0.0,0.0,0.0,6.0,0.0,0.0,2.4594,0.2222,0.0,0.0,0.0,0.0,0.0,0.9609,0.0391,0.248,1.0,1253,4,Cyber Intrusion,data_injection
0.0,220.697,96.237,1.0,6.0,0.0,0.0,0.0,6.0,0.0,0.0,2.4594,0.2222,0.0,0.0,0.0,0.0,0.0,0.9596,0.0404,0.293,1.0,1253,5,Normal,normal
0.0,197.04,97.565,1.0,5.0,0.0,0.0,0.0,5.0,0.0,0.0,4.0023,0.3615,0.0,0.0,0.0,0.0,0.0,0.9678,0.0322,-1.551,1.0,1254,1,Normal,normal
0.0,216.938,101.126,1.0,6.0,0.0,0.0,0.0,6.0,0.0,0.0,4.0023,0.3615,0.0,0.0,0.0,0.0,0.0,0.9626,0.0374,0.658,1.0,1254,2,Normal,normal
0.0,216.143,101.04,1.0,6.0,0.0,0.0,0.0,6.0,0.0,0.0,4.0023,0.3615,0.0,0.0,0.0,0.0,0.0,0.9585,0.0415,0.666,1.0,1254,3,Normal,normal
0.0,215.558,100.99,1.0,6.0,0.0,0.0,0.0,6.0,0.0,0.0,4.0023,0.3615,0.0,0.0,0.0,0.0,0.0,0.9606,0.0394,0.227,1.0,1254,4,Normal,normal
1.0,223.864,95.935,2.0,6.0,1.0,0.0,0.0,7.0,0.0,0.0,4.0023,0.3615,0.0,0.0,0.0,0.0,0.0,0.9536,0.0464,0.287,1.0,1254,5,Cyber Intrusion,command_injection
0.0,193.574,97.726,1.0,5.0,0.0,0.0,0.0,5.0,0.0,0.0,1.1233,0.1015,0.0,0.0,0.0,0.0,0.0,0.9654,0.0346,-1.535,1.0,1255,1,Normal,normal
0.0,180.367,93.006,1.0,6.0,0.0,0.0,0.0,6.0,0.0,0.0,1.1233,0.1015,0.0,0.0,0.0,0.0,0.0,0.9586,0.0414,0.654,1.0,1255,2,Normal,normal
0.0,179.565,92.871,1.0,6.0,0.0,0.0,0.0,6.0,0.0,0.0,1.1233,0.1015,0.0,0.0,0.0,0.0,0.0,0.9583,0.0417,0.648,1.0,1255,3,Normal,normal
0.0,178.897,92.768,1.0,6.0,0.0,0.0,0.0,6.0,0.0,0.0,1.1233,0.1015,0.0,0.0,0.0,0.0,0.0,0.9635,0.0365,0.238,1.0,1255,4,Normal,normal
1.0,192.449,92.57,2.0,6.0,1.0,0.0,0.0,7.0,0.0,0.0,1.1233,0.1015,0.0,0.0,0.0,0.0,0.0,0.9582,0.0418,0.288,1.0,1255,5,Cyber Intrusion,command_injection
0.0,191.612,98.553,1.0,5.0,0.0,0.0,0.0,5.0,0.0,0.0,0.1417,0.0128,0.0,0.0,0.0,0.0,0.0,0.9662,0.0338,-1.515,1.0,1256,1,Normal,normal
0.0,184.273,90.908,1.0,6.0,0.0,0.0,0.0,6.0,0.0,0.0,0.1417,0.0128,0.0,0.0,0.0,0.0,0.0,0.96,0.04,0.646,1.0,1256,2,Normal,normal
0.0,183.425,90.791,1.0,6.0,0.0,0.0,0.0,6.0,0.0,0.0,0.1417,0.0128,0.0,0.0,0.0,0.0,0.0,0.9606,0.0394,0.648,1.0,1256,3,Normal,normal
0.0,182.737,90.696,1.0,6.0,0.0,0.0,0.0,6.0,0.0,0.0,0.1417,0.0128,0.0,0.0,0.0,0.0,0.0,0.9633,0.0367,0.235,1.0,1256,4,Normal,normal
1.0,195.79,90.248,2.0,6.0,1.0,0.0,0.0,7.0,0.0,0.0,0.1417,0.0128,0.0,0.0,0.0,0.0,0.0,0.9568,0.0432,0.285,1.0,1256,5,Cyber Intrusion,command_injection
0.0,198.212,84.05,1.0,6.0,0.0,0.0,0.0,6.0,0.0,0.0,2.6779,0.2419,0.0,0.0,0.0,0.0,0.0,0.9614,0.0386,-1.501,1.0,1257,1,Normal,normal
0.0,196.927,84.025,1.0,6.0,0.0,0.0,0.0,6.0,0.0,0.0,2.6779,0.2419,0.0,0.0,0.0,0.0,0.0,0.9594,0.0406,0.632,1.0,1257,2,Normal,normal
0.0,196.098,83.946,1.0,6.0,0.0,0.0,0.0,6.0,0.0,0.0,2.6779,0.2419,0.0,0.0,0.0,0.0,0.0,0.9618,0.0382,0.638,1.0,1257,3,Normal,normal
0.0,195.427,83.888,1.0,6.0,0.0,0.0,0.0,6.0,0.0,0.0,2.6779,0.2419,0.0,0.0,0.0,0.0,0.0,0.9645,0.0355,0.227,1.0,1257,4,Normal,normal
0.0,194.905,83.873,1.0,6.0,0.0,0.0,0.0,6.0,0.0,0.0,2.6779,0.2419,0.0,0.0,0.0,0.0,0.0,0.9564,0.0436,0.273,1.0,1257,5,Cyber Intrusion,command_injection
0.0,202.583,80.007,1.0,6.0,0.0,0.0,0.0,6.0,0.0,0.0,2.5669,0.2319,0.0,0.0,0.0,0.0,0.0,0.9682,0.0318,-1.459,1.0,1258,1,Normal,normal
0.0,201.342,79.945,1.0,6.0,0.0,0.0,0.0,6.0,0.0,0.0,2.5669,0.2319,0.0,0.0,0.0,0.0,0.0,0.9566,0.0434,0.617,1.0,1258,2,Normal,normal
0.0,200.442,79.939,1.0,6.0,0.0,0.0,0.0,6.0,0.0,0.0,2.5669,0.2319,0.0,0.0,0.0,0.0,0.0,0.9629,0.0371,0.618,1.0,1258,3,Normal,normal
0.0,199.745,79.914,1.0,6.0,0.0,0.0,0.0,6.0,0.0,0.0,2.5669,0.2319,0.0,0.0,0.0,0.0,0.0,0.9649,0.0351,0.219,1.0,1258,4,Normal,normal
0.0,199.18,79.946,1.0,6.0,0.0,0.0,0.0,6.0,0.0,0.0,2.5669,0.2319,0.0,0.0,0.0,0.0,0.0,0.9563,0.0437,0.272,1.0,1258,5,Cyber Intrusion,command_injection
0.0,287.122,115.084,1.0,6.0,0.0,0.0,0.0,6.0,0.0,0.0,3.1457,0.2842,0.0,0.0,0.0,0.0,0.0,0.9695,0.0305,-1.436,1.0,1259,1,Normal,normal
0.0,285.797,115.112,1.0,6.0,0.0,0.0,0.0,6.0,0.0,0.0,3.1457,0.2842,0.0,0.0,0.0,0.0,0.0,0.9612,0.0388,0.61,1.0,1259,2,Normal,normal
0.0,284.953,115.276,1.0,6.0,0.0,0.0,0.0,6.0,0.0,0.0,3.1457,0.2842,0.0,0.0,0.0,0.0,0.0,0.9621,0.0379,0.608,1.0,1259,3,Normal,normal
0.0,284.303,115.274,1.0,6.0,0.0,0.0,0.0,6.0,0.0,0.0,3.1457,0.2842,0.0,0.0,0.0,0.0,0.0,0.9598,0.0402,0.221,1.0,1259,4,Normal,normal
0.0,283.598,115.068,1.0,6.0,0.0,0.0,0.0,6.0,0.0,0.0,3.1457,0.2842,0.0,0.0,0.0,0.0,0.0,0.9583,0.0417,0.264,1.0,1259,5,Cyber Intrusion,command_injection
0.0,263.672,118.884,1.0,6.0,0.0,0.0,0.0,6.0,0.0,0.0,1.1835,0.1069,0.0,0.0,0.0,0.0,0.0,0.9718,0.0282,-1.383,1.0,1260,1,Normal,normal
0.0,262.508,118.796,1.0,6.0,0.0,0.0,0.0,6.0,0.0,0.0,1.1835,0.1069,0.0,0.0,0.0,0.0,0.0,0.9631,0.0369,0.59,1.0,1260,2,Normal,normal
0.0,261.702,118.968,1.0,6.0,0.0,0.0,0.0,6.0,0.0,0.0,1.1835,0.1069,0.0,0.0,0.0,0.0,0.0,0.9671,0.0329,0.589,1.0,1260,3,Normal,normal
0.0,261.115,118.92,1.0,6.0,0.0,0.0,0.0,6.0,0.0,0.0,1.1835,0.1069,0.0,0.0,0.0,0.0,0.0,0.9662,0.0338,0.203,1.0,1260,4,Normal,normal
0.0,260.375,118.684,1.0,6.0,0.0,0.0,0.0,6.0,0.0,0.0,1.1835,0.1069,0.0,0.0,0.0,0.0,0.0,0.9601,0.0399,0.256,1.0,1260,5,Cyber Intrusion,command_injection
0.0,243.698,126.906,1.0,6.0,0.0,0.0,0.0,6.0,0.0,0.0,0.2667,0.0241,0.0,0.0,0.0,0.0,0.0,0.9706,0.0294,-1.331,1.0,1261,1,Normal,normal
0.0,242.472,126.864,1.0,6.0,0.0,0.0,0.0,6.0,0.0,0.0,0.2667,0.0241,0.0,0.0,0.0,0.0,0.0,0.9664,0.0336,0.563,1.0,1261,2,Normal,normal
0.0,241.6,127.1,1.0,6.0,0.0,0.0,0.0,6.0,0.0,0.0,0.2667,0.0241,0.0,0.0,0.0,0.0,0.0,0.9677,0.0323,0.562,1.0,1261,3,Normal,normal
0.0,240.947,127.105,1.0,6.0,0.0,0.0,0.0,6.0,0.0,0.0,0.2667,0.0241,0.0,0.0,0.0,0.0,0.0,0.9689,0.0311,0.204,1.0,1261,4,Normal,normal
0.0,240.217,126.846,1.0,6.0,0.0,0.0,0.0,6.0,0.0,0.0,0.2667,0.0241,0.0,0.0,0.0,0.0,0.0,0.9626,0.0374,0.245,1.0,1261,5,Cyber Intrusion,command_injection
0.0,292.262,137.579,1.0,6.0,0.0,0.0,0.0,6.0,0.0,0.0,2.16,0.1951,0.0,0.0,0.0,0.0,0.0,0.9677,0.0323,-1.293,1.0,1262,1,Normal,normal
0.0,290.985,137.545,1.0,6.0,0.0,0.0,0.0,6.0,0.0,0.0,2.16,0.1951,0.0,0.0,0.0,0.0,0.0,0.9652,0.0348,0.55,1.0,1262,2,Normal,normal
0.0,290.062,137.633,1.0,6.0,0.0,0.0,0.0,6.0,0.0,0.0,2.16,0.1951,0.0,0.0,0.0,0.0,0.0,0.9682,0.0318,0.55,1.0,1262,3,Normal,normal
0.0,289.393,137.646,1.0,6.0,0.0,0.0,0.0,6.0,0.0,0.0,2.16,0.1951,0.0,0.0,0.0,0.0,0.0,0.9686,0.0314,0.195,1.0,1262,4,Normal,normal
0.0,288.758,137.584,1.0,6.0,0.0,0.0,0.0,6.0,0.0,0.0,2.16,0.1951,0.0,0.0,0.0,0.0,0.0,0.9603,0.0397,0.24,1.0,1262,5,Cyber Intrusion,command_injection
0.0,242.107,142.113,1.0,6.0,0.0,0.0,0.0,6.0,0.0,0.0,1.9951,0.1802,0.0,0.0,0.0,0.0,0.0,0.9747,0.0253,-1.247,1.0,1263,1,Normal,normal
0.0,240.937,142.183,1.0,6.0,0.0,0.0,0.0,6.0,0.0,0.0,1.9951,0.1802,0.0,0.0,0.0,0.0,0.0,0.9663,0.0337,0.52,1.0,1263,2,Normal,normal
0.0,240.017,142.186,1.0,6.0,0.0,0.0,0.0,6.0,0.0,0.0,1.9951,0.1802,0.0,0.0,0.0,0.0,0.0,0.9662,0.0338,0.525,1.0,1263,3,Normal,normal
0.0,239.445,142.222,1.0,6.0,0.0,0.0,0.0,6.0,0.0,0.0,1.9951,0.1802,0.0,0.0,0.0,0.0,0.0,0.9678,0.0322,0.194,1.0,1263,4,Normal,normal
0.0,238.893,142.114,1.0,6.0,0.0,0.0,0.0,6.0,0.0,0.0,1.9951,0.1802,0.0,0.0,0.0,0.0,0.0,0.9664,0.0336,0.227,1.0,1263,5,Cyber Intrusion,command_injection
0.0,245.97,138.953,1.0,6.0,0.0,0.0,0.0,6.0,0.0,0.0,3.3286,0.3007,0.0,0.0,0.0,0.0,0.0,0.9745,0.0255,-1.176,1.0,1264,1,Normal,normal
0.0,244.803,139.026,1.0,6.0,0.0,0.0,0.0,6.0,0.0,0.0,3.3286,0.3007,0.0,0.0,0.0,0.0,0.0,0.9657,0.0343,0.499,1.0,1264,2,Normal,normal
0.0,243.962,138.965,1.0,6.0,0.0,0.0,0.0,6.0,0.0,0.0,3.3286,0.3007,0.0,0.0,0.0,0.0,0.0,0.9731,0.0269,0.502,1.0,1264,3,Normal,normal
0.0,243.352,139.033,1.0,6.0,0.0,0.0,0.0,6.0,0.0,0.0,3.3286,0.3007,0.0,0.0,0.0,0.0,0.0,0.9746,0.0254,0.18,1.0,1264,4,Normal,normal
0.0,242.75,138.963,1.0,6.0,0.0,0.0,0.0,6.0,0.0,0.0,3.3286,0.3007,0.0,0.0,0.0,0.0,0.0,0.9652,0.0348,0.215,1.0,1264,5,Cyber Intrusion,command_injection
0.0,266.58,113.789,1.0,6.0,0.0,0.0,0.0,6.0,0.0,0.0,1.4565,0.1316,0.0,0.0,0.0,0.0,0.0,0.9771,0.0229,-1.157,1.0,1265,1,Normal,normal
0.0,265.437,113.767,1.0,6.0,0.0,0.0,0.0,6.0,0.0,0.0,1.4565,0.1316,0.0,0.0,0.0,0.0,0.0,0.9704,0.0296,0.492,1.0,1265,2,Normal,normal
0.0,264.833,113.819,1.0,6.0,0.0,0.0,0.0,6.0,0.0,0.0,1.4565,0.1316,0.0,0.0,0.0,0.0,0.0,0.9697,0.0303,0.489,1.0,1265,3,Normal,normal
0.0,264.325,113.876,1.0,6.0,0.0,0.0,0.0,6.0,0.0,0.0,1.4565,0.1316,0.0,0.0,0.0,0.0,0.0,0.971,0.029,0.176,1.0,1265,4,Normal,normal
0.0,263.712,113.825,1.0,6.0,0.0,0.0,0.0,6.0,0.0,0.0,1.4565,0.1316,0.0,0.0,0.0,0.0,0.0,0.9664,0.0336,0.218,1.0,1265,5,Cyber Intrusion,command_injection
0.0,221.332,115.412,1.0,6.0,0.0,0.0,0.0,6.0,0.0,0.0,1.4385,0.1299,0.0,0.0,0.0,0.0,0.0,0.9734,0.0266,-1.098,1.0,1266,1,Normal,normal
0.0,220.332,115.277,1.0,6.0,0.0,0.0,0.0,6.0,0.0,0.0,1.4385,0.1299,0.0,0.0,0.0,0.0,0.0,0.9697,0.0303,0.474,1.0,1266,2,Normal,normal
0.0,219.783,115.273,1.0,6.0,0.0,0.0,0.0,6.0,0.0,0.0,1.4385,0.1299,0.0,0.0,0.0,0.0,0.0,0.9714,0.0286,0.47,1.0,1266,3,Normal,normal
0.0,219.32,115.283,1.0,6.0,0.0,0.0,0.0,6.0,0.0,0.0,1.4385,0.1299,0.0,0.0,0.0,0.0,0.0,0.971,0.029,0.176,1.0,1266,4,Cyber Intrusion,replay
0.0,218.743,115.278,1.0,6.0,0.0,0.0,0.0,6.0,0.0,0.0,1.4385,0.1299,0.0,0.0,0.0,0.0,0.0,0.9709,0.0291,0.205,1.0,1266,5,Normal,normal
0.0,227.383,110.836,1.0,6.0,0.0,0.0,0.0,6.0,0.0,0.0,3.1427,0.2839,0.0,0.0,0.0,0.0,0.0,0.9759,0.0241,-1.055,1.0,1267,1,Normal,normal
0.0,226.232,110.798,1.0,6.0,0.0,0.0,0.0,6.0,0.0,0.0,3.1427,0.2839,0.0,0.0,0.0,0.0,0.0,0.9758,0.0242,0.451,1.0,1267,2,Normal,normal
0.0,225.645,110.818,1.0,6.0,0.0,0.0,0.0,6.0,0.0,0.0,3.1427,0.2839,0.0,0.0,0.0,0.0,0.0,0.974,0.026,0.45,1.0,1267,3,Normal,normal
0.0,225.065,110.91,1.0,6.0,0.0,0.0,0.0,6.0,0.0,0.0,3.1427,0.2839,0.0,0.0,0.0,0.0,0.0,0.971,0.029,0.176,1.0,1267,4,Cyber Intrusion,replay
0.0,224.397,110.972,1.0,6.0,0.0,0.0,0.0,6.0,0.0,0.0,3.1427,0.2839,0.0,0.0,0.0,0.0,0.0,0.9691,0.0309,0.201,1.0,1267,5,Normal,normal
0.0,295.608,148.535,1.0,6.0,0.0,0.0,0.0,6.0,0.0,0.0,1.6417,0.1483,0.0,0.0,0.0,0.0,0.0,0.9751,0.0249,-1.031,1.0,1268,1,Normal,normal
0.0,294.38,148.468,1.0,6.0,0.0,0.0,0.0,6.0,0.0,0.0,1.6417,0.1483,0.0,0.0,0.0,0.0,0.0,0.9728,0.0272,0.443,1.0,1268,2,Normal,normal
0.0,293.765,148.407,1.0,6.0,0.0,0.0,0.0,6.0,0.0,0.0,1.6417,0.1483,0.0,0.0,0.0,0.0,0.0,0.9737,0.0263,0.446,1.0,1268,3,Normal,normal
0.0,293.16,148.403,1.0,6.0,0.0,0.0,0.0,6.0,0.0,0.0,1.6417,0.1483,0.0,0.0,0.0,0.0,0.0,0.971,0.029,0.176,1.0,1268,4,Cyber Intrusion,replay
0.0,292.545,148.452,1.0,6.0,0.0,0.0,0.0,6.0,0.0,0.0,1.6417,0.1483,0.0,0.0,0.0,0.0,0.0,0.9704,0.0296,0.188,1.0,1268,5,Normal,normal
0.0,255.94,153.765,1.0,6.0,0.0,0.0,0.0,6.0,0.0,0.0,1.1676,0.1055,0.0,0.0,0.0,0.0,0.0,0.9768,0.0232,-0.997,1.0,1269,1,Normal,normal
0.0,254.782,153.712,1.0,6.0,0.0,0.0,0.0,6.0,0.0,0.0,1.1676,0.1055,0.0,0.0,0.0,0.0,0.0,0.9735,0.0265,0.429,1.0,1269,2,Normal,normal
0.0,254.087,153.645,1.0,6.0,0.0,0.0,0.0,6.0,0.0,0.0,1.1676,0.1055,0.0,0.0,0.0,0.0,0.0,0.9726,0.0274,0.422,1.0,1269,3,Normal,normal
0.0,253.423,153.637,1.0,6.0,0.0,0.0,0.0,6.0,0.0,0.0,1.1676,0.1055,0.0,0.0,0.0,0.0,0.0,0.9766,0.0234,0.146,1.0,1269,4,Cyber Intrusion,replay
0.0,252.333,154.025,1.0,6.0,0.0,0.0,0.0,6.0,0.0,0.0,1.1676,0.1055,0.0,0.0,0.0,0.0,0.0,0.9739,0.0261,0.189,1.0,1269,5,Normal,normal
0.0,265.385,146.61,1.0,6.0,0.0,0.0,0.0,6.0,0.0,0.0,2.578,0.2329,0.0,0.0,0.0,0.0,0.0,0.9747,0.0253,-0.971,1.0,1270,1,Normal,normal
0.0,264.237,146.567,1.0,6.0,0.0,0.0,0.0,6.0,0.0,0.0,2.578,0.2329,0.0,0.0,0.0,0.0,0.0,0.9735,0.0265,0.414,1.0,1270,2,Normal,normal
0.0,263.472,146.548,1.0,6.0,0.0,0.0,0.0,6.0,0.0,0.0,2.578,0.2329,0.0,0.0,0.0,0.0,0.0,0.9756,0.0244,0.41,1.0,1270,3,Normal,normal
0.0,262.808,146.546,1.0,6.0,0.0,0.0,0.0,6.0,0.0,0.0,2.578,0.2329,0.0,0.0,0.0,0.0,0.0,0.9732,0.0268,0.146,1.0,1270,4,Cyber Intrusion,replay
0.0,261.787,146.935,1.0,6.0,0.0,0.0,0.0,6.0,0.0,0.0,2.578,0.2329,0.0,0.0,0.0,0.0,0.0,0.974,0.026,0.188,1.0,1270,5,Normal,normal
0.0,277.528,116.652,1.0,6.0,0.0,0.0,0.0,6.0,0.0,0.0,1.6088,0.1453,0.0,0.0,0.0,0.0,0.0,0.9797,0.0203,-0.954,1.0,1271,1,Normal,normal
0.0,276.57,116.641,1.0,6.0,0.0,0.0,0.0,6.0,0.0,0.0,1.6088,0.1453,0.0,0.0,0.0,0.0,0.0,0.9778,0.0222,0.411,1.0,1271,2,Normal,normal
0.0,275.86,116.72,1.0,6.0,0.0,0.0,0.0,6.0,0.0,0.0,1.6088,0.1453,0.0,0.0,0.0,0.0,0.0,0.9797,0.0203,0.408,1.0,1271,3,Normal,normal
0.0,275.328,116.745,1.0,6.0,0.0,0.0,0.0,6.0,0.0,0.0,1.6088,0.1453,0.0,0.0,0.0,0.0,0.0,0.9775,0.0225,0.144,1.0,1271,4,Cyber Intrusion,replay
0.0,274.457,117.345,1.0,6.0,0.0,0.0,0.0,6.0,0.0,0.0,1.6088,0.1453,0.0,0.0,0.0,0.0,0.0,0.9726,0.0274,0.176,1.0,1271,5,Normal,normal
0.0,322.752,124.722,1.0,5.0,0.0,0.0,0.0,5.0,0.0,0.0,0.6766,0.0611,0.0,0.0,0.0,0.0,0.0,0.98,0.02,-0.943,1.0,1272,1,Normal,normal
0.0,287.577,137.197,1.0,6.0,0.0,0.0,0.0,6.0,0.0,0.0,0.6766,0.0611,0.0,0.0,0.0,0.0,0.0,0.9782,0.0218,0.405,1.0,1272,2,Normal,normal
0.0,286.83,137.191,1.0,6.0,0.0,0.0,0.0,6.0,0.0,0.0,0.6766,0.0611,0.0,0.0,0.0,0.0,0.0,0.9779,0.0221,0.406,1.0,1272,3,Normal,normal
1.0,277.834,128.631,2.0,6.0,1.0,0.0,0.0,7.0,0.0,0.0,0.6766,0.0611,0.0,0.0,0.0,0.0,0.0,0.9771,0.0229,0.137,1.0,1272,4,Cyber Intrusion,command_injection
0.0,285.298,137.604,1.0,6.0,0.0,0.0,0.0,6.0,0.0,0.0,0.6766,0.0611,0.0,0.0,0.0,0.0,0.0,0.9751,0.0249,0.173,1.0,1272,5,Normal,normal
0.0,330.38,116.351,1.0,5.0,0.0,0.0,0.0,5.0,0.0,0.0,0.8131,0.0734,0.0,0.0,0.0,0.0,0.0,0.9798,0.0202,-0.933,1.0,1273,1,Normal,normal
0.0,303.428,121.087,1.0,6.0,0.0,0.0,0.0,6.0,0.0,0.0,0.8131,0.0734,0.0,0.0,0.0,0.0,0.0,0.977,0.023,0.396,1.0,1273,2,Normal,normal
0.0,302.633,121.154,1.0,6.0,0.0,0.0,0.0,6.0,0.0,0.0,0.8131,0.0734,0.0,0.0,0.0,0.0,0.0,0.9765,0.0235,0.401,1.0,1273,3,Normal,normal
1.0,291.396,115.116,2.0,6.0,1.0,0.0,0.0,7.0,0.0,0.0,0.8131,0.0734,0.0,0.0,0.0,0.0,0.0,0.9757,0.0243,0.152,1.0,1273,4,Cyber Intrusion,command_injection
0.0,301.537,121.026,1.0,6.0,0.0,0.0,0.0,6.0,0.0,0.0,0.8131,0.0734,0.0,0.0,0.0,0.0,0.0,0.9732,0.0268,0.177,1.0,1273,5,Normal,normal
0.0,389.112,154.635,1.0,5.0,0.0,0.0,0.0,5.0,0.0,0.0,2.3925,0.2161,0.0,0.0,0.0,0.0,0.0,0.9802,0.0198,-0.935,1.0,1274,1,Normal,normal
0.0,377.573,143.273,1.0,6.0,0.0,0.0,0.0,6.0,0.0,0.0,2.3925,0.2161,0.0,0.0,0.0,0.0,0.0,0.9738,0.0262,0.399,1.0,1274,2,Normal,normal
0.0,376.757,143.329,1.0,6.0,0.0,0.0,0.0,6.0,0.0,0.0,2.3925,0.2161,0.0,0.0,0.0,0.0,0.0,0.9745,0.0255,0.4,1.0,1274,3,Normal,normal
1.0,354.809,142.444,2.0,6.0,1.0,0.0,0.0,7.0,0.0,0.0,2.3925,0.2161,0.0,0.0,0.0,0.0,0.0,0.9776,0.0224,0.139,1.0,1274,4,Cyber Intrusion,command_injection
0.0,375.423,143.235,1.0,6.0,0.0,0.0,0.0,6.0,0.0,0.0,2.3925,0.2161,0.0,0.0,0.0,0.0,0.0,0.9777,0.0223,0.174,1.0,1274,5,Normal,normal
0.0,412.393,124.823,1.0,6.0,0.0,0.0,0.0,6.0,0.0,0.0,3.3312,0.3009,0.0,0.0,0.0,0.0,0.0,0.9798,0.0202,-0.937,1.0,1275,1,Normal,normal
0.0,411.102,125.034,1.0,6.0,0.0,0.0,0.0,6.0,0.0,0.0,3.3312,0.3009,0.0,0.0,0.0,0.0,0.0,0.9797,0.0203,0.394,1.0,1275,2,Normal,normal
0.0,410.285,125.133,1.0,6.0,0.0,0.0,0.0,6.0,0.0,0.0,3.3312,0.3009,0.0,0.0,0.0,0.0,0.0,0.9769,0.0231,0.39,1.0,1275,3,Normal,normal
0.0,409.468,125.07,1.0,6.0,0.0,0.0,0.0,6.0,0.0,0.0,3.3312,0.3009,0.0,0.0,0.0,0.0,0.0,0.9766,0.0234,0.144,1.0,1275,4,Cyber Intrusion,command_injection
0.0,408.792,125.072,1.0,6.0,0.0,0.0,0.0,6.0,0.0,0.0,3.3312,0.3009,0.0,0.0,0.0,0.0,0.0,0.9708,0.0292,0.177,1.0,1275,5,Normal,normal
0.0,346.843,157.837,1.0,6.0,0.0,0.0,0.0,6.0,0.0,0.0,0.8673,0.0783,0.0,0.0,0.0,0.0,0.0,0.9783,0.0217,-0.942,1.0,1276,1,Normal,normal
0.0,345.653,157.715,1.0,6.0,0.0,0.0,0.0,6.0,0.0,0.0,0.8673,0.0783,0.0,0.0,0.0,0.0,0.0,0.974,0.026,0.394,1.0,1276,2,Normal,normal
0.0,344.897,157.731,1.0,6.0,0.0,0.0,0.0,6.0,0.0,0.0,0.8673,0.0783,0.0,0.0,0.0,0.0,0.0,0.9765,0.0235,0.404,1.0,1276,3,Normal,normal
0.0,344.045,157.715,1.0,6.0,0.0,0.0,0.0,6.0,0.0,0.0,0.8673,0.0783,0.0,0.0,0.0,0.0,0.0,0.9795,0.0205,0.139,1.0,1276,4,Cyber Intrusion,command_injection
0.0,343.355,157.764,1.0,6.0,0.0,0.0,0.0,6.0,0.0,0.0,0.8673,0.0783,0.0,0.0,0.0,0.0,0.0,0.9732,0.0268,0.171,1.0,1276,5,Normal,normal
0.0,285.015,126.837,1.0,6.0,0.0,0.0,0.0,6.0,0.0,0.0,0.922,0.0833,0.0,0.0,0.0,0.0,0.0,0.9795,0.0205,-0.949,1.0,1277,1,Normal,normal
0.0,283.685,126.578,1.0,6.0,0.0,0.0,0.0,6.0,0.0,0.0,0.922,0.0833,0.0,0.0,0.0,0.0,0.0,0.9741,0.0259,0.405,1.0,1277,2,Normal,normal
0.0,282.887,126.445,1.0,6.0,0.0,0.0,0.0,6.0,0.0,0.0,0.922,0.0833,0.0,0.0,0.0,0.0,0.0,0.9759,0.0241,0.404,1.0,1277,3,Normal,normal
0.0,282.018,126.219,1.0,6.0,0.0,0.0,0.0,6.0,0.0,0.0,0.922,0.0833,0.0,0.0,0.0,0.0,0.0,0.98,0.02,0.144,1.0,1277,4,Cyber Intrusion,command_injection
0.0,281.333,126.1,1.0,6.0,0.0,0.0,0.0,6.0,0.0,0.0,0.922,0.0833,0.0,0.0,0.0,0.0,0.0,0.9734,0.0266,0.18,1.0,1277,5,Normal,normal
0.0,267.202,103.78,1.0,6.0,0.0,0.0,0.0,6.0,0.0,0.0,2.3547,0.2127,0.0,0.0,0.0,0.0,0.0,0.9788,0.0212,-0.951,1.0,1278,1,Normal,normal
0.0,266.09,103.783,1.0,6.0,0.0,0.0,0.0,6.0,0.0,0.0,2.3547,0.2127,0.0,0.0,0.0,0.0,0.0,0.9773,0.0227,0.409,1.0,1278,2,Normal,normal
0.0,265.345,103.713,1.0,6.0,0.0,0.0,0.0,6.0,0.0,0.0,2.3547,0.2127,0.0,0.0,0.0,0.0,0.0,0.9778,0.0222,0.409,1.0,1278,3,Normal,normal
0.0,264.685,103.761,1.0,6.0,0.0,0.0,0.0,6.0,0.0,0.0,2.3547,0.2127,0.0,0.0,0.0,0.0,0.0,0.9739,0.0261,0.148,1.0,1278,4,Cyber Intrusion,command_injection
0.0,264.057,103.728,1.0,6.0,0.0,0.0,0.0,6.0,0.0,0.0,2.3547,0.2127,0.0,0.0,0.0,0.0,0.0,0.9722,0.0278,0.18,1.0,1278,5,Normal,normal
0.0,241.987,116.195,1.0,6.0,0.0,0.0,0.0,6.0,0.0,0.0,0.6876,0.0621,0.0,0.0,0.0,0.0,0.0,0.9782,0.0218,-0.968,1.0,1279,1,Normal,normal
0.0,240.782,116.232,1.0,6.0,0.0,0.0,0.0,6.0,0.0,0.0,0.6876,0.0621,0.0,0.0,0.0,0.0,0.0,0.9727,0.0273,0.415,1.0,1279,2,Normal,normal
0.0,240.07,116.158,1.0,6.0,0.0,0.0,0.0,6.0,0.0,0.0,0.6876,0.0621,0.0,0.0,0.0,0.0,0.0,0.9735,0.0265,0.412,1.0,1279,3,Normal,normal
0.0,239.558,116.121,1.0,6.0,0.0,0.0,0.0,6.0,0.0,0.0,0.6876,0.0621,0.0,0.0,0.0,0.0,0.0,0.9753,0.0247,0.152,1.0,1279,4,Cyber Intrusion,command_injection
0.0,239.018,116.042,1.0,6.0,0.0,0.0,0.0,6.0,0.0,0.0,0.6876,0.0621,0.0,0.0,0.0,0.0,0.0,0.9726,0.0274,0.18,1.0,1279,5,Normal,normal
0.0,241.11,117.062,1.0,6.0,0.0,0.0,0.0,6.0,0.0,0.0,3.8882,0.3512,0.0,0.0,0.0,0.0,0.0,0.9783,0.0217,-0.976,1.0,1280,1,Normal,normal
0.0,239.835,117.165,1.0,6.0,0.0,0.0,0.0,6.0,0.0,0.0,3.8882,0.3512,0.0,0.0,0.0,0.0,0.0,0.9714,0.0286,0.409,1.0,1280,2,Normal,normal
0.0,239.037,117.177,1.0,6.0,0.0,0.0,0.0,6.0,0.0,0.0,3.8882,0.3512,0.0,0.0,0.0,0.0,0.0,0.9803,0.0197,0.417,1.0,1280,3,Normal,normal
0.0,238.528,117.137,1.0,6.0,0.0,0.0,0.0,6.0,0.0,0.0,3.8882,0.3512,0.0,0.0,0.0,0.0,0.0,0.9757,0.0243,0.146,1.0,1280,4,Normal,normal
0.0,238.007,117.041,1.0,6.0,0.0,0.0,0.0,6.0,0.0,0.0,3.8882,0.3512,0.0,0.0,0.0,0.0,0.0,0.9747,0.0253,0.176,1.0,1280,5,Normal,normal
0.0,194.733,93.375,1.0,6.0,0.0,0.0,0.0,6.0,0.0,0.0,0.5858,0.0529,0.0,0.0,0.0,0.0,0.0,0.9764,0.0236,-0.983,1.0,1281,1,Normal,normal
0.0,193.575,93.429,1.0,6.0,0.0,0.0,0.0,6.0,0.0,0.0,0.5858,0.0529,0.0,0.0,0.0,0.0,0.0,0.9729,0.0271,0.415,1.0,1281,2,Normal,normal
0.0,192.748,93.497,1.0,6.0,0.0,0.0,0.0,6.0,0.0,0.0,0.5858,0.0529,0.0,0.0,0.0,0.0,0.0,0.9747,0.0253,0.413,1.0,1281,3,Normal,normal
0.0,192.188,93.454,1.0,6.0,0.0,0.0,0.0,6.0,0.0,0.0,0.5858,0.0529,0.0,0.0,0.0,0.0,0.0,0.9763,0.0237,0.157,1.0,1281,4,Normal,normal
0.0,191.587,93.33,1.0,6.0,0.0,0.0,0.0,6.0,0.0,0.0,0.5858,0.0529,0.0,0.0,0.0,0.0,0.0,0.971,0.029,0.176,1.0,1281,5,Normal,normal
0.0,155.742,37.285,1.0,6.0,0.0,0.0,0.0,6.0,0.0,0.0,2.8353,0.2561,0.0,0.0,0.0,0.0,0.0,0.9808,0.0192,-0.998,1.0,1282,1,Normal,normal
0.0,154.627,37.127,1.0,6.0,0.0,0.0,0.0,6.0,0.0,0.0,2.8353,0.2561,0.0,0.0,0.0,0.0,0.0,0.9734,0.0266,0.416,1.0,1282,2,Normal,normal
0.0,153.838,37.151,1.0,6.0,0.0,0.0,0.0,6.0,0.0,0.0,2.8353,0.2561,0.0,0.0,0.0,0.0,0.0,0.9769,0.0231,0.418,1.0,1282,3,Normal,normal
0.0,153.322,37.133,1.0,6.0,0.0,0.0,0.0,6.0,0.0,0.0,2.8353,0.2561,0.0,0.0,0.0,0.0,0.0,0.9725,0.0275,0.152,1.0,1282,4,Normal,normal
0.0,152.817,37.179,1.0,6.0,0.0,0.0,0.0,6.0,0.0,0.0,2.8353,0.2561,0.0,0.0,0.0,0.0,0.0,0.9715,0.0285,0.196,1.0,1282,5,Normal,normal
0.0,232.497,129.991,1.0,6.0,0.0,0.0,0.0,6.0,0.0,0.0,1.475,0.1332,0.0,0.0,0.0,0.0,0.0,0.9766,0.0234,-1.003,1.0,1283,1,Normal,normal
0.0,231.217,129.507,1.0,6.0,0.0,0.0,0.0,6.0,0.0,0.0,1.475,0.1332,0.0,0.0,0.0,0.0,0.0,0.9706,0.0294,0.421,1.0,1283,2,Normal,normal
0.0,230.368,129.579,1.0,6.0,0.0,0.0,0.0,6.0,0.0,0.0,1.475,0.1332,0.0,0.0,0.0,0.0,0.0,0.9741,0.0259,0.432,1.0,1283,3,Normal,normal
0.0,229.688,129.424,1.0,6.0,0.0,0.0,0.0,6.0,0.0,0.0,1.475,0.1332,0.0,0.0,0.0,0.0,0.0,0.9772,0.0228,0.155,1.0,1283,4,Normal,normal
0.0,229.027,129.31,1.0,6.0,0.0,0.0,0.0,6.0,0.0,0.0,1.475,0.1332,0.0,0.0,0.0,0.0,0.0,0.9702,0.0298,0.18,1.0,1283,5,Normal,normal
0.0,242.565,123.339,1.0,6.0,0.0,0.0,0.0,6.0,0.0,0.0,0.6551,0.0592,0.0,0.0,0.0,0.0,0.0,0.977,0.023,-1.016,1.0,1284,1,Normal,normal
0.0,241.372,122.797,1.0,6.0,0.0,0.0,0.0,6.0,0.0,0.0,0.6551,0.0592,0.0,0.0,0.0,0.0,0.0,0.9758,0.0242,0.427,1.0,1284,2,Normal,normal
0.0,240.623,122.807,1.0,6.0,0.0,0.0,0.0,6.0,0.0,0.0,0.6551,0.0592,0.0,0.0,0.0,0.0,0.0,0.9766,0.0234,0.432,1.0,1284,3,Normal,normal
0.0,239.988,122.633,1.0,6.0,0.0,0.0,0.0,6.0,0.0,0.0,0.6551,0.0592,0.0,0.0,0.0,0.0,0.0,0.9766,0.0234,0.152,1.0,1284,4,Normal,normal
0.0,239.357,122.51,1.0,6.0,0.0,0.0,0.0,6.0,0.0,0.0,0.6551,0.0592,0.0,0.0,0.0,0.0,0.0,0.9729,0.0271,0.188,1.0,1284,5,Normal,normal
0.0,338.62,137.503,1.0,6.0,0.0,0.0,0.0,6.0,0.0,0.0,2.3641,0.2135,0.0,0.0,0.0,0.0,0.0,0.9778,0.0222,-1.018,1.0,1285,1,Normal,normal
0.0,337.468,137.175,1.0,6.0,0.0,0.0,0.0,6.0,0.0,0.0,2.3641,0.2135,0.0,0.0,0.0,0.0,0.0,0.9764,0.0236,0.431,1.0,1285,2,Normal,normal
0.0,336.852,137.216,1.0,6.0,0.0,0.0,0.0,6.0,0.0,0.0,2.3641,0.2135,0.0,0.0,0.0,0.0,0.0,0.9785,0.0215,0.428,1.0,1285,3,Normal,normal
0.0,336.307,137.118,1.0,6.0,0.0,0.0,0.0,6.0,0.0,0.0,2.3641,0.2135,0.0,0.0,0.0,0.0,0.0,0.9739,0.0261,0.156,1.0,1285,4,Normal,normal
0.0,335.712,137.042,1.0,6.0,0.0,0.0,0.0,6.0,0.0,0.0,2.3641,0.2135,0.0,0.0,0.0,0.0,0.0,0.9732,0.0268,0.194,1.0,1285,5,Normal,normal
0.0,284.152,131.921,1.0,6.0,0.0,0.0,0.0,6.0,0.0,0.0,1.9907,0.1798,0.0,0.0,0.0,0.0,0.0,0.9792,0.0208,-1.021,1.0,1286,1,Normal,normal
0.0,283.23,131.854,1.0,6.0,0.0,0.0,0.0,6.0,0.0,0.0,1.9907,0.1798,0.0,0.0,0.0,0.0,0.0,0.9719,0.0281,0.43,1.0,1286,2,Normal,normal
0.0,282.575,131.94,1.0,6.0,0.0,0.0,0.0,6.0,0.0,0.0,1.9907,0.1798,0.0,0.0,0.0,0.0,0.0,0.9732,0.0268,0.433,1.0,1286,3,Normal,normal
0.0,282.102,131.96,1.0,6.0,0.0,0.0,0.0,6.0,0.0,0.0,1.9907,0.1798,0.0,0.0,0.0,0.0,0.0,0.9778,0.0222,0.159,1.0,1286,4,Normal,normal
0.0,281.578,131.911,1.0,6.0,0.0,0.0,0.0,6.0,0.0,0.0,1.9907,0.1798,0.0,0.0,0.0,0.0,0.0,0.9691,0.0309,0.197,1.0,1286,5,Normal,normal
0.0,257.888,143.493,1.0,6.0,0.0,0.0,0.0,6.0,0.0,0.0,2.8206,0.2548,0.0,0.0,0.0,0.0,0.0,0.9746,0.0254,-1.03,1.0,1287,1,Normal,normal
0.0,256.908,143.605,1.0,6.0,0.0,0.0,0.0,6.0,0.0,0.0,2.8206,0.2548,0.0,0.0,0.0,0.0,0.0,0.9748,0.0252,0.434,1.0,1287,2,Normal,normal
0.0,256.332,143.736,1.0,6.0,0.0,0.0,0.0,6.0,0.0,0.0,2.8206,0.2548,0.0,0.0,0.0,0.0,0.0,0.9744,0.0256,0.435,1.0,1287,3,Normal,normal
0.0,255.9,143.798,1.0,6.0,0.0,0.0,0.0,6.0,0.0,0.0,2.8206,0.2548,0.0,0.0,0.0,0.0,0.0,0.9757,0.0243,0.152,1.0,1287,4,Normal,normal
0.0,255.492,143.745,1.0,6.0,0.0,0.0,0.0,6.0,0.0,0.0,2.8206,0.2548,0.0,0.0,0.0,0.0,0.0,0.9756,0.0244,0.192,1.0,1287,5,Normal,normal
0.0,275.632,129.434,1.0,6.0,0.0,0.0,0.0,6.0,0.0,0.0,3.1345,0.2831,0.0,0.0,0.0,0.0,0.0,0.9756,0.0244,-1.027,1.0,1288,1,Normal,normal
0.0,274.457,129.465,1.0,6.0,0.0,0.0,0.0,6.0,0.0,0.0,3.1345,0.2831,0.0,0.0,0.0,0.0,0.0,0.9672,0.0328,0.435,1.0,1288,2,Normal,normal
0.0,273.707,129.484,1.0,6.0,0.0,0.0,0.0,6.0,0.0,0.0,3.1345,0.2831,0.0,0.0,0.0,0.0,0.0,0.9737,0.0263,0.436,1.0,1288,3,Normal,normal
0.0,273.085,129.455,1.0,6.0,0.0,0.0,0.0,6.0,0.0,0.0,3.1345,0.2831,0.0,0.0,0.0,0.0,0.0,0.9737,0.0263,0.156,1.0,1288,4,Normal,normal
0.0,272.538,129.302,1.0,6.0,0.0,0.0,0.0,6.0,0.0,0.0,3.1345,0.2831,0.0,0.0,0.0,0.0,0.0,0.9673,0.0327,0.192,1.0,1288,5,Normal,normal
0.0,237.742,107.523,1.0,6.0,0.0,0.0,0.0,6.0,0.0,0.0,1.9081,0.1724,0.0,0.0,0.0,0.0,0.0,0.9774,0.0226,-1.039,1.0,1289,1,Normal,normal
0.0,236.353,107.53,1.0,6.0,0.0,0.0,0.0,6.0,0.0,0.0,1.9081,0.1724,0.0,0.0,0.0,0.0,0.0,0.9762,0.0238,0.43,1.0,1289,2,Normal,normal
0.0,235.432,107.44,1.0,6.0,0.0,0.0,0.0,6.0,0.0,0.0,1.9081,0.1724,0.0,0.0,0.0,0.0,0.0,0.9775,0.0225,0.439,1.0,1289,3,Normal,normal
0.0,234.697,107.274,1.0,6.0,0.0,0.0,0.0,6.0,0.0,0.0,1.9081,0.1724,0.0,0.0,0.0,0.0,0.0,0.9764,0.0236,0.161,1.0,1289,4,Normal,normal
0.0,234.135,107.09,1.0,6.0,0.0,0.0,0.0,6.0,0.0,0.0,1.9081,0.1724,0.0,0.0,0.0,0.0,0.0,0.97,0.03,0.196,1.0,1289,5,Normal,normal
0.0,369.868,163.997,1.0,6.0,0.0,0.0,0.0,6.0,0.0,0.0,1.5873,0.1434,0.0,0.0,0.0,0.0,0.0,0.9775,0.0225,-1.039,1.0,1290,1,Normal,normal
0.0,368.36,164.404,1.0,6.0,0.0,0.0,0.0,6.0,0.0,0.0,1.5873,0.1434,0.0,0.0,0.0,0.0,0.0,0.9686,0.0314,0.444,1.0,1290,2,Normal,normal
0.0,367.387,164.491,1.0,6.0,0.0,0.0,0.0,6.0,0.0,0.0,1.5873,0.1434,0.0,0.0,0.0,0.0,0.0,0.9732,0.0268,0.445,1.0,1290,3,Normal,normal
0.0,366.54,164.443,1.0,6.0,0.0,0.0,0.0,6.0,0.0,0.0,1.5873,0.1434,0.0,0.0,0.0,0.0,0.0,0.9747,0.0253,0.166,1.0,1290,4,Normal,normal
0.0,365.903,164.369,1.0,6.0,0.0,0.0,0.0,6.0,0.0,0.0,1.5873,0.1434,0.0,0.0,0.0,0.0,0.0,0.9702,0.0298,0.186,1.0,1290,5,Normal,normal
0.0,380.062,144.129,1.0,6.0,0.0,0.0,0.0,6.0,0.0,0.0,1.9276,0.1741,0.0,0.0,0.0,0.0,0.0,0.9754,0.0246,-1.045,1.0,1291,1,Normal,normal
0.0,378.742,144.306,1.0,6.0,0.0,0.0,0.0,6.0,0.0,0.0,1.9276,0.1741,0.0,0.0,0.0,0.0,0.0,0.9714,0.0286,0.443,1.0,1291,2,Normal,normal
0.0,377.73,144.407,1.0,6.0,0.0,0.0,0.0,6.0,0.0,0.0,1.9276,0.1741,0.0,0.0,0.0,0.0,0.0,0.9759,0.0241,0.449,1.0,1291,3,Normal,normal
0.0,376.823,144.355,1.0,6.0,0.0,0.0,0.0,6.0,0.0,0.0,1.9276,0.1741,0.0,0.0,0.0,0.0,0.0,0.9773,0.0227,0.163,1.0,1291,4,Normal,normal
0.0,376.072,144.382,1.0,6.0,0.0,0.0,0.0,6.0,0.0,0.0,1.9276,0.1741,0.0,0.0,0.0,0.0,0.0,0.9737,0.0263,0.189,1.0,1291,5,Normal,normal
0.0,336.555,173.446,1.0,6.0,0.0,0.0,0.0,6.0,0.0,0.0,1.4656,0.1324,0.0,0.0,0.0,0.0,0.0,0.9774,0.0226,-1.054,1.0,1292,1,Normal,normal
0.0,335.2,173.729,1.0,6.0,0.0,0.0,0.0,6.0,0.0,0.0,1.4656,0.1324,0.0,0.0,0.0,0.0,0.0,0.9731,0.0269,0.448,1.0,1292,2,Normal,normal
0.0,334.255,173.794,1.0,6.0,0.0,0.0,0.0,6.0,0.0,0.0,1.4656,0.1324,0.0,0.0,0.0,0.0,0.0,0.9708,0.0292,0.448,1.0,1292,3,Normal,normal
0.0,333.427,173.735,1.0,6.0,0.0,0.0,0.0,6.0,0.0,0.0,1.4656,0.1324,0.0,0.0,0.0,0.0,0.0,0.9747,0.0253,0.162,1.0,1292,4,Normal,normal
0.0,332.75,173.768,1.0,6.0,0.0,0.0,0.0,6.0,0.0,0.0,1.4656,0.1324,0.0,0.0,0.0,0.0,0.0,0.9683,0.0317,0.196,1.0,1292,5,Normal,normal
0.0,316.077,122.162,1.0,6.0,0.0,0.0,0.0,6.0,0.0,0.0,3.4152,0.3085,0.0,0.0,0.0,0.0,0.0,0.9759,0.0241,-1.059,1.0,1293,1,Normal,normal
0.0,314.838,122.225,1.0,6.0,0.0,0.0,0.0,6.0,0.0,0.0,3.4152,0.3085,0.0,0.0,0.0,0.0,0.0,0.968,0.032,0.454,1.0,1293,2,Normal,normal
0.0,313.997,122.214,1.0,6.0,0.0,0.0,0.0,6.0,0.0,0.0,3.4152,0.3085,0.0,0.0,0.0,0.0,0.0,0.9696,0.0304,0.449,1.0,1293,3,Normal,normal
0.0,313.193,122.189,1.0,6.0,0.0,0.0,0.0,6.0,0.0,0.0,3.4152,0.3085,0.0,0.0,0.0,0.0,0.0,0.9758,0.0242,0.162,1.0,1293,4,Normal,normal
0.0,312.482,122.235,1.0,6.0,0.0,0.0,0.0,6.0,0.0,0.0,3.4152,0.3085,0.0,0.0,0.0,0.0,0.0,0.9719,0.0281,0.2,1.0,1293,5,Normal,normal
0.0,228.93,106.911,1.0,6.0,0.0,0.0,0.0,6.0,0.0,0.0,0.1948,0.0176,0.0,0.0,0.0,0.0,0.0,0.9751,0.0249,-1.083,1.0,1294,1,Normal,normal
0.0,227.783,106.947,1.0,6.0,0.0,0.0,0.0,6.0,0.0,0.0,0.1948,0.0176,0.0,0.0,0.0,0.0,0.0,0.9711,0.0289,0.459,1.0,1294,2,Normal,normal
0.0,227.008,106.876,1.0,6.0,0.0,0.0,0.0,6.0,0.0,0.0,0.1948,0.0176,0.0,0.0,0.0,0.0,0.0,0.9729,0.0271,0.46,1.0,1294,3,Normal,normal
0.0,226.355,106.765,1.0,6.0,0.0,0.0,0.0,6.0,0.0,0.0,0.1948,0.0176,0.0,0.0,0.0,0.0,0.0,0.974,0.026,0.165,1.0,1294,4,Normal,normal
0.0,225.635,106.687,1.0,6.0,0.0,0.0,0.0,6.0,0.0,0.0,0.1948,0.0176,0.0,0.0,0.0,0.0,0.0,0.9697,0.0303,0.201,1.0,1294,5,Normal,normal
0.0,210.355,114.972,1.0,6.0,0.0,0.0,0.0,6.0,0.0,0.0,2.1256,0.192,0.0,0.0,0.0,0.0,0.0,0.9781,0.0219,-1.099,1.0,1295,1,Normal,normal
0.0,209.155,114.972,1.0,6.0,0.0,0.0,0.0,6.0,0.0,0.0,2.1256,0.192,0.0,0.0,0.0,0.0,0.0,0.9677,0.0323,0.464,1.0,1295,2,Normal,normal
0.0,208.378,114.906,1.0,6.0,0.0,0.0,0.0,6.0,0.0,0.0,2.1256,0.192,0.0,0.0,0.0,0.0,0.0,0.9723,0.0277,0.463,1.0,1295,3,Normal,normal
0.0,207.678,114.812,1.0,6.0,0.0,0.0,0.0,6.0,0.0,0.0,2.1256,0.192,0.0,0.0,0.0,0.0,0.0,0.975,0.025,0.167,1.0,1295,4,Normal,normal
0.0,206.953,114.756,1.0,6.0,0.0,0.0,0.0,6.0,0.0,0.0,2.1256,0.192,0.0,0.0,0.0,0.0,0.0,0.9692,0.0308,0.198,1.0,1295,5,Normal,normal
0.0,175.082,62.302,1.0,6.0,0.0,0.0,0.0,6.0,0.0,0.0,0.2664,0.0241,0.0,0.0,0.0,0.0,0.0,0.9768,0.0232,-1.121,1.0,1296,1,Normal,normal
0.0,174.072,62.206,1.0,6.0,0.0,0.0,0.0,6.0,0.0,0.0,0.2664,0.0241,0.0,0.0,0.0,0.0,0.0,0.9722,0.0278,0.469,1.0,1296,2,Normal,normal
0.0,173.39,62.162,1.0,6.0,0.0,0.0,0.0,6.0,0.0,0.0,0.2664,0.0241,0.0,0.0,0.0,0.0,0.0,0.9721,0.0279,0.475,1.0,1296,3,Normal,normal
0.0,172.675,62.13,1.0,6.0,0.0,0.0,0.0,6.0,0.0,0.0,0.2664,0.0241,0.0,0.0,0.0,0.0,0.0,0.9753,0.0247,0.162,1.0,1296,4,Normal,normal
0.0,171.66,62.362,1.0,6.0,0.0,0.0,0.0,6.0,0.0,0.0,0.2664,0.0241,0.0,0.0,0.0,0.0,0.0,0.9698,0.0302,0.205,1.0,1296,5,Normal,normal
0.0,146.65,40.349,1.0,6.0,0.0,0.0,0.0,6.0,0.0,0.0,0.7216,0.0652,0.0,0.0,0.0,0.0,0.0,0.9727,0.0273,-1.129,1.0,1297,1,Normal,normal
0.0,145.682,40.239,1.0,6.0,0.0,0.0,0.0,6.0,0.0,0.0,0.7216,0.0652,0.0,0.0,0.0,0.0,0.0,0.9705,0.0295,0.476,1.0,1297,2,Normal,normal
0.0,145.045,40.121,1.0,6.0,0.0,0.0,0.0,6.0,0.0,0.0,0.7216,0.0652,0.0,0.0,0.0,0.0,0.0,0.9716,0.0284,0.476,1.0,1297,3,Normal,normal
0.0,144.348,40.174,1.0,6.0,0.0,0.0,0.0,6.0,0.0,0.0,0.7216,0.0652,0.0,0.0,0.0,0.0,0.0,0.9714,0.0286,0.176,1.0,1297,4,Normal,normal
0.0,143.363,40.308,1.0,6.0,0.0,0.0,0.0,6.0,0.0,0.0,0.7216,0.0652,0.0,0.0,0.0,0.0,0.0,0.9677,0.0323,0.214,1.0,1297,5,Normal,normal
0.0,140.253,36.441,1.0,6.0,0.0,0.0,0.0,6.0,0.0,0.0,4.1058,0.3709,0.0,0.0,0.0,0.0,0.0,0.9729,0.0271,-1.165,1.0,1298,1,Normal,normal
0.0,139.322,36.359,1.0,6.0,0.0,0.0,0.0,6.0,0.0,0.0,4.1058,0.3709,0.0,0.0,0.0,0.0,0.0,0.9669,0.0331,0.5,1.0,1298,2,Normal,normal
0.0,138.725,36.393,1.0,6.0,0.0,0.0,0.0,6.0,0.0,0.0,4.1058,0.3709,0.0,0.0,0.0,0.0,0.0,0.9718,0.0282,0.492,1.0,1298,3,Normal,normal
0.0,138.053,36.565,1.0,6.0,0.0,0.0,0.0,6.0,0.0,0.0,4.1058,0.3709,0.0,0.0,0.0,0.0,0.0,0.966,0.034,0.179,1.0,1298,4,Normal,normal
0.0,137.107,36.763,1.0,6.0,0.0,0.0,0.0,6.0,0.0,0.0,4.1058,0.3709,0.0,0.0,0.0,0.0,0.0,0.9636,0.0364,0.218,1.0,1298,5,Normal,normal
0.0,141.787,35.561,1.0,6.0,0.0,0.0,0.0,6.0,0.0,0.0,1.5744,0.1422,0.0,0.0,0.0,0.0,0.0,0.9699,0.0301,-1.187,1.0,1299,1,Normal,normal
0.0,140.802,35.5,1.0,6.0,0.0,0.0,0.0,6.0,0.0,0.0,1.5744,0.1422,0.0,0.0,0.0,0.0,0.0,0.9682,0.0318,0.505,1.0,1299,2,Normal,normal
0.0,140.233,35.515,1.0,6.0,0.0,0.0,0.0,6.0,0.0,0.0,1.5744,0.1422,0.0,0.0,0.0,0.0,0.0,0.9708,0.0292,0.505,1.0,1299,3,Normal,normal
0.0,139.605,35.666,1.0,6.0,0.0,0.0,0.0,6.0,0.0,0.0,1.5744,0.1422,0.0,0.0,0.0,0.0,0.0,0.9709,0.0291,0.168,1.0,1299,4,Normal,normal
0.0,138.682,35.864,1.0,6.0,0.0,0.0,0.0,6.0,0.0,0.0,1.5744,0.1422,0.0,0.0,0.0,0.0,0.0,0.9657,0.0343,0.217,1.0,1299,5,Normal,normal
0.0,136.397,26.696,1.0,6.0,0.0,0.0,0.0,6.0,0.0,0.0,2.3815,0.2151,0.0,0.0,0.0,0.0,0.0,0.9734,0.0266,-1.225,1.0,1300,1,Normal,normal
0.0,135.402,26.52,1.0,6.0,0.0,0.0,0.0,6.0,0.0,0.0,2.3815,0.2151,0.0,0.0,0.0,0.0,0.0,0.9704,0.0296,0.519,1.0,1300,2,Normal,normal
0.0,134.827,26.46,1.0,6.0,0.0,0.0,0.0,6.0,0.0,0.0,2.3815,0.2151,0.0,0.0,0.0,0.0,0.0,0.9689,0.0311,0.528,1.0,1300,3,Normal,normal
0.0,134.155,26.471,1.0,6.0,0.0,0.0,0.0,6.0,0.0,0.0,2.3815,0.2151,0.0,0.0,0.0,0.0,0.0,0.9686,0.0314,0.184,1.0,1300,4,Normal,normal
0.0,133.513,26.444,1.0,6.0,0.0,0.0,0.0,6.0,0.0,0.0,2.3815,0.2151,0.0,0.0,0.0,0.0,0.0,0.9627,0.0373,0.229,1.0,1300,5,Normal,normal
0.0,137.197,26.114,1.0,6.0,0.0,0.0,0.0,6.0,0.0,0.0,2.9573,0.2671,0.0,0.0,0.0,0.0,0.0,0.9684,0.0316,-1.249,1.0,1301,1,Normal,normal
0.0,136.165,25.962,1.0,6.0,0.0,0.0,0.0,6.0,0.0,0.0,2.9573,0.2671,0.0,0.0,0.0,0.0,0.0,0.9696,0.0304,0.532,1.0,1301,2,Normal,normal
0.0,135.52,25.954,1.0,6.0,0.0,0.0,0.0,6.0,0.0,0.0,2.9573,0.2671,0.0,0.0,0.0,0.0,0.0,0.9702,0.0298,0.526,1.0,1301,3,Normal,normal
0.0,134.847,25.963,1.0,6.0,0.0,0.0,0.0,6.0,0.0,0.0,2.9573,0.2671,0.0,0.0,0.0,0.0,0.0,0.9698,0.0302,0.183,1.0,1301,4,Normal,normal
0.0,134.153,25.974,1.0,6.0,0.0,0.0,0.0,6.0,0.0,0.0,2.9573,0.2671,0.0,0.0,0.0,0.0,0.0,0.9665,0.0335,0.228,1.0,1301,5,Normal,normal
0.0,146.108,34.138,1.0,6.0,0.0,0.0,0.0,6.0,0.0,0.0,3.257,0.2942,0.0,0.0,0.0,0.0,0.0,0.9698,0.0302,-1.28,1.0,1302,1,Normal,normal
0.0,144.988,33.968,1.0,6.0,0.0,0.0,0.0,6.0,0.0,0.0,3.257,0.2942,0.0,0.0,0.0,0.0,0.0,0.9681,0.0319,0.545,1.0,1302,2,Normal,normal
0.0,144.218,33.906,1.0,6.0,0.0,0.0,0.0,6.0,0.0,0.0,3.257,0.2942,0.0,0.0,0.0,0.0,0.0,0.9711,0.0289,0.548,1.0,1302,3,Normal,normal
0.0,143.363,33.845,1.0,6.0,0.0,0.0,0.0,6.0,0.0,0.0,3.257,0.2942,0.0,0.0,0.0,0.0,0.0,0.9666,0.0334,0.192,1.0,1302,4,Normal,normal
0.0,142.578,33.783,1.0,6.0,0.0,0.0,0.0,6.0,0.0,0.0,3.257,0.2942,0.0,0.0,0.0,0.0,0.0,0.9665,0.0335,0.238,1.0,1302,5,Normal,normal
0.0,148.227,33.141,1.0,6.0,0.0,0.0,0.0,6.0,0.0,0.0,1.7813,0.1609,0.0,0.0,0.0,0.0,0.0,0.9682,0.0318,-1.336,1.0,1303,1,Normal,normal
0.0,147.115,32.951,1.0,6.0,0.0,0.0,0.0,6.0,0.0,0.0,1.7813,0.1609,0.0,0.0,0.0,0.0,0.0,0.9638,0.0362,0.569,1.0,1303,2,Normal,normal
0.0,146.382,32.886,1.0,6.0,0.0,0.0,0.0,6.0,0.0,0.0,1.7813,0.1609,0.0,0.0,0.0,0.0,0.0,0.9694,0.0306,0.56,1.0,1303,3,Normal,normal
0.0,145.532,32.845,1.0,6.0,0.0,0.0,0.0,6.0,0.0,0.0,1.7813,0.1609,0.0,0.0,0.0,0.0,0.0,0.968,0.032,0.202,1.0,1303,4,Normal,normal
0.0,144.798,32.773,1.0,6.0,0.0,0.0,0.0,6.0,0.0,0.0,1.7813,0.1609,0.0,0.0,0.0,0.0,0.0,0.9636,0.0364,0.251,1.0,1303,5,Normal,normal
0.0,216.758,103.938,1.0,6.0,0.0,0.0,0.0,6.0,0.0,0.0,0.1065,0.0096,0.0,0.0,0.0,0.0,0.0,0.9696,0.0304,-1.363,1.0,1304,1,Normal,normal
0.0,215.5,103.766,1.0,6.0,0.0,0.0,0.0,6.0,0.0,0.0,0.1065,0.0096,0.0,0.0,0.0,0.0,0.0,0.9646,0.0354,0.578,1.0,1304,2,Normal,normal
0.0,214.677,103.711,1.0,6.0,0.0,0.0,0.0,6.0,0.0,0.0,0.1065,0.0096,0.0,0.0,0.0,0.0,0.0,0.9652,0.0348,0.577,1.0,1304,3,Normal,normal
0.0,213.837,103.646,1.0,6.0,0.0,0.0,0.0,6.0,0.0,0.0,0.1065,0.0096,0.0,0.0,0.0,0.0,0.0,0.9675,0.0325,0.206,1.0,1304,4,Normal,normal
0.0,213.067,103.543,1.0,6.0,0.0,0.0,0.0,6.0,0.0,0.0,0.1065,0.0096,0.0,0.0,0.0,0.0,0.0,0.9616,0.0384,0.252,1.0,1304,5,Normal,normal
0.0,212.348,105.181,1.0,6.0,0.0,0.0,0.0,6.0,0.0,0.0,1.4586,0.1318,0.0,0.0,0.0,0.0,0.0,0.9697,0.0303,-1.406,1.0,1305,1,Normal,normal
0.0,211.223,104.944,1.0,6.0,0.0,0.0,0.0,6.0,0.0,0.0,1.4586,0.1318,0.0,0.0,0.0,0.0,0.0,0.9593,0.0407,0.603,1.0,1305,2,Normal,normal
0.0,210.522,104.815,1.0,6.0,0.0,0.0,0.0,6.0,0.0,0.0,1.4586,0.1318,0.0,0.0,0.0,0.0,0.0,0.9625,0.0375,0.592,1.0,1305,3,Normal,normal
0.0,208.928,105.457,1.0,6.0,0.0,0.0,0.0,6.0,0.0,0.0,1.4586,0.1318,0.0,0.0,0.0,0.0,0.0,0.9648,0.0352,0.211,1.0,1305,4,Normal,normal
0.0,208.013,105.481,1.0,6.0,0.0,0.0,0.0,6.0,0.0,0.0,1.4586,0.1318,0.0,0.0,0.0,0.0,0.0,0.9606,0.0394,0.259,1.0,1305,5,Normal,normal
0.0,223.967,98.329,1.0,6.0,0.0,0.0,0.0,6.0,0.0,0.0,2.1965,0.1984,0.0,0.0,0.0,0.0,0.0,0.9707,0.0293,-1.45,1.0,1306,1,Normal,normal
0.0,222.843,98.102,1.0,6.0,0.0,0.0,0.0,6.0,0.0,0.0,2.1965,0.1984,0.0,0.0,0.0,0.0,0.0,0.9655,0.0345,0.612,1.0,1306,2,Normal,normal
0.0,222.217,97.899,1.0,6.0,0.0,0.0,0.0,6.0,0.0,0.0,2.1965,0.1984,0.0,0.0,0.0,0.0,0.0,0.9624,0.0376,0.609,1.0,1306,3,Normal,normal
0.0,220.66,98.651,1.0,6.0,0.0,0.0,0.0,6.0,0.0,0.0,2.1965,0.1984,0.0,0.0,0.0,0.0,0.0,0.9647,0.0353,0.218,1.0,1306,4,Normal,normal
0.0,219.802,98.685,1.0,6.0,0.0,0.0,0.0,6.0,0.0,0.0,2.1965,0.1984,0.0,0.0,0.0,0.0,0.0,0.959,0.041,0.269,1.0,1306,5,Normal,normal
0.0,290.032,143.809,1.0,6.0,0.0,0.0,0.0,6.0,0.0,0.0,3.5958,0.3248,0.0,0.0,0.0,0.0,0.0,0.9638,0.0362,-1.464,1.0,1307,1,Normal,normal
0.0,288.902,143.561,1.0,6.0,0.0,0.0,0.0,6.0,0.0,0.0,3.5958,0.3248,0.0,0.0,0.0,0.0,0.0,0.9637,0.0363,0.622,1.0,1307,2,Normal,normal
0.0,288.19,143.391,1.0,6.0,0.0,0.0,0.0,6.0,0.0,0.0,3.5958,0.3248,0.0,0.0,0.0,0.0,0.0,0.9631,0.0369,0.627,1.0,1307,3,Normal,normal
0.0,286.6,144.332,1.0,6.0,0.0,0.0,0.0,6.0,0.0,0.0,3.5958,0.3248,0.0,0.0,0.0,0.0,0.0,0.9606,0.0394,0.221,1.0,1307,4,Normal,normal
0.0,285.672,144.525,1.0,6.0,0.0,0.0,0.0,6.0,0.0,0.0,3.5958,0.3248,0.0,0.0,0.0,0.0,0.0,0.9585,0.0415,0.269,1.0,1307,5,Normal,normal
0.0,256.878,149.652,1.0,6.0,0.0,0.0,0.0,6.0,0.0,0.0,0.5655,0.0511,0.0,0.0,0.0,0.0,0.0,0.9647,0.0353,-1.509,1.0,1308,1,Normal,normal
0.0,255.698,149.585,1.0,6.0,0.0,0.0,0.0,6.0,0.0,0.0,0.5655,0.0511,0.0,0.0,0.0,0.0,0.0,0.9587,0.0413,0.641,1.0,1308,2,Normal,normal
0.0,254.897,149.548,1.0,6.0,0.0,0.0,0.0,6.0,0.0,0.0,0.5655,0.0511,0.0,0.0,0.0,0.0,0.0,0.9605,0.0395,0.636,1.0,1308,3,Normal,normal
0.0,253.297,150.318,1.0,6.0,0.0,0.0,0.0,6.0,0.0,0.0,0.5655,0.0511,0.0,0.0,0.0,0.0,0.0,0.9643,0.0357,0.233,1.0,1308,4,Normal,normal
0.0,252.493,150.425,1.0,6.0,0.0,0.0,0.0,6.0,0.0,0.0,0.5655,0.0511,0.0,0.0,0.0,0.0,0.0,0.9565,0.0435,0.277,1.0,1308,5,Normal,normal
0.0,260.908,146.146,1.0,6.0,0.0,0.0,0.0,6.0,0.0,0.0,1.9494,0.1761,0.0,0.0,0.0,0.0,0.0,0.9638,0.0362,-1.539,1.0,1309,1,Normal,normal
0.0,259.465,146.303,1.0,6.0,0.0,0.0,0.0,6.0,0.0,0.0,1.9494,0.1761,0.0,0.0,0.0,0.0,0.0,0.9581,0.0419,0.653,1.0,1309,2,Normal,normal
0.0,258.578,146.344,1.0,6.0,0.0,0.0,0.0,6.0,0.0,0.0,1.9494,0.1761,0.0,0.0,0.0,0.0,0.0,0.9614,0.0386,0.647,1.0,1309,3,Normal,normal
0.0,257.73,146.411,1.0,6.0,0.0,0.0,0.0,6.0,0.0,0.0,1.9494,0.1761,0.0,0.0,0.0,0.0,0.0,0.9659,0.0341,0.236,1.0,1309,4,Normal,normal
0.0,257.08,146.372,1.0,6.0,0.0,0.0,0.0,6.0,0.0,0.0,1.9494,0.1761,0.0,0.0,0.0,0.0,0.0,0.9587,0.0413,0.286,1.0,1309,5,Normal,normal
0.0,249.585,103.359,1.0,6.0,0.0,0.0,0.0,6.0,0.0,0.0,1.3563,0.1225,0.0,0.0,0.0,0.0,0.0,0.9646,0.0354,-1.548,1.0,1310,1,Normal,normal
0.0,248.123,103.698,1.0,6.0,0.0,0.0,0.0,6.0,0.0,0.0,1.3563,0.1225,0.0,0.0,0.0,0.0,0.0,0.9557,0.0443,0.652,1.0,1310,2,Normal,normal
0.0,247.16,103.785,1.0,6.0,0.0,0.0,0.0,6.0,0.0,0.0,1.3563,0.1225,0.0,0.0,0.0,0.0,0.0,0.9608,0.0392,0.652,1.0,1310,3,Normal,normal
0.0,246.268,103.828,1.0,6.0,0.0,0.0,0.0,6.0,0.0,0.0,1.3563,0.1225,0.0,0.0,0.0,0.0,0.0,0.9611,0.0389,0.228,1.0,1310,4,Normal,normal
0.0,245.523,103.705,1.0,6.0,0.0,0.0,0.0,6.0,0.0,0.0,1.3563,0.1225,0.0,0.0,0.0,0.0,0.0,0.9578,0.0422,0.297,1.0,1310,5,Normal,normal
0.0,208.243,101.31,1.0,6.0,0.0,0.0,0.0,6.0,0.0,0.0,4.0129,0.3625,0.0,0.0,0.0,0.0,0.0,0.9674,0.0326,-1.558,1.0,1311,1,Normal,normal
0.0,206.85,101.502,1.0,6.0,0.0,0.0,0.0,6.0,0.0,0.0,4.0129,0.3625,0.0,0.0,0.0,0.0,0.0,0.9624,0.0376,0.671,1.0,1311,2,Normal,normal
0.0,206.03,101.455,1.0,6.0,0.0,0.0,0.0,6.0,0.0,0.0,4.0129,0.3625,0.0,0.0,0.0,0.0,0.0,0.9574,0.0426,0.658,1.0,1311,3,Normal,normal
0.0,205.295,101.397,1.0,6.0,0.0,0.0,0.0,6.0,0.0,0.0,4.0129,0.3625,0.0,0.0,0.0,0.0,0.0,0.9647,0.0353,0.24,1.0,1311,4,Normal,normal
0.0,204.738,101.298,1.0,6.0,0.0,0.0,0.0,6.0,0.0,0.0,4.0129,0.3625,0.0,0.0,0.0,0.0,0.0,0.9543,0.0457,0.289,1.0,1311,5,Normal,normal
0.0,214.19,97.198,1.0,6.0,0.0,0.0,0.0,6.0,0.0,0.0,3.926,0.3546,0.0,0.0,0.0,0.0,0.0,0.9654,0.0346,-1.564,1.0,1312,1,Normal,normal
0.0,212.808,97.376,1.0,6.0,0.0,0.0,0.0,6.0,0.0,0.0,3.926,0.3546,0.0,0.0,0.0,0.0,0.0,0.9567,0.0433,0.661,1.0,1312,2,Normal,normal
0.0,211.99,97.306,1.0,6.0,0.0,0.0,0.0,6.0,0.0,0.0,3.926,0.3546,0.0,0.0,0.0,0.0,0.0,0.9602,0.0398,0.666,1.0,1312,3,Normal,normal
0.0,211.255,97.232,1.0,6.0,0.0,0.0,0.0,6.0,0.0,0.0,3.926,0.3546,0.0,0.0,0.0,0.0,0.0,0.9649,0.0351,0.234,1.0,1312,4,Normal,normal
0.0,210.647,97.162,1.0,6.0,0.0,0.0,0.0,6.0,0.0,0.0,3.926,0.3546,0.0,0.0,0.0,0.0,0.0,0.9509,0.0491,0.285,1.0,1312,5,Normal,normal
0.0,272.005,134.211,1.0,6.0,0.0,0.0,0.0,6.0,0.0,0.0,2.3126,0.2089,0.0,0.0,0.0,0.0,0.0,0.9639,0.0361,-1.556,1.0,1313,1,Normal,normal
0.0,270.723,134.125,1.0,6.0,0.0,0.0,0.0,6.0,0.0,0.0,2.3126,0.2089,0.0,0.0,0.0,0.0,0.0,0.9556,0.0444,0.656,1.0,1313,2,Normal,normal
0.0,269.918,134.055,1.0,6.0,0.0,0.0,0.0,6.0,0.0,0.0,2.3126,0.2089,0.0,0.0,0.0,0.0,0.0,0.9585,0.0415,0.664,1.0,1313,3,Normal,normal
0.0,269.182,133.857,1.0,6.0,0.0,0.0,0.0,6.0,0.0,0.0,2.3126,0.2089,0.0,0.0,0.0,0.0,0.0,0.9631,0.0369,0.239,1.0,1313,4,Normal,normal
0.0,268.602,133.793,1.0,6.0,0.0,0.0,0.0,6.0,0.0,0.0,2.3126,0.2089,0.0,0.0,0.0,0.0,0.0,0.9516,0.0484,0.294,1.0,1313,5,Normal,normal
0.0,251.195,144.59,1.0,6.0,0.0,0.0,0.0,6.0,0.0,0.0,2.3012,0.2079,0.0,0.0,0.0,0.0,0.0,0.96,0.04,-1.546,1.0,1314,1,Normal,normal
0.0,249.942,144.482,1.0,6.0,0.0,0.0,0.0,6.0,0.0,0.0,2.3012,0.2079,0.0,0.0,0.0,0.0,0.0,0.9577,0.0423,0.658,1.0,1314,2,Normal,normal
0.0,249.018,144.505,1.0,6.0,0.0,0.0,0.0,6.0,0.0,0.0,2.3012,0.2079,0.0,0.0,0.0,0.0,0.0,0.9576,0.0424,0.652,1.0,1314,3,Normal,normal
0.0,248.235,144.379,1.0,6.0,0.0,0.0,0.0,6.0,0.0,0.0,2.3012,0.2079,0.0,0.0,0.0,0.0,0.0,0.9599,0.0401,0.237,1.0,1314,4,Normal,normal
0.0,247.647,144.354,1.0,6.0,0.0,0.0,0.0,6.0,0.0,0.0,2.3012,0.2079,0.0,0.0,0.0,0.0,0.0,0.9531,0.0469,0.278,1.0,1314,5,Normal,normal
0.0,256.28,140.393,1.0,6.0,0.0,0.0,0.0,6.0,0.0,0.0,1.1543,0.1043,0.0,0.0,0.0,0.0,0.0,0.9664,0.0336,-1.516,1.0,1315,1,Normal,normal
0.0,254.86,140.415,1.0,6.0,0.0,0.0,0.0,6.0,0.0,0.0,1.1543,0.1043,0.0,0.0,0.0,0.0,0.0,0.9616,0.0384,0.645,1.0,1315,2,Normal,normal
0.0,253.863,140.511,1.0,6.0,0.0,0.0,0.0,6.0,0.0,0.0,1.1543,0.1043,0.0,0.0,0.0,0.0,0.0,0.9591,0.0409,0.639,1.0,1315,3,Normal,normal
0.0,253.063,140.406,1.0,6.0,0.0,0.0,0.0,6.0,0.0,0.0,1.1543,0.1043,0.0,0.0,0.0,0.0,0.0,0.9626,0.0374,0.228,1.0,1315,4,Normal,normal
0.0,252.458,140.401,1.0,6.0,0.0,0.0,0.0,6.0,0.0,0.0,1.1543,0.1043,0.0,0.0,0.0,0.0,0.0,0.9568,0.0432,0.286,1.0,1315,5,Normal,normal
0.0,247.568,98.632,1.0,6.0,0.0,0.0,0.0,6.0,0.0,0.0,1.2737,0.1151,0.0,0.0,0.0,0.0,0.0,0.9677,0.0323,-1.496,1.0,1316,1,Normal,normal
0.0,246.25,98.635,1.0,6.0,0.0,0.0,0.0,6.0,0.0,0.0,1.2737,0.1151,0.0,0.0,0.0,0.0,0.0,0.9579,0.0421,0.634,1.0,1316,2,Normal,normal
0.0,245.335,98.746,1.0,6.0,0.0,0.0,0.0,6.0,0.0,0.0,1.2737,0.1151,0.0,0.0,0.0,0.0,0.0,0.9604,0.0396,0.64,1.0,1316,3,Normal,normal
0.0,244.672,98.792,1.0,6.0,0.0,0.0,0.0,6.0,0.0,0.0,1.2737,0.1151,0.0,0.0,0.0,0.0,0.0,0.9616,0.0384,0.236,1.0,1316,4,Normal,normal
0.0,244.073,98.769,1.0,6.0,0.0,0.0,0.0,6.0,0.0,0.0,1.2737,0.1151,0.0,0.0,0.0,0.0,0.0,0.9554,0.0446,0.283,1.0,1316,5,Normal,normal
0.0,196.143,81.111,1.0,6.0,0.0,0.0,0.0,6.0,0.0,0.0,2.1309,0.1925,0.0,0.0,0.0,0.0,0.0,0.9679,0.0321,-1.457,1.0,1317,1,Normal,normal
0.0,194.888,81.153,1.0,6.0,0.0,0.0,0.0,6.0,0.0,0.0,2.1309,0.1925,0.0,0.0,0.0,0.0,0.0,0.9616,0.0384,0.615,1.0,1317,2,Normal,normal
0.0,194.173,81.16,1.0,6.0,0.0,0.0,0.0,6.0,0.0,0.0,2.1309,0.1925,0.0,0.0,0.0,0.0,0.0,0.9626,0.0374,0.623,1.0,1317,3,Normal,normal
0.0,193.548,81.087,1.0,6.0,0.0,0.0,0.0,6.0,0.0,0.0,2.1309,0.1925,0.0,0.0,0.0,0.0,0.0,0.9607,0.0393,0.224,1.0,1317,4,Normal,normal
0.0,192.988,80.904,1.0,6.0,0.0,0.0,0.0,6.0,0.0,0.0,2.1309,0.1925,0.0,0.0,0.0,0.0,0.0,0.956,0.044,0.271,1.0,1317,5,Normal,normal
0.0,196.092,81.157,1.0,6.0,0.0,0.0,0.0,6.0,0.0,0.0,3.2597,0.2944,0.0,0.0,0.0,0.0,0.0,0.9729,0.0271,-1.163,1.0,1318,1,Natural Fault,line_trip
0.0,194.735,81.29,1.0,6.0,0.0,0.0,0.0,6.0,0.0,0.0,3.2597,0.2944,0.0,0.0,0.0,0.0,0.0,0.9722,0.0278,0.337,1.0,1318,2,Natural Fault,line_trip
0.0,194.113,81.214,1.0,6.0,0.0,0.0,0.0,6.0,0.0,0.0,3.2597,0.2944,0.0,0.0,0.0,0.0,0.0,0.9677,0.0323,0.61,1.0,1318,3,Natural Fault,line_trip
0.0,193.573,81.065,1.0,6.0,0.0,0.0,0.0,6.0,0.0,0.0,3.2597,0.2944,0.0,0.0,0.0,0.0,0.0,0.9693,0.0307,0.227,1.0,1318,4,Natural Fault,line_trip
0.0,193.063,80.837,1.0,6.0,0.0,0.0,0.0,6.0,0.0,0.0,3.2597,0.2944,0.0,0.0,0.0,0.0,0.0,0.0,1.0,0.004,3.0,1318,5,Natural Fault,line_trip
0.0,168.933,56.557,1.0,6.0,0.0,0.0,0.0,6.0,0.0,0.0,1.8629,0.1683,0.0,0.0,0.0,0.0,0.0,0.9746,0.0254,-1.121,1.0,1319,1,Natural Fault,line_trip
0.0,167.723,56.565,1.0,6.0,0.0,0.0,0.0,6.0,0.0,0.0,1.8629,0.1683,0.0,0.0,0.0,0.0,0.0,0.9734,0.0266,0.323,1.0,1319,2,Natural Fault,line_trip
0.0,167.182,56.467,1.0,6.0,0.0,0.0,0.0,6.0,0.0,0.0,1.8629,0.1683,0.0,0.0,0.0,0.0,0.0,0.9702,0.0298,0.575,1.0,1319,3,Natural Fault,line_trip
0.0,166.593,56.592,1.0,6.0,0.0,0.0,0.0,6.0,0.0,0.0,1.8629,0.1683,0.0,0.0,0.0,0.0,0.0,0.9688,0.0312,0.212,1.0,1319,4,Natural Fault,line_trip
0.0,166.193,56.543,1.0,6.0,0.0,0.0,0.0,6.0,0.0,0.0,1.8629,0.1683,0.0,0.0,0.0,0.0,0.0,0.0,1.0,0.0,3.0,1319,5,Natural Fault,line_trip
0.0,150.865,36.468,1.0,6.0,0.0,0.0,0.0,6.0,0.0,0.0,2.0381,0.1841,0.0,0.0,0.0,0.0,0.0,0.9742,0.0258,-1.078,1.0,1320,1,Natural Fault,line_trip
0.0,149.507,36.435,1.0,6.0,0.0,0.0,0.0,6.0,0.0,0.0,2.0381,0.1841,0.0,0.0,0.0,0.0,0.0,0.9732,0.0268,0.311,1.0,1320,2,Natural Fault,line_trip
0.0,148.97,36.427,1.0,6.0,0.0,0.0,0.0,6.0,0.0,0.0,2.0381,0.1841,0.0,0.0,0.0,0.0,0.0,0.9718,0.0282,0.551,1.0,1320,3,Natural Fault,line_trip
0.0,148.358,36.598,1.0,6.0,0.0,0.0,0.0,6.0,0.0,0.0,2.0381,0.1841,0.0,0.0,0.0,0.0,0.0,0.9763,0.0237,0.208,1.0,1320,4,Natural Fault,line_trip
0.0,147.963,36.558,1.0,6.0,0.0,0.0,0.0,6.0,0.0,0.0,2.0381,0.1841,0.0,0.0,0.0,0.0,0.0,0.0,1.0,0.003,3.0,1320,5,Natural Fault,line_trip
0.0,230.737,127.255,1.0,6.0,0.0,0.0,0.0,6.0,0.0,0.0,2.7407,0.2476,0.0,0.0,0.0,0.0,0.0,0.9761,0.0239,-1.05,1.0,1321,1,Natural Fault,line_trip
0.0,229.213,127.201,1.0,6.0,0.0,0.0,0.0,6.0,0.0,0.0,2.7407,0.2476,0.0,0.0,0.0,0.0,0.0,0.9736,0.0264,0.307,1.0,1321,2,Natural Fault,line_trip
0.0,228.585,127.178,1.0,6.0,0.0,0.0,0.0,6.0,0.0,0.0,2.7407,0.2476,0.0,0.0,0.0,0.0,0.0,0.9749,0.0251,0.552,1.0,1321,3,Natural Fault,line_trip
0.0,227.865,127.244,1.0,6.0,0.0,0.0,0.0,6.0,0.0,0.0,2.7407,0.2476,0.0,0.0,0.0,0.0,0.0,0.9734,0.0266,0.2,1.0,1321,4,Natural Fault,line_trip
0.0,227.36,127.175,1.0,6.0,0.0,0.0,0.0,6.0,0.0,0.0,2.7407,0.2476,0.0,0.0,0.0,0.0,0.0,0.0,1.0,-0.004,3.0,1321,5,Natural Fault,line_trip
0.0,225.055,129.648,1.0,6.0,0.0,0.0,0.0,6.0,0.0,0.0,2.4388,0.2203,0.0,0.0,0.0,0.0,0.0,0.9767,0.0233,-1.007,1.0,1322,1,Natural Fault,line_trip
0.0,223.685,129.472,1.0,6.0,0.0,0.0,0.0,6.0,0.0,0.0,2.4388,0.2203,0.0,0.0,0.0,0.0,0.0,0.9719,0.0281,0.3,1.0,1322,2,Natural Fault,line_trip
0.0,223.088,129.424,1.0,6.0,0.0,0.0,0.0,6.0,0.0,0.0,2.4388,0.2203,0.0,0.0,0.0,0.0,0.0,0.9728,0.0272,0.518,1.0,1322,3,Natural Fault,line_trip
0.0,222.405,129.447,1.0,6.0,0.0,0.0,0.0,6.0,0.0,0.0,2.4388,0.2203,0.0,0.0,0.0,0.0,0.0,0.9773,0.0227,0.199,1.0,1322,4,Natural Fault,line_trip
0.0,221.968,129.341,1.0,6.0,0.0,0.0,0.0,6.0,0.0,0.0,2.4388,0.2203,0.0,0.0,0.0,0.0,0.0,0.0,1.0,-0.004,3.0,1322,5,Natural Fault,line_trip
0.0,239.653,121.609,1.0,6.0,0.0,0.0,0.0,6.0,0.0,0.0,5.233,0.4727,0.0,0.0,0.0,0.0,0.0,0.9768,0.0232,-0.96,1.0,1323,1,Natural Fault,line_trip
0.0,238.262,121.46,1.0,6.0,0.0,0.0,0.0,6.0,0.0,0.0,5.233,0.4727,0.0,0.0,0.0,0.0,0.0,0.975,0.025,0.284,1.0,1323,2,Natural Fault,line_trip
0.0,237.663,121.421,1.0,6.0,0.0,0.0,0.0,6.0,0.0,0.0,5.233,0.4727,0.0,0.0,0.0,0.0,0.0,0.9693,0.0307,0.502,1.0,1323,3,Natural Fault,line_trip
0.0,237.142,121.316,1.0,6.0,0.0,0.0,0.0,6.0,0.0,0.0,5.233,0.4727,0.0,0.0,0.0,0.0,0.0,0.9791,0.0209,0.175,1.0,1323,4,Natural Fault,line_trip
0.0,236.707,121.211,1.0,6.0,0.0,0.0,0.0,6.0,0.0,0.0,5.233,0.4727,0.0,0.0,0.0,0.0,0.0,0.0,1.0,0.003,3.0,1323,5,Natural Fault,line_trip
0.0,252.292,98.422,1.0,6.0,0.0,0.0,0.0,6.0,0.0,0.0,3.7989,0.3432,0.0,0.0,0.0,0.0,0.0,0.9745,0.0255,-1.157,1.0,1324,1,Normal,normal
0.0,250.978,98.147,1.0,6.0,0.0,0.0,0.0,6.0,0.0,0.0,3.7989,0.3432,0.0,0.0,0.0,0.0,0.0,0.9675,0.0325,0.494,1.0,1324,2,Normal,normal
0.0,250.427,98.091,1.0,6.0,0.0,0.0,0.0,6.0,0.0,0.0,3.7989,0.3432,0.0,0.0,0.0,0.0,0.0,0.9733,0.0267,0.491,1.0,1324,3,Normal,normal
0.0,249.977,98.047,1.0,6.0,0.0,0.0,0.0,6.0,0.0,0.0,3.7989,0.3432,0.0,0.0,0.0,0.0,0.0,0.9737,0.0263,0.179,1.0,1324,4,Normal,normal
0.0,249.585,97.99,1.0,6.0,0.0,0.0,0.0,6.0,0.0,0.0,3.7989,0.3432,0.0,0.0,0.0,0.0,0.0,0.9736,0.0264,0.215,1.0,1324,5,Normal,normal
0.0,225.873,106.093,1.0,6.0,0.0,0.0,0.0,6.0,0.0,0.0,1.0286,0.0929,0.0,0.0,0.0,0.0,0.0,0.9775,0.0225,-1.103,1.0,1325,1,Normal,normal
0.0,224.578,105.876,1.0,6.0,0.0,0.0,0.0,6.0,0.0,0.0,1.0286,0.0929,0.0,0.0,0.0,0.0,0.0,0.9719,0.0281,0.466,1.0,1325,2,Normal,normal
0.0,224.075,105.817,1.0,6.0,0.0,0.0,0.0,6.0,0.0,0.0,1.0286,0.0929,0.0,0.0,0.0,0.0,0.0,0.9742,0.0258,0.467,1.0,1325,3,Normal,normal
0.0,223.627,105.802,1.0,6.0,0.0,0.0,0.0,6.0,0.0,0.0,1.0286,0.0929,0.0,0.0,0.0,0.0,0.0,0.9722,0.0278,0.168,1.0,1325,4,Normal,normal
0.0,223.258,105.77,1.0,6.0,0.0,0.0,0.0,6.0,0.0,0.0,1.0286,0.0929,0.0,0.0,0.0,0.0,0.0,0.9718,0.0282,0.208,1.0,1325,5,Normal,normal
0.0,240.977,95.013,1.0,6.0,0.0,0.0,0.0,6.0,0.0,0.0,1.0131,0.0915,0.0,0.0,0.0,0.0,0.0,0.9787,0.0213,-1.053,1.0,1326,1,Normal,normal
0.0,239.662,94.837,1.0,6.0,0.0,0.0,0.0,6.0,0.0,0.0,1.0131,0.0915,0.0,0.0,0.0,0.0,0.0,0.9731,0.0269,0.444,1.0,1326,2,Normal,normal
0.0,239.093,94.81,1.0,6.0,0.0,0.0,0.0,6.0,0.0,0.0,1.0131,0.0915,0.0,0.0,0.0,0.0,0.0,0.9747,0.0253,0.443,1.0,1326,3,Normal,normal
0.0,238.587,94.831,1.0,6.0,0.0,0.0,0.0,6.0,0.0,0.0,1.0131,0.0915,0.0,0.0,0.0,0.0,0.0,0.9738,0.0262,0.169,1.0,1326,4,Normal,normal
0.0,238.125,94.842,1.0,6.0,0.0,0.0,0.0,6.0,0.0,0.0,1.0131,0.0915,0.0,0.0,0.0,0.0,0.0,0.9739,0.0261,0.201,1.0,1326,5,Normal,normal
0.0,244.6,84.12,1.0,6.0,0.0,0.0,0.0,6.0,0.0,0.0,3.2069,0.2897,0.0,0.0,0.0,0.0,0.0,0.9745,0.0255,-1.034,1.0,1327,1,Normal,normal
0.0,243.355,84.0,1.0,6.0,0.0,0.0,0.0,6.0,0.0,0.0,3.2069,0.2897,0.0,0.0,0.0,0.0,0.0,0.9758,0.0242,0.438,1.0,1327,2,Normal,normal
0.0,242.8,83.951,1.0,6.0,0.0,0.0,0.0,6.0,0.0,0.0,3.2069,0.2897,0.0,0.0,0.0,0.0,0.0,0.9711,0.0289,0.44,1.0,1327,3,Normal,normal
0.0,242.248,83.861,1.0,6.0,0.0,0.0,0.0,6.0,0.0,0.0,3.2069,0.2897,0.0,0.0,0.0,0.0,0.0,0.9759,0.0241,0.16,1.0,1327,4,Normal,normal
0.0,241.735,83.766,1.0,6.0,0.0,0.0,0.0,6.0,0.0,0.0,3.2069,0.2897,0.0,0.0,0.0,0.0,0.0,0.973,0.027,0.191,1.0,1327,5,Normal,normal
0.0,210.513,93.735,1.0,6.0,0.0,0.0,0.0,6.0,0.0,0.0,1.3009,0.1175,0.0,0.0,0.0,0.0,0.0,0.9752,0.0248,-1.002,1.0,1328,1,Normal,normal
0.0,209.303,93.707,1.0,6.0,0.0,0.0,0.0,6.0,0.0,0.0,1.3009,0.1175,0.0,0.0,0.0,0.0,0.0,0.9741,0.0259,0.428,1.0,1328,2,Normal,normal
0.0,208.798,93.659,1.0,6.0,0.0,0.0,0.0,6.0,0.0,0.0,1.3009,0.1175,0.0,0.0,0.0,0.0,0.0,0.9758,0.0242,0.424,1.0,1328,3,Normal,normal
0.0,208.292,93.572,1.0,6.0,0.0,0.0,0.0,6.0,0.0,0.0,1.3009,0.1175,0.0,0.0,0.0,0.0,0.0,0.9769,0.0231,0.141,1.0,1328,4,Normal,normal
0.0,207.753,93.458,1.0,6.0,0.0,0.0,0.0,6.0,0.0,0.0,1.3009,0.1175,0.0,0.0,0.0,0.0,0.0,0.9737,0.0263,0.184,1.0,1328,5,Normal,normal
0.0,224.01,84.9,1.0,6.0,0.0,0.0,0.0,6.0,0.0,0.0,2.5007,0.2259,0.0,0.0,0.0,0.0,0.0,0.9759,0.0241,-0.966,1.0,1329,1,Normal,normal
0.0,222.827,84.865,1.0,6.0,0.0,0.0,0.0,6.0,0.0,0.0,2.5007,0.2259,0.0,0.0,0.0,0.0,0.0,0.9745,0.0255,0.394,1.0,1329,2,Normal,normal
0.0,222.283,84.833,1.0,6.0,0.0,0.0,0.0,6.0,0.0,0.0,2.5007,0.2259,0.0,0.0,0.0,0.0,0.0,0.9762,0.0238,0.407,1.0,1329,3,Normal,normal
0.0,221.733,84.758,1.0,6.0,0.0,0.0,0.0,6.0,0.0,0.0,2.5007,0.2259,0.0,0.0,0.0,0.0,0.0,0.9805,0.0195,0.154,1.0,1329,4,Normal,normal
0.0,221.158,84.666,1.0,6.0,0.0,0.0,0.0,6.0,0.0,0.0,2.5007,0.2259,0.0,0.0,0.0,0.0,0.0,0.9728,0.0272,0.179,1.0,1329,5,Normal,normal
0.0,264.683,119.175,1.0,6.0,0.0,0.0,0.0,6.0,0.0,0.0,1.4379,0.1299,0.0,0.0,0.0,0.0,0.0,0.9788,0.0212,-0.959,1.0,1330,1,Normal,normal
0.0,263.523,119.225,1.0,6.0,0.0,0.0,0.0,6.0,0.0,0.0,1.4379,0.1299,0.0,0.0,0.0,0.0,0.0,0.9733,0.0267,0.41,1.0,1330,2,Normal,normal
0.0,262.968,119.104,1.0,6.0,0.0,0.0,0.0,6.0,0.0,0.0,1.4379,0.1299,0.0,0.0,0.0,0.0,0.0,0.9764,0.0236,0.408,1.0,1330,3,Normal,normal
0.0,262.383,118.969,1.0,6.0,0.0,0.0,0.0,6.0,0.0,0.0,1.4379,0.1299,0.0,0.0,0.0,0.0,0.0,0.9781,0.0219,0.149,1.0,1330,4,Normal,normal
0.0,261.793,118.818,1.0,6.0,0.0,0.0,0.0,6.0,0.0,0.0,1.4379,0.1299,0.0,0.0,0.0,0.0,0.0,0.9703,0.0297,0.175,1.0,1330,5,Normal,normal
0.0,241.095,131.232,1.0,6.0,0.0,0.0,0.0,6.0,0.0,0.0,0.6051,0.0547,0.0,0.0,0.0,0.0,0.0,0.978,0.022,-0.944,1.0,1331,1,Normal,normal
0.0,239.862,131.297,1.0,6.0,0.0,0.0,0.0,6.0,0.0,0.0,0.6051,0.0547,0.0,0.0,0.0,0.0,0.0,0.9751,0.0249,0.398,1.0,1331,2,Normal,normal
0.0,239.193,131.223,1.0,6.0,0.0,0.0,0.0,6.0,0.0,0.0,0.6051,0.0547,0.0,0.0,0.0,0.0,0.0,0.9767,0.0233,0.397,1.0,1331,3,Normal,normal
0.0,238.38,131.253,1.0,6.0,0.0,0.0,0.0,6.0,0.0,0.0,0.6051,0.0547,0.0,0.0,0.0,0.0,0.0,0.9758,0.0242,0.14,1.0,1331,4,Normal,normal
0.0,237.772,131.069,1.0,6.0,0.0,0.0,0.0,6.0,0.0,0.0,0.6051,0.0547,0.0,0.0,0.0,0.0,0.0,0.9746,0.0254,0.179,1.0,1331,5,Normal,normal
0.0,240.972,131.351,1.0,6.0,0.0,0.0,0.0,6.0,0.0,0.0,2.0494,0.1851,0.0,0.0,0.0,0.0,0.0,0.9775,0.0225,-0.935,1.0,1332,1,Normal,normal
0.0,239.788,131.368,1.0,6.0,0.0,0.0,0.0,6.0,0.0,0.0,2.0494,0.1851,0.0,0.0,0.0,0.0,0.0,0.9771,0.0229,0.398,1.0,1332,2,Normal,normal
0.0,239.117,131.297,1.0,6.0,0.0,0.0,0.0,6.0,0.0,0.0,2.0494,0.1851,0.0,0.0,0.0,0.0,0.0,0.9771,0.0229,0.401,1.0,1332,3,Normal,normal
0.0,238.337,131.295,1.0,6.0,0.0,0.0,0.0,6.0,0.0,0.0,2.0494,0.1851,0.0,0.0,0.0,0.0,0.0,0.9743,0.0257,0.146,1.0,1332,4,Normal,normal
0.0,237.808,131.034,1.0,6.0,0.0,0.0,0.0,6.0,0.0,0.0,2.0494,0.1851,0.0,0.0,0.0,0.0,0.0,0.9723,0.0277,0.176,1.0,1332,5,Normal,normal
0.0,185.313,92.761,1.0,6.0,0.0,0.0,0.0,6.0,0.0,0.0,4.8874,0.4415,0.0,0.0,0.0,0.0,0.0,0.9847,0.0153,-0.93,1.0,1333,1,Normal,normal
0.0,184.06,92.667,1.0,6.0,0.0,0.0,0.0,6.0,0.0,0.0,4.8874,0.4415,0.0,0.0,0.0,0.0,0.0,0.9763,0.0237,0.396,1.0,1333,2,Normal,normal
0.0,183.283,92.567,1.0,6.0,0.0,0.0,0.0,6.0,0.0,0.0,4.8874,0.4415,0.0,0.0,0.0,0.0,0.0,0.9737,0.0263,0.397,1.0,1333,3,Normal,normal
0.0,182.55,92.47,1.0,6.0,0.0,0.0,0.0,6.0,0.0,0.0,4.8874,0.4415,0.0,0.0,0.0,0.0,0.0,0.9755,0.0245,0.146,1.0,1333,4,Normal,normal
0.0,182.043,92.124,1.0,6.0,0.0,0.0,0.0,6.0,0.0,0.0,4.8874,0.4415,0.0,0.0,0.0,0.0,0.0,0.9764,0.0236,0.178,1.0,1333,5,Normal,normal
0.0,147.752,36.902,1.0,6.0,0.0,0.0,0.0,6.0,0.0,0.0,0.9468,0.0855,0.0,0.0,0.0,0.0,0.0,0.9779,0.0221,-0.924,1.0,1334,1,Normal,normal
0.0,146.402,36.728,1.0,6.0,0.0,0.0,0.0,6.0,0.0,0.0,0.9468,0.0855,0.0,0.0,0.0,0.0,0.0,0.9749,0.0251,0.394,1.0,1334,2,Normal,normal
0.0,145.607,36.486,1.0,6.0,0.0,0.0,0.0,6.0,0.0,0.0,0.9468,0.0855,0.0,0.0,0.0,0.0,0.0,0.9741,0.0259,0.403,1.0,1334,3,Normal,normal
0.0,144.687,36.541,1.0,6.0,0.0,0.0,0.0,6.0,0.0,0.0,0.9468,0.0855,0.0,0.0,0.0,0.0,0.0,0.9774,0.0226,0.147,1.0,1334,4,Normal,normal
0.0,144.135,36.376,1.0,6.0,0.0,0.0,0.0,6.0,0.0,0.0,0.9468,0.0855,0.0,0.0,0.0,0.0,0.0,0.9717,0.0283,0.173,1.0,1334,5,Normal,normal
0.0,210.925,103.066,1.0,6.0,0.0,0.0,0.0,6.0,0.0,0.0,4.8813,0.4409,0.0,0.0,0.0,0.0,0.0,0.9804,0.0196,-0.943,1.0,1335,1,Normal,normal
0.0,209.427,102.7,1.0,6.0,0.0,0.0,0.0,6.0,0.0,0.0,4.8813,0.4409,0.0,0.0,0.0,0.0,0.0,0.9691,0.0309,0.393,1.0,1335,2,Normal,normal
0.0,208.487,102.584,1.0,6.0,0.0,0.0,0.0,6.0,0.0,0.0,4.8813,0.4409,0.0,0.0,0.0,0.0,0.0,0.9784,0.0216,0.393,1.0,1335,3,Normal,normal
0.0,207.543,102.496,1.0,6.0,0.0,0.0,0.0,6.0,0.0,0.0,4.8813,0.4409,0.0,0.0,0.0,0.0,0.0,0.9775,0.0225,0.147,1.0,1335,4,Normal,normal
0.0,206.86,102.379,1.0,6.0,0.0,0.0,0.0,6.0,0.0,0.0,4.8813,0.4409,0.0,0.0,0.0,0.0,0.0,0.9742,0.0258,0.173,1.0,1335,5,Normal,normal
0.0,207.573,103.059,1.0,6.0,0.0,0.0,0.0,6.0,0.0,0.0,1.2172,0.1099,0.0,0.0,0.0,0.0,0.0,0.9796,0.0204,-0.954,1.0,1336,1,Normal,normal
0.0,206.143,102.668,1.0,6.0,0.0,0.0,0.0,6.0,0.0,0.0,1.2172,0.1099,0.0,0.0,0.0,0.0,0.0,0.9779,0.0221,0.404,1.0,1336,2,Normal,normal
0.0,205.393,102.516,1.0,6.0,0.0,0.0,0.0,6.0,0.0,0.0,1.2172,0.1099,0.0,0.0,0.0,0.0,0.0,0.9748,0.0252,0.404,1.0,1336,3,Normal,normal
0.0,204.475,102.451,1.0,6.0,0.0,0.0,0.0,6.0,0.0,0.0,1.2172,0.1099,0.0,0.0,0.0,0.0,0.0,0.9768,0.0232,0.142,1.0,1336,4,Normal,normal
0.0,203.658,102.514,1.0,6.0,0.0,0.0,0.0,6.0,0.0,0.0,1.2172,0.1099,0.0,0.0,0.0,0.0,0.0,0.9731,0.0269,0.179,1.0,1336,5,Normal,normal
0.0,209.913,101.112,1.0,6.0,0.0,0.0,0.0,6.0,0.0,0.0,1.7231,0.1556,0.0,0.0,0.0,0.0,0.0,0.9763,0.0237,-0.956,1.0,1337,1,Normal,normal
0.0,208.46,100.743,1.0,6.0,0.0,0.0,0.0,6.0,0.0,0.0,1.7231,0.1556,0.0,0.0,0.0,0.0,0.0,0.9753,0.0247,0.399,1.0,1337,2,Normal,normal
0.0,207.685,100.613,1.0,6.0,0.0,0.0,0.0,6.0,0.0,0.0,1.7231,0.1556,0.0,0.0,0.0,0.0,0.0,0.9768,0.0232,0.412,1.0,1337,3,Normal,normal
0.0,206.663,100.64,1.0,6.0,0.0,0.0,0.0,6.0,0.0,0.0,1.7231,0.1556,0.0,0.0,0.0,0.0,0.0,0.9794,0.0206,0.139,1.0,1337,4,Normal,normal
0.0,205.747,100.792,1.0,6.0,0.0,0.0,0.0,6.0,0.0,0.0,1.7231,0.1556,0.0,0.0,0.0,0.0,0.0,0.9754,0.0246,0.183,1.0,1337,5,Normal,normal
0.0,219.497,97.671,1.0,6.0,0.0,0.0,0.0,6.0,0.0,0.0,1.0595,0.0957,0.0,0.0,0.0,0.0,0.0,0.981,0.019,-0.969,1.0,1338,1,Normal,normal
0.0,218.15,97.231,1.0,6.0,0.0,0.0,0.0,6.0,0.0,0.0,1.0595,0.0957,0.0,0.0,0.0,0.0,0.0,0.9775,0.0225,0.407,1.0,1338,2,Normal,normal
0.0,217.397,97.081,1.0,6.0,0.0,0.0,0.0,6.0,0.0,0.0,1.0595,0.0957,0.0,0.0,0.0,0.0,0.0,0.978,0.022,0.412,1.0,1338,3,Normal,normal
0.0,216.655,96.961,1.0,6.0,0.0,0.0,0.0,6.0,0.0,0.0,1.0595,0.0957,0.0,0.0,0.0,0.0,0.0,0.9763,0.0237,0.149,1.0,1338,4,Normal,normal
0.0,215.897,97.044,1.0,6.0,0.0,0.0,0.0,6.0,0.0,0.0,1.0595,0.0957,0.0,0.0,0.0,0.0,0.0,0.9731,0.0269,0.178,1.0,1338,5,Normal,normal
0.0,259.825,169.029,1.0,6.0,0.0,0.0,0.0,6.0,0.0,0.0,3.1419,0.2838,0.0,0.0,0.0,0.0,0.0,0.9827,0.0173,-0.96,1.0,1339,1,Normal,normal
0.0,258.662,169.079,1.0,6.0,0.0,0.0,0.0,6.0,0.0,0.0,3.1419,0.2838,0.0,0.0,0.0,0.0,0.0,0.9739,0.0261,0.407,1.0,1339,2,Normal,normal
0.0,257.977,168.931,1.0,6.0,0.0,0.0,0.0,6.0,0.0,0.0,3.1419,0.2838,0.0,0.0,0.0,0.0,0.0,0.9735,0.0265,0.408,1.0,1339,3,Normal,normal
0.0,257.343,168.879,1.0,6.0,0.0,0.0,0.0,6.0,0.0,0.0,3.1419,0.2838,0.0,0.0,0.0,0.0,0.0,0.9775,0.0225,0.14,1.0,1339,4,Normal,normal
0.0,256.477,168.726,1.0,6.0,0.0,0.0,0.0,6.0,0.0,0.0,3.1419,0.2838,0.0,0.0,0.0,0.0,0.0,0.9708,0.0292,0.176,1.0,1339,5,Normal,normal
0.0,262.042,167.825,1.0,6.0,0.0,0.0,0.0,6.0,0.0,0.0,1.2571,0.1136,0.0,0.0,0.0,0.0,0.0,0.9775,0.0225,-0.989,1.0,1340,1,Normal,normal
0.0,260.685,167.982,1.0,6.0,0.0,0.0,0.0,6.0,0.0,0.0,1.2571,0.1136,0.0,0.0,0.0,0.0,0.0,0.9747,0.0253,0.409,1.0,1340,2,Normal,normal
0.0,259.95,167.858,1.0,6.0,0.0,0.0,0.0,6.0,0.0,0.0,1.2571,0.1136,0.0,0.0,0.0,0.0,0.0,0.9733,0.0267,0.418,1.0,1340,3,Normal,normal
0.0,259.282,167.799,1.0,6.0,0.0,0.0,0.0,6.0,0.0,0.0,1.2571,0.1136,0.0,0.0,0.0,0.0,0.0,0.976,0.024,0.154,1.0,1340,4,Normal,normal
0.0,258.422,167.599,1.0,6.0,0.0,0.0,0.0,6.0,0.0,0.0,1.2571,0.1136,0.0,0.0,0.0,0.0,0.0,0.9696,0.0304,0.191,1.0,1340,5,Normal,normal
0.0,261.105,168.569,1.0,6.0,0.0,0.0,0.0,6.0,0.0,0.0,2.092,0.189,0.0,0.0,0.0,0.0,0.0,0.9794,0.0206,-0.983,1.0,1341,1,Normal,normal
0.0,259.702,168.762,1.0,6.0,0.0,0.0,0.0,6.0,0.0,0.0,2.092,0.189,0.0,0.0,0.0,0.0,0.0,0.9756,0.0244,0.422,1.0,1341,2,Normal,normal
0.0,258.937,168.662,1.0,6.0,0.0,0.0,0.0,6.0,0.0,0.0,2.092,0.189,0.0,0.0,0.0,0.0,0.0,0.9781,0.0219,0.424,1.0,1341,3,Normal,normal
0.0,258.275,168.599,1.0,6.0,0.0,0.0,0.0,6.0,0.0,0.0,2.092,0.189,0.0,0.0,0.0,0.0,0.0,0.9766,0.0234,0.15,1.0,1341,4,Normal,normal
0.0,257.452,168.37,1.0,6.0,0.0,0.0,0.0,6.0,0.0,0.0,2.092,0.189,0.0,0.0,0.0,0.0,0.0,0.9696,0.0304,0.198,1.0,1341,5,Normal,normal
0.0,177.612,67.301,1.0,6.0,0.0,0.0,0.0,6.0,0.0,0.0,2.1687,0.1959,0.0,0.0,0.0,0.0,0.0,0.9758,0.0242,-0.999,1.0,1342,1,Normal,normal
0.0,175.985,67.15,1.0,6.0,0.0,0.0,0.0,6.0,0.0,0.0,2.1687,0.1959,0.0,0.0,0.0,0.0,0.0,0.9756,0.0244,0.421,1.0,1342,2,Normal,normal
0.0,175.185,67.197,1.0,6.0,0.0,0.0,0.0,6.0,0.0,0.0,2.1687,0.1959,0.0,0.0,0.0,0.0,0.0,0.9734,0.0266,0.421,1.0,1342,3,Normal,normal
0.0,174.432,67.187,1.0,6.0,0.0,0.0,0.0,6.0,0.0,0.0,2.1687,0.1959,0.0,0.0,0.0,0.0,0.0,0.9771,0.0229,0.156,1.0,1342,4,Normal,normal
0.0,173.597,67.169,1.0,6.0,0.0,0.0,0.0,6.0,0.0,0.0,2.1687,0.1959,0.0,0.0,0.0,0.0,0.0,0.9693,0.0307,0.189,1.0,1342,5,Normal,normal
0.0,150.28,34.703,1.0,6.0,0.0,0.0,0.0,6.0,0.0,0.0,2.4805,0.2241,0.0,0.0,0.0,0.0,0.0,0.9782,0.0218,-1.01,1.0,1343,1,Normal,normal
0.0,148.532,34.384,1.0,6.0,0.0,0.0,0.0,6.0,0.0,0.0,2.4805,0.2241,0.0,0.0,0.0,0.0,0.0,0.9704,0.0296,0.428,1.0,1343,2,Normal,normal
0.0,147.52,34.302,1.0,6.0,0.0,0.0,0.0,6.0,0.0,0.0,2.4805,0.2241,0.0,0.0,0.0,0.0,0.0,0.9772,0.0228,0.428,1.0,1343,3,Normal,normal
0.0,146.693,34.097,1.0,6.0,0.0,0.0,0.0,6.0,0.0,0.0,2.4805,0.2241,0.0,0.0,0.0,0.0,0.0,0.9752,0.0248,0.154,1.0,1343,4,Normal,normal
0.0,145.853,33.986,1.0,6.0,0.0,0.0,0.0,6.0,0.0,0.0,2.4805,0.2241,0.0,0.0,0.0,0.0,0.0,0.9695,0.0305,0.188,1.0,1343,5,Normal,normal
0.0,218.503,115.181,1.0,6.0,0.0,0.0,0.0,6.0,0.0,0.0,4.7635,0.4303,0.0,0.0,0.0,0.0,0.0,0.9737,0.0263,-1.015,1.0,1344,1,Normal,normal
0.0,216.835,115.234,1.0,6.0,0.0,0.0,0.0,6.0,0.0,0.0,4.7635,0.4303,0.0,0.0,0.0,0.0,0.0,0.9742,0.0258,0.436,1.0,1344,2,Normal,normal
0.0,215.805,115.292,1.0,6.0,0.0,0.0,0.0,6.0,0.0,0.0,4.7635,0.4303,0.0,0.0,0.0,0.0,0.0,0.9735,0.0265,0.433,1.0,1344,3,Normal,normal
0.0,214.927,115.295,1.0,6.0,0.0,0.0,0.0,6.0,0.0,0.0,4.7635,0.4303,0.0,0.0,0.0,0.0,0.0,0.9754,0.0246,0.149,1.0,1344,4,Normal,normal
0.0,214.04,115.223,1.0,6.0,0.0,0.0,0.0,6.0,0.0,0.0,4.7635,0.4303,0.0,0.0,0.0,0.0,0.0,0.9768,0.0232,0.182,1.0,1344,5,Normal,normal
0.0,222.467,115.806,1.0,6.0,0.0,0.0,0.0,6.0,0.0,0.0,2.7409,0.2476,0.0,0.0,0.0,0.0,0.0,0.9783,0.0217,-1.033,1.0,1345,1,Normal,normal
0.0,220.758,115.846,1.0,6.0,0.0,0.0,0.0,6.0,0.0,0.0,2.7409,0.2476,0.0,0.0,0.0,0.0,0.0,0.9706,0.0294,0.431,1.0,1345,2,Normal,normal
0.0,219.48,115.986,1.0,6.0,0.0,0.0,0.0,6.0,0.0,0.0,2.7409,0.2476,0.0,0.0,0.0,0.0,0.0,0.9712,0.0288,0.436,1.0,1345,3,Normal,normal
0.0,218.592,115.967,1.0,6.0,0.0,0.0,0.0,6.0,0.0,0.0,2.7409,0.2476,0.0,0.0,0.0,0.0,0.0,0.9783,0.0217,0.152,1.0,1345,4,Normal,normal
0.0,217.62,115.971,1.0,6.0,0.0,0.0,0.0,6.0,0.0,0.0,2.7409,0.2476,0.0,0.0,0.0,0.0,0.0,0.9715,0.0285,0.192,1.0,1345,5,Normal,normal
0.0,231.013,109.464,1.0,6.0,0.0,0.0,0.0,6.0,0.0,0.0,0.1669,0.0151,0.0,0.0,0.0,0.0,0.0,0.9784,0.0216,-1.028,1.0,1346,1,Normal,normal
0.0,229.177,109.611,1.0,6.0,0.0,0.0,0.0,6.0,0.0,0.0,0.1669,0.0151,0.0,0.0,0.0,0.0,0.0,0.9741,0.0259,0.432,1.0,1346,2,Normal,normal
0.0,227.828,109.832,1.0,6.0,0.0,0.0,0.0,6.0,0.0,0.0,0.1669,0.0151,0.0,0.0,0.0,0.0,0.0,0.9744,0.0256,0.436,1.0,1346,3,Normal,normal
0.0,226.898,109.856,1.0,6.0,0.0,0.0,0.0,6.0,0.0,0.0,0.1669,0.0151,0.0,0.0,0.0,0.0,0.0,0.976,0.024,0.156,1.0,1346,4,Normal,normal
0.0,225.908,109.879,1.0,6.0,0.0,0.0,0.0,6.0,0.0,0.0,0.1669,0.0151,0.0,0.0,0.0,0.0,0.0,0.9711,0.0289,0.192,1.0,1346,5,Normal,normal
0.0,261.833,106.059,1.0,6.0,0.0,0.0,0.0,6.0,0.0,0.0,1.1385,0.1028,0.0,0.0,0.0,0.0,0.0,0.976,0.024,-1.031,1.0,1347,1,Normal,normal
0.0,260.235,106.286,1.0,6.0,0.0,0.0,0.0,6.0,0.0,0.0,1.1385,0.1028,0.0,0.0,0.0,0.0,0.0,0.9717,0.0283,0.437,1.0,1347,2,Normal,normal
0.0,259.152,106.623,1.0,6.0,0.0,0.0,0.0,6.0,0.0,0.0,1.1385,0.1028,0.0,0.0,0.0,0.0,0.0,0.9707,0.0293,0.436,1.0,1347,3,Normal,normal
0.0,258.33,106.793,1.0,6.0,0.0,0.0,0.0,6.0,0.0,0.0,1.1385,0.1028,0.0,0.0,0.0,0.0,0.0,0.9751,0.0249,0.151,1.0,1347,4,Normal,normal
0.0,257.453,107.027,1.0,6.0,0.0,0.0,0.0,6.0,0.0,0.0,1.1385,0.1028,0.0,0.0,0.0,0.0,0.0,0.9698,0.0302,0.181,1.0,1347,5,Normal,normal
0.0,230.863,118.817,1.0,6.0,0.0,0.0,0.0,6.0,0.0,0.0,2.069,0.1869,0.0,0.0,0.0,0.0,0.0,0.9789,0.0211,-1.041,1.0,1348,1,Normal,normal
0.0,229.622,118.929,1.0,6.0,0.0,0.0,0.0,6.0,0.0,0.0,2.069,0.1869,0.0,0.0,0.0,0.0,0.0,0.9745,0.0255,0.439,1.0,1348,2,Normal,normal
0.0,228.715,119.117,1.0,6.0,0.0,0.0,0.0,6.0,0.0,0.0,2.069,0.1869,0.0,0.0,0.0,0.0,0.0,0.9713,0.0287,0.431,1.0,1348,3,Normal,normal
0.0,228.03,119.239,1.0,6.0,0.0,0.0,0.0,6.0,0.0,0.0,2.069,0.1869,0.0,0.0,0.0,0.0,0.0,0.9758,0.0242,0.155,1.0,1348,4,Normal,normal
0.0,227.425,119.356,1.0,6.0,0.0,0.0,0.0,6.0,0.0,0.0,2.069,0.1869,0.0,0.0,0.0,0.0,0.0,0.9692,0.0308,0.19,1.0,1348,5,Normal,normal
0.0,286.773,131.454,1.0,6.0,0.0,0.0,0.0,6.0,0.0,0.0,5.1104,0.4616,0.0,0.0,0.0,0.0,0.0,0.9728,0.0272,-1.033,1.0,1349,1,Normal,normal
0.0,285.552,131.487,1.0,6.0,0.0,0.0,0.0,6.0,0.0,0.0,5.1104,0.4616,0.0,0.0,0.0,0.0,0.0,0.9747,0.0253,0.432,1.0,1349,2,Normal,normal
0.0,284.775,131.558,1.0,6.0,0.0,0.0,0.0,6.0,0.0,0.0,5.1104,0.4616,0.0,0.0,0.0,0.0,0.0,0.9771,0.0229,0.446,1.0,1349,3,Normal,normal
0.0,284.108,131.605,1.0,6.0,0.0,0.0,0.0,6.0,0.0,0.0,5.1104,0.4616,0.0,0.0,0.0,0.0,0.0,0.977,0.023,0.165,1.0,1349,4,Normal,normal
0.0,283.632,131.591,1.0,6.0,0.0,0.0,0.0,6.0,0.0,0.0,5.1104,0.4616,0.0,0.0,0.0,0.0,0.0,0.9681,0.0319,0.197,1.0,1349,5,Normal,normal
0.0,301.225,113.547,1.0,6.0,0.0,0.0,0.0,6.0,0.0,0.0,1.3006,0.1175,0.0,0.0,0.0,0.0,0.0,0.9766,0.0234,-1.047,1.0,1350,1,Normal,normal
0.0,300.163,113.41,1.0,6.0,0.0,0.0,0.0,6.0,0.0,0.0,1.3006,0.1175,0.0,0.0,0.0,0.0,0.0,0.9709,0.0291,0.443,1.0,1350,2,Normal,normal
0.0,299.483,113.354,1.0,6.0,0.0,0.0,0.0,6.0,0.0,0.0,1.3006,0.1175,0.0,0.0,0.0,0.0,0.0,0.9704,0.0296,0.445,1.0,1350,3,Normal,normal
0.0,298.742,113.216,1.0,6.0,0.0,0.0,0.0,6.0,0.0,0.0,1.3006,0.1175,0.0,0.0,0.0,0.0,0.0,0.9745,0.0255,0.161,1.0,1350,4,Normal,normal
0.0,298.277,113.037,1.0,6.0,0.0,0.0,0.0,6.0,0.0,0.0,1.3006,0.1175,0.0,0.0,0.0,0.0,0.0,0.9685,0.0315,0.187,1.0,1350,5,Normal,normal
0.0,265.412,130.75,1.0,6.0,0.0,0.0,0.0,6.0,0.0,0.0,1.1002,0.0994,0.0,0.0,0.0,0.0,0.0,0.9792,0.0208,-1.043,1.0,1351,1,Normal,normal
0.0,263.738,131.156,1.0,6.0,0.0,0.0,0.0,6.0,0.0,0.0,1.1002,0.0994,0.0,0.0,0.0,0.0,0.0,0.9705,0.0295,0.446,1.0,1351,2,Normal,normal
0.0,262.838,131.242,1.0,6.0,0.0,0.0,0.0,6.0,0.0,0.0,1.1002,0.0994,0.0,0.0,0.0,0.0,0.0,0.9732,0.0268,0.444,1.0,1351,3,Normal,normal
0.0,261.965,131.199,1.0,6.0,0.0,0.0,0.0,6.0,0.0,0.0,1.1002,0.0994,0.0,0.0,0.0,0.0,0.0,0.9745,0.0255,0.155,1.0,1351,4,Normal,normal
0.0,261.323,131.151,1.0,6.0,0.0,0.0,0.0,6.0,0.0,0.0,1.1002,0.0994,0.0,0.0,0.0,0.0,0.0,0.9711,0.0289,0.208,1.0,1351,5,Normal,normal
0.0,272.133,123.661,1.0,6.0,0.0,0.0,0.0,6.0,0.0,0.0,0.5444,0.0492,0.0,0.0,0.0,0.0,0.0,0.9748,0.0252,-1.061,1.0,1352,1,Normal,normal
0.0,270.425,124.137,1.0,6.0,0.0,0.0,0.0,6.0,0.0,0.0,0.5444,0.0492,0.0,0.0,0.0,0.0,0.0,0.9718,0.0282,0.45,1.0,1352,2,Normal,normal
0.0,269.52,124.237,1.0,6.0,0.0,0.0,0.0,6.0,0.0,0.0,0.5444,0.0492,0.0,0.0,0.0,0.0,0.0,0.9728,0.0272,0.457,1.0,1352,3,Normal,normal
0.0,268.65,124.192,1.0,6.0,0.0,0.0,0.0,6.0,0.0,0.0,0.5444,0.0492,0.0,0.0,0.0,0.0,0.0,0.9728,0.0272,0.158,1.0,1352,4,Normal,normal
0.0,268.007,124.153,1.0,6.0,0.0,0.0,0.0,6.0,0.0,0.0,0.5444,0.0492,0.0,0.0,0.0,0.0,0.0,0.9703,0.0297,0.193,1.0,1352,5,Normal,normal
0.0,258.538,113.492,1.0,6.0,0.0,0.0,0.0,6.0,0.0,0.0,0.4949,0.0447,0.0,0.0,0.0,0.0,0.0,0.9773,0.0227,-1.077,1.0,1353,1,Normal,normal
0.0,256.765,113.867,1.0,6.0,0.0,0.0,0.0,6.0,0.0,0.0,0.4949,0.0447,0.0,0.0,0.0,0.0,0.0,0.9728,0.0272,0.45,1.0,1353,2,Normal,normal
0.0,255.613,113.452,1.0,6.0,0.0,0.0,0.0,6.0,0.0,0.0,0.4949,0.0447,0.0,0.0,0.0,0.0,0.0,0.9751,0.0249,0.461,1.0,1353,3,Normal,normal
0.0,254.757,113.375,1.0,6.0,0.0,0.0,0.0,6.0,0.0,0.0,0.4949,0.0447,0.0,0.0,0.0,0.0,0.0,0.9738,0.0262,0.161,1.0,1353,4,Normal,normal
0.0,253.958,113.069,1.0,6.0,0.0,0.0,0.0,6.0,0.0,0.0,0.4949,0.0447,0.0,0.0,0.0,0.0,0.0,0.9723,0.0277,0.195,1.0,1353,5,Normal,normal
0.0,226.827,123.104,1.0,6.0,0.0,0.0,0.0,6.0,0.0,0.0,1.1719,0.1059,0.0,0.0,0.0,0.0,0.0,0.9767,0.0233,-1.086,1.0,1354,1,Normal,normal
0.0,225.103,123.248,1.0,6.0,0.0,0.0,0.0,6.0,0.0,0.0,1.1719,0.1059,0.0,0.0,0.0,0.0,0.0,0.9728,0.0272,0.47,1.0,1354,2,Normal,normal
0.0,223.98,122.698,1.0,6.0,0.0,0.0,0.0,6.0,0.0,0.0,1.1719,0.1059,0.0,0.0,0.0,0.0,0.0,0.971,0.029,0.467,1.0,1354,3,Normal,normal
0.0,223.115,122.508,1.0,6.0,0.0,0.0,0.0,6.0,0.0,0.0,1.1719,0.1059,0.0,0.0,0.0,0.0,0.0,0.9723,0.0277,0.167,1.0,1354,4,Normal,normal
0.0,222.307,122.126,1.0,6.0,0.0,0.0,0.0,6.0,0.0,0.0,1.1719,0.1059,0.0,0.0,0.0,0.0,0.0,0.9712,0.0288,0.2,1.0,1354,5,Normal,normal
0.0,244.143,114.081,1.0,6.0,0.0,0.0,0.0,6.0,0.0,0.0,2.2832,0.2062,0.0,0.0,0.0,0.0,0.0,0.9747,0.0253,-1.118,1.0,1355,1,Normal,normal
0.0,242.678,113.966,1.0,6.0,0.0,0.0,0.0,6.0,0.0,0.0,2.2832,0.2062,0.0,0.0,0.0,0.0,0.0,0.9706,0.0294,0.472,1.0,1355,2,Normal,normal
0.0,241.657,113.354,1.0,6.0,0.0,0.0,0.0,6.0,0.0,0.0,2.2832,0.2062,0.0,0.0,0.0,0.0,0.0,0.9719,0.0281,0.476,1.0,1355,3,Normal,normal
0.0,240.848,113.131,1.0,6.0,0.0,0.0,0.0,6.0,0.0,0.0,2.2832,0.2062,0.0,0.0,0.0,0.0,0.0,0.9699,0.0301,0.168,1.0,1355,4,Normal,normal
0.0,240.083,112.729,1.0,6.0,0.0,0.0,0.0,6.0,0.0,0.0,2.2832,0.2062,0.0,0.0,0.0,0.0,0.0,0.9719,0.0281,0.204,1.0,1355,5,Normal,normal
0.0,279.797,113.803,1.0,6.0,0.0,0.0,0.0,6.0,0.0,0.0,2.8206,0.2548,0.0,0.0,0.0,0.0,0.0,0.9721,0.0279,-1.125,1.0,1356,1,Normal,normal
0.0,278.292,113.601,1.0,6.0,0.0,0.0,0.0,6.0,0.0,0.0,2.8206,0.2548,0.0,0.0,0.0,0.0,0.0,0.9731,0.0269,0.477,1.0,1356,2,Normal,normal
0.0,277.562,113.491,1.0,6.0,0.0,0.0,0.0,6.0,0.0,0.0,2.8206,0.2548,0.0,0.0,0.0,0.0,0.0,0.9711,0.0289,0.472,1.0,1356,3,Normal,normal
0.0,276.85,113.39,1.0,6.0,0.0,0.0,0.0,6.0,0.0,0.0,2.8206,0.2548,0.0,0.0,0.0,0.0,0.0,0.9737,0.0263,0.176,1.0,1356,4,Normal,normal
0.0,276.237,113.324,1.0,6.0,0.0,0.0,0.0,6.0,0.0,0.0,2.8206,0.2548,0.0,0.0,0.0,0.0,0.0,0.9658,0.0342,0.212,1.0,1356,5,Normal,normal
0.0,248.983,125.561,1.0,6.0,0.0,0.0,0.0,6.0,0.0,0.0,2.3251,0.21,0.0,0.0,0.0,0.0,0.0,0.97,0.03,-1.161,1.0,1357,1,Normal,normal
0.0,247.518,125.313,1.0,6.0,0.0,0.0,0.0,6.0,0.0,0.0,2.3251,0.21,0.0,0.0,0.0,0.0,0.0,0.9694,0.0306,0.5,1.0,1357,2,Normal,normal
0.0,246.808,125.15,1.0,6.0,0.0,0.0,0.0,6.0,0.0,0.0,2.3251,0.21,0.0,0.0,0.0,0.0,0.0,0.9717,0.0283,0.493,1.0,1357,3,Normal,normal
0.0,246.265,124.973,1.0,6.0,0.0,0.0,0.0,6.0,0.0,0.0,2.3251,0.21,0.0,0.0,0.0,0.0,0.0,0.9713,0.0287,0.18,1.0,1357,4,Normal,normal
0.0,245.72,124.899,1.0,6.0,0.0,0.0,0.0,6.0,0.0,0.0,2.3251,0.21,0.0,0.0,0.0,0.0,0.0,0.9651,0.0349,0.217,1.0,1357,5,Normal,normal
0.0,248.565,126.001,1.0,6.0,0.0,0.0,0.0,6.0,0.0,0.0,2.5384,0.2293,0.0,0.0,0.0,0.0,0.0,0.97,0.03,-1.182,1.0,1358,1,Normal,normal
0.0,247.02,125.838,1.0,6.0,0.0,0.0,0.0,6.0,0.0,0.0,2.5384,0.2293,0.0,0.0,0.0,0.0,0.0,0.9698,0.0302,0.494,1.0,1358,2,Normal,normal
0.0,246.305,125.68,1.0,6.0,0.0,0.0,0.0,6.0,0.0,0.0,2.5384,0.2293,0.0,0.0,0.0,0.0,0.0,0.9693,0.0307,0.497,1.0,1358,3,Normal,normal
0.0,245.742,125.525,1.0,6.0,0.0,0.0,0.0,6.0,0.0,0.0,2.5384,0.2293,0.0,0.0,0.0,0.0,0.0,0.9724,0.0276,0.184,1.0,1358,4,Normal,normal
0.0,245.15,125.5,1.0,6.0,0.0,0.0,0.0,6.0,0.0,0.0,2.5384,0.2293,0.0,0.0,0.0,0.0,0.0,0.9639,0.0361,0.215,1.0,1358,5,Normal,normal
0.0,185.253,89.796,1.0,6.0,0.0,0.0,0.0,6.0,0.0,0.0,1.8024,0.1628,0.0,0.0,0.0,0.0,0.0,0.9721,0.0279,-1.222,1.0,1359,1,Normal,normal
0.0,183.907,89.56,1.0,6.0,0.0,0.0,0.0,6.0,0.0,0.0,1.8024,0.1628,0.0,0.0,0.0,0.0,0.0,0.9679,0.0321,0.523,1.0,1359,2,Normal,normal
0.0,183.248,89.498,1.0,6.0,0.0,0.0,0.0,6.0,0.0,0.0,1.8024,0.1628,0.0,0.0,0.0,0.0,0.0,0.9688,0.0312,0.515,1.0,1359,3,Normal,normal
0.0,182.742,89.498,1.0,6.0,0.0,0.0,0.0,6.0,0.0,0.0,1.8024,0.1628,0.0,0.0,0.0,0.0,0.0,0.9748,0.0252,0.187,1.0,1359,4,Normal,normal
0.0,182.177,89.518,1.0,6.0,0.0,0.0,0.0,6.0,0.0,0.0,1.8024,0.1628,0.0,0.0,0.0,0.0,0.0,0.9666,0.0334,0.23,1.0,1359,5,Normal,normal
0.0,145.283,35.445,1.0,6.0,0.0,0.0,0.0,6.0,0.0,0.0,0.7449,0.0673,0.0,0.0,0.0,0.0,0.0,0.9749,0.0251,-1.243,1.0,1360,1,Normal,normal
0.0,144.088,35.384,1.0,6.0,0.0,0.0,0.0,6.0,0.0,0.0,0.7449,0.0673,0.0,0.0,0.0,0.0,0.0,0.9673,0.0327,0.534,1.0,1360,2,Normal,normal
0.0,143.44,35.405,1.0,6.0,0.0,0.0,0.0,6.0,0.0,0.0,0.7449,0.0673,0.0,0.0,0.0,0.0,0.0,0.9701,0.0299,0.53,1.0,1360,3,Normal,normal
0.0,142.915,35.396,1.0,6.0,0.0,0.0,0.0,6.0,0.0,0.0,0.7449,0.0673,0.0,0.0,0.0,0.0,0.0,0.9719,0.0281,0.186,1.0,1360,4,Normal,normal
0.0,142.345,35.351,1.0,6.0,0.0,0.0,0.0,6.0,0.0,0.0,0.7449,0.0673,0.0,0.0,0.0,0.0,0.0,0.9644,0.0356,0.24,1.0,1360,5,Normal,normal
0.0,145.127,35.184,1.0,6.0,0.0,0.0,0.0,6.0,0.0,0.0,2.6103,0.2358,0.0,0.0,0.0,0.0,0.0,0.9703,0.0297,-1.295,1.0,1361,1,Normal,normal
0.0,143.862,35.009,1.0,6.0,0.0,0.0,0.0,6.0,0.0,0.0,2.6103,0.2358,0.0,0.0,0.0,0.0,0.0,0.9694,0.0306,0.548,1.0,1361,2,Normal,normal
0.0,143.193,34.998,1.0,6.0,0.0,0.0,0.0,6.0,0.0,0.0,2.6103,0.2358,0.0,0.0,0.0,0.0,0.0,0.9654,0.0346,0.545,1.0,1361,3,Normal,normal
0.0,142.7,35.04,1.0,6.0,0.0,0.0,0.0,6.0,0.0,0.0,2.6103,0.2358,0.0,0.0,0.0,0.0,0.0,0.9672,0.0328,0.2,1.0,1361,4,Normal,normal
0.0,142.125,34.989,1.0,6.0,0.0,0.0,0.0,6.0,0.0,0.0,2.6103,0.2358,0.0,0.0,0.0,0.0,0.0,0.9653,0.0347,0.245,1.0,1361,5,Normal,normal
0.0,279.65,174.123,1.0,6.0,0.0,0.0,0.0,6.0,0.0,0.0,1.9409,0.1753,0.0,0.0,0.0,0.0,0.0,0.9688,0.0312,-1.344,1.0,1362,1,Normal,normal
0.0,278.383,174.021,1.0,6.0,0.0,0.0,0.0,6.0,0.0,0.0,1.9409,0.1753,0.0,0.0,0.0,0.0,0.0,0.9619,0.0381,0.572,1.0,1362,2,Normal,normal
0.0,277.677,174.028,1.0,6.0,0.0,0.0,0.0,6.0,0.0,0.0,1.9409,0.1753,0.0,0.0,0.0,0.0,0.0,0.9627,0.0373,0.573,1.0,1362,3,Normal,normal
0.0,277.078,173.964,1.0,6.0,0.0,0.0,0.0,6.0,0.0,0.0,1.9409,0.1753,0.0,0.0,0.0,0.0,0.0,0.9688,0.0312,0.205,1.0,1362,4,Normal,normal
0.0,276.442,173.914,1.0,6.0,0.0,0.0,0.0,6.0,0.0,0.0,1.9409,0.1753,0.0,0.0,0.0,0.0,0.0,0.9598,0.0402,0.242,1.0,1362,5,Normal,normal
0.0,332.423,149.346,1.0,6.0,0.0,0.0,0.0,6.0,0.0,0.0,2.6638,0.2406,0.0,0.0,0.0,0.0,0.0,0.9702,0.0298,-1.355,1.0,1363,1,Normal,normal
0.0,331.048,149.337,1.0,6.0,0.0,0.0,0.0,6.0,0.0,0.0,2.6638,0.2406,0.0,0.0,0.0,0.0,0.0,0.9633,0.0367,0.575,1.0,1363,2,Normal,normal
0.0,330.298,149.38,1.0,6.0,0.0,0.0,0.0,6.0,0.0,0.0,2.6638,0.2406,0.0,0.0,0.0,0.0,0.0,0.9613,0.0387,0.583,1.0,1363,3,Normal,normal
0.0,329.56,149.295,1.0,6.0,0.0,0.0,0.0,6.0,0.0,0.0,2.6638,0.2406,0.0,0.0,0.0,0.0,0.0,0.9685,0.0315,0.206,1.0,1363,4,Normal,normal
0.0,328.835,149.279,1.0,6.0,0.0,0.0,0.0,6.0,0.0,0.0,2.6638,0.2406,0.0,0.0,0.0,0.0,0.0,0.9637,0.0363,0.254,1.0,1363,5,Normal,normal
0.0,330.057,152.504,1.0,6.0,0.0,0.0,0.0,6.0,0.0,0.0,0.9047,0.0817,0.0,0.0,0.0,0.0,0.0,0.9689,0.0311,-1.408,1.0,1364,1,Normal,normal
0.0,328.715,152.479,1.0,6.0,0.0,0.0,0.0,6.0,0.0,0.0,0.9047,0.0817,0.0,0.0,0.0,0.0,0.0,0.9619,0.0381,0.601,1.0,1364,2,Normal,normal
0.0,327.998,152.495,1.0,6.0,0.0,0.0,0.0,6.0,0.0,0.0,0.9047,0.0817,0.0,0.0,0.0,0.0,0.0,0.9615,0.0385,0.594,1.0,1364,3,Normal,normal
0.0,327.228,152.434,1.0,6.0,0.0,0.0,0.0,6.0,0.0,0.0,0.9047,0.0817,0.0,0.0,0.0,0.0,0.0,0.9659,0.0341,0.218,1.0,1364,4,Normal,normal
0.0,326.563,152.361,1.0,6.0,0.0,0.0,0.0,6.0,0.0,0.0,0.9047,0.0817,0.0,0.0,0.0,0.0,0.0,0.9587,0.0413,0.261,1.0,1364,5,Normal,normal
0.0,261.153,125.698,1.0,6.0,0.0,0.0,0.0,6.0,0.0,0.0,2.4358,0.22,0.0,0.0,0.0,0.0,0.0,0.9657,0.0343,-1.45,1.0,1365,1,Normal,normal
0.0,259.73,125.908,1.0,6.0,0.0,0.0,0.0,6.0,0.0,0.0,2.4358,0.22,0.0,0.0,0.0,0.0,0.0,0.9641,0.0359,0.616,1.0,1365,2,Normal,normal
0.0,259.012,125.997,1.0,6.0,0.0,0.0,0.0,6.0,0.0,0.0,2.4358,0.22,0.0,0.0,0.0,0.0,0.0,0.9639,0.0361,0.619,1.0,1365,3,Normal,normal
0.0,258.177,125.803,1.0,6.0,0.0,0.0,0.0,6.0,0.0,0.0,2.4358,0.22,0.0,0.0,0.0,0.0,0.0,0.9679,0.0321,0.224,1.0,1365,4,Normal,normal
0.0,257.495,125.613,1.0,6.0,0.0,0.0,0.0,6.0,0.0,0.0,2.4358,0.22,0.0,0.0,0.0,0.0,0.0,0.9576,0.0424,0.27,1.0,1365,5,Normal,normal
0.0,240.373,107.125,1.0,6.0,0.0,0.0,0.0,6.0,0.0,0.0,1.1769,0.1063,0.0,0.0,0.0,0.0,0.0,0.9639,0.0361,-1.476,1.0,1366,1,Normal,normal
0.0,238.952,107.164,1.0,6.0,0.0,0.0,0.0,6.0,0.0,0.0,1.1769,0.1063,0.0,0.0,0.0,0.0,0.0,0.9587,0.0413,0.623,1.0,1366,2,Normal,normal
0.0,238.238,107.196,1.0,6.0,0.0,0.0,0.0,6.0,0.0,0.0,1.1769,0.1063,0.0,0.0,0.0,0.0,0.0,0.9615,0.0385,0.626,1.0,1366,3,Normal,normal
0.0,237.407,107.076,1.0,6.0,0.0,0.0,0.0,6.0,0.0,0.0,1.1769,0.1063,0.0,0.0,0.0,0.0,0.0,0.9616,0.0384,0.228,1.0,1366,4,Normal,normal
0.0,236.778,106.98,1.0,6.0,0.0,0.0,0.0,6.0,0.0,0.0,1.1769,0.1063,0.0,0.0,0.0,0.0,0.0,0.9585,0.0415,0.273,1.0,1366,5,Normal,normal
0.0,201.092,104.605,1.0,6.0,0.0,0.0,0.0,6.0,0.0,0.0,2.2307,0.2015,0.0,0.0,0.0,0.0,0.0,0.9641,0.0359,-1.518,1.0,1367,1,Normal,normal
0.0,199.725,104.524,1.0,6.0,0.0,0.0,0.0,6.0,0.0,0.0,2.2307,0.2015,0.0,0.0,0.0,0.0,0.0,0.9573,0.0427,0.638,1.0,1367,2,Normal,normal
0.0,198.958,104.54,1.0,6.0,0.0,0.0,0.0,6.0,0.0,0.0,2.2307,0.2015,0.0,0.0,0.0,0.0,0.0,0.9614,0.0386,0.642,1.0,1367,3,Normal,normal
0.0,198.148,104.562,1.0,6.0,0.0,0.0,0.0,6.0,0.0,0.0,2.2307,0.2015,0.0,0.0,0.0,0.0,0.0,0.9646,0.0354,0.226,1.0,1367,4,Normal,normal
0.0,197.518,104.553,1.0,6.0,0.0,0.0,0.0,6.0,0.0,0.0,2.2307,0.2015,0.0,0.0,0.0,0.0,0.0,0.9602,0.0398,0.274,1.0,1367,5,Normal,normal
0.0,209.245,99.546,1.0,6.0,0.0,0.0,0.0,6.0,0.0,0.0,1.0259,0.0927,0.0,0.0,0.0,0.0,0.0,0.9644,0.0356,-1.538,1.0,1368,1,Normal,normal
0.0,207.747,99.535,1.0,6.0,0.0,0.0,0.0,6.0,0.0,0.0,1.0259,0.0927,0.0,0.0,0.0,0.0,0.0,0.9567,0.0433,0.653,1.0,1368,2,Normal,normal
0.0,206.943,99.567,1.0,6.0,0.0,0.0,0.0,6.0,0.0,0.0,1.0259,0.0927,0.0,0.0,0.0,0.0,0.0,0.9602,0.0398,0.66,1.0,1368,3,Normal,normal
0.0,206.092,99.626,1.0,6.0,0.0,0.0,0.0,6.0,0.0,0.0,1.0259,0.0927,0.0,0.0,0.0,0.0,0.0,0.9642,0.0358,0.236,1.0,1368,4,Normal,normal
0.0,205.443,99.639,1.0,6.0,0.0,0.0,0.0,6.0,0.0,0.0,1.0259,0.0927,0.0,0.0,0.0,0.0,0.0,0.9567,0.0433,0.288,1.0,1368,5,Normal,normal
0.0,241.942,101.978,1.0,6.0,0.0,0.0,0.0,6.0,0.0,0.0,0.8504,0.0768,0.0,0.0,0.0,0.0,0.0,0.9651,0.0349,-1.547,1.0,1369,1,Normal,normal
0.0,240.613,101.96,1.0,6.0,0.0,0.0,0.0,6.0,0.0,0.0,0.8504,0.0768,0.0,0.0,0.0,0.0,0.0,0.9572,0.0428,0.659,1.0,1369,2,Normal,normal
0.0,239.807,101.96,1.0,6.0,0.0,0.0,0.0,6.0,0.0,0.0,0.8504,0.0768,0.0,0.0,0.0,0.0,0.0,0.9629,0.0371,0.649,1.0,1369,3,Normal,normal
0.0,238.998,102.069,1.0,6.0,0.0,0.0,0.0,6.0,0.0,0.0,0.8504,0.0768,0.0,0.0,0.0,0.0,0.0,0.9627,0.0373,0.237,1.0,1369,4,Normal,normal
0.0,238.4,102.187,1.0,6.0,0.0,0.0,0.0,6.0,0.0,0.0,0.8504,0.0768,0.0,0.0,0.0,0.0,0.0,0.9565,0.0435,0.287,1.0,1369,5,Normal,normal
0.0,224.533,112.382,1.0,6.0,0.0,0.0,0.0,6.0,0.0,0.0,1.5759,0.1424,0.0,0.0,0.0,0.0,0.0,0.9657,0.0343,-1.556,1.0,1370,1,Normal,normal
0.0,223.21,112.337,1.0,6.0,0.0,0.0,0.0,6.0,0.0,0.0,1.5759,0.1424,0.0,0.0,0.0,0.0,0.0,0.9581,0.0419,0.655,1.0,1370,2,Normal,normal
0.0,222.487,112.286,1.0,6.0,0.0,0.0,0.0,6.0,0.0,0.0,1.5759,0.1424,0.0,0.0,0.0,0.0,0.0,0.9588,0.0412,0.664,1.0,1370,3,Normal,normal
0.0,221.555,112.556,1.0,6.0,0.0,0.0,0.0,6.0,0.0,0.0,1.5759,0.1424,0.0,0.0,0.0,0.0,0.0,0.9625,0.0375,0.236,1.0,1370,4,Normal,normal
0.0,220.958,112.664,1.0,6.0,0.0,0.0,0.0,6.0,0.0,0.0,1.5759,0.1424,0.0,0.0,0.0,0.0,0.0,0.9523,0.0477,0.286,1.0,1370,5,Normal,normal
0.0,223.645,113.237,1.0,6.0,0.0,0.0,0.0,6.0,0.0,0.0,2.544,0.2298,0.0,0.0,0.0,0.0,0.0,0.9637,0.0363,-1.568,1.0,1371,1,Normal,normal
0.0,222.23,113.28,1.0,6.0,0.0,0.0,0.0,6.0,0.0,0.0,2.544,0.2298,0.0,0.0,0.0,0.0,0.0,0.96,0.04,0.665,1.0,1371,2,Normal,normal
0.0,221.503,113.233,1.0,6.0,0.0,0.0,0.0,6.0,0.0,0.0,2.544,0.2298,0.0,0.0,0.0,0.0,0.0,0.9631,0.0369,0.666,1.0,1371,3,Normal,normal
0.0,220.655,113.42,1.0,6.0,0.0,0.0,0.0,6.0,0.0,0.0,2.544,0.2298,0.0,0.0,0.0,0.0,0.0,0.9629,0.0371,0.238,1.0,1371,4,Normal,normal
0.0,220.09,113.497,1.0,6.0,0.0,0.0,0.0,6.0,0.0,0.0,2.544,0.2298,0.0,0.0,0.0,0.0,0.0,0.9529,0.0471,0.292,1.0,1371,5,Normal,normal
0.0,181.818,90.108,1.0,6.0,0.0,0.0,0.0,6.0,0.0,0.0,0.4742,0.0428,0.0,0.0,0.0,0.0,0.0,0.9643,0.0357,-1.561,1.0,1372,1,Normal,normal
0.0,180.553,90.075,1.0,6.0,0.0,0.0,0.0,6.0,0.0,0.0,0.4742,0.0428,0.0,0.0,0.0,0.0,0.0,0.9588,0.0412,0.659,1.0,1372,2,Normal,normal
0.0,179.965,90.118,1.0,6.0,0.0,0.0,0.0,6.0,0.0,0.0,0.4742,0.0428,0.0,0.0,0.0,0.0,0.0,0.959,0.041,0.657,1.0,1372,3,Normal,normal
0.0,179.208,90.332,1.0,6.0,0.0,0.0,0.0,6.0,0.0,0.0,0.4742,0.0428,0.0,0.0,0.0,0.0,0.0,0.9604,0.0396,0.234,1.0,1372,4,Normal,normal
0.0,178.657,90.368,1.0,6.0,0.0,0.0,0.0,6.0,0.0,0.0,0.4742,0.0428,0.0,0.0,0.0,0.0,0.0,0.9548,0.0452,0.287,1.0,1372,5,Normal,normal
0.0,159.157,45.579,1.0,6.0,0.0,0.0,0.0,6.0,0.0,0.0,4.125,0.3726,0.0,0.0,0.0,0.0,0.0,0.9701,0.0299,-1.547,1.0,1373,1,Normal,normal
0.0,157.878,45.554,1.0,6.0,0.0,0.0,0.0,6.0,0.0,0.0,4.125,0.3726,0.0,0.0,0.0,0.0,0.0,0.9589,0.0411,0.663,1.0,1373,2,Normal,normal
0.0,157.295,45.654,1.0,6.0,0.0,0.0,0.0,6.0,0.0,0.0,4.125,0.3726,0.0,0.0,0.0,0.0,0.0,0.9581,0.0419,0.655,1.0,1373,3,Normal,normal
0.0,156.552,45.935,1.0,6.0,0.0,0.0,0.0,6.0,0.0,0.0,4.125,0.3726,0.0,0.0,0.0,0.0,0.0,0.9634,0.0366,0.234,1.0,1373,4,Normal,normal
0.0,156.015,45.995,1.0,6.0,0.0,0.0,0.0,6.0,0.0,0.0,4.125,0.3726,0.0,0.0,0.0,0.0,0.0,0.9607,0.0393,0.275,1.0,1373,5,Normal,normal
0.0,223.593,95.208,1.0,6.0,0.0,0.0,0.0,6.0,0.0,0.0,1.9616,0.1772,0.0,0.0,0.0,0.0,0.0,0.9672,0.0328,-1.532,1.0,1374,1,Normal,normal
0.0,222.218,95.154,1.0,6.0,0.0,0.0,0.0,6.0,0.0,0.0,1.9616,0.1772,0.0,0.0,0.0,0.0,0.0,0.956,0.044,0.653,1.0,1374,2,Normal,normal
0.0,221.433,94.984,1.0,6.0,0.0,0.0,0.0,6.0,0.0,0.0,1.9616,0.1772,0.0,0.0,0.0,0.0,0.0,0.9583,0.0417,0.643,1.0,1374,3,Normal,normal
0.0,220.858,94.886,1.0,6.0,0.0,0.0,0.0,6.0,0.0,0.0,1.9616,0.1772,0.0,0.0,0.0,0.0,0.0,0.9624,0.0376,0.229,1.0,1374,4,Normal,normal
0.0,220.295,94.8,1.0,6.0,0.0,0.0,0.0,6.0,0.0,0.0,1.9616,0.1772,0.0,0.0,0.0,0.0,0.0,0.9573,0.0427,0.284,1.0,1374,5,Normal,normal
0.0,225.72,93.472,1.0,6.0,0.0,0.0,0.0,6.0,0.0,0.0,0.7341,0.0663,0.0,0.0,0.0,0.0,0.0,0.967,0.033,-1.502,1.0,1375,1,Normal,normal
0.0,224.368,93.354,1.0,6.0,0.0,0.0,0.0,6.0,0.0,0.0,0.7341,0.0663,0.0,0.0,0.0,0.0,0.0,0.9596,0.0404,0.636,1.0,1375,2,Normal,normal
0.0,223.538,93.213,1.0,6.0,0.0,0.0,0.0,6.0,0.0,0.0,0.7341,0.0663,0.0,0.0,0.0,0.0,0.0,0.9595,0.0405,0.629,1.0,1375,3,Normal,normal
0.0,222.957,93.135,1.0,6.0,0.0,0.0,0.0,6.0,0.0,0.0,0.7341,0.0663,0.0,0.0,0.0,0.0,0.0,0.9621,0.0379,0.238,1.0,1375,4,Normal,normal
0.0,222.388,93.031,1.0,6.0,0.0,0.0,0.0,6.0,0.0,0.0,0.7341,0.0663,0.0,0.0,0.0,0.0,0.0,0.9563,0.0437,0.283,1.0,1375,5,Normal,normal
0.0,225.508,93.711,1.0,6.0,0.0,0.0,0.0,6.0,0.0,0.0,2.1983,0.1986,0.0,0.0,0.0,0.0,0.0,0.9678,0.0322,-1.479,1.0,1376,1,Normal,normal
0.0,224.017,93.753,1.0,6.0,0.0,0.0,0.0,6.0,0.0,0.0,2.1983,0.1986,0.0,0.0,0.0,0.0,0.0,0.956,0.044,0.633,1.0,1376,2,Normal,normal
0.0,223.218,93.576,1.0,6.0,0.0,0.0,0.0,6.0,0.0,0.0,2.1983,0.1986,0.0,0.0,0.0,0.0,0.0,0.9611,0.0389,0.62,1.0,1376,3,Normal,normal
0.0,222.678,93.451,1.0,6.0,0.0,0.0,0.0,6.0,0.0,0.0,2.1983,0.1986,0.0,0.0,0.0,0.0,0.0,0.9635,0.0365,0.22,1.0,1376,4,Normal,normal
0.0,222.153,93.298,1.0,6.0,0.0,0.0,0.0,6.0,0.0,0.0,2.1983,0.1986,0.0,0.0,0.0,0.0,0.0,0.9583,0.0417,0.283,1.0,1376,5,Normal,normal
0.0,182.787,80.408,1.0,6.0,0.0,0.0,0.0,6.0,0.0,0.0,1.7212,0.1555,0.0,0.0,0.0,0.0,0.0,0.9652,0.0348,-1.431,1.0,1377,1,Normal,normal
0.0,181.212,80.473,1.0,6.0,0.0,0.0,0.0,6.0,0.0,0.0,1.7212,0.1555,0.0,0.0,0.0,0.0,0.0,0.9623,0.0377,0.601,1.0,1377,2,Normal,normal
0.0,180.318,80.252,1.0,6.0,0.0,0.0,0.0,6.0,0.0,0.0,1.7212,0.1555,0.0,0.0,0.0,0.0,0.0,0.9613,0.0387,0.609,1.0,1377,3,Normal,normal
0.0,218.95,93.395,1.0,6.0,0.0,0.0,0.0,6.0,0.0,0.0,1.7212,0.1555,0.0,0.0,0.0,0.0,0.0,0.967,0.033,0.211,1.0,1377,4,Normal,normal
0.0,218.342,93.243,1.0,6.0,0.0,0.0,0.0,6.0,0.0,0.0,1.7212,0.1555,0.0,0.0,0.0,0.0,0.0,0.9594,0.0406,0.272,1.0,1377,5,Normal,normal
0.0,212.897,143.233,1.0,6.0,0.0,0.0,0.0,6.0,0.0,0.0,2.2803,0.206,0.0,0.0,0.0,0.0,0.0,0.9691,0.0309,-1.391,1.0,1378,1,Normal,normal
0.0,211.282,143.185,1.0,6.0,0.0,0.0,0.0,6.0,0.0,0.0,2.2803,0.206,0.0,0.0,0.0,0.0,0.0,0.9593,0.0407,0.59,1.0,1378,2,Normal,normal
0.0,210.355,142.887,1.0,6.0,0.0,0.0,0.0,6.0,0.0,0.0,2.2803,0.206,0.0,0.0,0.0,0.0,0.0,0.9663,0.0337,0.59,1.0,1378,3,Normal,normal
0.0,281.632,178.965,1.0,6.0,0.0,0.0,0.0,6.0,0.0,0.0,2.2803,0.206,0.0,0.0,0.0,0.0,0.0,0.9672,0.0328,0.21,1.0,1378,4,Normal,normal
0.0,280.885,178.653,1.0,6.0,0.0,0.0,0.0,6.0,0.0,0.0,2.2803,0.206,0.0,0.0,0.0,0.0,0.0,0.9627,0.0373,0.262,1.0,1378,5,Normal,normal
0.0,290.388,154.399,1.0,6.0,0.0,0.0,0.0,6.0,0.0,0.0,1.0197,0.0921,0.0,0.0,0.0,0.0,0.0,0.9667,0.0333,-1.356,1.0,1379,1,Normal,normal
0.0,288.665,154.381,1.0,6.0,0.0,0.0,0.0,6.0,0.0,0.0,1.0197,0.0921,0.0,0.0,0.0,0.0,0.0,0.9642,0.0358,0.578,1.0,1379,2,Normal,normal
0.0,287.64,154.099,1.0,6.0,0.0,0.0,0.0,6.0,0.0,0.0,1.0197,0.0921,0.0,0.0,0.0,0.0,0.0,0.964,0.036,0.57,1.0,1379,3,Normal,normal
0.0,358.828,155.767,1.0,6.0,0.0,0.0,0.0,6.0,0.0,0.0,1.0197,0.0921,0.0,0.0,0.0,0.0,0.0,0.9664,0.0336,0.204,1.0,1379,4,Normal,normal
0.0,357.925,155.523,1.0,6.0,0.0,0.0,0.0,6.0,0.0,0.0,1.0197,0.0921,0.0,0.0,0.0,0.0,0.0,0.9604,0.0396,0.252,1.0,1379,5,Normal,normal
0.0,289.763,155.101,1.0,6.0,0.0,0.0,0.0,6.0,0.0,0.0,3.7382,0.3377,0.0,0.0,0.0,0.0,0.0,0.9734,0.0266,-1.297,1.0,1380,1,Normal,normal
0.0,288.063,154.996,1.0,6.0,0.0,0.0,0.0,6.0,0.0,0.0,3.7382,0.3377,0.0,0.0,0.0,0.0,0.0,0.9641,0.0359,0.552,1.0,1380,2,Normal,normal
0.0,286.937,154.79,1.0,6.0,0.0,0.0,0.0,6.0,0.0,0.0,3.7382,0.3377,0.0,0.0,0.0,0.0,0.0,0.9644,0.0356,0.545,1.0,1380,3,Normal,normal
0.0,358.225,156.671,1.0,6.0,0.0,0.0,0.0,6.0,0.0,0.0,3.7382,0.3377,0.0,0.0,0.0,0.0,0.0,0.9676,0.0324,0.202,1.0,1380,4,Normal,normal
0.0,357.258,156.529,1.0,6.0,0.0,0.0,0.0,6.0,0.0,0.0,3.7382,0.3377,0.0,0.0,0.0,0.0,0.0,0.9584,0.0416,0.241,1.0,1380,5,Normal,normal
0.0,298.86,145.861,1.0,6.0,0.0,0.0,0.0,6.0,0.0,0.0,2.1972,0.1985,0.0,0.0,0.0,0.0,0.0,0.9685,0.0315,-1.246,1.0,1381,1,Normal,normal
0.0,297.253,145.649,1.0,6.0,0.0,0.0,0.0,6.0,0.0,0.0,2.1972,0.1985,0.0,0.0,0.0,0.0,0.0,0.9644,0.0356,0.527,1.0,1381,2,Normal,normal
0.0,296.197,145.381,1.0,6.0,0.0,0.0,0.0,6.0,0.0,0.0,2.1972,0.1985,0.0,0.0,0.0,0.0,0.0,0.97,0.03,0.521,1.0,1381,3,Normal,normal
0.0,295.498,145.171,1.0,6.0,0.0,0.0,0.0,6.0,0.0,0.0,2.1972,0.1985,0.0,0.0,0.0,0.0,0.0,0.9688,0.0312,0.19,1.0,1381,4,Normal,normal
0.0,294.567,144.858,1.0,6.0,0.0,0.0,0.0,6.0,0.0,0.0,2.1972,0.1985,0.0,0.0,0.0,0.0,0.0,0.9641,0.0359,0.237,1.0,1381,5,Normal,normal
0.0,266.637,114.167,1.0,6.0,0.0,0.0,0.0,6.0,0.0,0.0,1.6728,0.1511,0.0,0.0,0.0,0.0,0.0,0.9722,0.0278,-1.212,1.0,1382,1,Normal,normal
0.0,265.163,114.087,1.0,6.0,0.0,0.0,0.0,6.0,0.0,0.0,1.6728,0.1511,0.0,0.0,0.0,0.0,0.0,0.9679,0.0321,0.512,1.0,1382,2,Normal,normal
0.0,264.367,114.124,1.0,6.0,0.0,0.0,0.0,6.0,0.0,0.0,1.6728,0.1511,0.0,0.0,0.0,0.0,0.0,0.9661,0.0339,0.511,1.0,1382,3,Normal,normal
0.0,263.8,114.085,1.0,6.0,0.0,0.0,0.0,6.0,0.0,0.0,1.6728,0.1511,0.0,0.0,0.0,0.0,0.0,0.9723,0.0277,0.193,1.0,1382,4,Normal,normal
0.0,263.138,114.09,1.0,6.0,0.0,0.0,0.0,6.0,0.0,0.0,1.6728,0.1511,0.0,0.0,0.0,0.0,0.0,0.9646,0.0354,0.216,1.0,1382,5,Normal,normal
0.0,233.948,120.483,1.0,6.0,0.0,0.0,0.0,6.0,0.0,0.0,1.0648,0.0962,0.0,0.0,0.0,0.0,0.0,0.9749,0.0251,-1.154,1.0,1383,1,Normal,normal
0.0,232.403,120.347,1.0,6.0,0.0,0.0,0.0,6.0,0.0,0.0,1.0648,0.0962,0.0,0.0,0.0,0.0,0.0,0.9705,0.0295,0.488,1.0,1383,2,Normal,normal
0.0,231.587,120.46,1.0,6.0,0.0,0.0,0.0,6.0,0.0,0.0,1.0648,0.0962,0.0,0.0,0.0,0.0,0.0,0.9684,0.0316,0.491,1.0,1383,3,Normal,normal
0.0,230.962,120.529,1.0,6.0,0.0,0.0,0.0,6.0,0.0,0.0,1.0648,0.0962,0.0,0.0,0.0,0.0,0.0,0.9721,0.0279,0.178,1.0,1383,4,Normal,normal
0.0,230.275,120.625,1.0,6.0,0.0,0.0,0.0,6.0,0.0,0.0,1.0648,0.0962,0.0,0.0,0.0,0.0,0.0,0.9691,0.0309,0.214,1.0,1383,5,Normal,normal
0.0,239.803,115.31,1.0,6.0,0.0,0.0,0.0,6.0,0.0,0.0,0.7516,0.0679,0.0,0.0,0.0,0.0,0.0,0.9749,0.0251,-1.102,1.0,1384,1,Normal,normal
0.0,238.125,115.288,1.0,6.0,0.0,0.0,0.0,6.0,0.0,0.0,0.7516,0.0679,0.0,0.0,0.0,0.0,0.0,0.972,0.028,0.471,1.0,1384,2,Normal,normal
0.0,237.282,115.428,1.0,6.0,0.0,0.0,0.0,6.0,0.0,0.0,0.7516,0.0679,0.0,0.0,0.0,0.0,0.0,0.9704,0.0296,0.464,1.0,1384,3,Normal,normal
0.0,236.58,115.573,1.0,6.0,0.0,0.0,0.0,6.0,0.0,0.0,0.7516,0.0679,0.0,0.0,0.0,0.0,0.0,0.9745,0.0255,0.165,1.0,1384,4,Normal,normal
0.0,235.872,115.689,1.0,6.0,0.0,0.0,0.0,6.0,0.0,0.0,0.7516,0.0679,0.0,0.0,0.0,0.0,0.0,0.9692,0.0308,0.212,1.0,1384,5,Normal,normal
0.0,242.45,83.459,1.0,6.0,0.0,0.0,0.0,6.0,0.0,0.0,0.9915,0.0896,0.0,0.0,0.0,0.0,0.0,0.9745,0.0255,-1.077,1.0,1385,1,Normal,normal
0.0,240.735,83.54,1.0,6.0,0.0,0.0,0.0,6.0,0.0,0.0,0.9915,0.0896,0.0,0.0,0.0,0.0,0.0,0.9727,0.0273,0.451,1.0,1385,2,Normal,normal
0.0,239.548,83.452,1.0,6.0,0.0,0.0,0.0,6.0,0.0,0.0,0.9915,0.0896,0.0,0.0,0.0,0.0,0.0,0.9708,0.0292,0.462,1.0,1385,3,Normal,normal
0.0,238.767,83.591,1.0,6.0,0.0,0.0,0.0,6.0,0.0,0.0,0.9915,0.0896,0.0,0.0,0.0,0.0,0.0,0.9727,0.0273,0.162,1.0,1385,4,Normal,normal
0.0,237.872,83.62,1.0,6.0,0.0,0.0,0.0,6.0,0.0,0.0,0.9915,0.0896,0.0,0.0,0.0,0.0,0.0,0.97,0.03,0.197,1.0,1385,5,Normal,normal
0.0,206.028,85.933,1.0,6.0,0.0,0.0,0.0,6.0,0.0,0.0,1.1896,0.1075,0.0,0.0,0.0,0.0,0.0,0.9792,0.0208,-1.034,1.0,1386,1,Normal,normal
0.0,204.465,85.881,1.0,6.0,0.0,0.0,0.0,6.0,0.0,0.0,1.1896,0.1075,0.0,0.0,0.0,0.0,0.0,0.9721,0.0279,0.438,1.0,1386,2,Normal,normal
0.0,203.35,85.549,1.0,6.0,0.0,0.0,0.0,6.0,0.0,0.0,1.1896,0.1075,0.0,0.0,0.0,0.0,0.0,0.9723,0.0277,0.446,1.0,1386,3,Normal,normal
0.0,202.632,85.586,1.0,6.0,0.0,0.0,0.0,6.0,0.0,0.0,1.1896,0.1075,0.0,0.0,0.0,0.0,0.0,0.9737,0.0263,0.157,1.0,1386,4,Normal,normal
0.0,201.82,85.439,1.0,6.0,0.0,0.0,0.0,6.0,0.0,0.0,1.1896,0.1075,0.0,0.0,0.0,0.0,0.0,0.9719,0.0281,0.191,1.0,1386,5,Normal,normal
0.0,205.402,86.582,1.0,6.0,0.0,0.0,0.0,6.0,0.0,0.0,3.2605,0.2945,0.0,0.0,0.0,0.0,0.0,0.9798,0.0202,-1.011,1.0,1387,1,Normal,normal
0.0,203.908,86.457,1.0,6.0,0.0,0.0,0.0,6.0,0.0,0.0,3.2605,0.2945,0.0,0.0,0.0,0.0,0.0,0.9744,0.0256,0.426,1.0,1387,2,Normal,normal
0.0,202.912,86.005,1.0,6.0,0.0,0.0,0.0,6.0,0.0,0.0,3.2605,0.2945,0.0,0.0,0.0,0.0,0.0,0.972,0.028,0.43,1.0,1387,3,Normal,normal
0.0,202.23,86.006,1.0,6.0,0.0,0.0,0.0,6.0,0.0,0.0,3.2605,0.2945,0.0,0.0,0.0,0.0,0.0,0.9725,0.0275,0.153,1.0,1387,4,Normal,normal
0.0,201.51,85.763,1.0,6.0,0.0,0.0,0.0,6.0,0.0,0.0,3.2605,0.2945,0.0,0.0,0.0,0.0,0.0,0.9743,0.0257,0.187,1.0,1387,5,Normal,normal
0.0,178.702,65.596,1.0,6.0,0.0,0.0,0.0,6.0,0.0,0.0,2.4318,0.2197,0.0,0.0,0.0,0.0,0.0,0.9813,0.0187,-0.984,1.0,1388,1,Normal,normal
0.0,177.318,65.284,1.0,6.0,0.0,0.0,0.0,6.0,0.0,0.0,2.4318,0.2197,0.0,0.0,0.0,0.0,0.0,0.9749,0.0251,0.421,1.0,1388,2,Normal,normal
0.0,176.587,65.066,1.0,6.0,0.0,0.0,0.0,6.0,0.0,0.0,2.4318,0.2197,0.0,0.0,0.0,0.0,0.0,0.976,0.024,0.42,1.0,1388,3,Normal,normal
0.0,175.997,65.037,1.0,6.0,0.0,0.0,0.0,6.0,0.0,0.0,2.4318,0.2197,0.0,0.0,0.0,0.0,0.0,0.9752,0.0248,0.151,1.0,1388,4,Normal,normal
0.0,175.428,64.806,1.0,6.0,0.0,0.0,0.0,6.0,0.0,0.0,2.4318,0.2197,0.0,0.0,0.0,0.0,0.0,0.9695,0.0305,0.175,1.0,1388,5,Normal,normal
0.0,156.133,39.741,1.0,6.0,0.0,0.0,0.0,6.0,0.0,0.0,1.1089,0.1002,0.0,0.0,0.0,0.0,0.0,0.9766,0.0234,-0.965,1.0,1389,1,Normal,normal
0.0,154.798,39.576,1.0,6.0,0.0,0.0,0.0,6.0,0.0,0.0,1.1089,0.1002,0.0,0.0,0.0,0.0,0.0,0.9739,0.0261,0.406,1.0,1389,2,Normal,normal
0.0,154.123,39.557,1.0,6.0,0.0,0.0,0.0,6.0,0.0,0.0,1.1089,0.1002,0.0,0.0,0.0,0.0,0.0,0.9766,0.0234,0.409,1.0,1389,3,Normal,normal
0.0,153.503,39.591,1.0,6.0,0.0,0.0,0.0,6.0,0.0,0.0,1.1089,0.1002,0.0,0.0,0.0,0.0,0.0,0.9766,0.0234,0.14,1.0,1389,4,Normal,normal
0.0,153.007,39.508,1.0,6.0,0.0,0.0,0.0,6.0,0.0,0.0,1.1089,0.1002,0.0,0.0,0.0,0.0,0.0,0.975,0.025,0.175,1.0,1389,5,Normal,normal
0.0,249.673,143.262,1.0,6.0,0.0,0.0,0.0,6.0,0.0,0.0,2.4717,0.2233,0.0,0.0,0.0,0.0,0.0,0.9775,0.0225,-0.953,1.0,1390,1,Normal,normal
0.0,248.187,143.078,1.0,6.0,0.0,0.0,0.0,6.0,0.0,0.0,2.4717,0.2233,0.0,0.0,0.0,0.0,0.0,0.9754,0.0246,0.403,1.0,1390,2,Normal,normal
0.0,247.383,143.003,1.0,6.0,0.0,0.0,0.0,6.0,0.0,0.0,2.4717,0.2233,0.0,0.0,0.0,0.0,0.0,0.9752,0.0248,0.405,1.0,1390,3,Normal,normal
0.0,246.628,142.93,1.0,6.0,0.0,0.0,0.0,6.0,0.0,0.0,2.4717,0.2233,0.0,0.0,0.0,0.0,0.0,0.9749,0.0251,0.143,1.0,1390,4,Normal,normal
0.0,246.048,142.83,1.0,6.0,0.0,0.0,0.0,6.0,0.0,0.0,2.4717,0.2233,0.0,0.0,0.0,0.0,0.0,0.9771,0.0229,0.177,1.0,1390,5,Normal,normal
0.0,249.475,142.805,1.0,6.0,0.0,0.0,0.0,6.0,0.0,0.0,0.5965,0.0539,0.0,0.0,0.0,0.0,0.0,0.983,0.017,-0.934,1.0,1391,1,Normal,normal
0.0,248.16,142.548,1.0,6.0,0.0,0.0,0.0,6.0,0.0,0.0,0.5965,0.0539,0.0,0.0,0.0,0.0,0.0,0.9771,0.0229,0.402,1.0,1391,2,Normal,normal
0.0,247.237,142.507,1.0,6.0,0.0,0.0,0.0,6.0,0.0,0.0,0.5965,0.0539,0.0,0.0,0.0,0.0,0.0,0.9793,0.0207,0.396,1.0,1391,3,Normal,normal
0.0,246.515,142.38,1.0,6.0,0.0,0.0,0.0,6.0,0.0,0.0,0.5965,0.0539,0.0,0.0,0.0,0.0,0.0,0.9801,0.0199,0.132,1.0,1391,4,Normal,normal
0.0,245.883,142.284,1.0,6.0,0.0,0.0,0.0,6.0,0.0,0.0,0.5965,0.0539,0.0,0.0,0.0,0.0,0.0,0.9753,0.0247,0.168,1.0,1391,5,Normal,normal
0.0,264.258,132.487,1.0,6.0,0.0,0.0,0.0,6.0,0.0,0.0,3.2952,0.2977,0.0,0.0,0.0,0.0,0.0,0.9804,0.0196,-0.932,1.0,1392,1,Normal,normal
0.0,262.812,132.298,1.0,6.0,0.0,0.0,0.0,6.0,0.0,0.0,3.2952,0.2977,0.0,0.0,0.0,0.0,0.0,0.98,0.02,0.39,1.0,1392,2,Normal,normal
0.0,261.855,132.304,1.0,6.0,0.0,0.0,0.0,6.0,0.0,0.0,3.2952,0.2977,0.0,0.0,0.0,0.0,0.0,0.9778,0.0222,0.396,1.0,1392,3,Normal,normal
0.0,261.118,132.215,1.0,6.0,0.0,0.0,0.0,6.0,0.0,0.0,3.2952,0.2977,0.0,0.0,0.0,0.0,0.0,0.9828,0.0172,0.145,1.0,1392,4,Normal,normal
0.0,260.465,132.156,1.0,6.0,0.0,0.0,0.0,6.0,0.0,0.0,3.2952,0.2977,0.0,0.0,0.0,0.0,0.0,0.9729,0.0271,0.171,1.0,1392,5,Normal,normal
0.0,268.812,105.628,1.0,6.0,0.0,0.0,0.0,6.0,0.0,0.0,1.6985,0.1534,0.0,0.0,0.0,0.0,0.0,0.9775,0.0225,-0.931,1.0,1393,1,Normal,normal
0.0,267.572,105.503,1.0,6.0,0.0,0.0,0.0,6.0,0.0,0.0,1.6985,0.1534,0.0,0.0,0.0,0.0,0.0,0.9774,0.0226,0.4,1.0,1393,2,Normal,normal
0.0,266.653,105.427,1.0,6.0,0.0,0.0,0.0,6.0,0.0,0.0,1.6985,0.1534,0.0,0.0,0.0,0.0,0.0,0.9777,0.0223,0.398,1.0,1393,3,Normal,normal
0.0,265.993,105.382,1.0,6.0,0.0,0.0,0.0,6.0,0.0,0.0,1.6985,0.1534,0.0,0.0,0.0,0.0,0.0,0.981,0.019,0.141,1.0,1393,4,Normal,normal
0.0,265.235,105.236,1.0,6.0,0.0,0.0,0.0,6.0,0.0,0.0,1.6985,0.1534,0.0,0.0,0.0,0.0,0.0,0.9755,0.0245,0.164,1.0,1393,5,Normal,normal
0.0,233.4,89.046,1.0,6.0,0.0,0.0,0.0,6.0,0.0,0.0,1.1282,0.1019,0.0,0.0,0.0,0.0,0.0,0.9793,0.0207,-0.946,1.0,1394,1,Normal,normal
0.0,232.08,88.853,1.0,6.0,0.0,0.0,0.0,6.0,0.0,0.0,1.1282,0.1019,0.0,0.0,0.0,0.0,0.0,0.9754,0.0246,0.387,1.0,1394,2,Normal,normal
0.0,231.19,88.757,1.0,6.0,0.0,0.0,0.0,6.0,0.0,0.0,1.1282,0.1019,0.0,0.0,0.0,0.0,0.0,0.9757,0.0243,0.399,1.0,1394,3,Normal,normal
0.0,230.532,88.667,1.0,6.0,0.0,0.0,0.0,6.0,0.0,0.0,1.1282,0.1019,0.0,0.0,0.0,0.0,0.0,0.9806,0.0194,0.146,1.0,1394,4,Normal,normal
0.0,229.733,88.353,1.0,6.0,0.0,0.0,0.0,6.0,0.0,0.0,1.1282,0.1019,0.0,0.0,0.0,0.0,0.0,0.9733,0.0267,0.181,1.0,1394,5,Normal,normal
0.0,327.545,129.374,1.0,6.0,0.0,0.0,0.0,6.0,0.0,0.0,1.6091,0.1454,0.0,0.0,0.0,0.0,0.0,0.9791,0.0209,-0.936,1.0,1395,1,Normal,normal
0.0,326.112,129.439,1.0,6.0,0.0,0.0,0.0,6.0,0.0,0.0,1.6091,0.1454,0.0,0.0,0.0,0.0,0.0,0.9775,0.0225,0.395,1.0,1395,2,Normal,normal
0.0,325.318,129.284,1.0,6.0,0.0,0.0,0.0,6.0,0.0,0.0,1.6091,0.1454,0.0,0.0,0.0,0.0,0.0,0.9788,0.0212,0.4,1.0,1395,3,Normal,normal
0.0,324.67,128.995,1.0,6.0,0.0,0.0,0.0,6.0,0.0,0.0,1.6091,0.1454,0.0,0.0,0.0,0.0,0.0,0.9752,0.0248,0.139,1.0,1395,4,Normal,normal
0.0,323.933,128.929,1.0,6.0,0.0,0.0,0.0,6.0,0.0,0.0,1.6091,0.1454,0.0,0.0,0.0,0.0,0.0,0.9743,0.0257,0.175,1.0,1395,5,Normal,normal
0.0,272.93,147.782,1.0,6.0,0.0,0.0,0.0,6.0,0.0,0.0,0.6886,0.0622,0.0,0.0,0.0,0.0,0.0,0.9791,0.0209,-0.953,1.0,1396,1,Normal,normal
0.0,271.7,147.787,1.0,6.0,0.0,0.0,0.0,6.0,0.0,0.0,0.6886,0.0622,0.0,0.0,0.0,0.0,0.0,0.9742,0.0258,0.399,1.0,1396,2,Normal,normal
0.0,271.05,147.64,1.0,6.0,0.0,0.0,0.0,6.0,0.0,0.0,0.6886,0.0622,0.0,0.0,0.0,0.0,0.0,0.9749,0.0251,0.406,1.0,1396,3,Normal,normal
0.0,270.392,147.421,1.0,6.0,0.0,0.0,0.0,6.0,0.0,0.0,0.6886,0.0622,0.0,0.0,0.0,0.0,0.0,0.977,0.023,0.141,1.0,1396,4,Normal,normal
0.0,269.76,147.437,1.0,6.0,0.0,0.0,0.0,6.0,0.0,0.0,0.6886,0.0622,0.0,0.0,0.0,0.0,0.0,0.9712,0.0288,0.177,1.0,1396,5,Normal,normal
0.0,249.593,158.236,1.0,6.0,0.0,0.0,0.0,6.0,0.0,0.0,2.1105,0.1906,0.0,0.0,0.0,0.0,0.0,0.9823,0.0177,-0.961,1.0,1397,1,Normal,normal
0.0,248.203,158.307,1.0,6.0,0.0,0.0,0.0,6.0,0.0,0.0,2.1105,0.1906,0.0,0.0,0.0,0.0,0.0,0.9737,0.0263,0.407,1.0,1397,2,Normal,normal
0.0,247.492,158.19,1.0,6.0,0.0,0.0,0.0,6.0,0.0,0.0,2.1105,0.1906,0.0,0.0,0.0,0.0,0.0,0.9741,0.0259,0.398,1.0,1397,3,Normal,normal
0.0,246.722,158.084,1.0,6.0,0.0,0.0,0.0,6.0,0.0,0.0,2.1105,0.1906,0.0,0.0,0.0,0.0,0.0,0.9757,0.0243,0.152,1.0,1397,4,Normal,normal
0.0,246.067,158.142,1.0,6.0,0.0,0.0,0.0,6.0,0.0,0.0,2.1105,0.1906,0.0,0.0,0.0,0.0,0.0,0.9735,0.0265,0.183,1.0,1397,5,Normal,normal
0.0,176.055,76.25,1.0,6.0,0.0,0.0,0.0,6.0,0.0,0.0,1.3111,0.1184,0.0,0.0,0.0,0.0,0.0,0.9801,0.0199,-0.966,1.0,1398,1,Normal,normal
0.0,174.77,76.172,1.0,6.0,0.0,0.0,0.0,6.0,0.0,0.0,1.3111,0.1184,0.0,0.0,0.0,0.0,0.0,0.9763,0.0237,0.406,1.0,1398,2,Normal,normal
0.0,174.2,76.218,1.0,6.0,0.0,0.0,0.0,6.0,0.0,0.0,1.3111,0.1184,0.0,0.0,0.0,0.0,0.0,0.9752,0.0248,0.415,1.0,1398,3,Normal,normal
0.0,173.472,76.626,1.0,6.0,0.0,0.0,0.0,6.0,0.0,0.0,1.3111,0.1184,0.0,0.0,0.0,0.0,0.0,0.9746,0.0254,0.155,1.0,1398,4,Normal,normal
0.0,172.89,76.606,1.0,6.0,0.0,0.0,0.0,6.0,0.0,0.0,1.3111,0.1184,0.0,0.0,0.0,0.0,0.0,0.9746,0.0254,0.178,1.0,1398,5,Normal,normal
0.0,153.777,35.028,1.0,6.0,0.0,0.0,0.0,6.0,0.0,0.0,2.4054,0.2173,0.0,0.0,0.0,0.0,0.0,0.9789,0.0211,-0.984,1.0,1399,1,Normal,normal
0.0,152.497,34.964,1.0,6.0,0.0,0.0,0.0,6.0,0.0,0.0,2.4054,0.2173,0.0,0.0,0.0,0.0,0.0,0.9717,0.0283,0.414,1.0,1399,2,Normal,normal
0.0,151.848,34.902,1.0,6.0,0.0,0.0,0.0,6.0,0.0,0.0,2.4054,0.2173,0.0,0.0,0.0,0.0,0.0,0.9755,0.0245,0.415,1.0,1399,3,Normal,normal
0.0,150.923,35.018,1.0,6.0,0.0,0.0,0.0,6.0,0.0,0.0,2.4054,0.2173,0.0,0.0,0.0,0.0,0.0,0.98,0.02,0.149,1.0,1399,4,Normal,normal
0.0,150.292,34.945,1.0,6.0,0.0,0.0,0.0,6.0,0.0,0.0,2.4054,0.2173,0.0,0.0,0.0,0.0,0.0,0.9714,0.0286,0.181,1.0,1399,5,Normal,normal
0.0,237.722,115.781,1.0,6.0,0.0,0.0,0.0,6.0,0.0,0.0,1.2974,0.1172,0.0,0.0,0.0,0.0,0.0,0.9775,0.0225,-0.988,1.0,1400,1,Normal,normal
0.0,236.24,115.584,1.0,6.0,0.0,0.0,0.0,6.0,0.0,0.0,1.2974,0.1172,0.0,0.0,0.0,0.0,0.0,0.9729,0.0271,0.414,1.0,1400,2,Normal,normal
0.0,235.508,115.542,1.0,6.0,0.0,0.0,0.0,6.0,0.0,0.0,1.2974,0.1172,0.0,0.0,0.0,0.0,0.0,0.978,0.022,0.422,1.0,1400,3,Normal,normal
0.0,234.512,115.718,1.0,6.0,0.0,0.0,0.0,6.0,0.0,0.0,1.2974,0.1172,0.0,0.0,0.0,0.0,0.0,0.9754,0.0246,0.145,1.0,1400,4,Normal,normal
0.0,233.9,115.768,1.0,6.0,0.0,0.0,0.0,6.0,0.0,0.0,1.2974,0.1172,0.0,0.0,0.0,0.0,0.0,0.9723,0.0277,0.179,1.0,1400,5,Normal,normal
0.0,238.563,114.648,1.0,6.0,0.0,0.0,0.0,6.0,0.0,0.0,2.3983,0.2166,0.0,0.0,0.0,0.0,0.0,0.9784,0.0216,-1.001,1.0,1401,1,Normal,normal
0.0,237.233,114.309,1.0,6.0,0.0,0.0,0.0,6.0,0.0,0.0,2.3983,0.2166,0.0,0.0,0.0,0.0,0.0,0.972,0.028,0.423,1.0,1401,2,Normal,normal
0.0,236.57,114.207,1.0,6.0,0.0,0.0,0.0,6.0,0.0,0.0,2.3983,0.2166,0.0,0.0,0.0,0.0,0.0,0.9762,0.0238,0.423,1.0,1401,3,Normal,normal
0.0,235.732,114.229,1.0,6.0,0.0,0.0,0.0,6.0,0.0,0.0,2.3983,0.2166,0.0,0.0,0.0,0.0,0.0,0.9729,0.0271,0.154,1.0,1401,4,Normal,normal
0.0,235.202,114.186,1.0,6.0,0.0,0.0,0.0,6.0,0.0,0.0,2.3983,0.2166,0.0,0.0,0.0,0.0,0.0,0.9747,0.0253,0.188,1.0,1401,5,Normal,normal
0.0,239.415,113.812,1.0,6.0,0.0,0.0,0.0,6.0,0.0,0.0,2.4667,0.2228,0.0,0.0,0.0,0.0,0.0,0.978,0.022,-1.0,1.0,1402,1,Normal,normal
0.0,237.908,113.644,1.0,6.0,0.0,0.0,0.0,6.0,0.0,0.0,2.4667,0.2228,0.0,0.0,0.0,0.0,0.0,0.9726,0.0274,0.427,1.0,1402,2,Normal,normal
0.0,237.185,113.602,1.0,6.0,0.0,0.0,0.0,6.0,0.0,0.0,2.4667,0.2228,0.0,0.0,0.0,0.0,0.0,0.9788,0.0212,0.425,1.0,1402,3,Normal,normal
0.0,236.507,113.464,1.0,6.0,0.0,0.0,0.0,6.0,0.0,0.0,2.4667,0.2228,0.0,0.0,0.0,0.0,0.0,0.9766,0.0234,0.149,1.0,1402,4,Normal,normal
0.0,235.963,113.435,1.0,6.0,0.0,0.0,0.0,6.0,0.0,0.0,2.4667,0.2228,0.0,0.0,0.0,0.0,0.0,0.9699,0.0301,0.182,1.0,1402,5,Normal,normal
0.0,186.977,86.424,1.0,6.0,0.0,0.0,0.0,6.0,0.0,0.0,2.7841,0.2515,0.0,0.0,0.0,0.0,0.0,0.9741,0.0259,-1.01,1.0,1403,1,Normal,normal
0.0,185.618,86.067,1.0,6.0,0.0,0.0,0.0,6.0,0.0,0.0,2.7841,0.2515,0.0,0.0,0.0,0.0,0.0,0.976,0.024,0.426,1.0,1403,2,Normal,normal
0.0,184.898,85.892,1.0,6.0,0.0,0.0,0.0,6.0,0.0,0.0,2.7841,0.2515,0.0,0.0,0.0,0.0,0.0,0.9756,0.0244,0.427,1.0,1403,3,Normal,normal
0.0,184.255,85.621,1.0,6.0,0.0,0.0,0.0,6.0,0.0,0.0,2.7841,0.2515,0.0,0.0,0.0,0.0,0.0,0.9756,0.0244,0.151,1.0,1403,4,Normal,normal
0.0,183.742,85.488,1.0,6.0,0.0,0.0,0.0,6.0,0.0,0.0,2.7841,0.2515,0.0,0.0,0.0,0.0,0.0,0.9742,0.0258,0.184,1.0,1403,5,Normal,normal
0.0,144.632,31.523,1.0,6.0,0.0,0.0,0.0,6.0,0.0,0.0,4.0639,0.3671,0.0,0.0,0.0,0.0,0.0,0.9782,0.0218,-1.017,1.0,1404,1,Normal,normal
0.0,143.365,31.696,1.0,6.0,0.0,0.0,0.0,6.0,0.0,0.0,4.0639,0.3671,0.0,0.0,0.0,0.0,0.0,0.9721,0.0279,0.428,1.0,1404,2,Normal,normal
0.0,142.775,31.672,1.0,6.0,0.0,0.0,0.0,6.0,0.0,0.0,4.0639,0.3671,0.0,0.0,0.0,0.0,0.0,0.9794,0.0206,0.429,1.0,1404,3,Normal,normal
0.0,142.285,31.627,1.0,6.0,0.0,0.0,0.0,6.0,0.0,0.0,4.0639,0.3671,0.0,0.0,0.0,0.0,0.0,0.9796,0.0204,0.158,1.0,1404,4,Normal,normal
0.0,141.85,31.521,1.0,6.0,0.0,0.0,0.0,6.0,0.0,0.0,4.0639,0.3671,0.0,0.0,0.0,0.0,0.0,0.97,0.03,0.194,1.0,1404,5,Normal,normal
0.0,139.97,31.523,1.0,6.0,0.0,0.0,0.0,6.0,0.0,0.0,1.1299,0.1021,0.0,0.0,0.0,0.0,0.0,0.9786,0.0214,-1.021,1.0,1405,1,Normal,normal
0.0,138.715,31.68,1.0,6.0,0.0,0.0,0.0,6.0,0.0,0.0,1.1299,0.1021,0.0,0.0,0.0,0.0,0.0,0.9722,0.0278,0.437,1.0,1405,2,Normal,normal
0.0,138.122,31.603,1.0,6.0,0.0,0.0,0.0,6.0,0.0,0.0,1.1299,0.1021,0.0,0.0,0.0,0.0,0.0,0.9721,0.0279,0.434,1.0,1405,3,Normal,normal
0.0,137.652,31.528,1.0,6.0,0.0,0.0,0.0,6.0,0.0,0.0,1.1299,0.1021,0.0,0.0,0.0,0.0,0.0,0.977,0.023,0.153,1.0,1405,4,Normal,normal
0.0,137.188,31.369,1.0,6.0,0.0,0.0,0.0,6.0,0.0,0.0,1.1299,0.1021,0.0,0.0,0.0,0.0,0.0,0.9721,0.0279,0.188,1.0,1405,5,Normal,normal
0.0,138.443,32.216,1.0,6.0,0.0,0.0,0.0,6.0,0.0,0.0,3.777,0.3412,0.0,0.0,0.0,0.0,0.0,0.9759,0.0241,-1.026,1.0,1406,1,Normal,normal
0.0,137.285,32.345,1.0,6.0,0.0,0.0,0.0,6.0,0.0,0.0,3.777,0.3412,0.0,0.0,0.0,0.0,0.0,0.9725,0.0275,0.438,1.0,1406,2,Normal,normal
0.0,136.758,32.242,1.0,6.0,0.0,0.0,0.0,6.0,0.0,0.0,3.777,0.3412,0.0,0.0,0.0,0.0,0.0,0.9732,0.0268,0.436,1.0,1406,3,Normal,normal
0.0,136.308,32.156,1.0,6.0,0.0,0.0,0.0,6.0,0.0,0.0,3.777,0.3412,0.0,0.0,0.0,0.0,0.0,0.979,0.021,0.16,1.0,1406,4,Normal,normal
0.0,135.88,31.98,1.0,6.0,0.0,0.0,0.0,6.0,0.0,0.0,3.777,0.3412,0.0,0.0,0.0,0.0,0.0,0.9672,0.0328,0.191,1.0,1406,5,Normal,normal
0.0,138.61,28.872,1.0,6.0,0.0,0.0,0.0,6.0,0.0,0.0,2.2224,0.2007,0.0,0.0,0.0,0.0,0.0,0.9735,0.0265,-1.034,1.0,1407,1,Normal,normal
0.0,137.48,29.086,1.0,6.0,0.0,0.0,0.0,6.0,0.0,0.0,2.2224,0.2007,0.0,0.0,0.0,0.0,0.0,0.9689,0.0311,0.433,1.0,1407,2,Normal,normal
0.0,136.982,29.042,1.0,6.0,0.0,0.0,0.0,6.0,0.0,0.0,2.2224,0.2007,0.0,0.0,0.0,0.0,0.0,0.9733,0.0267,0.435,1.0,1407,3,Normal,normal
0.0,136.622,29.056,1.0,6.0,0.0,0.0,0.0,6.0,0.0,0.0,2.2224,0.2007,0.0,0.0,0.0,0.0,0.0,0.9753,0.0247,0.156,1.0,1407,4,Normal,normal
0.0,136.218,29.039,1.0,6.0,0.0,0.0,0.0,6.0,0.0,0.0,2.2224,0.2007,0.0,0.0,0.0,0.0,0.0,0.9708,0.0292,0.187,1.0,1407,5,Normal,normal
0.0,139.29,28.357,1.0,6.0,0.0,0.0,0.0,6.0,0.0,0.0,0.8529,0.077,0.0,0.0,0.0,0.0,0.0,0.9763,0.0237,-1.023,1.0,1408,1,Normal,normal
0.0,138.24,28.503,1.0,6.0,0.0,0.0,0.0,6.0,0.0,0.0,0.8529,0.077,0.0,0.0,0.0,0.0,0.0,0.9724,0.0276,0.44,1.0,1408,2,Normal,normal
0.0,137.698,28.492,1.0,6.0,0.0,0.0,0.0,6.0,0.0,0.0,0.8529,0.077,0.0,0.0,0.0,0.0,0.0,0.9759,0.0241,0.434,1.0,1408,3,Normal,normal
0.0,137.21,28.599,1.0,6.0,0.0,0.0,0.0,6.0,0.0,0.0,0.8529,0.077,0.0,0.0,0.0,0.0,0.0,0.9736,0.0264,0.155,1.0,1408,4,Normal,normal
0.0,136.733,28.638,1.0,6.0,0.0,0.0,0.0,6.0,0.0,0.0,0.8529,0.077,0.0,0.0,0.0,0.0,0.0,0.9713,0.0287,0.192,1.0,1408,5,Normal,normal
0.0,144.14,33.828,1.0,6.0,0.0,0.0,0.0,6.0,0.0,0.0,2.8238,0.2551,0.0,0.0,0.0,0.0,0.0,0.9769,0.0231,-1.047,1.0,1409,1,Normal,normal
0.0,142.908,33.825,1.0,6.0,0.0,0.0,0.0,6.0,0.0,0.0,2.8238,0.2551,0.0,0.0,0.0,0.0,0.0,0.9688,0.0312,0.434,1.0,1409,2,Normal,normal
0.0,142.302,33.76,1.0,6.0,0.0,0.0,0.0,6.0,0.0,0.0,2.8238,0.2551,0.0,0.0,0.0,0.0,0.0,0.9736,0.0264,0.433,1.0,1409,3,Normal,normal
0.0,141.683,33.716,1.0,6.0,0.0,0.0,0.0,6.0,0.0,0.0,2.8238,0.2551,0.0,0.0,0.0,0.0,0.0,0.9773,0.0227,0.158,1.0,1409,4,Normal,normal
0.0,141.115,33.643,1.0,6.0,0.0,0.0,0.0,6.0,0.0,0.0,2.8238,0.2551,0.0,0.0,0.0,0.0,0.0,0.9685,0.0315,0.193,1.0,1409,5,Normal,normal
0.0,157.985,37.934,1.0,6.0,0.0,0.0,0.0,6.0,0.0,0.0,1.8442,0.1666,0.0,0.0,0.0,0.0,0.0,0.9788,0.0212,-1.054,1.0,1410,1,Normal,normal
0.0,156.783,37.921,1.0,6.0,0.0,0.0,0.0,6.0,0.0,0.0,1.8442,0.1666,0.0,0.0,0.0,0.0,0.0,0.9731,0.0269,0.446,1.0,1410,2,Normal,normal
0.0,156.15,37.903,1.0,6.0,0.0,0.0,0.0,6.0,0.0,0.0,1.8442,0.1666,0.0,0.0,0.0,0.0,0.0,0.9717,0.0283,0.442,1.0,1410,3,Normal,normal
0.0,155.492,37.925,1.0,6.0,0.0,0.0,0.0,6.0,0.0,0.0,1.8442,0.1666,0.0,0.0,0.0,0.0,0.0,0.9726,0.0274,0.161,1.0,1410,4,Normal,normal
0.0,154.798,37.815,1.0,6.0,0.0,0.0,0.0,6.0,0.0,0.0,1.8442,0.1666,0.0,0.0,0.0,0.0,0.0,0.9688,0.0312,0.189,1.0,1410,5,Normal,normal
0.0,228.168,113.491,1.0,6.0,0.0,0.0,0.0,6.0,0.0,0.0,0.8338,0.0753,0.0,0.0,0.0,0.0,0.0,0.9775,0.0225,-1.056,1.0,1411,1,Normal,normal
0.0,226.86,113.53,1.0,6.0,0.0,0.0,0.0,6.0,0.0,0.0,0.8338,0.0753,0.0,0.0,0.0,0.0,0.0,0.9749,0.0251,0.445,1.0,1411,2,Normal,normal
0.0,226.225,113.512,1.0,6.0,0.0,0.0,0.0,6.0,0.0,0.0,0.8338,0.0753,0.0,0.0,0.0,0.0,0.0,0.9737,0.0263,0.445,1.0,1411,3,Normal,normal
0.0,225.533,113.613,1.0,6.0,0.0,0.0,0.0,6.0,0.0,0.0,0.8338,0.0753,0.0,0.0,0.0,0.0,0.0,0.9779,0.0221,0.162,1.0,1411,4,Normal,normal
0.0,224.873,113.714,1.0,6.0,0.0,0.0,0.0,6.0,0.0,0.0,0.8338,0.0753,0.0,0.0,0.0,0.0,0.0,0.9715,0.0285,0.192,1.0,1411,5,Normal,normal
0.0,221.962,116.382,1.0,6.0,0.0,0.0,0.0,6.0,0.0,0.0,5.3596,0.4841,0.0,0.0,0.0,0.0,0.0,0.9763,0.0237,-1.06,1.0,1412,1,Normal,normal
0.0,220.84,116.323,1.0,6.0,0.0,0.0,0.0,6.0,0.0,0.0,5.3596,0.4841,0.0,0.0,0.0,0.0,0.0,0.9669,0.0331,0.455,1.0,1412,2,Normal,normal
0.0,220.3,116.248,1.0,6.0,0.0,0.0,0.0,6.0,0.0,0.0,5.3596,0.4841,0.0,0.0,0.0,0.0,0.0,0.9741,0.0259,0.448,1.0,1412,3,Normal,normal
0.0,219.838,116.197,1.0,6.0,0.0,0.0,0.0,6.0,0.0,0.0,5.3596,0.4841,0.0,0.0,0.0,0.0,0.0,0.9791,0.0209,0.158,1.0,1412,4,Normal,normal
0.0,219.367,116.188,1.0,6.0,0.0,0.0,0.0,6.0,0.0,0.0,5.3596,0.4841,0.0,0.0,0.0,0.0,0.0,0.971,0.029,0.206,1.0,1412,5,Normal,normal
0.0,222.592,115.824,1.0,6.0,0.0,0.0,0.0,6.0,0.0,0.0,4.7385,0.428,0.0,0.0,0.0,0.0,0.0,0.973,0.027,-1.071,1.0,1413,1,Normal,normal
0.0,221.373,115.849,1.0,6.0,0.0,0.0,0.0,6.0,0.0,0.0,4.7385,0.428,0.0,0.0,0.0,0.0,0.0,0.977,0.023,0.457,1.0,1413,2,Normal,normal
0.0,220.758,115.839,1.0,6.0,0.0,0.0,0.0,6.0,0.0,0.0,4.7385,0.428,0.0,0.0,0.0,0.0,0.0,0.9745,0.0255,0.451,1.0,1413,3,Normal,normal
0.0,220.245,115.834,1.0,6.0,0.0,0.0,0.0,6.0,0.0,0.0,4.7385,0.428,0.0,0.0,0.0,0.0,0.0,0.9744,0.0256,0.171,1.0,1413,4,Normal,normal
0.0,219.603,115.976,1.0,6.0,0.0,0.0,0.0,6.0,0.0,0.0,4.7385,0.428,0.0,0.0,0.0,0.0,0.0,0.9686,0.0314,0.198,1.0,1413,5,Normal,normal
0.0,166.69,59.164,1.0,6.0,0.0,0.0,0.0,6.0,0.0,0.0,1.4144,0.1278,0.0,0.0,0.0,0.0,0.0,0.975,0.025,-1.086,1.0,1414,1,Normal,normal
0.0,165.517,59.233,1.0,6.0,0.0,0.0,0.0,6.0,0.0,0.0,1.4144,0.1278,0.0,0.0,0.0,0.0,0.0,0.9741,0.0259,0.461,1.0,1414,2,Normal,normal
0.0,164.923,59.254,1.0,6.0,0.0,0.0,0.0,6.0,0.0,0.0,1.4144,0.1278,0.0,0.0,0.0,0.0,0.0,0.9713,0.0287,0.458,1.0,1414,3,Normal,normal
0.0,164.373,59.231,1.0,6.0,0.0,0.0,0.0,6.0,0.0,0.0,1.4144,0.1278,0.0,0.0,0.0,0.0,0.0,0.9725,0.0275,0.164,1.0,1414,4,Normal,normal
0.0,163.725,59.312,1.0,6.0,0.0,0.0,0.0,6.0,0.0,0.0,1.4144,0.1278,0.0,0.0,0.0,0.0,0.0,0.9693,0.0307,0.206,1.0,1414,5,Normal,normal
0.0,140.488,32.745,1.0,6.0,0.0,0.0,0.0,6.0,0.0,0.0,0.601,0.0543,0.0,0.0,0.0,0.0,0.0,0.9761,0.0239,-1.102,1.0,1415,1,Normal,normal
0.0,139.048,32.955,1.0,6.0,0.0,0.0,0.0,6.0,0.0,0.0,0.601,0.0543,0.0,0.0,0.0,0.0,0.0,0.9709,0.0291,0.465,1.0,1415,2,Normal,normal
0.0,138.372,33.026,1.0,6.0,0.0,0.0,0.0,6.0,0.0,0.0,0.601,0.0543,0.0,0.0,0.0,0.0,0.0,0.9725,0.0275,0.472,1.0,1415,3,Normal,normal
0.0,137.777,32.973,1.0,6.0,0.0,0.0,0.0,6.0,0.0,0.0,0.601,0.0543,0.0,0.0,0.0,0.0,0.0,0.9719,0.0281,0.167,1.0,1415,4,Normal,normal
0.0,137.055,32.932,1.0,6.0,0.0,0.0,0.0,6.0,0.0,0.0,0.601,0.0543,0.0,0.0,0.0,0.0,0.0,0.9678,0.0322,0.199,1.0,1415,5,Normal,normal
0.0,146.513,38.87,1.0,6.0,0.0,0.0,0.0,6.0,0.0,0.0,2.4203,0.2186,0.0,0.0,0.0,0.0,0.0,0.973,0.027,-1.124,1.0,1416,1,Normal,normal
0.0,144.605,38.768,1.0,6.0,0.0,0.0,0.0,6.0,0.0,0.0,2.4203,0.2186,0.0,0.0,0.0,0.0,0.0,0.9677,0.0323,0.477,1.0,1416,2,Normal,normal
0.0,143.648,38.655,1.0,6.0,0.0,0.0,0.0,6.0,0.0,0.0,2.4203,0.2186,0.0,0.0,0.0,0.0,0.0,0.9739,0.0261,0.482,1.0,1416,3,Normal,normal
0.0,142.902,38.535,1.0,6.0,0.0,0.0,0.0,6.0,0.0,0.0,2.4203,0.2186,0.0,0.0,0.0,0.0,0.0,0.9752,0.0248,0.165,1.0,1416,4,Normal,normal
0.0,142.045,38.414,1.0,6.0,0.0,0.0,0.0,6.0,0.0,0.0,2.4203,0.2186,0.0,0.0,0.0,0.0,0.0,0.9689,0.0311,0.211,1.0,1416,5,Normal,normal
0.0,145.98,39.232,1.0,6.0,0.0,0.0,0.0,6.0,0.0,0.0,2.9603,0.2674,0.0,0.0,0.0,0.0,0.0,0.9724,0.0276,-1.147,1.0,1417,1,Normal,normal
0.0,144.327,38.953,1.0,6.0,0.0,0.0,0.0,6.0,0.0,0.0,2.9603,0.2674,0.0,0.0,0.0,0.0,0.0,0.9734,0.0266,0.483,1.0,1417,2,Normal,normal
0.0,143.505,38.75,1.0,6.0,0.0,0.0,0.0,6.0,0.0,0.0,2.9603,0.2674,0.0,0.0,0.0,0.0,0.0,0.9726,0.0274,0.496,1.0,1417,3,Normal,normal
0.0,142.765,38.625,1.0,6.0,0.0,0.0,0.0,6.0,0.0,0.0,2.9603,0.2674,0.0,0.0,0.0,0.0,0.0,0.9707,0.0293,0.186,1.0,1417,4,Normal,normal
0.0,142.09,38.383,1.0,6.0,0.0,0.0,0.0,6.0,0.0,0.0,2.9603,0.2674,0.0,0.0,0.0,0.0,0.0,0.9663,0.0337,0.221,1.0,1417,5,Normal,normal
0.0,141.242,34.621,1.0,6.0,0.0,0.0,0.0,6.0,0.0,0.0,1.2187,0.1101,0.0,0.0,0.0,0.0,0.0,0.9732,0.0268,-1.188,1.0,1418,1,Normal,normal
0.0,139.547,34.237,1.0,6.0,0.0,0.0,0.0,6.0,0.0,0.0,1.2187,0.1101,0.0,0.0,0.0,0.0,0.0,0.9712,0.0288,0.505,1.0,1418,2,Normal,normal
0.0,138.757,33.997,1.0,6.0,0.0,0.0,0.0,6.0,0.0,0.0,1.2187,0.1101,0.0,0.0,0.0,0.0,0.0,0.9683,0.0317,0.507,1.0,1418,3,Normal,normal
0.0,138.025,33.999,1.0,6.0,0.0,0.0,0.0,6.0,0.0,0.0,1.2187,0.1101,0.0,0.0,0.0,0.0,0.0,0.9723,0.0277,0.173,1.0,1418,4,Normal,normal
0.0,137.348,33.841,1.0,6.0,0.0,0.0,0.0,6.0,0.0,0.0,1.2187,0.1101,0.0,0.0,0.0,0.0,0.0,0.968,0.032,0.22,1.0,1418,5,Normal,normal
0.0,141.295,34.591,1.0,6.0,0.0,0.0,0.0,6.0,0.0,0.0,3.4363,0.3104,0.0,0.0,0.0,0.0,0.0,0.9707,0.0293,-1.205,1.0,1419,1,Normal,normal
0.0,139.822,34.074,1.0,6.0,0.0,0.0,0.0,6.0,0.0,0.0,3.4363,0.3104,0.0,0.0,0.0,0.0,0.0,0.9694,0.0306,0.511,1.0,1419,2,Normal,normal
0.0,138.975,33.864,1.0,6.0,0.0,0.0,0.0,6.0,0.0,0.0,3.4363,0.3104,0.0,0.0,0.0,0.0,0.0,0.9661,0.0339,0.507,1.0,1419,3,Normal,normal
0.0,138.26,33.856,1.0,6.0,0.0,0.0,0.0,6.0,0.0,0.0,3.4363,0.3104,0.0,0.0,0.0,0.0,0.0,0.9734,0.0266,0.186,1.0,1419,4,Normal,normal
0.0,137.615,33.678,1.0,6.0,0.0,0.0,0.0,6.0,0.0,0.0,3.4363,0.3104,0.0,0.0,0.0,0.0,0.0,0.9683,0.0317,0.225,1.0,1419,5,Normal,normal
0.0,142.798,37.332,1.0,6.0,0.0,0.0,0.0,6.0,0.0,0.0,0.8515,0.0769,0.0,0.0,0.0,0.0,0.0,0.9724,0.0276,-1.241,1.0,1420,1,Normal,normal
0.0,141.643,37.387,1.0,6.0,0.0,0.0,0.0,6.0,0.0,0.0,0.8515,0.0769,0.0,0.0,0.0,0.0,0.0,0.9648,0.0352,0.526,1.0,1420,2,Normal,normal
0.0,141.007,37.545,1.0,6.0,0.0,0.0,0.0,6.0,0.0,0.0,0.8515,0.0769,0.0,0.0,0.0,0.0,0.0,0.9674,0.0326,0.535,1.0,1420,3,Normal,normal
0.0,140.367,37.662,1.0,6.0,0.0,0.0,0.0,6.0,0.0,0.0,0.8515,0.0769,0.0,0.0,0.0,0.0,0.0,0.9676,0.0324,0.193,1.0,1420,4,Normal,normal
0.0,139.667,37.38,1.0,6.0,0.0,0.0,0.0,6.0,0.0,0.0,0.8515,0.0769,0.0,0.0,0.0,0.0,0.0,0.965,0.035,0.229,1.0,1420,5,Normal,normal
0.0,271.505,171.936,1.0,6.0,0.0,0.0,0.0,6.0,0.0,0.0,0.5844,0.0528,0.0,0.0,0.0,0.0,0.0,0.9734,0.0266,-1.278,1.0,1421,1,Normal,normal
0.0,270.357,171.981,1.0,6.0,0.0,0.0,0.0,6.0,0.0,0.0,0.5844,0.0528,0.0,0.0,0.0,0.0,0.0,0.9662,0.0338,0.547,1.0,1421,2,Normal,normal
0.0,269.79,172.187,1.0,6.0,0.0,0.0,0.0,6.0,0.0,0.0,0.5844,0.0528,0.0,0.0,0.0,0.0,0.0,0.9665,0.0335,0.548,1.0,1421,3,Normal,normal
0.0,269.233,172.3,1.0,6.0,0.0,0.0,0.0,6.0,0.0,0.0,0.5844,0.0528,0.0,0.0,0.0,0.0,0.0,0.9683,0.0317,0.2,1.0,1421,4,Normal,normal
0.0,268.48,172.446,1.0,6.0,0.0,0.0,0.0,6.0,0.0,0.0,0.5844,0.0528,0.0,0.0,0.0,0.0,0.0,0.9645,0.0355,0.241,1.0,1421,5,Normal,normal
0.0,318.632,147.964,1.0,6.0,0.0,0.0,0.0,6.0,0.0,0.0,0.8018,0.0724,0.0,0.0,0.0,0.0,0.0,0.9699,0.0301,-1.313,1.0,1422,1,Normal,normal
0.0,317.392,148.001,1.0,6.0,0.0,0.0,0.0,6.0,0.0,0.0,0.8018,0.0724,0.0,0.0,0.0,0.0,0.0,0.9673,0.0327,0.565,1.0,1422,2,Normal,normal
0.0,316.738,148.27,1.0,6.0,0.0,0.0,0.0,6.0,0.0,0.0,0.8018,0.0724,0.0,0.0,0.0,0.0,0.0,0.9667,0.0333,0.556,1.0,1422,3,Normal,normal
0.0,316.273,148.329,1.0,6.0,0.0,0.0,0.0,6.0,0.0,0.0,0.8018,0.0724,0.0,0.0,0.0,0.0,0.0,0.969,0.031,0.203,1.0,1422,4,Normal,normal
0.0,315.652,148.467,1.0,6.0,0.0,0.0,0.0,6.0,0.0,0.0,0.8018,0.0724,0.0,0.0,0.0,0.0,0.0,0.9621,0.0379,0.243,1.0,1422,5,Normal,normal
0.0,317.895,148.95,1.0,6.0,0.0,0.0,0.0,6.0,0.0,0.0,2.4987,0.2257,0.0,0.0,0.0,0.0,0.0,0.9664,0.0336,-1.361,1.0,1423,1,Normal,normal
0.0,316.673,148.963,1.0,6.0,0.0,0.0,0.0,6.0,0.0,0.0,2.4987,0.2257,0.0,0.0,0.0,0.0,0.0,0.9645,0.0355,0.581,1.0,1423,2,Normal,normal
0.0,316.16,149.046,1.0,6.0,0.0,0.0,0.0,6.0,0.0,0.0,2.4987,0.2257,0.0,0.0,0.0,0.0,0.0,0.9631,0.0369,0.577,1.0,1423,3,Normal,normal
0.0,315.707,149.089,1.0,6.0,0.0,0.0,0.0,6.0,0.0,0.0,2.4987,0.2257,0.0,0.0,0.0,0.0,0.0,0.9668,0.0332,0.206,1.0,1423,4,Normal,normal
0.0,315.118,149.182,1.0,6.0,0.0,0.0,0.0,6.0,0.0,0.0,2.4987,0.2257,0.0,0.0,0.0,0.0,0.0,0.9574,0.0426,0.253,1.0,1423,5,Normal,normal
0.0,322.077,136.279,1.0,6.0,0.0,0.0,0.0,6.0,0.0,0.0,1.7424,0.1574,0.0,0.0,0.0,0.0,0.0,0.9701,0.0299,-1.383,1.0,1424,1,Normal,normal
0.0,320.765,136.273,1.0,6.0,0.0,0.0,0.0,6.0,0.0,0.0,1.7424,0.1574,0.0,0.0,0.0,0.0,0.0,0.9595,0.0405,0.589,1.0,1424,2,Normal,normal
0.0,320.173,136.356,1.0,6.0,0.0,0.0,0.0,6.0,0.0,0.0,1.7424,0.1574,0.0,0.0,0.0,0.0,0.0,0.9623,0.0377,0.587,1.0,1424,3,Normal,normal
0.0,319.675,136.421,1.0,6.0,0.0,0.0,0.0,6.0,0.0,0.0,1.7424,0.1574,0.0,0.0,0.0,0.0,0.0,0.9654,0.0346,0.209,1.0,1424,4,Normal,normal
0.0,319.273,136.471,1.0,6.0,0.0,0.0,0.0,6.0,0.0,0.0,1.7424,0.1574,0.0,0.0,0.0,0.0,0.0,0.9595,0.0405,0.257,1.0,1424,5,Normal,normal
0.0,229.74,91.942,1.0,6.0,0.0,0.0,0.0,6.0,0.0,0.0,0.7897,0.0713,0.0,0.0,0.0,0.0,0.0,0.9679,0.0321,-1.434,1.0,1425,1,Normal,normal
0.0,228.488,91.94,1.0,6.0,0.0,0.0,0.0,6.0,0.0,0.0,0.7897,0.0713,0.0,0.0,0.0,0.0,0.0,0.9595,0.0405,0.604,1.0,1425,2,Normal,normal
0.0,227.798,92.05,1.0,6.0,0.0,0.0,0.0,6.0,0.0,0.0,0.7897,0.0713,0.0,0.0,0.0,0.0,0.0,0.9623,0.0377,0.603,1.0,1425,3,Normal,normal
0.0,227.133,92.232,1.0,6.0,0.0,0.0,0.0,6.0,0.0,0.0,0.7897,0.0713,0.0,0.0,0.0,0.0,0.0,0.9656,0.0344,0.217,1.0,1425,4,Normal,normal
0.0,226.578,92.335,1.0,6.0,0.0,0.0,0.0,6.0,0.0,0.0,0.7897,0.0713,0.0,0.0,0.0,0.0,0.0,0.9602,0.0398,0.27,1.0,1425,5,Normal,normal
0.0,208.902,95.295,1.0,6.0,0.0,0.0,0.0,6.0,0.0,0.0,1.4328,0.1294,0.0,0.0,0.0,0.0,0.0,0.965,0.035,-1.474,1.0,1426,1,Normal,normal
0.0,207.532,95.346,1.0,6.0,0.0,0.0,0.0,6.0,0.0,0.0,1.4328,0.1294,0.0,0.0,0.0,0.0,0.0,0.9587,0.0413,0.622,1.0,1426,2,Normal,normal
0.0,206.815,95.392,1.0,6.0,0.0,0.0,0.0,6.0,0.0,0.0,1.4328,0.1294,0.0,0.0,0.0,0.0,0.0,0.9593,0.0407,0.627,1.0,1426,3,Normal,normal
0.0,206.083,95.488,1.0,6.0,0.0,0.0,0.0,6.0,0.0,0.0,1.4328,0.1294,0.0,0.0,0.0,0.0,0.0,0.9646,0.0354,0.219,1.0,1426,4,Normal,normal
0.0,205.51,95.538,1.0,6.0,0.0,0.0,0.0,6.0,0.0,0.0,1.4328,0.1294,0.0,0.0,0.0,0.0,0.0,0.9557,0.0443,0.277,1.0,1426,5,Normal,normal
0.0,239.96,101.573,1.0,6.0,0.0,0.0,0.0,6.0,0.0,0.0,3.7536,0.3391,0.0,0.0,0.0,0.0,0.0,0.9699,0.0301,-1.492,1.0,1427,1,Normal,normal
0.0,238.435,101.531,1.0,6.0,0.0,0.0,0.0,6.0,0.0,0.0,3.7536,0.3391,0.0,0.0,0.0,0.0,0.0,0.9582,0.0418,0.631,1.0,1427,2,Normal,normal
0.0,237.522,101.379,1.0,6.0,0.0,0.0,0.0,6.0,0.0,0.0,3.7536,0.3391,0.0,0.0,0.0,0.0,0.0,0.9588,0.0412,0.629,1.0,1427,3,Normal,normal
0.0,236.633,101.48,1.0,6.0,0.0,0.0,0.0,6.0,0.0,0.0,3.7536,0.3391,0.0,0.0,0.0,0.0,0.0,0.9613,0.0387,0.229,1.0,1427,4,Normal,normal
0.0,235.96,101.53,1.0,6.0,0.0,0.0,0.0,6.0,0.0,0.0,3.7536,0.3391,0.0,0.0,0.0,0.0,0.0,0.9545,0.0455,0.281,1.0,1427,5,Normal,normal
0.0,206.035,106.113,1.0,6.0,0.0,0.0,0.0,6.0,0.0,0.0,0.8138,0.0735,0.0,0.0,0.0,0.0,0.0,0.9679,0.0321,-1.523,1.0,1428,1,Normal,normal
0.0,204.527,105.955,1.0,6.0,0.0,0.0,0.0,6.0,0.0,0.0,0.8138,0.0735,0.0,0.0,0.0,0.0,0.0,0.9581,0.0419,0.652,1.0,1428,2,Normal,normal
0.0,203.682,105.754,1.0,6.0,0.0,0.0,0.0,6.0,0.0,0.0,0.8138,0.0735,0.0,0.0,0.0,0.0,0.0,0.9622,0.0378,0.643,1.0,1428,3,Normal,normal
0.0,202.91,105.822,1.0,6.0,0.0,0.0,0.0,6.0,0.0,0.0,0.8138,0.0735,0.0,0.0,0.0,0.0,0.0,0.9633,0.0367,0.238,1.0,1428,4,Normal,normal
0.0,202.372,105.835,1.0,6.0,0.0,0.0,0.0,6.0,0.0,0.0,0.8138,0.0735,0.0,0.0,0.0,0.0,0.0,0.9561,0.0439,0.278,1.0,1428,5,Normal,normal
0.0,210.773,102.581,1.0,6.0,0.0,0.0,0.0,6.0,0.0,0.0,7.7176,0.6971,0.0,0.0,0.0,0.0,0.0,0.9584,0.0416,-1.552,1.0,1429,1,Normal,normal
0.0,209.112,102.532,1.0,6.0,0.0,0.0,0.0,6.0,0.0,0.0,7.7176,0.6971,0.0,0.0,0.0,0.0,0.0,0.9531,0.0469,0.65,1.0,1429,2,Normal,normal
0.0,208.238,102.335,1.0,6.0,0.0,0.0,0.0,6.0,0.0,0.0,7.7176,0.6971,0.0,0.0,0.0,0.0,0.0,0.96,0.04,0.656,1.0,1429,3,Normal,normal
0.0,207.5,102.363,1.0,6.0,0.0,0.0,0.0,6.0,0.0,0.0,7.7176,0.6971,0.0,0.0,0.0,0.0,0.0,0.9585,0.0415,0.23,1.0,1429,4,Normal,normal
0.0,206.992,102.342,1.0,6.0,0.0,0.0,0.0,6.0,0.0,0.0,7.7176,0.6971,0.0,0.0,0.0,0.0,0.0,0.9589,0.0411,0.283,1.0,1429,5,Normal,normal
0.0,231.005,89.746,1.0,6.0,0.0,0.0,0.0,6.0,0.0,0.0,0.511,0.0462,0.0,0.0,0.0,0.0,0.0,0.9664,0.0336,-1.552,1.0,1430,1,Normal,normal
0.0,229.55,89.892,1.0,6.0,0.0,0.0,0.0,6.0,0.0,0.0,0.511,0.0462,0.0,0.0,0.0,0.0,0.0,0.9568,0.0432,0.667,1.0,1430,2,Normal,normal
0.0,228.845,90.08,1.0,6.0,0.0,0.0,0.0,6.0,0.0,0.0,0.511,0.0462,0.0,0.0,0.0,0.0,0.0,0.9607,0.0393,0.659,1.0,1430,3,Normal,normal
0.0,228.117,90.179,1.0,6.0,0.0,0.0,0.0,6.0,0.0,0.0,0.511,0.0462,0.0,0.0,0.0,0.0,0.0,0.9618,0.0382,0.235,1.0,1430,4,Normal,normal
0.0,227.54,90.085,1.0,6.0,0.0,0.0,0.0,6.0,0.0,0.0,0.511,0.0462,0.0,0.0,0.0,0.0,0.0,0.9563,0.0437,0.285,1.0,1430,5,Normal,normal
0.0,211.77,97.308,1.0,6.0,0.0,0.0,0.0,6.0,0.0,0.0,2.3596,0.2131,0.0,0.0,0.0,0.0,0.0,0.9658,0.0342,-1.56,1.0,1431,1,Normal,normal
0.0,210.307,97.531,1.0,6.0,0.0,0.0,0.0,6.0,0.0,0.0,2.3596,0.2131,0.0,0.0,0.0,0.0,0.0,0.956,0.044,0.661,1.0,1431,2,Normal,normal
0.0,209.573,97.778,1.0,6.0,0.0,0.0,0.0,6.0,0.0,0.0,2.3596,0.2131,0.0,0.0,0.0,0.0,0.0,0.9634,0.0366,0.657,1.0,1431,3,Normal,normal
0.0,208.958,97.916,1.0,6.0,0.0,0.0,0.0,6.0,0.0,0.0,2.3596,0.2131,0.0,0.0,0.0,0.0,0.0,0.9605,0.0395,0.241,1.0,1431,4,Normal,normal
0.0,208.378,97.865,1.0,6.0,0.0,0.0,0.0,6.0,0.0,0.0,2.3596,0.2131,0.0,0.0,0.0,0.0,0.0,0.9581,0.0419,0.295,1.0,1431,5,Normal,normal
0.0,218.727,91.463,1.0,6.0,0.0,0.0,0.0,6.0,0.0,0.0,0.4797,0.0433,0.0,0.0,0.0,0.0,0.0,0.9653,0.0347,-1.559,1.0,1432,1,Normal,normal
0.0,217.335,91.665,1.0,6.0,0.0,0.0,0.0,6.0,0.0,0.0,0.4797,0.0433,0.0,0.0,0.0,0.0,0.0,0.9592,0.0408,0.66,1.0,1432,2,Normal,normal
0.0,216.667,91.878,1.0,6.0,0.0,0.0,0.0,6.0,0.0,0.0,0.4797,0.0433,0.0,0.0,0.0,0.0,0.0,0.9601,0.0399,0.66,1.0,1432,3,Normal,normal
0.0,216.07,92.01,1.0,6.0,0.0,0.0,0.0,6.0,0.0,0.0,0.4797,0.0433,0.0,0.0,0.0,0.0,0.0,0.9639,0.0361,0.236,1.0,1432,4,Normal,normal
0.0,215.463,91.985,1.0,6.0,0.0,0.0,0.0,6.0,0.0,0.0,0.4797,0.0433,0.0,0.0,0.0,0.0,0.0,0.9551,0.0449,0.287,1.0,1432,5,Normal,normal
0.0,237.342,84.092,1.0,6.0,0.0,0.0,0.0,6.0,0.0,0.0,1.4961,0.1351,0.0,0.0,0.0,0.0,0.0,0.9669,0.0331,-1.545,1.0,1433,1,Normal,normal
0.0,236.102,84.2,1.0,6.0,0.0,0.0,0.0,6.0,0.0,0.0,1.4961,0.1351,0.0,0.0,0.0,0.0,0.0,0.9571,0.0429,0.656,1.0,1433,2,Normal,normal
0.0,235.467,84.276,1.0,6.0,0.0,0.0,0.0,6.0,0.0,0.0,1.4961,0.1351,0.0,0.0,0.0,0.0,0.0,0.9576,0.0424,0.656,1.0,1433,3,Normal,normal
0.0,234.79,84.294,1.0,6.0,0.0,0.0,0.0,6.0,0.0,0.0,1.4961,0.1351,0.0,0.0,0.0,0.0,0.0,0.9628,0.0372,0.233,1.0,1433,4,Normal,normal
0.0,234.253,84.349,1.0,6.0,0.0,0.0,0.0,6.0,0.0,0.0,1.4961,0.1351,0.0,0.0,0.0,0.0,0.0,0.9552,0.0448,0.287,1.0,1433,5,Normal,normal
0.0,209.92,82.337,1.0,6.0,0.0,0.0,0.0,6.0,0.0,0.0,4.2872,0.3873,0.0,0.0,0.0,0.0,0.0,0.9764,0.0236,-1.241,1.0,1434,1,Natural Fault,line_trip
0.0,208.602,82.465,1.0,6.0,0.0,0.0,0.0,6.0,0.0,0.0,4.2872,0.3873,0.0,0.0,0.0,0.0,0.0,0.9663,0.0337,0.364,1.0,1434,2,Natural Fault,line_trip
0.0,207.895,82.509,1.0,6.0,0.0,0.0,0.0,6.0,0.0,0.0,4.2872,0.3873,0.0,0.0,0.0,0.0,0.0,0.9697,0.0303,0.65,1.0,1434,3,Natural Fault,line_trip
0.0,207.2,82.466,1.0,6.0,0.0,0.0,0.0,6.0,0.0,0.0,4.2872,0.3873,0.0,0.0,0.0,0.0,0.0,0.9689,0.0311,0.232,1.0,1434,4,Natural Fault,line_trip
0.0,206.647,82.479,1.0,6.0,0.0,0.0,0.0,6.0,0.0,0.0,4.2872,0.3873,0.0,0.0,0.0,0.0,0.0,0.0,1.0,0.005,3.0,1434,5,Natural Fault,line_trip
0.0,256.028,84.884,1.0,6.0,0.0,0.0,0.0,6.0,0.0,0.0,2.1522,0.1944,0.0,0.0,0.0,0.0,0.0,0.974,0.026,-1.222,1.0,1435,1,Natural Fault,line_trip
0.0,254.837,84.919,1.0,6.0,0.0,0.0,0.0,6.0,0.0,0.0,2.1522,0.1944,0.0,0.0,0.0,0.0,0.0,0.968,0.032,0.359,1.0,1435,2,Natural Fault,line_trip
0.0,254.212,84.918,1.0,6.0,0.0,0.0,0.0,6.0,0.0,0.0,2.1522,0.1944,0.0,0.0,0.0,0.0,0.0,0.966,0.034,0.634,1.0,1435,3,Natural Fault,line_trip
0.0,253.572,84.948,1.0,6.0,0.0,0.0,0.0,6.0,0.0,0.0,2.1522,0.1944,0.0,0.0,0.0,0.0,0.0,0.9713,0.0287,0.234,1.0,1435,4,Natural Fault,line_trip
0.0,253.058,84.965,1.0,6.0,0.0,0.0,0.0,6.0,0.0,0.0,2.1522,0.1944,0.0,0.0,0.0,0.0,0.0,0.0,1.0,0.001,3.0,1435,5,Natural Fault,line_trip
0.0,249.692,93.077,1.0,6.0,0.0,0.0,0.0,6.0,0.0,0.0,1.4648,0.1323,0.0,0.0,0.0,0.0,0.0,0.9708,0.0292,-1.203,1.0,1436,1,Natural Fault,line_trip
0.0,248.403,93.223,1.0,6.0,0.0,0.0,0.0,6.0,0.0,0.0,1.4648,0.1323,0.0,0.0,0.0,0.0,0.0,0.9679,0.0321,0.351,1.0,1436,2,Natural Fault,line_trip
0.0,247.752,93.246,1.0,6.0,0.0,0.0,0.0,6.0,0.0,0.0,1.4648,0.1323,0.0,0.0,0.0,0.0,0.0,0.9692,0.0308,0.633,1.0,1436,3,Natural Fault,line_trip
0.0,247.083,93.306,1.0,6.0,0.0,0.0,0.0,6.0,0.0,0.0,1.4648,0.1323,0.0,0.0,0.0,0.0,0.0,0.9703,0.0297,0.219,1.0,1436,4,Natural Fault,line_trip
0.0,246.592,93.296,1.0,6.0,0.0,0.0,0.0,6.0,0.0,0.0,1.4648,0.1323,0.0,0.0,0.0,0.0,0.0,0.0,1.0,0.003,3.0,1436,5,Natural Fault,line_trip
0.0,265.258,106.833,1.0,6.0,0.0,0.0,0.0,6.0,0.0,0.0,3.8149,0.3446,0.0,0.0,0.0,0.0,0.0,0.9751,0.0249,-1.183,1.0,1437,1,Natural Fault,line_trip
0.0,263.862,106.893,1.0,6.0,0.0,0.0,0.0,6.0,0.0,0.0,3.8149,0.3446,0.0,0.0,0.0,0.0,0.0,0.9681,0.0319,0.348,1.0,1437,2,Natural Fault,line_trip
0.0,263.183,106.824,1.0,6.0,0.0,0.0,0.0,6.0,0.0,0.0,3.8149,0.3446,0.0,0.0,0.0,0.0,0.0,0.9661,0.0339,0.613,1.0,1437,3,Natural Fault,line_trip
0.0,262.608,106.79,1.0,6.0,0.0,0.0,0.0,6.0,0.0,0.0,3.8149,0.3446,0.0,0.0,0.0,0.0,0.0,0.968,0.032,0.221,1.0,1437,4,Natural Fault,line_trip
0.0,262.063,106.651,1.0,6.0,0.0,0.0,0.0,6.0,0.0,0.0,3.8149,0.3446,0.0,0.0,0.0,0.0,0.0,0.0,1.0,-0.003,3.0,1437,5,Natural Fault,line_trip
0.0,234.045,105.229,1.0,6.0,0.0,0.0,0.0,6.0,0.0,0.0,5.3599,0.4842,0.0,0.0,0.0,0.0,0.0,0.9766,0.0234,-1.144,1.0,1438,1,Natural Fault,line_trip
0.0,232.767,105.114,1.0,6.0,0.0,0.0,0.0,6.0,0.0,0.0,5.3599,0.4842,0.0,0.0,0.0,0.0,0.0,0.9694,0.0306,0.332,1.0,1438,2,Natural Fault,line_trip
0.0,231.927,105.041,1.0,6.0,0.0,0.0,0.0,6.0,0.0,0.0,5.3599,0.4842,0.0,0.0,0.0,0.0,0.0,0.9676,0.0324,0.602,1.0,1438,3,Natural Fault,line_trip
0.0,231.305,104.963,1.0,6.0,0.0,0.0,0.0,6.0,0.0,0.0,5.3599,0.4842,0.0,0.0,0.0,0.0,0.0,0.973,0.027,0.207,1.0,1438,4,Natural Fault,line_trip
0.0,230.71,104.814,1.0,6.0,0.0,0.0,0.0,6.0,0.0,0.0,5.3599,0.4842,0.0,0.0,0.0,0.0,0.0,0.0,1.0,-0.005,3.0,1438,5,Natural Fault,line_trip
0.0,211.317,113.739,1.0,6.0,0.0,0.0,0.0,6.0,0.0,0.0,3.7888,0.3422,0.0,0.0,0.0,0.0,0.0,0.9729,0.0271,-1.127,1.0,1439,1,Natural Fault,line_trip
0.0,210.085,113.571,1.0,6.0,0.0,0.0,0.0,6.0,0.0,0.0,3.7888,0.3422,0.0,0.0,0.0,0.0,0.0,0.9705,0.0295,0.33,1.0,1439,2,Natural Fault,line_trip
0.0,209.23,113.453,1.0,6.0,0.0,0.0,0.0,6.0,0.0,0.0,3.7888,0.3422,0.0,0.0,0.0,0.0,0.0,0.9692,0.0308,0.586,1.0,1439,3,Natural Fault,line_trip
0.0,208.6,113.335,1.0,6.0,0.0,0.0,0.0,6.0,0.0,0.0,3.7888,0.3422,0.0,0.0,0.0,0.0,0.0,0.9731,0.0269,0.214,1.0,1439,4,Natural Fault,line_trip
0.0,208.007,113.15,1.0,6.0,0.0,0.0,0.0,6.0,0.0,0.0,3.7888,0.3422,0.0,0.0,0.0,0.0,0.0,0.0,1.0,0.003,3.0,1439,5,Natural Fault,line_trip
0.0,171.907,66.731,1.0,6.0,0.0,0.0,0.0,6.0,0.0,0.0,2.6457,0.239,0.0,0.0,0.0,0.0,0.0,0.9751,0.0249,-1.076,1.0,1440,1,Natural Fault,line_trip
0.0,170.78,66.509,1.0,6.0,0.0,0.0,0.0,6.0,0.0,0.0,2.6457,0.239,0.0,0.0,0.0,0.0,0.0,0.974,0.026,0.313,1.0,1440,2,Natural Fault,line_trip
0.0,169.978,66.46,1.0,6.0,0.0,0.0,0.0,6.0,0.0,0.0,2.6457,0.239,0.0,0.0,0.0,0.0,0.0,0.9718,0.0282,0.558,1.0,1440,3,Natural Fault,line_trip
0.0,169.398,66.422,1.0,6.0,0.0,0.0,0.0,6.0,0.0,0.0,2.6457,0.239,0.0,0.0,0.0,0.0,0.0,0.9742,0.0258,0.193,1.0,1440,4,Natural Fault,line_trip
0.0,168.838,66.42,1.0,6.0,0.0,0.0,0.0,6.0,0.0,0.0,2.6457,0.239,0.0,0.0,0.0,0.0,0.0,0.0,1.0,0.003,3.0,1440,5,Natural Fault,line_trip
0.0,140.983,33.39,1.0,6.0,0.0,0.0,0.0,6.0,0.0,0.0,4.4758,0.4043,0.0,0.0,0.0,0.0,0.0,0.9726,0.0274,-1.052,1.0,1441,1,Natural Fault,line_trip
0.0,139.873,33.42,1.0,6.0,0.0,0.0,0.0,6.0,0.0,0.0,4.4758,0.4043,0.0,0.0,0.0,0.0,0.0,0.9748,0.0252,0.302,1.0,1441,2,Natural Fault,line_trip
0.0,139.072,33.068,1.0,6.0,0.0,0.0,0.0,6.0,0.0,0.0,4.4758,0.4043,0.0,0.0,0.0,0.0,0.0,0.9711,0.0289,0.551,1.0,1441,3,Natural Fault,line_trip
0.0,138.477,32.918,1.0,6.0,0.0,0.0,0.0,6.0,0.0,0.0,4.4758,0.4043,0.0,0.0,0.0,0.0,0.0,0.9773,0.0227,0.198,1.0,1441,4,Natural Fault,line_trip
0.0,137.918,32.819,1.0,6.0,0.0,0.0,0.0,6.0,0.0,0.0,4.4758,0.4043,0.0,0.0,0.0,0.0,0.0,0.0,1.0,0.0,3.0,1441,5,Natural Fault,line_trip
0.0,137.707,27.072,1.0,6.0,0.0,0.0,0.0,6.0,0.0,0.0,1.5327,0.1384,0.0,0.0,0.0,0.0,0.0,0.9747,0.0253,-1.002,1.0,1442,1,Natural Fault,line_trip
0.0,136.56,27.004,1.0,6.0,0.0,0.0,0.0,6.0,0.0,0.0,1.5327,0.1384,0.0,0.0,0.0,0.0,0.0,0.9762,0.0238,0.296,1.0,1442,2,Natural Fault,line_trip
0.0,135.983,27.039,1.0,6.0,0.0,0.0,0.0,6.0,0.0,0.0,1.5327,0.1384,0.0,0.0,0.0,0.0,0.0,0.9734,0.0266,0.527,1.0,1442,3,Natural Fault,line_trip
0.0,135.452,27.026,1.0,6.0,0.0,0.0,0.0,6.0,0.0,0.0,1.5327,0.1384,0.0,0.0,0.0,0.0,0.0,0.975,0.025,0.191,1.0,1442,4,Natural Fault,line_trip
0.0,134.973,27.052,1.0,6.0,0.0,0.0,0.0,6.0,0.0,0.0,1.5327,0.1384,0.0,0.0,0.0,0.0,0.0,0.0,1.0,-0.002,3.0,1442,5,Natural Fault,line_trip
0.0,138.377,26.509,1.0,6.0,0.0,0.0,0.0,6.0,0.0,0.0,1.1161,0.1008,0.0,0.0,0.0,0.0,0.0,0.9781,0.0219,-0.986,1.0,1443,1,Natural Fault,line_trip
0.0,137.183,26.482,1.0,6.0,0.0,0.0,0.0,6.0,0.0,0.0,1.1161,0.1008,0.0,0.0,0.0,0.0,0.0,0.9739,0.0261,0.282,1.0,1443,2,Natural Fault,line_trip
0.0,136.598,26.524,1.0,6.0,0.0,0.0,0.0,6.0,0.0,0.0,1.1161,0.1008,0.0,0.0,0.0,0.0,0.0,0.9766,0.0234,0.51,1.0,1443,3,Natural Fault,line_trip
0.0,136.037,26.537,1.0,6.0,0.0,0.0,0.0,6.0,0.0,0.0,1.1161,0.1008,0.0,0.0,0.0,0.0,0.0,0.9776,0.0224,0.185,1.0,1443,4,Natural Fault,line_trip
0.0,135.512,26.602,1.0,6.0,0.0,0.0,0.0,6.0,0.0,0.0,1.1161,0.1008,0.0,0.0,0.0,0.0,0.0,0.0,1.0,0.002,3.0,1443,5,Natural Fault,line_trip
0.0,140.208,29.537,1.0,6.0,0.0,0.0,0.0,6.0,0.0,0.0,2.9611,0.2675,0.0,0.0,0.0,0.0,0.0,0.9792,0.0208,-0.945,1.0,1444,1,Natural Fault,line_trip
0.0,138.95,29.401,1.0,6.0,0.0,0.0,0.0,6.0,0.0,0.0,2.9611,0.2675,0.0,0.0,0.0,0.0,0.0,0.9791,0.0209,0.271,1.0,1444,2,Natural Fault,line_trip
0.0,138.403,29.499,1.0,6.0,0.0,0.0,0.0,6.0,0.0,0.0,2.9611,0.2675,0.0,0.0,0.0,0.0,0.0,0.9761,0.0239,0.492,1.0,1444,3,Natural Fault,line_trip
0.0,137.88,29.567,1.0,6.0,0.0,0.0,0.0,6.0,0.0,0.0,2.9611,0.2675,0.0,0.0,0.0,0.0,0.0,0.9734,0.0266,0.179,1.0,1444,4,Natural Fault,line_trip
0.0,137.39,29.681,1.0,6.0,0.0,0.0,0.0,6.0,0.0,0.0,2.9611,0.2675,0.0,0.0,0.0,0.0,0.0,0.0,1.0,-0.004,3.0,1444,5,Natural Fault,line_trip
0.0,250.077,144.434,1.0,6.0,0.0,0.0,0.0,6.0,0.0,0.0,3.4998,0.3161,0.0,0.0,0.0,0.0,0.0,0.9832,0.0168,-0.911,1.0,1445,1,Natural Fault,line_trip
0.0,248.925,144.525,1.0,6.0,0.0,0.0,0.0,6.0,0.0,0.0,3.4998,0.3161,0.0,0.0,0.0,0.0,0.0,0.9756,0.0244,0.271,1.0,1445,2,Natural Fault,line_trip
0.0,248.373,144.504,1.0,6.0,0.0,0.0,0.0,6.0,0.0,0.0,3.4998,0.3161,0.0,0.0,0.0,0.0,0.0,0.9763,0.0237,0.471,1.0,1445,3,Natural Fault,line_trip
0.0,247.887,144.523,1.0,6.0,0.0,0.0,0.0,6.0,0.0,0.0,3.4998,0.3161,0.0,0.0,0.0,0.0,0.0,0.9749,0.0251,0.165,1.0,1445,4,Natural Fault,line_trip
0.0,247.43,144.52,1.0,6.0,0.0,0.0,0.0,6.0,0.0,0.0,3.4998,0.3161,0.0,0.0,0.0,0.0,0.0,0.0,1.0,-0.004,3.0,1445,5,Natural Fault,line_trip
0.0,252.128,143.741,1.0,6.0,0.0,0.0,0.0,6.0,0.0,0.0,5.486,0.4956,0.0,0.0,0.0,0.0,0.0,0.9814,0.0186,-0.869,1.0,1446,1,Natural Fault,line_trip
0.0,250.893,143.891,1.0,6.0,0.0,0.0,0.0,6.0,0.0,0.0,5.486,0.4956,0.0,0.0,0.0,0.0,0.0,0.9782,0.0218,0.257,1.0,1446,2,Natural Fault,line_trip
0.0,250.232,143.94,1.0,6.0,0.0,0.0,0.0,6.0,0.0,0.0,5.486,0.4956,0.0,0.0,0.0,0.0,0.0,0.974,0.026,0.455,1.0,1446,3,Natural Fault,line_trip
0.0,249.647,144.033,1.0,6.0,0.0,0.0,0.0,6.0,0.0,0.0,5.486,0.4956,0.0,0.0,0.0,0.0,0.0,0.9811,0.0189,0.157,1.0,1446,4,Natural Fault,line_trip
0.0,249.152,144.058,1.0,6.0,0.0,0.0,0.0,6.0,0.0,0.0,5.486,0.4956,0.0,0.0,0.0,0.0,0.0,0.0,1.0,-0.009,3.0,1446,5,Natural Fault,line_trip
0.0,254.155,141.903,1.0,6.0,0.0,0.0,0.0,6.0,0.0,0.0,2.0684,0.1868,0.0,0.0,0.0,0.0,0.0,0.9819,0.0181,-0.865,1.0,1447,1,Natural Fault,line_trip
0.0,252.967,142.015,1.0,6.0,0.0,0.0,0.0,6.0,0.0,0.0,2.0684,0.1868,0.0,0.0,0.0,0.0,0.0,0.9821,0.0179,0.25,1.0,1447,2,Natural Fault,line_trip
0.0,252.363,142.014,1.0,6.0,0.0,0.0,0.0,6.0,0.0,0.0,2.0684,0.1868,0.0,0.0,0.0,0.0,0.0,0.9809,0.0191,0.443,1.0,1447,3,Natural Fault,line_trip
0.0,251.822,142.07,1.0,6.0,0.0,0.0,0.0,6.0,0.0,0.0,2.0684,0.1868,0.0,0.0,0.0,0.0,0.0,0.9774,0.0226,0.161,1.0,1447,4,Natural Fault,line_trip
0.0,251.378,142.048,1.0,6.0,0.0,0.0,0.0,6.0,0.0,0.0,2.0684,0.1868,0.0,0.0,0.0,0.0,0.0,0.0,1.0,-0.002,3.0,1447,5,Natural Fault,line_trip
0.0,190.632,100.281,1.0,6.0,0.0,0.0,0.0,6.0,0.0,0.0,3.6424,0.329,0.0,0.0,0.0,0.0,0.0,0.9786,0.0214,-0.825,1.0,1448,1,Natural Fault,line_trip
0.0,189.518,100.268,1.0,6.0,0.0,0.0,0.0,6.0,0.0,0.0,3.6424,0.329,0.0,0.0,0.0,0.0,0.0,0.9802,0.0198,0.244,1.0,1448,2,Natural Fault,line_trip
0.0,188.902,100.231,1.0,6.0,0.0,0.0,0.0,6.0,0.0,0.0,3.6424,0.329,0.0,0.0,0.0,0.0,0.0,0.98,0.02,0.426,1.0,1448,3,Natural Fault,line_trip
0.0,188.38,100.233,1.0,6.0,0.0,0.0,0.0,6.0,0.0,0.0,3.6424,0.329,0.0,0.0,0.0,0.0,0.0,0.9774,0.0226,0.155,1.0,1448,4,Natural Fault,line_trip
0.0,187.963,100.23,1.0,6.0,0.0,0.0,0.0,6.0,0.0,0.0,3.6424,0.329,0.0,0.0,0.0,0.0,0.0,0.0,1.0,-0.004,3.0,1448,5,Natural Fault,line_trip
0.0,142.078,30.841,1.0,6.0,0.0,0.0,0.0,6.0,0.0,0.0,5.0822,0.4591,0.0,0.0,0.0,0.0,0.0,0.9837,0.0163,-0.813,1.0,1449,1,Natural Fault,line_trip
0.0,140.887,30.8,1.0,6.0,0.0,0.0,0.0,6.0,0.0,0.0,5.0822,0.4591,0.0,0.0,0.0,0.0,0.0,0.9787,0.0213,0.242,1.0,1449,2,Natural Fault,line_trip
0.0,140.292,30.758,1.0,6.0,0.0,0.0,0.0,6.0,0.0,0.0,5.0822,0.4591,0.0,0.0,0.0,0.0,0.0,0.9821,0.0179,0.424,1.0,1449,3,Natural Fault,line_trip
0.0,139.797,30.769,1.0,6.0,0.0,0.0,0.0,6.0,0.0,0.0,5.0822,0.4591,0.0,0.0,0.0,0.0,0.0,0.9782,0.0218,0.155,1.0,1449,4,Natural Fault,line_trip
0.0,139.403,30.776,1.0,6.0,0.0,0.0,0.0,6.0,0.0,0.0,5.0822,0.4591,0.0,0.0,0.0,0.0,0.0,0.0,1.0,-0.001,3.0,1449,5,Natural Fault,line_trip
0.0,145.393,37.554,1.0,6.0,0.0,0.0,0.0,6.0,0.0,0.0,0.6859,0.062,0.0,0.0,0.0,0.0,0.0,0.9842,0.0158,-0.792,1.0,1450,1,Natural Fault,line_trip
0.0,144.233,37.524,1.0,6.0,0.0,0.0,0.0,6.0,0.0,0.0,0.6859,0.062,0.0,0.0,0.0,0.0,0.0,0.9842,0.0158,0.23,1.0,1450,2,Natural Fault,line_trip
0.0,143.702,37.415,1.0,6.0,0.0,0.0,0.0,6.0,0.0,0.0,0.6859,0.062,0.0,0.0,0.0,0.0,0.0,0.9812,0.0188,0.405,1.0,1450,3,Natural Fault,line_trip
0.0,143.19,37.175,1.0,6.0,0.0,0.0,0.0,6.0,0.0,0.0,0.6859,0.062,0.0,0.0,0.0,0.0,0.0,0.9818,0.0182,0.15,1.0,1450,4,Natural Fault,line_trip
0.0,142.687,36.937,1.0,6.0,0.0,0.0,0.0,6.0,0.0,0.0,0.6859,0.062,0.0,0.0,0.0,0.0,0.0,0.0,1.0,0.001,3.0,1450,5,Natural Fault,line_trip
0.0,151.283,37.399,1.0,6.0,0.0,0.0,0.0,6.0,0.0,0.0,0.9496,0.0858,0.0,0.0,0.0,0.0,0.0,0.9854,0.0146,-0.771,1.0,1451,1,Natural Fault,line_trip
0.0,150.048,37.383,1.0,6.0,0.0,0.0,0.0,6.0,0.0,0.0,0.9496,0.0858,0.0,0.0,0.0,0.0,0.0,0.9819,0.0181,0.223,1.0,1451,2,Natural Fault,line_trip
0.0,149.477,37.294,1.0,6.0,0.0,0.0,0.0,6.0,0.0,0.0,0.9496,0.0858,0.0,0.0,0.0,0.0,0.0,0.9787,0.0213,0.406,1.0,1451,3,Natural Fault,line_trip
0.0,148.948,37.076,1.0,6.0,0.0,0.0,0.0,6.0,0.0,0.0,0.9496,0.0858,0.0,0.0,0.0,0.0,0.0,0.9812,0.0188,0.152,1.0,1451,4,Natural Fault,line_trip
0.0,148.445,36.864,1.0,6.0,0.0,0.0,0.0,6.0,0.0,0.0,0.9496,0.0858,0.0,0.0,0.0,0.0,0.0,0.0,1.0,0.001,3.0,1451,5,Natural Fault,line_trip
0.0,227.173,126.203,1.0,6.0,0.0,0.0,0.0,6.0,0.0,0.0,1.5329,0.1385,0.0,0.0,0.0,0.0,0.0,0.9807,0.0193,-0.771,1.0,1452,1,Natural Fault,line_trip
0.0,225.867,126.158,1.0,6.0,0.0,0.0,0.0,6.0,0.0,0.0,1.5329,0.1385,0.0,0.0,0.0,0.0,0.0,0.9809,0.0191,0.226,1.0,1452,2,Natural Fault,line_trip
0.0,225.265,126.102,1.0,6.0,0.0,0.0,0.0,6.0,0.0,0.0,1.5329,0.1385,0.0,0.0,0.0,0.0,0.0,0.9805,0.0195,0.4,1.0,1452,3,Natural Fault,line_trip
0.0,224.65,125.971,1.0,6.0,0.0,0.0,0.0,6.0,0.0,0.0,1.5329,0.1385,0.0,0.0,0.0,0.0,0.0,0.9814,0.0186,0.138,1.0,1452,4,Natural Fault,line_trip
0.0,224.113,125.92,1.0,6.0,0.0,0.0,0.0,6.0,0.0,0.0,1.5329,0.1385,0.0,0.0,0.0,0.0,0.0,0.0,1.0,-0.004,3.0,1452,5,Natural Fault,line_trip
0.0,224.505,126.525,1.0,6.0,0.0,0.0,0.0,6.0,0.0,0.0,5.6835,0.5134,0.0,0.0,0.0,0.0,0.0,0.9797,0.0203,-0.763,1.0,1453,1,Natural Fault,line_trip
0.0,223.297,126.415,1.0,6.0,0.0,0.0,0.0,6.0,0.0,0.0,5.6835,0.5134,0.0,0.0,0.0,0.0,0.0,0.9813,0.0187,0.213,1.0,1453,2,Natural Fault,line_trip
0.0,222.69,126.393,1.0,6.0,0.0,0.0,0.0,6.0,0.0,0.0,5.6835,0.5134,0.0,0.0,0.0,0.0,0.0,0.9854,0.0146,0.397,1.0,1453,3,Natural Fault,line_trip
0.0,222.143,126.304,1.0,6.0,0.0,0.0,0.0,6.0,0.0,0.0,5.6835,0.5134,0.0,0.0,0.0,0.0,0.0,0.9803,0.0197,0.143,1.0,1453,4,Natural Fault,line_trip
0.0,221.527,126.41,1.0,6.0,0.0,0.0,0.0,6.0,0.0,0.0,5.6835,0.5134,0.0,0.0,0.0,0.0,0.0,0.0,1.0,0.004,3.0,1453,5,Natural Fault,line_trip
0.0,228.995,123.038,1.0,6.0,0.0,0.0,0.0,6.0,0.0,0.0,0.9043,0.0817,0.0,0.0,0.0,0.0,0.0,0.886,0.114,-4.172,1.0,1454,1,Natural Fault,short_circuit
0.0,227.748,122.954,1.0,6.0,0.0,0.0,0.0,6.0,0.0,0.0,0.9043,0.0817,0.0,0.0,0.0,0.0,0.0,0.8428,0.1572,3.635,1.0,1454,2,Natural Fault,short_circuit
0.0,227.052,123.0,1.0,6.0,0.0,0.0,0.0,6.0,0.0,0.0,0.9043,0.0817,0.0,0.0,0.0,0.0,0.0,0.8806,0.1194,0.398,1.0,1454,3,Natural Fault,short_circuit
0.0,226.363,123.014,1.0,6.0,0.0,0.0,0.0,6.0,0.0,0.0,0.9043,0.0817,0.0,0.0,0.0,0.0,0.0,0.8842,0.1158,0.143,1.0,1454,4,Natural Fault,short_circuit
0.0,225.673,123.18,1.0,6.0,0.0,0.0,0.0,6.0,0.0,0.0,0.9043,0.0817,0.0,0.0,0.0,0.0,0.0,0.8144,0.1856,3.27,1.0,1454,5,Natural Fault,short_circuit
0.0,249.888,113.398,1.0,6.0,0.0,0.0,0.0,6.0,0.0,0.0,1.7602,0.159,0.0,0.0,0.0,0.0,0.0,0.8841,0.1159,-4.182,1.0,1455,1,Natural Fault,short_circuit
0.0,248.628,113.297,1.0,6.0,0.0,0.0,0.0,6.0,0.0,0.0,1.7602,0.159,0.0,0.0,0.0,0.0,0.0,0.8444,0.1556,3.635,1.0,1455,2,Natural Fault,short_circuit
0.0,247.748,113.198,1.0,6.0,0.0,0.0,0.0,6.0,0.0,0.0,1.7602,0.159,0.0,0.0,0.0,0.0,0.0,0.8814,0.1186,0.396,1.0,1455,3,Natural Fault,short_circuit
0.0,246.928,113.182,1.0,6.0,0.0,0.0,0.0,6.0,0.0,0.0,1.7602,0.159,0.0,0.0,0.0,0.0,0.0,0.8867,0.1133,0.145,1.0,1455,4,Natural Fault,short_circuit
0.0,246.085,113.283,1.0,6.0,0.0,0.0,0.0,6.0,0.0,0.0,1.7602,0.159,0.0,0.0,0.0,0.0,0.0,0.8111,0.1889,3.274,1.0,1455,5,Natural Fault,short_circuit
0.0,226.403,121.358,1.0,6.0,0.0,0.0,0.0,6.0,0.0,0.0,1.7903,0.1617,0.0,0.0,0.0,0.0,0.0,0.8857,0.1143,-4.182,1.0,1456,1,Natural Fault,short_circuit
0.0,225.038,121.262,1.0,6.0,0.0,0.0,0.0,6.0,0.0,0.0,1.7903,0.1617,0.0,0.0,0.0,0.0,0.0,0.8422,0.1578,3.643,1.0,1456,2,Natural Fault,short_circuit
0.0,224.057,121.175,1.0,6.0,0.0,0.0,0.0,6.0,0.0,0.0,1.7903,0.1617,0.0,0.0,0.0,0.0,0.0,0.8792,0.1208,0.401,1.0,1456,3,Natural Fault,short_circuit
0.0,223.015,121.184,1.0,6.0,0.0,0.0,0.0,6.0,0.0,0.0,1.7903,0.1617,0.0,0.0,0.0,0.0,0.0,0.8829,0.1171,0.145,1.0,1456,4,Natural Fault,short_circuit
0.0,222.043,121.249,1.0,6.0,0.0,0.0,0.0,6.0,0.0,0.0,1.7903,0.1617,0.0,0.0,0.0,0.0,0.0,0.8079,0.1921,3.265,1.0,1456,5,Natural Fault,short_circuit
0.0,231.37,117.276,1.0,6.0,0.0,0.0,0.0,6.0,0.0,0.0,3.413,0.3083,0.0,0.0,0.0,0.0,0.0,0.984,0.016,-0.955,1.0,1457,1,Natural Fault,short_circuit
0.0,229.985,117.201,1.0,6.0,0.0,0.0,0.0,6.0,0.0,0.0,3.413,0.3083,0.0,0.0,0.0,0.0,0.0,0.9752,0.0248,0.395,1.0,1457,2,Natural Fault,short_circuit
0.0,229.028,117.1,1.0,6.0,0.0,0.0,0.0,6.0,0.0,0.0,3.413,0.3083,0.0,0.0,0.0,0.0,0.0,0.9763,0.0237,0.404,1.0,1457,3,Natural Fault,short_circuit
0.0,227.933,117.158,1.0,6.0,0.0,0.0,0.0,6.0,0.0,0.0,3.413,0.3083,0.0,0.0,0.0,0.0,0.0,0.9777,0.0223,0.147,1.0,1457,4,Natural Fault,short_circuit
0.0,227.027,117.156,1.0,6.0,0.0,0.0,0.0,6.0,0.0,0.0,3.413,0.3083,0.0,0.0,0.0,0.0,0.0,0.9708,0.0292,0.178,1.0,1457,5,Natural Fault,short_circuit
0.0,241.352,87.099,1.0,6.0,0.0,0.0,0.0,6.0,0.0,0.0,0.9902,0.0894,0.0,0.0,0.0,0.0,0.0,0.9793,0.0207,-0.956,1.0,1458,1,Natural Fault,short_circuit
0.0,240.023,87.088,1.0,6.0,0.0,0.0,0.0,6.0,0.0,0.0,0.9902,0.0894,0.0,0.0,0.0,0.0,0.0,0.9733,0.0267,0.409,1.0,1458,2,Natural Fault,short_circuit
0.0,239.225,87.111,1.0,6.0,0.0,0.0,0.0,6.0,0.0,0.0,0.9902,0.0894,0.0,0.0,0.0,0.0,0.0,0.9781,0.0219,0.408,1.0,1458,3,Natural Fault,short_circuit
0.0,238.255,87.212,1.0,6.0,0.0,0.0,0.0,6.0,0.0,0.0,0.9902,0.0894,0.0,0.0,0.0,0.0,0.0,0.9765,0.0235,0.15,1.0,1458,4,Natural Fault,short_circuit
0.0,237.485,87.342,1.0,6.0,0.0,0.0,0.0,6.0,0.0,0.0,0.9902,0.0894,0.0,0.0,0.0,0.0,0.0,0.9725,0.0275,0.18,1.0,1458,5,Natural Fault,short_circuit
0.0,207.33,88.592,1.0,6.0,0.0,0.0,0.0,6.0,0.0,0.0,1.9004,0.1717,0.0,0.0,0.0,0.0,0.0,0.9804,0.0196,-0.968,1.0,1459,1,Natural Fault,short_circuit
0.0,205.925,88.589,1.0,6.0,0.0,0.0,0.0,6.0,0.0,0.0,1.9004,0.1717,0.0,0.0,0.0,0.0,0.0,0.9715,0.0285,0.416,1.0,1459,2,Natural Fault,short_circuit
0.0,205.168,88.722,1.0,6.0,0.0,0.0,0.0,6.0,0.0,0.0,1.9004,0.1717,0.0,0.0,0.0,0.0,0.0,0.9737,0.0263,0.411,1.0,1459,3,Natural Fault,short_circuit
0.0,204.13,89.01,1.0,6.0,0.0,0.0,0.0,6.0,0.0,0.0,1.9004,0.1717,0.0,0.0,0.0,0.0,0.0,0.9777,0.0223,0.143,1.0,1459,4,Natural Fault,short_circuit
0.0,203.4,89.19,1.0,6.0,0.0,0.0,0.0,6.0,0.0,0.0,1.9004,0.1717,0.0,0.0,0.0,0.0,0.0,0.9729,0.0271,0.182,1.0,1459,5,Natural Fault,short_circuit
0.0,208.19,87.776,1.0,6.0,0.0,0.0,0.0,6.0,0.0,0.0,7.717,0.6971,0.0,0.0,0.0,0.0,0.0,0.9899,0.0101,-0.561,1.0,1460,1,Natural Fault,line_trip
0.0,206.782,87.777,1.0,6.0,0.0,0.0,0.0,6.0,0.0,0.0,7.717,0.6971,0.0,0.0,0.0,0.0,0.0,0.9806,0.0194,0.408,1.0,1460,2,Natural Fault,line_trip
0.0,206.095,87.843,1.0,6.0,0.0,0.0,0.0,6.0,0.0,0.0,7.717,0.6971,0.0,0.0,0.0,0.0,0.0,0.0,1.0,0.006,3.0,1460,3,Natural Fault,line_trip
0.0,205.12,88.078,1.0,6.0,0.0,0.0,0.0,6.0,0.0,0.0,7.717,0.6971,0.0,0.0,0.0,0.0,0.0,0.9841,0.0159,0.149,1.0,1460,4,Natural Fault,line_trip
0.0,204.448,88.206,1.0,6.0,0.0,0.0,0.0,6.0,0.0,0.0,7.717,0.6971,0.0,0.0,0.0,0.0,0.0,0.9836,0.0164,0.185,1.0,1460,5,Natural Fault,line_trip
0.0,181.563,73.136,1.0,6.0,0.0,0.0,0.0,6.0,0.0,0.0,3.2141,0.2903,0.0,0.0,0.0,0.0,0.0,0.9852,0.0148,-0.57,1.0,1461,1,Natural Fault,line_trip
0.0,180.168,73.205,1.0,6.0,0.0,0.0,0.0,6.0,0.0,0.0,3.2141,0.2903,0.0,0.0,0.0,0.0,0.0,0.9845,0.0155,0.414,1.0,1461,2,Natural Fault,line_trip
0.0,179.422,73.341,1.0,6.0,0.0,0.0,0.0,6.0,0.0,0.0,3.2141,0.2903,0.0,0.0,0.0,0.0,0.0,0.0,1.0,0.001,3.0,1461,3,Natural Fault,line_trip
0.0,178.595,73.546,1.0,6.0,0.0,0.0,0.0,6.0,0.0,0.0,3.2141,0.2903,0.0,0.0,0.0,0.0,0.0,0.9826,0.0174,0.152,1.0,1461,4,Natural Fault,line_trip
0.0,178.048,73.662,1.0,6.0,0.0,0.0,0.0,6.0,0.0,0.0,3.2141,0.2903,0.0,0.0,0.0,0.0,0.0,0.9823,0.0177,0.177,1.0,1461,5,Natural Fault,line_trip
0.0,159.297,39.231,1.0,6.0,0.0,0.0,0.0,6.0,0.0,0.0,4.2763,0.3863,0.0,0.0,0.0,0.0,0.0,0.9864,0.0136,-0.573,1.0,1462,1,Natural Fault,line_trip
0.0,157.865,39.125,1.0,6.0,0.0,0.0,0.0,6.0,0.0,0.0,4.2763,0.3863,0.0,0.0,0.0,0.0,0.0,0.9799,0.0201,0.425,1.0,1462,2,Natural Fault,line_trip
0.0,157.11,39.147,1.0,6.0,0.0,0.0,0.0,6.0,0.0,0.0,4.2763,0.3863,0.0,0.0,0.0,0.0,0.0,0.0,1.0,-0.004,3.0,1462,3,Natural Fault,line_trip
0.0,156.305,39.321,1.0,6.0,0.0,0.0,0.0,6.0,0.0,0.0,4.2763,0.3863,0.0,0.0,0.0,0.0,0.0,0.9855,0.0145,0.145,1.0,1462,4,Natural Fault,line_trip
0.0,155.755,39.384,1.0,6.0,0.0,0.0,0.0,6.0,0.0,0.0,4.2763,0.3863,0.0,0.0,0.0,0.0,0.0,0.9765,0.0235,0.181,1.0,1462,5,Natural Fault,line_trip
0.0,208.172,83.748,1.0,6.0,0.0,0.0,0.0,6.0,0.0,0.0,7.1349,0.6445,0.0,0.0,0.0,0.0,0.0,0.9863,0.0137,-0.578,1.0,1463,1,Natural Fault,line_trip
0.0,206.877,83.786,1.0,6.0,0.0,0.0,0.0,6.0,0.0,0.0,7.1349,0.6445,0.0,0.0,0.0,0.0,0.0,0.9832,0.0168,0.43,1.0,1463,2,Natural Fault,line_trip
0.0,206.217,83.839,1.0,6.0,0.0,0.0,0.0,6.0,0.0,0.0,7.1349,0.6445,0.0,0.0,0.0,0.0,0.0,0.0,1.0,0.004,3.0,1463,3,Natural Fault,line_trip
0.0,205.63,83.795,1.0,6.0,0.0,0.0,0.0,6.0,0.0,0.0,7.1349,0.6445,0.0,0.0,0.0,0.0,0.0,0.9877,0.0123,0.148,1.0,1463,4,Natural Fault,line_trip
0.0,205.177,83.806,1.0,6.0,0.0,0.0,0.0,6.0,0.0,0.0,7.1349,0.6445,0.0,0.0,0.0,0.0,0.0,0.9803,0.0197,0.191,1.0,1463,5,Natural Fault,line_trip
0.0,209.315,83.988,1.0,6.0,0.0,0.0,0.0,6.0,0.0,0.0,4.169,0.3766,0.0,0.0,0.0,0.0,0.0,0.9826,0.0174,-0.581,1.0,1464,1,Natural Fault,line_trip
0.0,208.037,83.995,1.0,6.0,0.0,0.0,0.0,6.0,0.0,0.0,4.169,0.3766,0.0,0.0,0.0,0.0,0.0,0.9841,0.0159,0.429,1.0,1464,2,Natural Fault,line_trip
0.0,207.433,84.051,1.0,6.0,0.0,0.0,0.0,6.0,0.0,0.0,4.169,0.3766,0.0,0.0,0.0,0.0,0.0,0.0,1.0,0.001,3.0,1464,3,Natural Fault,line_trip
0.0,206.872,84.026,1.0,6.0,0.0,0.0,0.0,6.0,0.0,0.0,4.169,0.3766,0.0,0.0,0.0,0.0,0.0,0.9852,0.0148,0.154,1.0,1464,4,Natural Fault,line_trip
0.0,206.39,84.09,1.0,6.0,0.0,0.0,0.0,6.0,0.0,0.0,4.169,0.3766,0.0,0.0,0.0,0.0,0.0,0.9824,0.0176,0.189,1.0,1464,5,Natural Fault,line_trip
0.0,216.603,77.604,1.0,6.0,0.0,0.0,0.0,6.0,0.0,0.0,2.4905,0.225,0.0,0.0,0.0,0.0,0.0,0.9875,0.0125,-0.583,1.0,1465,1,Natural Fault,line_trip
0.0,215.217,77.67,1.0,6.0,0.0,0.0,0.0,6.0,0.0,0.0,2.4905,0.225,0.0,0.0,0.0,0.0,0.0,0.9846,0.0154,0.433,1.0,1465,2,Natural Fault,line_trip
0.0,214.68,77.645,1.0,6.0,0.0,0.0,0.0,6.0,0.0,0.0,2.4905,0.225,0.0,0.0,0.0,0.0,0.0,0.0,1.0,0.0,3.0,1465,3,Natural Fault,line_trip
0.0,214.093,77.632,1.0,6.0,0.0,0.0,0.0,6.0,0.0,0.0,2.4905,0.225,0.0,0.0,0.0,0.0,0.0,0.9835,0.0165,0.154,1.0,1465,4,Natural Fault,line_trip
0.0,213.625,77.681,1.0,6.0,0.0,0.0,0.0,6.0,0.0,0.0,2.4905,0.225,0.0,0.0,0.0,0.0,0.0,0.981,0.019,0.189,1.0,1465,5,Natural Fault,line_trip
0.0,246.87,103.184,1.0,6.0,0.0,0.0,0.0,6.0,0.0,0.0,3.9211,0.3542,0.0,0.0,0.0,0.0,0.0,0.9882,0.0118,-0.594,1.0,1466,1,Natural Fault,line_trip
0.0,245.482,103.264,1.0,6.0,0.0,0.0,0.0,6.0,0.0,0.0,3.9211,0.3542,0.0,0.0,0.0,0.0,0.0,0.9789,0.0211,0.433,1.0,1466,2,Natural Fault,line_trip
0.0,244.953,103.277,1.0,6.0,0.0,0.0,0.0,6.0,0.0,0.0,3.9211,0.3542,0.0,0.0,0.0,0.0,0.0,0.0,1.0,0.002,3.0,1466,3,Natural Fault,line_trip
0.0,244.368,103.347,1.0,6.0,0.0,0.0,0.0,6.0,0.0,0.0,3.9211,0.3542,0.0,0.0,0.0,0.0,0.0,0.9863,0.0137,0.156,1.0,1466,4,Natural Fault,line_trip
0.0,243.89,103.404,1.0,6.0,0.0,0.0,0.0,6.0,0.0,0.0,3.9211,0.3542,0.0,0.0,0.0,0.0,0.0,0.9791,0.0209,0.189,1.0,1466,5,Natural Fault,line_trip
0.0,222.912,114.112,1.0,6.0,0.0,0.0,0.0,6.0,0.0,0.0,2.0061,0.1812,0.0,0.0,0.0,0.0,0.0,0.977,0.023,-1.027,1.0,1467,1,Normal,normal
0.0,221.555,114.097,1.0,6.0,0.0,0.0,0.0,6.0,0.0,0.0,2.0061,0.1812,0.0,0.0,0.0,0.0,0.0,0.9693,0.0307,0.442,1.0,1467,2,Normal,normal
0.0,220.98,114.139,1.0,6.0,0.0,0.0,0.0,6.0,0.0,0.0,2.0061,0.1812,0.0,0.0,0.0,0.0,0.0,0.9738,0.0262,0.432,1.0,1467,3,Normal,normal
0.0,220.387,114.237,1.0,6.0,0.0,0.0,0.0,6.0,0.0,0.0,2.0061,0.1812,0.0,0.0,0.0,0.0,0.0,0.9759,0.0241,0.16,1.0,1467,4,Normal,normal
0.0,219.89,114.341,1.0,6.0,0.0,0.0,0.0,6.0,0.0,0.0,2.0061,0.1812,0.0,0.0,0.0,0.0,0.0,0.9734,0.0266,0.184,1.0,1467,5,Normal,normal
0.0,232.105,107.813,1.0,6.0,0.0,0.0,0.0,6.0,0.0,0.0,1.5429,0.1394,0.0,0.0,0.0,0.0,0.0,0.9757,0.0243,-1.032,1.0,1468,1,Normal,normal
0.0,230.742,107.813,1.0,6.0,0.0,0.0,0.0,6.0,0.0,0.0,1.5429,0.1394,0.0,0.0,0.0,0.0,0.0,0.9731,0.0269,0.441,1.0,1468,2,Normal,normal
0.0,230.18,107.846,1.0,6.0,0.0,0.0,0.0,6.0,0.0,0.0,1.5429,0.1394,0.0,0.0,0.0,0.0,0.0,0.9753,0.0247,0.439,1.0,1468,3,Normal,normal
0.0,229.637,107.919,1.0,6.0,0.0,0.0,0.0,6.0,0.0,0.0,1.5429,0.1394,0.0,0.0,0.0,0.0,0.0,0.9729,0.0271,0.154,1.0,1468,4,Normal,normal
0.0,229.088,108.035,1.0,6.0,0.0,0.0,0.0,6.0,0.0,0.0,1.5429,0.1394,0.0,0.0,0.0,0.0,0.0,0.9686,0.0314,0.194,1.0,1468,5,Normal,normal
0.0,297.56,162.892,1.0,6.0,0.0,0.0,0.0,6.0,0.0,0.0,6.4728,0.5847,0.0,0.0,0.0,0.0,0.0,0.9732,0.0268,-1.04,1.0,1469,1,Normal,normal
0.0,296.23,162.812,1.0,6.0,0.0,0.0,0.0,6.0,0.0,0.0,6.4728,0.5847,0.0,0.0,0.0,0.0,0.0,0.974,0.026,0.436,1.0,1469,2,Normal,normal
0.0,295.67,162.834,1.0,6.0,0.0,0.0,0.0,6.0,0.0,0.0,6.4728,0.5847,0.0,0.0,0.0,0.0,0.0,0.969,0.031,0.444,1.0,1469,3,Normal,normal
0.0,295.178,162.89,1.0,6.0,0.0,0.0,0.0,6.0,0.0,0.0,6.4728,0.5847,0.0,0.0,0.0,0.0,0.0,0.9788,0.0212,0.157,1.0,1469,4,Normal,normal
0.0,294.605,162.954,1.0,6.0,0.0,0.0,0.0,6.0,0.0,0.0,6.4728,0.5847,0.0,0.0,0.0,0.0,0.0,0.9729,0.0271,0.199,1.0,1469,5,Normal,normal
0.0,285.305,165.229,1.0,6.0,0.0,0.0,0.0,6.0,0.0,0.0,3.6526,0.3299,0.0,0.0,0.0,0.0,0.0,0.9812,0.0188,-1.035,1.0,1470,1,Normal,normal
0.0,283.933,165.163,1.0,6.0,0.0,0.0,0.0,6.0,0.0,0.0,3.6526,0.3299,0.0,0.0,0.0,0.0,0.0,0.9716,0.0284,0.443,1.0,1470,2,Normal,normal
0.0,283.243,165.224,1.0,6.0,0.0,0.0,0.0,6.0,0.0,0.0,3.6526,0.3299,0.0,0.0,0.0,0.0,0.0,0.9754,0.0246,0.437,1.0,1470,3,Normal,normal
0.0,282.658,165.307,1.0,6.0,0.0,0.0,0.0,6.0,0.0,0.0,3.6526,0.3299,0.0,0.0,0.0,0.0,0.0,0.9788,0.0212,0.153,1.0,1470,4,Normal,normal
0.0,282.025,165.374,1.0,6.0,0.0,0.0,0.0,6.0,0.0,0.0,3.6526,0.3299,0.0,0.0,0.0,0.0,0.0,0.9688,0.0312,0.187,1.0,1470,5,Normal,normal
0.0,380.622,149.57,1.0,6.0,0.0,0.0,0.0,6.0,0.0,0.0,2.4249,0.219,0.0,0.0,0.0,0.0,0.0,0.9781,0.0219,-1.043,1.0,1471,1,Normal,normal
0.0,379.28,149.644,1.0,6.0,0.0,0.0,0.0,6.0,0.0,0.0,2.4249,0.219,0.0,0.0,0.0,0.0,0.0,0.969,0.031,0.444,1.0,1471,2,Normal,normal
0.0,378.507,149.677,1.0,6.0,0.0,0.0,0.0,6.0,0.0,0.0,2.4249,0.219,0.0,0.0,0.0,0.0,0.0,0.9707,0.0293,0.439,1.0,1471,3,Normal,normal
0.0,377.945,149.713,1.0,6.0,0.0,0.0,0.0,6.0,0.0,0.0,2.4249,0.219,0.0,0.0,0.0,0.0,0.0,0.9759,0.0241,0.161,1.0,1471,4,Normal,normal
0.0,377.272,149.769,1.0,6.0,0.0,0.0,0.0,6.0,0.0,0.0,2.4249,0.219,0.0,0.0,0.0,0.0,0.0,0.97,0.03,0.189,1.0,1471,5,Normal,normal
0.0,296.983,141.896,1.0,6.0,0.0,0.0,0.0,6.0,0.0,0.0,3.1507,0.2846,0.0,0.0,0.0,0.0,0.0,0.9775,0.0225,-1.054,1.0,1472,1,Normal,normal
0.0,295.675,141.749,1.0,6.0,0.0,0.0,0.0,6.0,0.0,0.0,3.1507,0.2846,0.0,0.0,0.0,0.0,0.0,0.9698,0.0302,0.447,1.0,1472,2,Normal,normal
0.0,294.885,141.642,1.0,6.0,0.0,0.0,0.0,6.0,0.0,0.0,3.1507,0.2846,0.0,0.0,0.0,0.0,0.0,0.9735,0.0265,0.443,1.0,1472,3,Normal,normal
0.0,294.298,141.607,1.0,6.0,0.0,0.0,0.0,6.0,0.0,0.0,3.1507,0.2846,0.0,0.0,0.0,0.0,0.0,0.9695,0.0305,0.16,1.0,1472,4,Normal,normal
0.0,293.698,141.543,1.0,6.0,0.0,0.0,0.0,6.0,0.0,0.0,3.1507,0.2846,0.0,0.0,0.0,0.0,0.0,0.9708,0.0292,0.201,1.0,1472,5,Normal,normal
0.0,249.207,148.794,1.0,6.0,0.0,0.0,0.0,6.0,0.0,0.0,4.5521,0.4112,0.0,0.0,0.0,0.0,0.0,0.9811,0.0189,-1.062,1.0,1473,1,Normal,normal
0.0,248.003,148.856,1.0,6.0,0.0,0.0,0.0,6.0,0.0,0.0,4.5521,0.4112,0.0,0.0,0.0,0.0,0.0,0.969,0.031,0.451,1.0,1473,2,Normal,normal
0.0,247.233,148.707,1.0,6.0,0.0,0.0,0.0,6.0,0.0,0.0,4.5521,0.4112,0.0,0.0,0.0,0.0,0.0,0.9736,0.0264,0.451,1.0,1473,3,Normal,normal
0.0,246.667,148.62,1.0,6.0,0.0,0.0,0.0,6.0,0.0,0.0,4.5521,0.4112,0.0,0.0,0.0,0.0,0.0,0.9716,0.0284,0.156,1.0,1473,4,Normal,normal
0.0,246.082,148.532,1.0,6.0,0.0,0.0,0.0,6.0,0.0,0.0,4.5521,0.4112,0.0,0.0,0.0,0.0,0.0,0.972,0.028,0.202,1.0,1473,5,Normal,normal
0.0,235.528,154.213,1.0,6.0,0.0,0.0,0.0,6.0,0.0,0.0,2.8648,0.2588,0.0,0.0,0.0,0.0,0.0,0.9775,0.0225,-1.078,1.0,1474,1,Normal,normal
0.0,234.413,154.25,1.0,6.0,0.0,0.0,0.0,6.0,0.0,0.0,2.8648,0.2588,0.0,0.0,0.0,0.0,0.0,0.967,0.033,0.456,1.0,1474,2,Normal,normal
0.0,233.723,154.095,1.0,6.0,0.0,0.0,0.0,6.0,0.0,0.0,2.8648,0.2588,0.0,0.0,0.0,0.0,0.0,0.974,0.026,0.454,1.0,1474,3,Normal,normal
0.0,233.22,154.007,1.0,6.0,0.0,0.0,0.0,6.0,0.0,0.0,2.8648,0.2588,0.0,0.0,0.0,0.0,0.0,0.9729,0.0271,0.165,1.0,1474,4,Normal,normal
0.0,232.665,153.911,1.0,6.0,0.0,0.0,0.0,6.0,0.0,0.0,2.8648,0.2588,0.0,0.0,0.0,0.0,0.0,0.9688,0.0312,0.196,1.0,1474,5,Normal,normal
0.0,195.302,95.308,1.0,6.0,0.0,0.0,0.0,6.0,0.0,0.0,4.88,0.4408,0.0,0.0,0.0,0.0,0.0,0.9714,0.0286,-1.088,1.0,1475,1,Normal,normal
0.0,194.152,95.375,1.0,6.0,0.0,0.0,0.0,6.0,0.0,0.0,4.88,0.4408,0.0,0.0,0.0,0.0,0.0,0.975,0.025,0.457,1.0,1475,2,Normal,normal
0.0,193.583,95.424,1.0,6.0,0.0,0.0,0.0,6.0,0.0,0.0,4.88,0.4408,0.0,0.0,0.0,0.0,0.0,0.9756,0.0244,0.467,1.0,1475,3,Normal,normal
0.0,193.098,95.362,1.0,6.0,0.0,0.0,0.0,6.0,0.0,0.0,4.88,0.4408,0.0,0.0,0.0,0.0,0.0,0.973,0.027,0.171,1.0,1475,4,Normal,normal
0.0,192.6,95.367,1.0,6.0,0.0,0.0,0.0,6.0,0.0,0.0,4.88,0.4408,0.0,0.0,0.0,0.0,0.0,0.97,0.03,0.203,1.0,1475,5,Normal,normal
0.0,198.217,94.654,1.0,6.0,0.0,0.0,0.0,6.0,0.0,0.0,1.3622,0.123,0.0,0.0,0.0,0.0,0.0,0.9745,0.0255,-1.113,1.0,1476,1,Normal,normal
0.0,197.017,94.759,1.0,6.0,0.0,0.0,0.0,6.0,0.0,0.0,1.3622,0.123,0.0,0.0,0.0,0.0,0.0,0.9728,0.0272,0.469,1.0,1476,2,Normal,normal
0.0,196.438,94.785,1.0,6.0,0.0,0.0,0.0,6.0,0.0,0.0,1.3622,0.123,0.0,0.0,0.0,0.0,0.0,0.9707,0.0293,0.473,1.0,1476,3,Normal,normal
0.0,195.913,94.74,1.0,6.0,0.0,0.0,0.0,6.0,0.0,0.0,1.3622,0.123,0.0,0.0,0.0,0.0,0.0,0.9755,0.0245,0.175,1.0,1476,4,Normal,normal
0.0,195.345,94.751,1.0,6.0,0.0,0.0,0.0,6.0,0.0,0.0,1.3622,0.123,0.0,0.0,0.0,0.0,0.0,0.9683,0.0317,0.21,1.0,1476,5,Normal,normal
0.0,199.045,93.887,1.0,6.0,0.0,0.0,0.0,6.0,0.0,0.0,1.7828,0.161,0.0,0.0,0.0,0.0,0.0,0.9759,0.0241,-1.132,1.0,1477,1,Normal,normal
0.0,197.795,94.034,1.0,6.0,0.0,0.0,0.0,6.0,0.0,0.0,1.7828,0.161,0.0,0.0,0.0,0.0,0.0,0.9678,0.0322,0.48,1.0,1477,2,Normal,normal
0.0,197.138,94.132,1.0,6.0,0.0,0.0,0.0,6.0,0.0,0.0,1.7828,0.161,0.0,0.0,0.0,0.0,0.0,0.9728,0.0272,0.483,1.0,1477,3,Normal,normal
0.0,196.553,94.143,1.0,6.0,0.0,0.0,0.0,6.0,0.0,0.0,1.7828,0.161,0.0,0.0,0.0,0.0,0.0,0.9699,0.0301,0.174,1.0,1477,4,Normal,normal
0.0,195.925,94.21,1.0,6.0,0.0,0.0,0.0,6.0,0.0,0.0,1.7828,0.161,0.0,0.0,0.0,0.0,0.0,0.9682,0.0318,0.207,1.0,1477,5,Normal,normal
0.0,211.13,90.274,1.0,6.0,0.0,0.0,0.0,6.0,0.0,0.0,4.1585,0.3756,0.0,0.0,0.0,0.0,0.0,0.9705,0.0295,-1.161,1.0,1478,1,Normal,normal
0.0,209.802,90.456,1.0,6.0,0.0,0.0,0.0,6.0,0.0,0.0,4.1585,0.3756,0.0,0.0,0.0,0.0,0.0,0.9716,0.0284,0.493,1.0,1478,2,Normal,normal
0.0,209.16,90.55,1.0,6.0,0.0,0.0,0.0,6.0,0.0,0.0,4.1585,0.3756,0.0,0.0,0.0,0.0,0.0,0.9657,0.0343,0.498,1.0,1478,3,Normal,normal
0.0,208.575,90.562,1.0,6.0,0.0,0.0,0.0,6.0,0.0,0.0,4.1585,0.3756,0.0,0.0,0.0,0.0,0.0,0.9709,0.0291,0.174,1.0,1478,4,Normal,normal
0.0,207.913,90.649,1.0,6.0,0.0,0.0,0.0,6.0,0.0,0.0,4.1585,0.3756,0.0,0.0,0.0,0.0,0.0,0.9652,0.0348,0.215,1.0,1478,5,Normal,normal
0.0,276.807,178.464,1.0,6.0,0.0,0.0,0.0,6.0,0.0,0.0,1.0677,0.0964,0.0,0.0,0.0,0.0,0.0,0.9728,0.0272,-1.202,1.0,1479,1,Normal,normal
0.0,275.362,178.515,1.0,6.0,0.0,0.0,0.0,6.0,0.0,0.0,1.0677,0.0964,0.0,0.0,0.0,0.0,0.0,0.9665,0.0335,0.515,1.0,1479,2,Normal,normal
0.0,274.632,178.523,1.0,6.0,0.0,0.0,0.0,6.0,0.0,0.0,1.0677,0.0964,0.0,0.0,0.0,0.0,0.0,0.9684,0.0316,0.509,1.0,1479,3,Normal,normal
0.0,274.025,178.561,1.0,6.0,0.0,0.0,0.0,6.0,0.0,0.0,1.0677,0.0964,0.0,0.0,0.0,0.0,0.0,0.9731,0.0269,0.181,1.0,1479,4,Normal,normal
0.0,273.313,178.627,1.0,6.0,0.0,0.0,0.0,6.0,0.0,0.0,1.0677,0.0964,0.0,0.0,0.0,0.0,0.0,0.9664,0.0336,0.22,1.0,1479,5,Normal,normal
0.0,381.728,169.192,1.0,6.0,0.0,0.0,0.0,6.0,0.0,0.0,1.321,0.1193,0.0,0.0,0.0,0.0,0.0,0.9754,0.0246,-1.214,1.0,1480,1,Normal,normal
0.0,380.08,169.325,1.0,6.0,0.0,0.0,0.0,6.0,0.0,0.0,1.321,0.1193,0.0,0.0,0.0,0.0,0.0,0.9663,0.0337,0.518,1.0,1480,2,Normal,normal
0.0,379.153,169.327,1.0,6.0,0.0,0.0,0.0,6.0,0.0,0.0,1.321,0.1193,0.0,0.0,0.0,0.0,0.0,0.9677,0.0323,0.515,1.0,1480,3,Normal,normal
0.0,378.352,169.297,1.0,6.0,0.0,0.0,0.0,6.0,0.0,0.0,1.321,0.1193,0.0,0.0,0.0,0.0,0.0,0.9705,0.0295,0.186,1.0,1480,4,Normal,normal
0.0,377.473,169.17,1.0,6.0,0.0,0.0,0.0,6.0,0.0,0.0,1.321,0.1193,0.0,0.0,0.0,0.0,0.0,0.9671,0.0329,0.227,1.0,1480,5,Normal,normal
0.0,381.74,168.149,1.0,6.0,0.0,0.0,0.0,6.0,0.0,0.0,1.8354,0.1658,0.0,0.0,0.0,0.0,0.0,0.9732,0.0268,-1.271,1.0,1481,1,Normal,normal
0.0,380.162,168.175,1.0,6.0,0.0,0.0,0.0,6.0,0.0,0.0,1.8354,0.1658,0.0,0.0,0.0,0.0,0.0,0.9665,0.0335,0.539,1.0,1481,2,Normal,normal
0.0,379.155,168.288,1.0,6.0,0.0,0.0,0.0,6.0,0.0,0.0,1.8354,0.1658,0.0,0.0,0.0,0.0,0.0,0.9665,0.0335,0.541,1.0,1481,3,Normal,normal
0.0,378.427,168.157,1.0,6.0,0.0,0.0,0.0,6.0,0.0,0.0,1.8354,0.1658,0.0,0.0,0.0,0.0,0.0,0.9716,0.0284,0.188,1.0,1481,4,Normal,normal
0.0,377.568,168.019,1.0,6.0,0.0,0.0,0.0,6.0,0.0,0.0,1.8354,0.1658,0.0,0.0,0.0,0.0,0.0,0.9618,0.0382,0.232,1.0,1481,5,Normal,normal
0.0,340.223,175.367,1.0,6.0,0.0,0.0,0.0,6.0,0.0,0.0,2.3809,0.2151,0.0,0.0,0.0,0.0,0.0,0.9722,0.0278,-1.321,1.0,1482,1,Normal,normal
0.0,338.76,175.357,1.0,6.0,0.0,0.0,0.0,6.0,0.0,0.0,2.3809,0.2151,0.0,0.0,0.0,0.0,0.0,0.9629,0.0371,0.556,1.0,1482,2,Normal,normal
0.0,337.788,175.412,1.0,6.0,0.0,0.0,0.0,6.0,0.0,0.0,2.3809,0.2151,0.0,0.0,0.0,0.0,0.0,0.9659,0.0341,0.558,1.0,1482,3,Normal,normal
0.0,337.085,175.289,1.0,6.0,0.0,0.0,0.0,6.0,0.0,0.0,2.3809,0.2151,0.0,0.0,0.0,0.0,0.0,0.9659,0.0341,0.206,1.0,1482,4,Normal,normal
0.0,336.11,175.16,1.0,6.0,0.0,0.0,0.0,6.0,0.0,0.0,2.3809,0.2151,0.0,0.0,0.0,0.0,0.0,0.966,0.034,0.244,1.0,1482,5,Normal,normal
0.0,275.523,114.524,1.0,6.0,0.0,0.0,0.0,6.0,0.0,0.0,1.6372,0.1479,0.0,0.0,0.0,0.0,0.0,0.9677,0.0323,-1.338,1.0,1483,1,Normal,normal
0.0,274.152,114.52,1.0,6.0,0.0,0.0,0.0,6.0,0.0,0.0,1.6372,0.1479,0.0,0.0,0.0,0.0,0.0,0.965,0.035,0.569,1.0,1483,2,Normal,normal
0.0,273.242,114.581,1.0,6.0,0.0,0.0,0.0,6.0,0.0,0.0,1.6372,0.1479,0.0,0.0,0.0,0.0,0.0,0.967,0.033,0.568,1.0,1483,3,Normal,normal
0.0,272.655,114.477,1.0,6.0,0.0,0.0,0.0,6.0,0.0,0.0,1.6372,0.1479,0.0,0.0,0.0,0.0,0.0,0.9683,0.0317,0.197,1.0,1483,4,Normal,normal
0.0,271.943,114.595,1.0,6.0,0.0,0.0,0.0,6.0,0.0,0.0,1.6372,0.1479,0.0,0.0,0.0,0.0,0.0,0.9597,0.0403,0.249,1.0,1483,5,Normal,normal
0.0,233.51,115.57,1.0,6.0,0.0,0.0,0.0,6.0,0.0,0.0,0.8087,0.073,0.0,0.0,0.0,0.0,0.0,0.967,0.033,-1.391,1.0,1484,1,Normal,normal
0.0,232.297,115.611,1.0,6.0,0.0,0.0,0.0,6.0,0.0,0.0,0.8087,0.073,0.0,0.0,0.0,0.0,0.0,0.9631,0.0369,0.586,1.0,1484,2,Normal,normal
0.0,231.445,115.667,1.0,6.0,0.0,0.0,0.0,6.0,0.0,0.0,0.8087,0.073,0.0,0.0,0.0,0.0,0.0,0.9639,0.0361,0.593,1.0,1484,3,Normal,normal
0.0,230.85,115.67,1.0,6.0,0.0,0.0,0.0,6.0,0.0,0.0,0.8087,0.073,0.0,0.0,0.0,0.0,0.0,0.9652,0.0348,0.212,1.0,1484,4,Normal,normal
0.0,230.047,115.846,1.0,6.0,0.0,0.0,0.0,6.0,0.0,0.0,0.8087,0.073,0.0,0.0,0.0,0.0,0.0,0.9622,0.0378,0.256,1.0,1484,5,Normal,normal
0.0,242.645,108.635,1.0,6.0,0.0,0.0,0.0,6.0,0.0,0.0,3.0016,0.2711,0.0,0.0,0.0,0.0,0.0,0.9674,0.0326,-1.435,1.0,1485,1,Normal,normal
0.0,241.315,108.718,1.0,6.0,0.0,0.0,0.0,6.0,0.0,0.0,3.0016,0.2711,0.0,0.0,0.0,0.0,0.0,0.9582,0.0418,0.606,1.0,1485,2,Normal,normal
0.0,240.573,108.663,1.0,6.0,0.0,0.0,0.0,6.0,0.0,0.0,3.0016,0.2711,0.0,0.0,0.0,0.0,0.0,0.9653,0.0347,0.605,1.0,1485,3,Normal,normal
0.0,239.968,108.684,1.0,6.0,0.0,0.0,0.0,6.0,0.0,0.0,3.0016,0.2711,0.0,0.0,0.0,0.0,0.0,0.9655,0.0345,0.211,1.0,1485,4,Normal,normal
0.0,239.267,108.798,1.0,6.0,0.0,0.0,0.0,6.0,0.0,0.0,3.0016,0.2711,0.0,0.0,0.0,0.0,0.0,0.9558,0.0442,0.268,1.0,1485,5,Normal,normal
0.0,286.125,137.814,1.0,6.0,0.0,0.0,0.0,6.0,0.0,0.0,0.4554,0.0411,0.0,0.0,0.0,0.0,0.0,0.9695,0.0305,-1.454,1.0,1486,1,Normal,normal
0.0,284.75,137.875,1.0,6.0,0.0,0.0,0.0,6.0,0.0,0.0,0.4554,0.0411,0.0,0.0,0.0,0.0,0.0,0.9633,0.0367,0.613,1.0,1486,2,Normal,normal
0.0,283.963,137.791,1.0,6.0,0.0,0.0,0.0,6.0,0.0,0.0,0.4554,0.0411,0.0,0.0,0.0,0.0,0.0,0.9636,0.0364,0.614,1.0,1486,3,Normal,normal
0.0,283.307,137.719,1.0,6.0,0.0,0.0,0.0,6.0,0.0,0.0,0.4554,0.0411,0.0,0.0,0.0,0.0,0.0,0.9668,0.0332,0.223,1.0,1486,4,Normal,normal
0.0,282.667,137.704,1.0,6.0,0.0,0.0,0.0,6.0,0.0,0.0,0.4554,0.0411,0.0,0.0,0.0,0.0,0.0,0.9592,0.0408,0.274,1.0,1486,5,Normal,normal
0.0,255.425,153.451,1.0,6.0,0.0,0.0,0.0,6.0,0.0,0.0,3.5499,0.3207,0.0,0.0,0.0,0.0,0.0,0.9623,0.0377,-1.49,1.0,1487,1,Normal,normal
0.0,254.027,153.488,1.0,6.0,0.0,0.0,0.0,6.0,0.0,0.0,3.5499,0.3207,0.0,0.0,0.0,0.0,0.0,0.959,0.041,0.638,1.0,1487,2,Normal,normal
0.0,253.352,153.339,1.0,6.0,0.0,0.0,0.0,6.0,0.0,0.0,3.5499,0.3207,0.0,0.0,0.0,0.0,0.0,0.9613,0.0387,0.634,1.0,1487,3,Normal,normal
0.0,252.762,153.207,1.0,6.0,0.0,0.0,0.0,6.0,0.0,0.0,3.5499,0.3207,0.0,0.0,0.0,0.0,0.0,0.9635,0.0365,0.229,1.0,1487,4,Normal,normal
0.0,252.127,153.136,1.0,6.0,0.0,0.0,0.0,6.0,0.0,0.0,3.5499,0.3207,0.0,0.0,0.0,0.0,0.0,0.9614,0.0386,0.271,1.0,1487,5,Normal,normal
0.0,254.3,154.476,1.0,6.0,0.0,0.0,0.0,6.0,0.0,0.0,1.4425,0.1303,0.0,0.0,0.0,0.0,0.0,0.9662,0.0338,-1.506,1.0,1488,1,Normal,normal
0.0,252.925,154.488,1.0,6.0,0.0,0.0,0.0,6.0,0.0,0.0,1.4425,0.1303,0.0,0.0,0.0,0.0,0.0,0.9604,0.0396,0.637,1.0,1488,2,Normal,normal
0.0,252.242,154.347,1.0,6.0,0.0,0.0,0.0,6.0,0.0,0.0,1.4425,0.1303,0.0,0.0,0.0,0.0,0.0,0.9583,0.0417,0.637,1.0,1488,3,Normal,normal
0.0,251.675,154.192,1.0,6.0,0.0,0.0,0.0,6.0,0.0,0.0,1.4425,0.1303,0.0,0.0,0.0,0.0,0.0,0.9641,0.0359,0.231,1.0,1488,4,Normal,normal
0.0,251.135,154.036,1.0,6.0,0.0,0.0,0.0,6.0,0.0,0.0,1.4425,0.1303,0.0,0.0,0.0,0.0,0.0,0.9559,0.0441,0.278,1.0,1488,5,Normal,normal
0.0,190.157,105.399,1.0,6.0,0.0,0.0,0.0,6.0,0.0,0.0,3.3586,0.3034,0.0,0.0,0.0,0.0,0.0,0.9655,0.0345,-1.539,1.0,1489,1,Normal,normal
0.0,188.938,105.365,1.0,6.0,0.0,0.0,0.0,6.0,0.0,0.0,3.3586,0.3034,0.0,0.0,0.0,0.0,0.0,0.9566,0.0434,0.65,1.0,1489,2,Normal,normal
0.0,188.333,105.219,1.0,6.0,0.0,0.0,0.0,6.0,0.0,0.0,3.3586,0.3034,0.0,0.0,0.0,0.0,0.0,0.9654,0.0346,0.648,1.0,1489,3,Normal,normal
0.0,187.765,105.079,1.0,6.0,0.0,0.0,0.0,6.0,0.0,0.0,3.3586,0.3034,0.0,0.0,0.0,0.0,0.0,0.9609,0.0391,0.243,1.0,1489,4,Normal,normal
0.0,187.05,105.202,1.0,6.0,0.0,0.0,0.0,6.0,0.0,0.0,3.3586,0.3034,0.0,0.0,0.0,0.0,0.0,0.9579,0.0421,0.283,1.0,1489,5,Normal,normal
0.0,150.03,35.187,1.0,6.0,0.0,0.0,0.0,6.0,0.0,0.0,1.6594,0.1499,0.0,0.0,0.0,0.0,0.0,0.9669,0.0331,-1.558,1.0,1490,1,Normal,normal
0.0,148.798,34.997,1.0,6.0,0.0,0.0,0.0,6.0,0.0,0.0,1.6594,0.1499,0.0,0.0,0.0,0.0,0.0,0.9554,0.0446,0.659,1.0,1490,2,Normal,normal
0.0,148.203,34.881,1.0,6.0,0.0,0.0,0.0,6.0,0.0,0.0,1.6594,0.1499,0.0,0.0,0.0,0.0,0.0,0.9607,0.0393,0.662,1.0,1490,3,Normal,normal
0.0,147.657,34.657,1.0,6.0,0.0,0.0,0.0,6.0,0.0,0.0,1.6594,0.1499,0.0,0.0,0.0,0.0,0.0,0.9619,0.0381,0.231,1.0,1490,4,Normal,normal
0.0,146.933,34.705,1.0,6.0,0.0,0.0,0.0,6.0,0.0,0.0,1.6594,0.1499,0.0,0.0,0.0,0.0,0.0,0.9542,0.0458,0.288,1.0,1490,5,Normal,normal
0.0,212.818,108.301,1.0,6.0,0.0,0.0,0.0,6.0,0.0,0.0,2.1174,0.1913,0.0,0.0,0.0,0.0,0.0,0.964,0.036,-1.549,1.0,1491,1,Normal,normal
0.0,211.485,108.14,1.0,6.0,0.0,0.0,0.0,6.0,0.0,0.0,2.1174,0.1913,0.0,0.0,0.0,0.0,0.0,0.9607,0.0393,0.668,1.0,1491,2,Normal,normal
0.0,210.728,108.042,1.0,6.0,0.0,0.0,0.0,6.0,0.0,0.0,2.1174,0.1913,0.0,0.0,0.0,0.0,0.0,0.9597,0.0403,0.659,1.0,1491,3,Normal,normal
0.0,210.078,107.943,1.0,6.0,0.0,0.0,0.0,6.0,0.0,0.0,2.1174,0.1913,0.0,0.0,0.0,0.0,0.0,0.9612,0.0388,0.233,1.0,1491,4,Normal,normal
0.0,209.172,108.074,1.0,6.0,0.0,0.0,0.0,6.0,0.0,0.0,2.1174,0.1913,0.0,0.0,0.0,0.0,0.0,0.9524,0.0476,0.29,1.0,1491,5,Normal,normal
0.0,217.65,105.824,1.0,6.0,0.0,0.0,0.0,6.0,0.0,0.0,2.2913,0.207,0.0,0.0,0.0,0.0,0.0,0.9623,0.0377,-1.561,1.0,1492,1,Normal,normal
0.0,216.373,105.677,1.0,6.0,0.0,0.0,0.0,6.0,0.0,0.0,2.2913,0.207,0.0,0.0,0.0,0.0,0.0,0.9551,0.0449,0.665,1.0,1492,2,Normal,normal
0.0,215.688,105.57,1.0,6.0,0.0,0.0,0.0,6.0,0.0,0.0,2.2913,0.207,0.0,0.0,0.0,0.0,0.0,0.955,0.045,0.663,1.0,1492,3,Normal,normal
0.0,215.047,105.5,1.0,6.0,0.0,0.0,0.0,6.0,0.0,0.0,2.2913,0.207,0.0,0.0,0.0,0.0,0.0,0.9613,0.0387,0.24,1.0,1492,4,Normal,normal
0.0,214.142,105.66,1.0,6.0,0.0,0.0,0.0,6.0,0.0,0.0,2.2913,0.207,0.0,0.0,0.0,0.0,0.0,0.9547,0.0453,0.3,1.0,1492,5,Normal,normal
0.0,218.072,105.432,1.0,6.0,0.0,0.0,0.0,6.0,0.0,0.0,2.7354,0.2471,0.0,0.0,0.0,0.0,0.0,0.9651,0.0349,-1.555,1.0,1493,1,Normal,normal
0.0,216.667,105.404,1.0,6.0,0.0,0.0,0.0,6.0,0.0,0.0,2.7354,0.2471,0.0,0.0,0.0,0.0,0.0,0.9599,0.0401,0.659,1.0,1493,2,Normal,normal
0.0,215.902,105.372,1.0,6.0,0.0,0.0,0.0,6.0,0.0,0.0,2.7354,0.2471,0.0,0.0,0.0,0.0,0.0,0.9657,0.0343,0.66,1.0,1493,3,Normal,normal
0.0,215.273,105.29,1.0,6.0,0.0,0.0,0.0,6.0,0.0,0.0,2.7354,0.2471,0.0,0.0,0.0,0.0,0.0,0.9619,0.0381,0.235,1.0,1493,4,Normal,normal
0.0,214.592,105.242,1.0,6.0,0.0,0.0,0.0,6.0,0.0,0.0,2.7354,0.2471,0.0,0.0,0.0,0.0,0.0,0.9555,0.0445,0.288,1.0,1493,5,Normal,normal
0.0,224.255,82.613,1.0,6.0,0.0,0.0,0.0,6.0,0.0,0.0,1.0315,0.0932,0.0,0.0,0.0,0.0,0.0,0.964,0.036,-1.54,1.0,1494,1,Normal,normal
0.0,222.928,82.706,1.0,6.0,0.0,0.0,0.0,6.0,0.0,0.0,1.0315,0.0932,0.0,0.0,0.0,0.0,0.0,0.9603,0.0397,0.651,1.0,1494,2,Normal,normal
0.0,222.208,82.689,1.0,6.0,0.0,0.0,0.0,6.0,0.0,0.0,1.0315,0.0932,0.0,0.0,0.0,0.0,0.0,0.9596,0.0404,0.654,1.0,1494,3,Normal,normal
0.0,221.58,82.565,1.0,6.0,0.0,0.0,0.0,6.0,0.0,0.0,1.0315,0.0932,0.0,0.0,0.0,0.0,0.0,0.9606,0.0394,0.237,1.0,1494,4,Normal,normal
0.0,220.743,82.34,1.0,6.0,0.0,0.0,0.0,6.0,0.0,0.0,1.0315,0.0932,0.0,0.0,0.0,0.0,0.0,0.9575,0.0425,0.283,1.0,1494,5,Normal,normal
0.0,244.5,101.054,1.0,5.0,0.0,0.0,0.0,5.0,0.0,0.0,0.6831,0.0617,0.0,0.0,0.0,0.0,0.0,0.9648,0.0352,-1.505,1.0,1495,1,Normal,normal
1.0,206.894,103.147,2.0,6.0,1.0,0.0,0.0,7.0,0.0,0.0,0.6831,0.0617,0.0,0.0,0.0,0.0,0.0,0.9592,0.0408,0.644,1.0,1495,2,Cyber Intrusion,command_injection
0.0,222.752,102.381,1.0,6.0,0.0,0.0,0.0,6.0,0.0,0.0,0.6831,0.0617,0.0,0.0,0.0,0.0,0.0,0.9634,0.0366,0.643,1.0,1495,3,Normal,normal
0.0,222.2,102.219,1.0,6.0,0.0,0.0,0.0,6.0,0.0,0.0,0.6831,0.0617,0.0,0.0,0.0,0.0,0.0,0.9638,0.0362,0.233,1.0,1495,4,Normal,normal
0.0,221.512,102.0,1.0,6.0,0.0,0.0,0.0,6.0,0.0,0.0,0.6831,0.0617,0.0,0.0,0.0,0.0,0.0,0.9576,0.0424,0.286,1.0,1495,5,Normal,normal
0.0,243.1,102.788,1.0,5.0,0.0,0.0,0.0,5.0,0.0,0.0,0.8448,0.0763,0.0,0.0,0.0,0.0,0.0,0.9656,0.0344,-1.496,1.0,1496,1,Normal,normal
1.0,205.274,104.511,2.0,6.0,1.0,0.0,0.0,7.0,0.0,0.0,0.8448,0.0763,0.0,0.0,0.0,0.0,0.0,0.9612,0.0388,0.631,1.0,1496,2,Cyber Intrusion,command_injection
0.0,220.805,104.337,1.0,6.0,0.0,0.0,0.0,6.0,0.0,0.0,0.8448,0.0763,0.0,0.0,0.0,0.0,0.0,0.9624,0.0376,0.639,1.0,1496,3,Normal,normal
0.0,220.208,104.221,1.0,6.0,0.0,0.0,0.0,6.0,0.0,0.0,0.8448,0.0763,0.0,0.0,0.0,0.0,0.0,0.9624,0.0376,0.222,1.0,1496,4,Normal,normal
0.0,219.498,104.023,1.0,6.0,0.0,0.0,0.0,6.0,0.0,0.0,0.8448,0.0763,0.0,0.0,0.0,0.0,0.0,0.9598,0.0402,0.279,1.0,1496,5,Normal,normal
0.0,177.328,83.886,1.0,5.0,0.0,0.0,0.0,5.0,0.0,0.0,0.931,0.0841,0.0,0.0,0.0,0.0,0.0,0.9654,0.0346,-1.455,1.0,1497,1,Normal,normal
1.0,183.69,87.844,2.0,6.0,1.0,0.0,0.0,7.0,0.0,0.0,0.931,0.0841,0.0,0.0,0.0,0.0,0.0,0.9619,0.0381,0.615,1.0,1497,2,Cyber Intrusion,command_injection
0.0,195.587,88.691,1.0,6.0,0.0,0.0,0.0,6.0,0.0,0.0,0.931,0.0841,0.0,0.0,0.0,0.0,0.0,0.9611,0.0389,0.623,1.0,1497,3,Normal,normal
0.0,194.928,88.625,1.0,6.0,0.0,0.0,0.0,6.0,0.0,0.0,0.931,0.0841,0.0,0.0,0.0,0.0,0.0,0.9624,0.0376,0.225,1.0,1497,4,Normal,normal
0.0,194.225,88.406,1.0,6.0,0.0,0.0,0.0,6.0,0.0,0.0,0.931,0.0841,0.0,0.0,0.0,0.0,0.0,0.9578,0.0422,0.275,1.0,1497,5,Normal,normal
0.0,168.615,79.017,1.0,6.0,0.0,0.0,0.0,6.0,0.0,0.0,3.7979,0.3431,0.0,0.0,0.0,0.0,0.0,0.9693,0.0307,-1.437,1.0,1498,1,Normal,normal
0.0,167.518,78.976,1.0,6.0,0.0,0.0,0.0,6.0,0.0,0.0,3.7979,0.3431,0.0,0.0,0.0,0.0,0.0,0.9581,0.0419,0.606,1.0,1498,2,Cyber Intrusion,command_injection
0.0,166.77,78.845,1.0,6.0,0.0,0.0,0.0,6.0,0.0,0.0,3.7979,0.3431,0.0,0.0,0.0,0.0,0.0,0.9626,0.0374,0.607,1.0,1498,3,Normal,normal
0.0,166.107,78.697,1.0,6.0,0.0,0.0,0.0,6.0,0.0,0.0,3.7979,0.3431,0.0,0.0,0.0,0.0,0.0,0.9641,0.0359,0.218,1.0,1498,4,Normal,normal
0.0,165.535,78.542,1.0,6.0,0.0,0.0,0.0,6.0,0.0,0.0,3.7979,0.3431,0.0,0.0,0.0,0.0,0.0,0.9637,0.0363,0.261,1.0,1498,5,Normal,normal
0.0,139.757,29.881,1.0,6.0,0.0,0.0,0.0,6.0,0.0,0.0,1.5095,0.1364,0.0,0.0,0.0,0.0,0.0,0.9658,0.0342,-1.387,1.0,1499,1,Normal,normal
0.0,138.627,29.773,1.0,6.0,0.0,0.0,0.0,6.0,0.0,0.0,1.5095,0.1364,0.0,0.0,0.0,0.0,0.0,0.9628,0.0372,0.591,1.0,1499,2,Cyber Intrusion,command_injection
0.0,137.96,29.751,1.0,6.0,0.0,0.0,0.0,6.0,0.0,0.0,1.5095,0.1364,0.0,0.0,0.0,0.0,0.0,0.9619,0.0381,0.586,1.0,1499,3,Normal,normal
0.0,137.392,29.698,1.0,6.0,0.0,0.0,0.0,6.0,0.0,0.0,1.5095,0.1364,0.0,0.0,0.0,0.0,0.0,0.9666,0.0334,0.209,1.0,1499,4,Normal,normal
0.0,136.902,29.728,1.0,6.0,0.0,0.0,0.0,6.0,0.0,0.0,1.5095,0.1364,0.0,0.0,0.0,0.0,0.0,0.9597,0.0403,0.252,1.0,1499,5,Normal,normal
0.0,185.532,94.958,1.0,6.0,0.0,0.0,0.0,6.0,0.0,0.0,1.9708,0.178,0.0,0.0,0.0,0.0,0.0,0.9703,0.0297,-1.359,1.0,1500,1,Normal,normal
0.0,184.41,94.966,1.0,6.0,0.0,0.0,0.0,6.0,0.0,0.0,1.9708,0.178,0.0,0.0,0.0,0.0,0.0,0.9625,0.0375,0.57,1.0,1500,2,Cyber Intrusion,command_injection
0.0,183.838,95.07,1.0,6.0,0.0,0.0,0.0,6.0,0.0,0.0,1.9708,0.178,0.0,0.0,0.0,0.0,0.0,0.9695,0.0305,0.574,1.0,1500,3,Normal,normal
0.0,183.367,95.226,1.0,6.0,0.0,0.0,0.0,6.0,0.0,0.0,1.9708,0.178,0.0,0.0,0.0,0.0,0.0,0.9672,0.0328,0.201,1.0,1500,4,Normal,normal
0.0,182.905,95.276,1.0,6.0,0.0,0.0,0.0,6.0,0.0,0.0,1.9708,0.178,0.0,0.0,0.0,0.0,0.0,0.9611,0.0389,0.247,1.0,1500,5,Normal,normal
